rough	6
nipples	5
surveyed	1
nothing’s	1
afford	4
necessary	2
deserted	1
colony	2
tragedy	1
financing	1
dancing	2
crushed	1
refuse	1
windows	10
clasped	2
gotta	11
hack	4
outer	1
softness	1
long	57
busy	8
near	6
edge	2
sun	9
raised	7
poured	9
rap	1
settling	1
grow	2
sympathetically	1
man	83
raw	1
insecure	1
means	7
leather	1
meant	17
gathered	1
towers	3
hollow	1
genuine	1
details	1
rippling	1
survival	1
respect	1
matthew’s	2
ran	28
countered	1
supple	1
forty	3
bucks	2
moulded	1
opposite	8
excitement	10
pound	1
rowan	60
appointed	2
proudly	2
beat	9
uptown	2
bear	1
supply	1
fences	1
japanese	2
nodded	47
nobody	14
tipped	2
painfully	1
eyedropper	1
photographs	3
peculiarly	1
take	47
sunlight	2
safe	1
walls	2
gave	23
shrink	1
formed	1
dress	10
pursuant	1
matters	1
speak	51
brain	2
steering	1
with	267
shadows	5
logic	1
lurking	1
bluntly	2
disease	1
trailing	1
figurine	1
clock	7
here	64
quiet	11
uncomfortably	1
touch	10
walk	21
two	34
cheatin’	1
undertaker	1
evil	1
gut	1
reading	4
attendants	1
rodgers	1
malicious	1
sexy	2
guy	32
chime	2
diningroom	2
patted	1
essentially	1
frightened	5
crept	14
darling	8
muttered	1
january	1
average	1
six	11
darkening	1
clothes	5
coolidge	1
selfish	3
just	129
your	151
veins	1
mighty	2
window	19
luxuries	1
less	8
range	1
air	12
ego	1
sorry	26
tremulous	1
nose	3
angry	18
nuts	4
spend	6
hold	10
chartered	1
pleasure	3
impress	3
coast	2
notes	2
winter	2
lie	5
would	155
trembling	10
roots	1
lip	2
interest	6
costs	1
lit	18
wherefores	1
to	1511
fitfully	1
precede	1
bouquet	1
port	1
doubt	4
stove	1
developing	1
bluntness	1
ribs	1
loved	10
fake	1
telling	7
fooling	2
catch	7
scuffing	1
silently	28
nineteen	4
loving	4
bust	1
ads	2
dad’s	2
tide	1
since	22
equipment	1
silver	3
sour	2
straw	1
juicy	1
triumph	4
antics	1
trimmed	1
cool	6
bag	10
magnate	1
nonsense	1
latest	2
rapidly	1
faltered	1
bar	9
hello	11
m	6
bay	1
belligerently	1
boss	15
golden	8
anymore	1
never	99
paul’s	4
damned	3
doll	3
psychological	1
orgasm	1
best	13
need	20
knockout	1
constantly	2
briefcase	4
hedged	1
rack	3
total	1
gives	1
autographed	1
meeting	15
piece	6
nastily	1
boat	1
mentioned	7
flagged	1
brief	1
cynicism	1
moved	21
peered	4
behind	62
my	876
testing	1
fuse	2
armed	1
flustered	1
branches	1
disappointments	1
encouragingly	1
worship	1
away	70
rugged	1
plugged	1
penetrated	1
stainless	1
forgot	4
neat	4
gratefully	3
probably	14
shower’s	1
centre	3
remembered	12
climbing	2
substitute	1
whisper	7
bedcover	1
prove	4
succumbed	1
month	1
showers	2
rag	1
we’re	11
nearby	1
eighty	2
reason	17
lamp	1
underneath	1
smile	56
crackling	2
regard	1
hard	19
most	15
calling	7
pad	1
anticipate	1
attractively	2
specialty	1
nagging	1
going	61
story	17
voice	166
mug	1
fallen	2
shaving	7
flickering	3
block	3
glitter	1
surface	1
perhaps	2
consideration	1
acting	8
made	71
garden	2
doldrums	1
banging	1
suit	6
reddened	1
dames	7
college	4
head’s	1
summer	5
gutter	1
spill	1
table	41
recognise	2
breasts	11
fenced	1
medallion	1
leak	1
bra	2
buttocks	2
look	69
draw	3
dry	4
agent’s	1
placed	8
drag	7
bellhop	1
real	15
it’ll	2
clicked	2
wearily	9
florists’	1
quite	12
read	6
pleasant	3
light	28
cover	2
gasping	1
snowball	1
laughed	37
chimneys	1
cheeks	5
honestly	1
steams	1
flared	4
kill	2
puts	1
division	1
gestapo	1
faintly	1
tried	17
teeming	1
testicle	2
american	2
threw	7
calmly	2
feet	50
example	1
disturb	1
usual	11
told	84
feel	81
profanity	1
legit	2
guided	1
toll	1
feed	1
bitterness	2
should’ve	1
turn	20
let’s	8
board	4
doubted	1
realised	8
phones	1
sick	12
scratching	1
tightening	1
ruby	1
presentation	1
speculatively	1
coral	3
reserved	2
hesitating	1
seventy	1
cheek…	1
clothing	7
little	57
weariness	1
lowered	6
awkwardly	4
escape	2
sandra’s	1
highly	2
mr	96
daring	1
us	62
up	312
bone	1
happy	14
creamy	1
creditors	1
market	1
instance	2
bored	1
goodbye	5
sarcastically	6
quit	7
cough	1
quitting	1
dejectedly	1
protested	10
salary	1
evading	1
nerve	1
appeared	5
three	13
laugh	8
client	4
clearing	1
continue	1
awake	2
home	42
smoke	9
definitely	1
percent	4
smartly	1
hi	1
profile	2
happens	5
flood	2
swing	5
and	1328
further	3
soft	17
slipped	5
floor	15
panelled	2
responsibility	4
closely	2
form	1
bones	1
cracky	1
tarred	1
soothing	2
passion	8
staring	14
casting	1
gossip	1
hinting	1
puppy	1
flecking	1
topped	1
having	11
plate	2
bang	2
band	2
sinuously	1
store	3
game	2
changing	2
skirts	1
controlled	1
luminously	1
crossed	18
reminding	1
consolidated	8
busted	1
ford	1
perished	1
lipstick	3
stubbornly	1
figuratively	1
member	1
sir	8
insist	1
produce	1
pools	1
besides	4
piper	1
spins	1
spoiled	2
attached	2
yelled	2
intuition	1
about	192
product	2
shave	1
saving	1
pack	1
driveway	11
hand	113
hang	3
wished	2
charity	3
signalled	1
smoothie	1
wednesday	1
trash	1
crush	1
campaign	13
ache	5
appetite	2
englanders	1
had	457
brains	1
shining	4
carefully	9
cigarettes	2
refers	1
hat	9
house	27
has	27
confidentially	1
fifty-two	1
whirlpool	1
facing	3
living	12
deeply	7
clients	1
lemon	2
amateurs	1
net	1
slam	1
broken	2
brow	1
children	12
operator’s	2
smoothly	1
start	6
abandon	2
slap	1
stars	1
loaded	1
compounding	1
thoughtful	3
sexual	3
wind	5
shield	1
parking	2
lying	10
you’ve	19
upsetting	1
build	3
rich	5
guess	13
curling	1
predictions	1
dialled	2
onto	10
first	59
tongues	1
shortage	1
wavering	1
together	26
circumstantial	1
rabbits	1
oyster	1
convinced	4
livelihood	1
tapping	1
numbers	2
experience	1
steps	9
equally	1
hated	1
kicked	4
funny	8
grimly	5
small	29
‘i’ll	1
rejected	1
independent	3
least	11
receiver	4
bedroom	12
shady	1
get	132
eight	12
blood	5
brighter	1
changed	8
serious	5
assistant	1
seated	1
wall	7
gazing	2
breakfast	11
shift	1
foundries	5
we’d	4
fumbled	1
remind	1
shade	1
grabbed	5
punching	1
writing	1
intensity	1
dossier	1
echoing	1
year	22
hammer	2
touched	7
spray	1
expectantly	3
buildings	4
dryness	2
tilted	1
supposed	5
desperate	2
temporary	1
mistakes	1
as	283
gun	1
knotted	1
differently	1
at	544
remains	1
results	2
barely	1
where	49
investment	1
instrument	1
customer	1
activities	1
schoolboy	1
an	98
am	9
people	35
chill	5
shambles	1
pockets	1
anxious	1
child	9
settled	7
meet	11
hospital	5
still	100
check	9
eggs	5
patiently	1
inch	1
garage	10
irreplaceable	1
handed	4
swung	2
guilty	1
pursuing	1
unloosened	1
breast	5
continued	13
directions	1
tighten	1
responsible	2
flackery	1
colour	5
match’s	1
canned	1
pencil	1
falling	1
respond	1
five	17
rumours	1
says	5
contemptuous	1
oak	1
quizzical	1
pulled	22
bottle	14
uncomfortable	3
patience	2
trick	3
shadow	8
change	12
quarrels	1
reeling	2
husky	3
steered	2
speedometer	1
signal	4
wheelchair	1
guiltily	1
twelve	4
cushy	1
dragged	12
holding	11
visa	1
bound	1
discomfort	1
vise	1
director	1
make-up	1
cheating’s	1
dragging	2
all’s	1
radio	6
shivered	1
bob’s	1
swayed	2
rounded	1
gold	10
shower	9
options	1
fin	1
authorities	1
dying	2
gramps	1
determined	1
yesterday’s	3
sheet	2
sheer	3
sexiest	1
upset	3
playmates	1
scrap	3
stayed	3
arch	1
abilities	2
luxury	1
after	82
yorkers	1
found	22
ruin	1
peace	3
contracts	1
crack	3
romance	4
investigated	1
reluctantly	2
snow	2
taste	11
initialled	1
humble	3
slump	1
caress	1
motionless	1
pleading	2
blueberry	1
vice-president	1
sealed	3
stretched	4
world	34
slowly	52
kissing	1
production	1
seeing	5
fair	9
veil	2
altogether	4
sometime	1
tonight	11
pumping	1
according	1
cases	1
compact	1
yelling	1
amused	2
grandpa	1
harvard	1
publicity	4
jeered	1
following	4
stopping	1
suspicion	2
mean	30
fascinated	1
guessed	1
wearing	2
another	49
struggle	1
institute	7
date	7
oh	14
echoed	3
prolonging	1
expect	5
men	13
treated	1
movies	1
tremulously	1
especially	5
mason	1
nora’s	1
goes	3
huh	1
clam	1
machine	3
hum	2
cocktail	5
psychology	1
met	19
became	4
scratch	2
massage	1
needle	1
justice	2
jacket	2
ain’t	7
once	18
somewhere	11
entered	1
scribbling	2
reminders	1
jerk	1
teased	1
orderly	1
bills	3
born	5
wonder	10
stomachache	1
dark	17
solemnly	2
pouring	3
impulse	2
motioned	1
me…	1
looked	250
switchboard	1
give	27
throws	1
occupation	1
tumbling	2
duddy	2
glimpse	2
gloomy	1
stumbled	1
leaning	1
vehemently	2
flutter	1
bellman	1
purse	2
better’n	1
kitchen	5
emotion	1
groan	1
wet	1
dependent	1
ride	3
investigation	2
laid	3
painted	2
string	1
manipulate	1
widows	1
accent	1
alike	3
can’t	56
chapel	3
horrified	1
putting	1
clung	1
heaven	1
husband’s	1
keep	25
hate	9
lock	2
pinned	1
dc	1
tube	3
everyone	6
during	9
training	1
traffic	2
do	156
sidetracked	1
confidential	2
rested	6
allow	1
scattered	1
slice	1
stared	52
pointed	10
misery	2
burned	5
pretty	18
bubbling	1
fled	1
knots	1
manner	4
organisation	2
individual	2
businessman	1
present	4
actually	3
survives	1
flew	1
stores	2
boys	5
d’	2
clacking	2
brook	2
business	52
talk	21
spine	1
sound	23
lap	2
backs	1
question	13
he’s	36
cops’	1
rearview	2
functions	1
eyetooth	1
he’d	11
fever	1
sadly	1
levity	1
blackly	1
automatically	5
engines	1
mischievous	2
weeks	8
artwork	1
infantile	7
alive	5
comfort	2
steel	47
curl	1
letters	2
tapped	4
rosebuds	1
bounce	1
swarmed	1
faint	12
using	1
shouted	5
eaten	2
precious	1
breeze	2
glumly	1
portions	1
shell	1
rude	1
fixture	1
caustically	1
free	7
gestured	5
alongside	1
slightly	12
lights	9
girls	4
raced	1
moment…	1
drain	3
nothing	86
weight	1
slept	4
pointedly	2
haystack	1
footsteps	3
towel	9
glad	15
serve	1
exams	2
demon	1
oven	1
sending	3
bleachers	1
exercised	1
dependable	1
song	2
ten	18
promise	5
over	141
racing	2
parted	4
unsteadily	1
protect	3
official	1
flush	8
props	1
older	1
expression	10
reddish	2
exempt	1
helplessly	6
institutional	2
harshness	1
intangibles	1
stage	1
contritely	1
several	2
ah…	1
answered	121
you	967
tinkling	2
either	6
belching	1
plane	27
faucet	1
bill	1
saliva	1
satisfied	1
trace	4
learn	3
secretly	1
metallically	1
flattery’ll	1
twice	4
cleaned	2
days	16
committee	9
keeps	3
fine	7
find	29
spread	4
aunt	6
soaking	1
horse	1
unsatisfied	1
grown	3
pleased	2
limp	1
headed	7
rate	1
lover	1
strangely	3
joined	1
completely	3
started	45
considered	2
monument	1
begin	4
millions	1
grows	1
concerned	5
liable	1
convertible	3
cent	2
harder	3
easily	1
kid	13
support	1
ball	2
synonymous	1
fixing	1
squeak	1
buzzard	1
harden	1
great	19
shrugged	9
let	60
certain	7
line	9
measurements	1
enough	43
reasonable	1
interrupt	1
provocation	1
army	1
led	3
explained	10
joked	1
arms	23
smoking	1
fetch	1
cog	1
fixed	4
approached	1
con	13
brows	1
practicin’	1
sweetness	1
secretary	11
horrible	1
overdue	1
unwinking	1
listened	6
beating	2
chairs	3
brown	7
worry	9
uneven	1
influential	1
sympathy	2
bait	1
dinner	23
palm	3
imagine	2
dozed…	2
pounding	4
show	8
pertinent	2
travelled	1
other	59
shop	2
ought	2
juice	7
laboured	1
earth	7
united	3
fondly	1
deeper	1
funeral	2
waving	2
drift	1
stinging	1
adore	1
crackled	2
tense	2
heard	55
there	266
nail	2
lobby	5
fools	1
death	2
cocked	1
anything	51
quarter	3
skirt	2
sake	3
toothpaste	1
walked	70
sandwich	2
hawked	3
forgotten	7
data	1
sipped	10
fast	3
blessings	1
moment’s	2
hidden	6
waiter	3
licked	2
quarrel	2
heel	3
fawny	1
choose	1
jokers	1
suicide	1
bolted	1
driver’s	1
interrupted	4
chances	4
prejudiced	2
wild	4
will	51
asked	204
themselves	1
smarter	1
age	3
meanwhile	1
furnished	1
drive	21
balance	3
exposition	1
hoped	1
brilliant	2
reminded	3
regret	3
medal	1
nostrils	4
ass	7
forgive	3
section	1
bags	2
reminder	1
stomach	7
pull	8
beyond	1
stupidly	3
fours	1
columnist	2
hide	4
pushing	2
shake	2
daze	1
blamed	1
helped	5
nun	4
happen	11
nut	2
madness	1
accountant	1
fighting	6
bathrooms	1
agape	1
breaking	1
have	231
disappointedly	1
stories	1
west	1
helpless	2
laine	1
angrily	7
but	294
try	18
jumped	8
jap	1
thick	4
jaw	1
typewritten	2
doctor	11
how’re	1
lingered	2
pride	4
sixteen	4
parked	4
careful	4
verified	1
flights	1
elevators	1
helpful	2
lightly	10
distant	2
answers	4
offer	8
permitted	2
needs	1
selling	2
youngest	1
pressed	13
rinsed	1
unsmiling	1
blond	2
empty	7
imperceptibly	2
foolishly	1
complain	2
woke	6
remaining	1
shaef	1
hesitation	1
fifties	1
’em	4
number	6
background	1
lose	11
circumstances	2
foolish	3
dust	2
firmly	1
auto	1
myself	62
dusk	1
pertly	1
souls	1
bench	3
picked	49
come	85
can	101
didn’t	219
normal	4
lives	4
clinging	1
reverie	1
tones	1
cared	1
escaped	4
cab	12
lived	3
wistfulness	1
subtle	3
arrangements	2
strain	1
keeping	4
cap	1
judas	1
car	56
office	115
cemetery	1
restless	1
flyer	1
hands	35
waved	8
dropped	19
chap	1
opened	49
worrying	5
opener	1
rimmed	1
waves	2
bumpy	1
intercom’s	1
refrigerator	2
food	1
shoes	4
seeped	2
clinic	1
fool	12
torturing	1
hedges	2
foot	5
transfer	3
really	31
oriental	2
fear	6
wonders	2
gasp	1
shreds	1
sign	2
grey	10
label	3
must’ve	1
sigh	6
shaking	4
record	3
sunday	1
scratched	2
demonstrate	1
monday	6
we’ve	1
wake	1
rumoured	1
pale	4
weakened	1
needed	2
today	17
introspection	1
packing	1
cops	1
desk	93
asking	6
copy	4
froze	4
rowan’s	2
purpose	1
jr	1
woman	36
jangling	1
solemn	1
hotel	23
key	9
savagely	1
struck	1
couch	5
file	3
difficulties	1
questioned	1
supposing	1
palms	1
field	5
film	1
want	86
buried	2
looking	54
nipple	2
sounded	2
grounds	2
tie	6
company	6
tomato	1
coldly	14
those	24
steward	1
various	1
animal	2
streets	1
employment	1
reflectively	1
flipped	9
clambering	1
lookin’	1
spilling	1
arabic4digit	3
deal	22
remained	3
visit	1
almost	75
killed	3
dead	15
infuriated	1
deaf	1
faintest	1
decree	2
straining	2
accusation	1
easing	1
forty-three	6
minutes	23
fight	10
seems	7
dive	1
cell	1
clapping	2
go	91
decency	1
marge’s	5
inner	1
tracks	2
curb	2
agency	1
punched	4
me	827
exchanging	1
mrs	44
entitled	1
ourselves	2
roll	2
i’m	166
gotten	1
there’re	1
grace	1
moments	1
uncle	32
i’d	44
supplied	1
exile	1
love	63
depression	2
cupping	2
woozily	1
sex	9
buzzed	7
sketchy	1
growing	3
bona	1
nine	10
frenziedly	1
mamma	4
lightness	1
irritation	1
cigarette	48
both	16
ominously	1
pocketbook	2
tingling	1
greater	1
faith	3
bowed	1
starving	1
refilled	1
yesterday	4
wrong	33
happened	23
he’ll	17
bought	3
spitting	1
awkward	4
lake	1
woman’s	1
unwritten	1
finally	13
gargled	1
hex	1
hey	3
fireflies	1
her	1252
wrapped	6
pulse	2
conflict	1
afterward	1
policemen	1
jumping	4
fold	1
dismissal	1
huskily	8
books…	1
leave	23
accompanied	1
knotting	1
turning	7
gate	7
sucked	3
yes…	1
inscrutable	1
a.m.	2
shoulders	19
maître	2
squawked	1
closer	3
closet	3
telephone	15
stepping	2
difference	3
prettiest	1
feeling	18
vulnerable	1
move	14
cloak	1
closed	51
chips	2
vicious	2
shattering	1
uniforms	1
orb	1
piled	1
say	67
sat	53
saw	44
upstate	2
cascading	1
phonies	1
report	13
hummed	1
eisenhower	1
comes	9
balls	2
sad	4
wagon	6
emptied	1
enfolded	1
save	1
agencies	2
shimmer	1
forth	1
night	56
specialised	1
rubbing	2
conditions	1
sudden	6
prat	1
screw	2
curiously	4
weaknesses	1
slide	1
shove	3
disappoint	1
become	3
hungry	4
fix	2
wants	17
batch	2
moment	82
rocketing	1
guys	7
trade	2
proof	1
problems	5
politely	2
memory	1
tougher	1
clutched	1
clippings	1
trot	1
proctor	6
kids	7
squared	1
explain	5
pearl	1
sixtieth	1
assume	1
comfortable	4
these	16
guts	8
faster	1
drowned	1
town	22
angles	1
reserve	1
fifteen	5
cold	29
ninth	1
detective	2
tenner	1
engagement	1
toothpowder	1
increased	1
dunno	1
hauling	1
paunch	1
downtown	1
drawn	1
sally’s	1
diamond	1
like	179
assets	1
approve	2
magnanimous	1
chimes	2
bottom	2
hiding	5
failed	1
inherits	1
coiled	1
thank	6
sitting	15
startling	1
cabinet	6
rocker	1
phallus	1
blocks	3
banner	1
kept	26
consider	1
son	6
coffees	1
dreams	2
silent	20
dully	1
corporation	1
seeping	1
carry	4
pink	4
matter	29
pine	1
drove	10
bitterly	2
pertaining	1
apartment	1
smashed	1
surprising	1
monogram	1
value	2
accused	1
fish	1
slamming	1
demanding	1
alien	1
middle-aged	1
seating	1
gape	1
orchids	1
worried	9
dot	1
tips	1
chance	14
pot	1
duties	1
weekend	7
setup	1
sheets	11
cheap	3
planned	3
second	11
cheat	1
‘don’t	1
kicking	2
etched	3
devoted	1
contented	1
lowering	1
school	14
cares	1
fresh	5
statement	3
ambitions	2
shock	3
enthusiastically	1
subtly	1
flashing	1
scent	1
breathed	4
quickly	86
wait	21
own	31
grateful	3
last	58
hadn’t	29
harm	3
fireplace	1
counsellor	4
apologies	2
playing	3
beefs	1
doggedly	1
talents	1
inadequately	1
grimace	1
farmer	1
shortly	6
relations	11
see	153
rump	1
tasted	4
scotch	9
must	29
permanent	1
reached	26
remember	26
moisture	3
afternoon	18
melon	1
thumb	1
safely	1
public	16
perfectly	2
quitter	1
tied	4
thirty-five	2
bubble	1
tilt	1
marry	1
progressed	1
coat	18
netting	1
unexpected	1
letter	8
pants	1
despite	1
seasons	1
thorough	1
ill	1
razor	2
warning	1
luncheon	2
disturbed	2
rejection	1
warmed	1
nook	4
whom	2
blow	1
locked	5
mistresses	1
wave	1
contract	8
noon	1
seconds	7
there’d	1
decrepit	1
strength	6
washing	4
wondered	11
shiv	1
apologise	2
widened	1
guardrail	1
physically	2
there’s	34
blanks	1
squeaked	1
promises	2
special	13
said	704
reluctance	1
linger	1
fifth	1
trouser	1
favourite	3
him	261
wildly	1
presidential	1
today’s	1
airport	19
forgave	1
hesitated	13
flame	5
whether	13
vagina	2
fifty	6
ring	6
shrinking	1
backed	1
foyer	3
pictures	2
hit	20
peek	1
peel	1
fly	2
important	20
than	56
offers	2
vestige	1
toss	2
shooting	1
appreciate	1
pry	1
old-fashioned	1
solid	2
might’ve	2
lawyer	7
calf	1
flaws	1
ignored	3
staying	3
break	3
anyone’s	1
anniversary	5
glasses	2
undressed	1
dogs	5
planes	1
different	11
vault	1
eat	7
thoughtfully	1
early	13
flesh	4
determine	1
nobody’ll	2
scandalous	1
better	69
farm	1
gonna	6
eleven	8
win	2
got	143
butter	1
rang	13
their	51
members	4
tomorrow	22
blanket	1
share	2
tasting	2
propernoun	17
claim	1
hour	3
grass	1
grasp	1
money	19
steadying	1
indiscreet	1
roared	3
lather	1
professional’s	1
virgin	2
drinking	4
sandy	22
devil	4
may	19
jutting	1
circles	1
leaving	10
shrewdly	2
simultaneous	1
collar	5
eagerly	2
prepared	4
they’re	15
sincerely	1
daylight	1
peevishly	1
information	3
fires	2
diamonds	1
unless	1
power	3
gosh	1
pendulum	1
type	2
advice	1
mattered	2
fished	1
businessmen	2
wryly	2
fault	3
suggestion	1
lot	15
injured	1
stirred	1
understands	1
downstairs	2
huddled	1
middle	1
lifting	1
reviewed	1
hereafter	2
buying	2
daddy	3
flap	2
suspicions	2
charged	1
urgency	1
track	1
encouragement	1
pieces	2
automobile	3
guards	1
legs	6
charges	1
french	1
inventory	1
dollar	4
wood	1
trim	1
wrap	1
strapless	1
confirming	1
steal	1
steam	2
adjusting	1
steak	1
dough	9
nearly	1
glow	8
goal	1
letting	3
fought	6
silence	6
point	10
throat	14
evasively	2
pickings	1
that	545
thinly	1
orderlies	1
younger	2
prominent	2
nodding	1
exit	1
sometimes	2
spot	1
much	57
sweeping	1
sceptically	4
turkish	1
useful	1
somebody	4
method	1
swell	4
poor	6
flatly	5
size	2
reproached	1
freshly	1
rebound	1
robbed	1
listed	1
aloud	2
beds	1
off	82
committed	1
listen	9
daughter	12
adding	1
thrown	2
oval	1
offered	6
tag	1
treatment	1
merely	1
stated	1
thrust	1
concentration	3
chair	54
nun’s	1
apply	1
someone	8
brassiere	2
personal	5
blowing	2
notice	2
washroom	2
stake	2
corp	1
what’re	3
oscar’s	1
bad	18
defending	1
moisten	1
kneading	1
generously	1
luck	7
among	1
bother	7
withdrew	3
jibed	1
body	17
callously	1
high	8
cluster	1
everywhere	1
human	7
clitoris	4
back	232
his	312
harshly	2
star	2
chose	1
base	1
time	132
dressing	2
stay	8
accident	3
gesture	3
ate	4
rumour	1
sarcasm	2
lung	3
fiddled	1
begun	2
there’ll	1
warmth	8
shyly	1
extra	1
whispering	1
helplessness	2
rung	1
mile	1
green	2
collapse	1
greek	1
improve	1
easy	9
avenue	12
worse	10
interviews	1
disappeared	8
apparently	4
crying	5
laughter	7
temper	1
choke	1
worst	1
titless	1
behaviour	1
apprehension	1
rubbed	4
invalid	3
speaker	1
impressed	3
beneath	8
chant	1
snap	3
admitted	2
features	2
goodbyes	1
probed	2
fingers	35
nice	10
none	4
comet	1
splintered	1
click	3
fingertips	1
else	20
while	60
hopefully	1
overnight	1
nix	1
run	12
marriage	3
ruthless	2
without	27
stupid	2
boy	20
front	50
person	6
tears	14
presented	1
secrets	3
corporations	1
lust	1
thing	38
roof	1
fragile	1
placement	1
landscaped	1
erect	1
property	2
room	76
outguess	1
lovers	1
been	117
tore	3
root	1
play	5
refused	3
you…	2
done	19
outfit	8
fill	2
created	2
register	1
bye	5
guilt	3
flecks	1
associates	1
class	5
very	69
welcome	2
watched	34
jobs	3
called	52
wracked	1
anyway	16
sleep	12
guarantees	1
item	8
you’re	92
attentively	1
day	45
directly	2
fond	4
blame	3
hunger	1
searched	4
speed	1
secretary’s	1
fucked	1
dad	35
side	21
paper	17
introduced	1
an’	3
outskirts	1
direction	3
mouthpiece	2
whole	16
liked	18
nowhere	2
sorrow	2
conspiratorial	2
shape	2
polished	1
soon	10
reach	4
every	26
shirt	5
envied	1
harbour	1
tough	5
likes	5
sight	3
wept	1
disappointed	3
even	67
zipped	1
volunteered	1
admit	5
driver	1
drives	1
purposely	1
betrayed	3
dream	6
teeth	11
kindly	2
vaguely	5
ever	37
peeping	2
manipulated	1
candy	2
complete	2
herself	10
eh	5
vanished	8
viewpoint	1
rolled	10
reassured	3
grab	4
main	5
mail	3
morning	56
hesitate	1
waist	1
er	1
maid	2
tennis	1
buildup	1
stroking	1
noble	1
lackadaisically	1
rise	3
low	9
withdrawing	1
hovering	1
accounted	1
lighting	1
youth	2
square	4
she	1165
joking	3
tragic	1
pupils	1
scale	1
brushed	4
train	1
male	3
sixty-four	2
goin’	1
communist	1
tightened	3
threshold	1
gulped	1
offer’s	1
be	228
by	56
carrying	2
concentrated	1
marble	2
stronger	1
round	8
always	29
brusquely	2
screech	1
cross	5
added	17
receptionist	2
operators	1
butt	6
seem	3
seen	14
competitors	2
spit	2
melt	1
connexion	1
switched	1
christened	1
treat	1
apart	2
ways	3
weak	3
who’s	5
struggled	1
mouths	3
wrinkles	1
knew	95
confreres	1
study	1
taking	16
doomsday	1
flashed	4
cutting	1
roughly	1
wear	1
swift	1
hazard	1
brad’s	5
costing	1
grating	1
syrup	1
locate	1
damage	1
dog’s	1
resignedly	1
umpire	1
we’ll	16
glance	9
conscience	2
aside	1
approach	1
carbons	1
kind	22
fading	3
problem	2
hardening	1
case	24
pressure	1
beware	1
penetrate	1
drawings	1
classes	1
metals	1
water	15
digging	1
cast	4
peasants	1
available	2
october	1
estimates	1
hungering	1
difficult	1
mumbled	1
jungle	1
inscrutability	1
master	1
print	2
tongue	9
a	1251
fence	3
knowing	8
fuzzy	1
buzz	2
stairs	4
faults	1
miss	10
page	2
persisted	3
concentrate	1
hoover	1
stamping	1
drop	4
out	289
working	11
ignore	2
our	58
expansion	1
ducal	1
women	10
nightmares	1
hell	20
football	1
limitations	1
hammerstein	1
frozen	1
talked	4
caustic	1
interests	1
crooned	1
wanton	1
pillow	4
mistress	1
ground	10
until	34
troubled	2
headache	3
down	239
trembled	2
excitedly	3
sort	2
true	9
anybody	9
dearest	1
troubles	4
clumsy	1
how’s	3
pages	2
naturally	1
questions	2
past	14
things’ll	2
beings	1
pass	6
mountings	1
guardia	1
forbidden	1
closets	1
maybe	31
sooner	4
showing	1
mind	34
mine	54
ripe	1
spite	5
cop	5
sky	4
facts	1
bearing	1
learned	6
delay	1
deep	25
pressing	6
finish	6
starter	1
fourth	3
arabic2digit	27
filled	7
stalked	4
trusting	1
advertisements	1
pick	9
incredulously	3
match	7
swallowed	1
firm	3
sensuously	2
dressed	7
jalopy	1
fire	10
right	108
life…	1
deadpanned	1
inform	2
niece	8
everything’s	1
crisp	2
kidded	1
issue	2
hog	3
we	236
crimes	1
successful	3
buses	1
hot	9
breathe	4
how	102
nurse	3
hurry	11
blocks’	1
faking	1
occupied	1
station	7
rocking	1
bite	2
fiver	1
courses	1
educational	1
shot	8
local	1
aren’t	4
disappear	1
sunny	1
weakly	1
bookie	1
does	20
expecting	1
sassed	1
chris’s	9
smooth	4
end	11
recall	2
trousers	2
effect	3
missing	2
rolling	2
merry	1
though	9
tumbled	1
apologised	3
lied	5
gifts	1
forgiven	1
top	13
bonnet	1
surprise	16
depths	3
began	63
possess	1
lies	1
tumbler	3
settle	7
joint	1
ached	3
sceptical	1
scrambled	2
purely	2
contacting	1
lunching	1
attack	1
wings	1
projects	1
staff	6
engorged	1
toed	1
torture	2
don	1
shut	7
dog	5
profit	2
cheekbones	2
photographer	1
returning	1
companies	2
mixed	4
sharp	4
churning	1
forty-nine	1
headline	1
inside	36
wives	2
ogre	1
doctors	1
embarrassed	2
visitors	1
call	58
calm	4
under	20
honour	1
attorney	2
tokyo	1
swore	2
open	32
mentioning	2
laughing	7
recognition	3
jammed	4
giving	5
irately	1
mellow	1
tailor	1
hurriedly	1
cantaloupe	1
getting	28
strongest	1
mister	4
absorb	2
partner	2
make	57
sixty-five	2
champagne	1
history	1
deliver	2
known	15
short	7
knows	10
others	6
embarrassedly	1
tempted	1
expressed	1
such	14
rid	4
perform	2
fall	12
quality	2
developed	1
happiness	2
skidded	1
uh	11
government’s	1
steady	3
smoothied	1
spade	2
stepped	15
porch	1
tightness	2
unusual	1
spin	1
delicate	2
fell	11
from	204
splashed	1
bewildered	2
diet	1
she’d	3
you’	1
pirate	1
shone	1
sank	9
wiped	2
she’s	26
tossed	3
died	1
felt	58
motor	3
terris	1
hmmm	1
thighs	7
seafood	1
trouble	12
outstretched	2
heart	17
doing	23
wrongly	1
mentally	1
that’s	73
cushion	1
nature	1
gable	2
clinking	1
diggin’s	1
flooding	2
earnestly	2
ambition	3
cottage	1
too	92
companions	1
half	21
framed	3
underwear	2
swooped	1
card	6
care	19
embrace	1
terrible	12
signing	1
new	27
weigh	1
cart	1
jesus	2
tor	1
golly	1
stockings	1
other’s	4
style	1
discuss	1
midnight	3
why	62
hottest	1
tell	76
already	27
in	819
don’t	181
no	183
who	51
country	6
totted	1
trust	13
flat	13
confusion	1
father’s	5
elation	1
gesturing	1
combination	2
well	36
dismayed	1
answer	51
generous	3
almond	1
reaching	5
detectives	1
lady	3
searchingly	1
complained	1
irresistible	1
truth	6
chairman	3
sunshine	1
perfume	2
leapt	1
identity	1
hardworking	1
breathing	6
dolefully	1
stall	1
proved	1
slaves	2
cost	4
bitter	6
package	2
fucking	1
grim	3
licking	1
typewriter	2
blab	1
rather	8
moon	2
dope	6
face	147
fuddy	2
lazy	1
public’s	1
some	56
overdoing	1
fact	5
tile	1
connexions	1
partners	1
expressionless	3
only	106
strong	8
spoke	46
ticked	2
surprised	9
where’s	4
hair	19
clearly	2
mess	1
sofa	1
town’s	1
stacked	1
partial	1
weary	3
doors	16
taut	1
she’ll	4
shifted	1
methods	1
oatmeal	2
trying	19
rooming	1
airline	1
anti	5
shoved	1
girl	22
waited	13
borrow	1
prospective	1
big	39
left	49
waiting	20
used	16
polio	3
expected	5
rustle	2
bit	8
disgustedly	1
duty	1
annoyed	1
maroon	1
sure	36
rammed	1
potatoes	1
glowing	3
attended	1
puttered	1
forces	2
grand	10
involved	2
outside	11
blurted	1
music	4
you’ll	34
any	66
relaxed	1
someday	1
sleeping	4
taken	9
lasted	2
endurance	1
flower	1
count	6
loose	1
clarity	1
reproachfully	1
boil	1
group	1
tandem	1
reasons	1
meat	2
figure	7
fellow	1
offices	2
riding	1
hired	1
glittered	1
written	1
ignoring	2
takes	3
appearance	1
they	101
president	3
renew	1
years	26
felony	1
them	113
smoky	2
then	183
tending	1
concern	4
join	3
lick	2
flash	3
relationships	1
touching	3
bring	6
cuffs	1
grinned	20
armand’s	1
sharply	4
department	6
follow	4
understood	2
interrupting	5
shocked	1
dash	2
i’ve	32
stunned	1
riffled	1
ship	1
sobs	1
informed	2
turns	1
flushed	3
knocked	4
babies	1
note	10
snuggled	1
groin	2
what	281
tear	2
greeting	4
classic	1
rope	1
marks	1
account	12
sinking	2
pop’s	1
twang	2
unbutton	1
impulsively	2
speaks	1
god’s	1
ago	16
hectic	1
violet	2
misunderstand	2
levelled	1
rancour	1
knit	1
martini	2
dammit	1
circus	3
bug	1
address	1
might	41
humanly	1
resent	2
spangled	1
common…	1
anthills	1
throbbing	1
trigger	1
workers	1
lately	1
salty	2
ordinarily	1
stop	19
curtain	1
bewilderment	3
fate	1
dawdling	1
instead	6
altruistic	1
taint	1
wanting	3
horn	2
thanks	18
chief	3
brady’s	36
relief	8
contempt	1
showed	9
glazed	1
chest	7
boned	2
pretended	1
mend	1
excited	3
happening	4
score	3
largest	2
box	2
daytime	1
loud	2
plunged	1
moist	1
exactly	1
disappointment	4
model	1
shrugging	2
reveal	1
saved	1
smoothed	1
clerk	2
deliberately	2
often	2
female	1
dame	18
hers	4
against	32
pause	1
surely	1
robe	2
intangible	1
damp	1
papers	21
till	1
landing	1
silly	5
hmm	1
selfishly	2
stool	1
magazines	1
anger	5
series	2
stood	29
concairn	1
practical	2
button	8
loneliness	3
fox	1
brush	3
darkness	4
for	535
each	33
warned	2
numb	1
caught	27
tightly	4
furrier’s	1
thirty	15
yeah	9
contentment	1
exclaimed	7
later	19
haven’t	10
athlete	1
victim	1
quick	6
sliding	1
iron	4
vital	1
lace	2
levi’s	4
clincher	1
major	1
all	230
brightly	2
taxes	2
threatened	2
cherished	1
motors	1
yapping	1
liquid	1
void	1
inconsequential	1
p.m.	1
listening	3
glory	2
skimmed	1
sweetly	2
hanging	3
suits	1
escaping	1
reassurance	1
minutes’	1
handing	1
hilde’s	1
twin	2
sit	6
threats	2
exploded	4
lines	1
sip	4
brings	1
broadly	1
ticket	1
possible	7
figures	2
afraid	22
questioning	3
oral	1
ruefully	1
kinks	1
starched	1
he	658
babe	4
polish	2
whipping	1
anywhere	2
personnel’s	1
ascent	1
heels	2
baby	29
temple	1
nausea	2
isn’t	20
around	111
panel	1
instructions	1
welsh	1
peculiar	9
glum	1
tells	1
future	4
marge	89
fat	1
layouts	1
payoff	1
far	10
aseptic	1
savage	1
step	3
paying	1
tolerance	1
sacrifice	1
belt	3
sweet	9
spun	6
evenly	1
drained	2
rightly	1
slumped	3
clapped	1
complaints	1
office…	1
workman	1
ice	5
mysterious	1
easiest	1
hopelessness	1
able	6
captain	1
beside	16
pop	24
aroun’	2
vanity	1
breath	30
repeated	2
reply	3
cracked	1
heavy	5
rent	1
maturity	1
rainier	1
slip	5
should	22
recuperate	1
slit	1
folded	3
wholesome	1
god	7
remark	1
spies	4
sprang	2
spirit	1
choking	1
slight	6
stare	1
slid	4
agonies	1
fashionable	2
combinations	1
men’s	1
thousand	15
slim	4
someplace	1
believe	24
legal	1
formally	4
arm	19
followed	19
sand	1
halfway	2
motion	2
blankly	1
sides	2
exhaustion	2
golf	1
crummy	1
fields	1
rock	1
whispered	27
bounced	1
hammers	1
extends	1
related	1
poorly	1
moving	10
or	58
on	412
couldn’t	65
squarely	2
straightened	2
imagination	1
married	11
of	712
live	12
brightened	1
pancakes	1
outdoor	1
newspaper	1
relationship	2
gardens	1
caution	1
sprung	1
loosen	1
ecstasy	2
hurried	1
agent	1
packed	1
noticed	5
squashed	1
hurt	26
cushions	3
beckoned	1
could	230
confidently	4
innocent	1
please	20
shelf	1
properly	2
ridiculous	1
tan	1
wire	9
cautioned	4
confessed	2
aggressor	1
knock	1
kennels	6
expensive	1
basic	1
ghost	1
name’s	1
acted	5
pleaded	1
eased	1
glass	10
muffled	1
shall	3
resting	3
mort	2
betrayal	1
spring	2
summary	1
carpets	1
nervously	4
math	1
colours	2
blows	1
push	1
hung	6
bright	14
clicking	2
entranced	1
road	14
direct	1
remey’s	4
starting	1
suggesting	1
throwing	1
buy	8
conversation	1
mccoy	1
grumbled	1
advantage	2
impassive	3
thinking	15
bus	2
squint	1
tigress	1
anyone	7
echoes	1
talent	1
leered	1
service	4
bottomless	1
desperately	3
cloud	4
seven	4
cocky	2
u	1
shows	1
wasn’t	40
courage	1
placename	57
hooker	1
honey	9
eating	4
impression	1
million	5
previous	1
lay	15
dignified	1
affair	4
absolutely	3
temples	2
massaged	3
buzzer	12
meaning	1
law	4
stranger	1
teenage	1
briefly	2
uniformed	3
roar	1
lad	2
attentive	1
walking	11
cock	14
month’s	1
socks	1
forever	2
entrance	2
prosecute	1
shudder	1
dated	1
mention	1
shown	1
whiskey	1
oil	2
repeat	1
managed	5
accounting	1
club	3
books	2
leaned	27
partly	3
merci	2
manager	1
mort’s	1
name	26
smiled	91
false	2
windshield	2
cordial	1
street	17
shoot	2
unpacked	1
making	8
sets	1
lungs	3
subject	2
sandy’s	1
knees	4
cascaded	1
friends	10
trusted	1
touted	1
they’ll	6
melting	1
growled	1
four	10
wars	2
moaned	3
demanded	6
belly	1
so	135
sleeve	3
bells	1
informing	1
miserably	1
nails	3
ear	13
jeanie’s	3
resented	1
delaying	1
tunnel	1
distance	5
hear	44
owed	1
fancy	1
practically	2
blue	19
wife’s	1
refill	2
refusing	2
charge	1
nervous	5
squirm	1
parlour	1
elevator	28
somehow	6
worked	11
wise	1
act	2
flowed	1
gleaming	1
unshed	1
personally	6
smart	7
float	1
resigned	1
curve	7
frustration	2
part	15
arrived	2
result	1
pray	3
officer	8
kicks	1
stand	8
words	26
aware	2
remembering	1
richly	1
metal	5
restaurant	3
park	1
bell…	1
broad	3
tiny	11
makes	6
guarantee	2
penis	7
soot	1
payroll	1
pussy	5
lapsed	1
night’s	1
nasal	1
examining	1
motions	1
wish	3
whereases	1
pour	1
exchange	1
handled	1
representing	1
corner	15
forming	1
opening	3
exchanged	2
aisle	1
brandy	1
into	269
boom	1
girl’s	1
closing	6
drunk	2
argument	2
fide	1
spilled	3
terribly	1
offhand	1
newlyweds	1
sold	3
slopped	1
sore	1
questioningly	7
stroke	1
everybody	10
city	15
hackie	1
gentlemen	4
orange	6
twisted	4
are	96
o’clock	24
habit	1
paralysis	2
adventurer	1
telephones	1
slipping	2
before	93
humidor	1
rely	1
mouthfuls	1
signed	2
kleenex	1
drinks	4
assured	3
late	13
ambitious	1
pulling	5
standing	15
governess	2
pipe	1
went	107
confining	1
adventure	1
casually	3
shiny	1
calls	9
next	16
except	5
highway	2
flung	1
hasn’t	3
loused	1
ready	11
labour	1
guest	3
department’s	1
one	129
conference	2
twenty-one	2
greet	1
consciously	1
ace	1
doorknob	1
conning	2
cloudy	1
topcoat	2
home…	2
runway	1
presidents	2
flickered	1
gift	2
list	4
government	4
joke	5
upstairs	1
stack	2
lower	2
pocket	4
stabbing	2
hearing	2
durin’	1
sweetie	1
youngish	1
imitation	1
cleaning	1
loss	2
eyebrow	3
wanted	40
sixty	7
heads	2
lost	8
shoulder	15
luscious	2
inquiring	1
whistle	4
wife…	1
excuse	2
excuses	1
day’s	1
irregular	2
plenty	1
fur	1
hook	4
intentions	1
burning	6
blackmail	2
guard	1
fun	1
beautiful	16
overmatched	1
puppies	1
burst	4
missed	2
silhouette	1
whirling	1
studied	1
extension	1
worlds	1
evaded	2
flack	1
standard	2
compensate	1
bleakly	1
candles	1
queer	2
thought	73
denying	1
e	4
built	5
specific	1
hurrying	1
weeping	2
wound	5
pile	3
strained	4
lonely	3
stinking	2
owned	1
decided	7
sins	1
humming	3
restaurants	1
glowed	2
cooperation	1
comb	1
warm	21
threads	2
gentle	8
send	12
billings	1
ward	1
clams	1
content	2
white	24
season	2
sent	6
engine	1
schuyler	44
honesty	3
references	1
protecting	2
sister	7
spoken	4
afterwards	1
pointing	2
backwards	1
ditches	1
desire	1
teasing	2
finance	1
eighth	1
gang	1
understanding	6
bathing	1
unfastened	1
sections	1
hollering	1
red	4
spinning	1
central	1
chuckles	1
promised	11
ashamed	3
indoor	1
word	27
wore	5
work	32
worn	1
picture	6
cheerful	1
’twenty	1
running	10
itself	1
oily	1
mickey’s	16
discontinue	1
falls	5
checkroom	1
propped	1
kiss	9
fatted	1
barefooted	1
badges	1
formal	3
dentist’s	1
team	1
primly	1
enthusiasm	1
association	1
took	82
dial	1
industry	9
clockwork	2
destroy	1
warrants	1
yourselves	1
caressed	1
torch	1
hesitantly	3
stillness	1
use	5
plans	1
messed	1
gleamed	3
throb	2
drawers	1
splitting	1
liquor	11
hitler	1
throw	3
starts	1
mother’s	1
tortured	1
proud	7
beginning	23
along	5
alone	13
decide	1
seemed	26
is	162
confirm	1
mine…	1
dull	8
porcelain	1
east	1
honeymoon	2
frivolous	1
taxpayers	1
attractive	1
price	5
clean	4
rasher	1
third	6
ashtray	1
ignition	2
switch	14
raising	2
forward	9
worth	11
strangest	1
logical	1
secret	3
creeping	7
rail	2
hope	19
observation	1
clear	8
wife	20
bursting	1
squinted	2
mills	1
affected	1
climax	1
announced	1
life	28
mccarthy	1
fingernails	1
brakes	5
young	23
interested	18
bugs	1
re	1
politics	1
lift	1
interior	1
f.d.r	1
collapsed	1
endless	1
forehead	1
polite	2
doesn’t	22
believed	1
cancellations	1
sectional	2
okay	44
monster	1
ceiling	1
gather	1
slammed	6
curved	1
sufficient	1
advisor	1
news	3
corridor	11
proper	2
forget	14
drink	49
copies	1
coward	2
tired	18
rising	3
pushes	1
directory	1
lounges	1
whores	1
character	2
wandered	1
assent	1
admission	1
challenge	1
murmured	1
when	168
straight	7
muscles	2
pushed	17
doorway	10
evening	4
crowds	1
rooms	2
bride	1
ask	14
nordic	1
tobacco	1
yourself	11
lots	2
inquiringly	2
restored	1
immediately	1
squired	1
what’ll	1
carried	2
bed	26
olympian	1
perspiration	1
massaging	2
railroad	2
invisible	1
familiar	4
lucky	2
instinctively	1
helping	3
belted	1
medicine	1
nod	1
glanced	9
comfort…	1
deceptively	2
nor	5
suspicious	1
cruelly	1
now	128
not	183
neither	8
across	31
pecked	1
effort	4
basketball	1
pretending	1
ankles	1
benefit	2
hoarsely	1
ordered	3
sparks	1
lips	76
blank	1
romantic	3
john	1
bartender	3
sweaty	1
doubtful	1
cry	5
separated	1
rental	1
agree	2
choice	3
graceful	1
hates	1
bomb	1
whoever	2
dare	5
steadily	2
toast	2
himself	8
beauty	4
odds	1
flying	1
stuffing	1
restfully	1
pussyfooting	1
reception	4
friend	8
where’re	1
wheel	5
full	10
require	1
sport	1
dimness	1
pursue	1
sue	1
accepted	2
nevertheless	1
typed	1
bothered	4
pleasantly	1
flames	1
photographers	1
shortest	1
rubdown	1
feelings	1
ivory	1
washes	1
watch	20
garter	1
picking	3
close	27
dump	2
ears	9
edith’s	3
earn	1
seams	1
leaves	3
squeezed	2
washed	2
stubborn	2
scrubbed	1
press	6
shy	1
scepticism	1
drugstore	1
dumb	2
favour	5
undertaking	1
flow	1
risking	1
swab	1
thin	1
washstand	1
through	90
puzzled	11
violence	1
cried	9
loins	2
mirthlessly	1
cheek	13
barking	2
ease	2
revolving	2
level	1
satisfaction	4
performance	1
gee	2
fervour	2
transferred	4
job	42
shame	3
spark	1
plainly	1
dejection	1
smelling	1
crawl	3
searching	3
corners	5
finger	8
chuckle	2
startled	7
won	1
frown	1
joy	1
mummy	1
shocks	1
easier	1
weren’t	10
hardly	6
whistled	2
eye	9
skin	8
hallway	1
tearing	1
sweat	1
privileges	1
whistles	1
friendly	2
genteel	1
prayin’	1
appointment	5
tenderness	1
suggest	1
tingled	1
view	2
arguing	4
return	1
eyelashes	1
normally	1
cotton	2
sexuality	1
massive	1
drew	14
deceit	1
hatred	4
hall	13
stilled	1
coffee	20
defiantly	1
shouting	1
rush	1
twenty-five	3
checking	2
attention	2
mistake	2
reputation	1
wasted	5
think	66
opinions	1
common	3
same	27
unseeing	1
bookkeeper	1
faced	2
echo	1
snapped	7
fares	1
lifetime	2
spell	2
dagger	1
steaming	1
softened	2
associate	2
operation	1
thinks	7
faces	5
laymen	1
swept	2
arabic1digit	11
bent	8
furrier	1
hunch	6
enjoying	1
engaged	1
phony	2
passed	10
terriers	2
phone	88
seriously	8
turned	115
seat	14
everybody’s	1
consent	2
heat	3
nerves	2
biggest	4
dusted	1
joining	1
operations	1
many	33
seized	1
colonel	2
sparkling	1
tyke	1
privilege	1
kissed	37
lighter	2
houses	1
insisted	13
tip	2
juices	5
more	82
kick	4
terror	1
gloves	1
kisses	1
cadillac	1
unhappy	2
punch	1
tuesday	1
rocks	1
hash	1
tersely	1
bend	1
sought	3
mirror	14
jump	2
held	60
student	2
separate	1
depressed	2
personalname	890
certainly	2
gaze	8
tickets	1
grew	3
apartments	1
scampered	1
draining	1
cardboard	1
whose	3
within	2
conquest	1
pearson	1
involuntary	1
paid	6
unbuttoned	1
stocks	1
post	1
cigars	1
suffering	1
because	46
pain	30
sheath	1
gimme	1
pair	3
create	1
door	134
guide	1
course	8
wondering	6
d.d.	1
rose	6
dollars	8
blunt	1
apology	1
qualities	1
records	1
position	1
giant	1
swirling	2
piker	1
pitch	2
thigh	1
swiftly	1
wristwatch	1
returned	5
apparent	1
flight	3
double	4
above	1
cuts	1
holdings	1
few	43
ahead	6
trailed	2
came	168
permanently	1
toward	66
attorneys	1
whipped	2
talking	16
driving	5
martin’s	1
gone	38
partnership	1
services	4
paused	4
knelt	6
hundred	9
yet	19
yes	28
society	6
nostril	1
old	54
sensible	1
i	3500
again	72
laws	1
impatiently	4
shook	51
stock	4
speaking	5
thumbs	1
handbag	1
sightseer’s	1
finished	17
tray	5
steel’s	1
gleam	1
belonged	2
heavily	1
intake	1
ad	1
split	1
usually	5
lifted	4
feels	1
chip	1
ability	2
d’you	1
olympics	2
fuck	1
nan	1
lowliest	1
comforting	1
hours	4
dreadful	1
draped	1
anybody’s	1
babes	1
wappinger	5
patient	1
longer	4
handkerchief	1
rum	1
begged	4
neatly	2
removed	1
column	4
hips	4
climbed	3
replied	17
rug	1
set	13
rub	1
vague	4
nightgown	1
yours	4
something	66
beads	1
knowledge	1
handy	1
accelerator	2
being	16
newspapers	2
joints	1
family	3
quietly	27
book	1
good	108
stiff	1
praying	1
radiant	1
hint	1
damn	10
hinges	1
wouldn’t	36
greatly	1
height	1
what’s	33
looks	3
scanned	1
rhythmically	1
hitch	1
put	84
neck	13
broke	5
what’d	1
studying	1
disapproval	1
silk	1
convenient	2
din	1
cards	1
love’s	1
evidence	1
eyes	203
climb	1
mark	1
realise	2
dig	3
did	88
die	5
soul	1
handsome	1
christ	3
minute	25
due	2
graveyard	1
persian	1
bankers	1
willing	5
self	2
movement	1
noisily	1
bacon	4
gag	2
denial	1
grunted	3
stuff	3
sell	7
opens	1
somberly	1
crazy	15
smell	1
ricocheted	1
semicircular	1
yellow	2
shopping	3
dear	4
chased	2
waste	3
bathroom	10
plan	8
counts	1
evangelist	1
sells	1
gets	2
lighten	1
factors	1
mouth	47
backstabbing	1
assigned	1
lighted	2
meetings	1
exciting	1
german	1
seven…	1
grin	2
creation	1
eyed	2
electric	3
coming	26
blarney	1
flaming	1
circumstance	1
space	5
absently	2
faded	2
father	12
divorce	1
surveillance	1
valley	1
shaft…	1
where’d	3
wasting	2
grip	7
played	5
place	33
entire	1
private	10
cursed	3
dirt	2
pay	10
system	1
stirring	1
annoy	1
things	43
‘thank	1
voices	1
righteously	1
signs	2
consumer	1
softer	1
tying	2
anxiously	4
bears	1
interfere	2
rest	13
gear	7
shares	4
peering	1
beard	3
unfortunately	1
gasped	3
lawyers	1
coverage	1
furniture	2
stopped	42
honest	8
catching	2
bucket	1
follows	1
mirthless	1
swinging	2
ringing	7
tank	1
vacated	1
bastard	1
stork	2
insistence	1
whatever	3
thanked	3
lawn	1
parents	1
cement	3
sense	8
fighter	1
copper	1
between	14
brave	2
lunch	18
it’s	80
whenever	1
stamped	1
handle	2
battles	1
tone	8
blinked	2
corporate	1
ample	1
doubtfully	1
drawing	2
lazily	2
hardness	1
spent	8
invitation	2
hopes	4
drug	1
conscious	1
goggling	1
wiping	1
stuck	8
career	1
survive	1
honk	1
river	1
kid’s	1
delivered	1
gorged	1
wide	15
anus	3
angrier	2
floated	1
suite	6
man’s	6
searing	2
cubes	2
enemy	1
customers	5
exhausted	6
ma’am	2
movie	1
message	5
taciturn	1
harsh	2
la	1
covered	3
distinct	1
simply	2
fourteen	1
drily	2
arithmetic	1
sounds	4
accounts	3
also	7
elephant	1
fortune	1
hanged	1
fathers	1
if	180
saying	12
shaping	1
marked	1
twinkle	1
crinkled	1
magazine	4
party	4
mercy	1
cup	4
crashed	1
lousy	5
mutual	1
cut	15
checked	16
it	808
sombre	3
black	10
secretary.’	1
abruptly	1
curious	16
husband	11
fitting	1
quarters	1
promising	2
translated	1
hushed	1
tits	1
recognised	2
rates	1
generally	2
building	13
twenty	9
practice	3
taxi	3
its	29
yell	1
bedside	1
mad	5
control	8
carrier	1
wonderful	15
know	226
precise	1
tv	1
were	239
gain	1
leading	1
trip	2
elaine’s	11
social	1
knob	1
possessiveness	1
tender	1
dread	1
watching	23
irritated	1
trees	2
bell	6
this	170
reassuringly	1
achingly	1
crawling	2
glared	1
financial	2
sidetrack	1
given	4
travelling	1
version	1
seal	1
moonlight	1
aching	1
how’d	3
which	11
mink	7
foundry	3
succinctly	2
semen	1
times	3
forced	6
page’s	1
months	1
el	3
radiance	1
envelope	4
crowd	1
metallic	1
write	2
amounts	1
week	11
mom	1
was	1056
war	10
wheels	1
matchsticks	1
crisis	3
way	104
muddy	1
naked	2
wash	2
hitting	2
harding	1
won’t	29
natural	1
help	53
wad	1
row	1
everything	47
blew	6
sober	1
happily	2
incredulous	2
tight	9
mood	3
wallboard	5
suppose	7
dangerous	2
basically	1
tension	2
disapprovingly	1
oxygen	1
terrific	1
junior	3
administration	1
delight	2
you’d	13
‘one	1
bee	1
the	2543
chin	3
emotionally	1
agreed	2
large	9
friday	1
altar	1
mother	17
valise	2
ended	2
passions	3
dropping	1
larceny	1
intercom	13
scooped	1
chilly	1
illegally	1
strange	19
gamblers	1
sutton	1
scraped	1
necessarily	1
idle	3
privet	2
head	97
strewn	1
suddenly	39
anyhow	1
flooded	1
ex	1
reimbursed	1
twist	2
unzipped	1
grabbing	3
simple	2
greatest	2
smiling	21
glistening	1
soldier	1
idly	1
figured	7
brought	16
annoyance	2
named	1
noise	1
powerful	1
idea	14
softly	25
summer’s	1
wrong…	1
explaining	1
eurasian	1
cleared	1
pills	1
gently	25
operator	9
names	2
sharpen	1
booth	6
i’ll	90
understand	19
