,	5678
the	2798
to	2797
of	2002
i	1878
and	1662
my	1477
.	1234
in	1188
that	1151
me	1098
a	1089
;	897
was	878
it	749
not	723
with	678
her	587
for	579
you	538
:	537
he	535
be	528
had	526
his	525
but	522
by	488
him	474
this	465
at	464
which	458
have	433
from	387
as	338
your	319
count	317
(	293
is	289
would	281
will	235
she	234
if	229
who	228
all	224
they	208
what	207
terms	200
on	191
more	187
fo	185
could	180
an	178
no	175
one	173
|arabic1digit|	169
when	169
being	162
?	160
were	155
time	155
their	155
than	155
myself	155
we	145
|romannumeral|	141
some	141
them	138
did	134
might	131
our	129
any	127
upon	123
own	123
mother	122
know	116
without	115
or	112
because	112
do	111
are	111
said	110
been	110
after	108
these	107
before	106
much	104
nor	103
|arabic2digit|	102
there	102
thought	100
such	100
us	97
husband	95
|arabic3digit|	94
madam	94
love	93
found	93
only	92
made	92
honour	92
see	91
*	89
!	89
make	88
other	87
should	84
prince	84
person	84
life	83
great	83
day	83
how	82
into	81
am	81
then	80
knew	79
first	79
|'s|	78
little	77
)	77
mr	76
duchess	76
can	76
heart	75
even	75
give	74
reason	73
out	73
world	72
came	71
never	69
mould	69
very	68
good	68
about	66
must	65
least	65
gave	65
two	64
'	64
place	62
now	62
marquis	62
child	62
parents	61
has	61
days	61
those	60
same	59
may	59
fortune	59
also	59
where	58
though	58
ought	58
few	58
himself	57
chap	57
woman	56
miss	56
ihe	56
father	56
pleasure	55
nuptials	55
night	55
well	54
manner	54
every	53
replied	52
paris	52
friend	52
ever	52
another	52
whom	51
having	51
duke	51
both	51
yet	50
take	50
eyes	50
death	49
up	48
n	48
told	47
like	47
hands	47
tears	46
man	46
dear	46
cafardo	46
under	45
say	45
present	45
mind	45
last	45
news	44
always	44
tell	43
hand	43
favour	43
soon	42
proper	42
long	42
words	41
wife	41
till	41
feeing	41
desired	41
court	41
speak	40
circumstances	40
again	40
versailles	39
shall	39
room	39
return	39
come	39
better	39
years	38
virtue	38
many	38
lady	38
here	38
company	38
billet	38
others	37
liberty	37
letter	37
king	37
italy	37
house	37
happened	37
abbot	37
wrote	36
think	36
received	36
nothing	36
most	36
hopes	36
b	36
answered	36
almost	36
word	35
means	35
left	35
d'arcore	35
while	34
went	34
over	34
notice	34
leave	34
immediately	34
herself	34
get	34
family	34
desire	34
yourself	33
asked	33
took	32
therefore	32
sir	32
reputation	32
moment	32
let	32
got	32
go	32
write	31
three	31
secret	31
find	31
daughter	31
called	31
between	31
through	30
put	30
perhaps	30
name	30
known	30
heaven	30
grief	30
given	30
brother	30
"	30
truth	29
soul	29
regard	29
princess	29
less	29
character	29
believe	29
whether	28
venice	28
things	28
people	28
part	28
occasion	28
keep	28
j	28
going	28
brought	28
already	28
accident	28
too	27
opportunity	27
obliged	27
mine	27
lost	27
longer	27
each	27
done	27
believed	27
answer	27
affair	27
tenderness	26
still	26
right	26
rest	26
opinion	26
next	26
m	26
joy	26
janefon	26
hundred	26
fear	26
doubt	26
cruel	26
—	25
wanted	25
thus	25
taken	25
sufficient	25
since	25
saw	25
resolution	25
off	25
marry	25
informed	25
happy	25
france	25
end	25
certain	25
against	25
-,	25
-	25
vol	24
short	24
seemed	24
point	24
matter	24
hope	24
enough	24
cannot	24
began	24
added	24
surprise	23
servant	23
rome	23
render	23
nature	23
letters	23
journey	23
ft	23
felicity	23
discover	23
discourse	23
conduct	23
care	23
account	23
step	22
presence	22
power	22
o	22
marriage	22
knowing	22
hour	22
giving	22
contrary	22
content	22
bed	22
avignon	22
arrived	22
affairs	22
whole	21
towards	21
together	21
spouse	21
situation	21
saying	21
remained	21
reflections	21
real	21
read	21
proceeded	21
once	21
making	21
its	21
heard	21
greater	21
danger	21
courage	21
supposed	20
prudence	20
merit	20
looked	20
down	20
back	20
away	20
agreeable	20
adventures	20
visit	19
trouble	19
thoughts	19
sight	19
retire	19
proof	19
poor	19
pleased	19
particular	19
merited	19
just	19
glory	19
estate	19
either	19
door	19
does	19
birth	19
amongst	19
*,	19
yours	18
weakness	18
vain	18
surprised	18
sentiments	18
seen	18
r	18
neither	18
motives	18
morning	18
mistress	18
married	18
lover	18
live	18
innocence	18
head	18
expected	18
consequence	18
consent	18
cause	18
apartment	18
anything	18
according	18
wrong	17
writing	17
wait	17
suspicion	17
sudden	17
spoke	17
returned	17
resolved	17
ran	17
persuaded	17
p	17
months	17
lie	17
laid	17
interest	17
however	17
face	17
expect	17
die	17
book	17
able	17
worthy	16
why	16
whose	16
want	16
unworthy	16
true	16
torment	16
title	16
sometime	16
something	16
sake	16
s	16
rendered	16
quite	16
quiet	16
purpose	16
method	16
mentioned	16
men	16
lose	16
knowledge	16
hear	16
gratitude	16
different	16
depart	16
contented	16
confusion	16
cafe	16
army	16
appeared	16
{	15
way	15
t	15
showed	15
secure	15
resolve	15
remainder	15
reasons	15
reasonable	15
rather	15
prudent	15
promised	15
order	15
open	15
milan	15
marchioness	15
loved	15
look	15
likewise	15
light	15
innocent	15
happen	15
h	15
ground	15
friends	15
fon	15
fatal	15
everything	15
effect	15
during	15
doing	15
difficult	15
curiosity	15
cloister	15
capable	15
appear	15
•	14
within	14
willingly	14
unless	14
sent	14
rofalina	14
related	14
really	14
ready	14
proceed	14
private	14
passion	14
pafs	14
orders	14
observed	14
moil	14
mention	14
meeting	14
loss	14
kept	14
justice	14
intended	14
inform	14
ill	14
half	14
greatest	14
grant	14
generous	14
four	14
flight	14
elfe	14
discovered	14
dinner	14
desirous	14
desires	14
d'arville	14
country	14
countess	14
cost	14
children	14
bastile	14
bad	14
alone	14
acted	14
wound	13
thousand	13
themselves	13
sort	13
served	13
send	13
second	13
reduced	13
preserve	13
persons	13
pay	13
pardon	13
papers	13
palace	13
old	13
none	13
lay	13
interrupted	13
greatly	13
force	13
flood	13
flattered	13
feet	13
entirely	13
e	13
dress	13
dar	13
d	13
concerning	13
companion	13
clothes	13
chair	13
begged	13
attention	13
age	13
wretch	12
wished	12
ways	12
use	12
six	12
service	12
security	12
satisfaction	12
retirement	12
reflect	12
readily	12
public	12
presented	12
pistoles	12
notwithstanding	12
new	12
money	12
misfortune	12
miserable	12
maxims	12
lodging	12
lands	12
human	12
horror	12
hereafter	12
heir	12
guilty	12
generally	12
fully	12
fly	12
finding	12
fact	12
event	12
espouse	12
determined	12
departed	12
convinced	12
continued	12
condition	12
change	12
call	12
born	12
appearance	12
ancestors	12
amiable	12
albevit	12
air	12
afar	12
worse	11
violent	11
villain	11
usual	11
used	11
treated	11
thing	11
tartar	11
talk	11
superior	11
suddenly	11
speaking	11
sooner	11
solitude	11
sex	11
serve	11
re	11
promise	11
prejudice	11
possible	11
persuade	11
permit	11
otherwise	11
ordered	11
opened	11
often	11
noble	11
necessity	11
naples	11
maid	11
justify	11
jewels	11
inclination	11
hours	11
hers	11
gone	11
girl	11
fidelity	11
fault	11
example	11
distance	11
credit	11
correspondence	11
closet	11
changed	11
blood	11
arrival	11
amorous	11
acquainted	11
wise	10
willing	10
wicked	10
whatever	10
waiting	10
virtuous	10
unhappy	10
ungrateful	10
tender	10
state	10
spread	10
spirit	10
sign	10
sensible	10
rofaura	10
richard	10
revenge	10
respect	10
remember	10
remedy	10
remain	10
relations	10
patience	10
past	10
parted	10
obtain	10
nigh	10
nevertheless	10
melancholy	10
lyons	10
looking	10
lawful	10
inclinations	10
home	10
fide	10
fet	10
extraordinary	10
esteem	10
duty	10
directly	10
deprived	10
constrained	10
conceal	10
alio	10
alas	10
action	10
\	10
y	9
wonder	9
women	9
trust	9
thinking	9
telling	9
talking	9
talked	9
table	9
sole	9
sincere	9
silence	9
sacrifice	9
ruin	9
road	9
retired	9
request	9
repent	9
reflection	9
recompense	9
receive	9
reading	9
prove	9
protested	9
protection	9
proceedings	9
pretended	9
obtained	9
object	9
obey	9
niece	9
moments	9
memory	9
memoirs	9
meet	9
mall	9
malicious	9
intention	9
increased	9
general	9
gained	9
forget	9
figure	9
fa	9
experience	9
evening	9
enjoy	9
enemy	9
embraced	9
duli	9
dishonour	9
discovery	9
destiny	9
departure	9
degree	9
deceased	9
dead	9
dangerous	9
core	9
convince	9
continually	9
continual	9
coming	9
castle	9
carry	9
best	9
beginning	9
authority	9
assistance	9
arms	9
affection	9
advised	9
actions	9
$	9
wretches	8
whence	8
whatsoever	8
villains	8
until	8
uneasy	8
unable	8
twenty	8
tis	8
times	8
th	8
suspicions	8
sure	8
suitable	8
sister	8
several	8
search	8
satisfy	8
satisfied	8
refuge	8
proposed	8
prevented	8
prevent	8
permission	8
offer	8
observe	8
obliging	8
necessary	8
meaning	8
mean	8
makes	8
living	8
kingdom	8
jealousy	8
itself	8
interested	8
indeed	8
incredible	8
impossible	8
implore	8
help	8
hearing	8
hall	8
gentleman	8
further	8
foot	8
follow	8
fettled	8
favourable	8
faithful	8
f	8
excuse	8
equal	8
easily	8
ducats	8
disagreeable	8
depend	8
deny	8
delivered	8
continue	8
considerable	8
confused	8
concern	8
clear	8
business	8
besides	8
behaviour	8
avoid	8
ask	8
art	8
appointed	8
ago	8
agitation	8
above	8
witness	7
wherever	7
walking	7
waited	7
various	7
vanity	7
unexpected	7
undoubtedly	7
turned	7
turin	7
tomorrow	7
ten	7
taking	7
suppose	7
stay	7
spirits	7
small	7
shut	7
servants	7
sending	7
sat	7
round	7
rights	7
resentment	7
reputed	7
rejoiced	7
refuse	7
reflected	7
question	7
provided	7
promising	7
prison	7
principle	7
principal	7
policy	7
please	7
party	7
particulars	7
palled	7
ourselves	7
offered	7
objects	7
noise	7
natural	7
move	7
misfortunes	7
mils	7
marshal	7
majesty	7
losing	7
lines	7
knows	7
kind	7
io	7
ing	7
impatience	7
illness	7
id	7
holland	7
hardly	7
grew	7
grateful	7
getting	7
generosity	7
gain	7
future	7
full	7
fugitive	7
friendship	7
fixed	7
fell	7
fate	7
expenses	7
expense	7
exactly	7
evident	7
equally	7
enjoyed	7
enemies	7
drefted	7
doubted	7
design	7
depended	7
demanded	7
deliver	7
delightful	7
dare	7
crime	7
conversation	7
contrived	7
consequences	7
connexion	7
conceive	7
con	7
common	7
comfort	7
comedy	7
city	7
certainly	7
carried	7
break	7
became	7
battle	7
aunt	7
apprehensions	7
antechamber	7
anger	7
ancient	7
although	7
agreed	7
advice	7
advanced	7
acquaintance	7
acquaint	7
year	6
written	6
writings	6
whoever	6
weeks	6
visited	6
violence	6
vile	6
unjust	6
unfortunate	6
turn	6
troubles	6
troubled	6
trial	6
treasure	6
threw	6
sum	6
subject	6
struck	6
strange	6
so	6
sincerity	6
show	6
severe	6
separate	6
sense	6
seized	6
seem	6
seated	6
scandal	6
ridiculous	6
returning	6
required	6
represent	6
reflecting	6
receiving	6
proved	6
protector	6
proposal	6
proofs	6
produced	6
procure	6
prevailed	6
praise	6
possibly	6
poison	6
plainly	6
permitted	6
patted	6
patient	6
pafted	6
officer	6
o'clock	6
nurse	6
number	6
nimar	6
near	6
mult	6
mo	6
met	6
mens	6
mc	6
match	6
marrying	6
malice	6
maintain	6
mail	6
ly	6
line	6
led	6
leaving	6
knees	6
kindness	6
killed	6
judged	6
joke	6
jealous	6
inquietude	6
injury	6
importance	6
imitate	6
ideas	6
honourable	6
highness	6
hie	6
held	6
happiness	6
guard	6
grandeur	6
god	6
glad	6
gives	6
gallery	6
french	6
form	6
flatter	6
fire	6
fall	6
express	6
excellent	6
entitled	6
entered	6
endeavoured	6
education	6
ed	6
don't	6
doctors	6
diverted	6
dismal	6
desperate	6
depends	6
course	6
conducted	6
condemn	6
concealed	6
complete	6
command	6
colour	6
close	6
civility	6
chocolate	6
celebrated	6
bring	6
belt	6
befone	6
barbarous	6
author	6
affections	6
advantage	6
adieu	6
act	6
acl	6
accept	6
abilities	6
work	5
w	5
visits	5
view	5
ver	5
venture	5
unreasonable	5
united	5
unhappiness	5
uneasiness	5
understand	5
undergo	5
uncertainty	5
un	5
twelve	5
trembling	5
transport	5
thank	5
sweet	5
suspected	5
suspect	5
supposing	5
suggested	5
steps	5
spent	5
speech	5
spared	5
scarcely	5
scandalous	5
safety	5
reward	5
resolutions	5
reproach	5
recovered	5
recollected	5
reception	5
putting	5
published	5
providence	5
profession	5
produce	5
pretence	5
prepared	5
post	5
pity	5
persuasions	5
per	5
pavia	5
paper	5
painful	5
original	5
ordained	5
offend	5
oblige	5
obligated	5
nefs	5
need	5
myfeif	5
music	5
mull	5
mud	5
movements	5
mouth	5
mere	5
matters	5
maintenance	5
magnificence	5
loves	5
lived	5
lies	5
lias	5
lest	5
law	5
laughing	5
lamented	5
k	5
justification	5
italian	5
invention	5
introduced	5
intelligence	5
instead	5
instant	5
inquired	5
inquire	5
infidelity	5
induced	5
induce	5
indisposed	5
indebted	5
imprudence	5
immense	5
imagine	5
ib	5
hold	5
heavens	5
happens	5
guided	5
grandfather	5
glorious	5
gift	5
galanti	5
food	5
following	5
five	5
filled	5
fever	5
feared	5
favours	5
far	5
fancy	5
false	5
fail	5
extreme	5
expressions	5
exposed	5
examine	5
ex	5
events	5
escape	5
envy	5
entertained	5
endeavours	5
employ	5
easy	5
dying	5
dropped	5
drew	5
drawing	5
disturbed	5
disposed	5
dispose	5
despair	5
dependence	5
delivery	5
deferred	5
deal	5
dancing	5
cut	5
cousin	5
convent	5
contents	5
contained	5
consolation	5
conjectures	5
confider	5
confess	5
condemned	5
concerned	5
comply	5
commit	5
commands	5
coach	5
chastisement	5
cease	5
cast	5
campaigns	5
books	5
belonged	5
behaved	5
become	5
attended	5
attempt	5
assured	5
aside	5
approved	5
amazed	5
alive	5
aim	5
ah	5
agree	5
affability	5
advise	5
advancement	5
admired	5
accompanied	5
abovementioned	5
]	5
•,	4
z	4
young	4
yesterday	4
yerfailles	4
wretched	4
wounded	4
week	4
wealth	4
weakened	4
wandering	4
ville	4
vice	4
vexed	4
utterly	4
utmost	4
usurp	4
unexpectedly	4
understood	4
u	4
twice	4
tremble	4
treat	4
transformation	4
trade	4
tokens	4
today	4
third	4
thief	4
terrible	4
tennes	4
talents	4
sword	4
supply	4
sufficiently	4
suffered	4
suffer	4
study	4
stood	4
steward	4
stand	4
squeezed	4
spoken	4
spend	4
souls	4
sorry	4
sorrow	4
sofar	4
slight	4
sit	4
ship	4
share	4
shape	4
seriously	4
self	4
seldom	4
seat	4
season	4
scene	4
sadness	4
running	4
ruined	4
romance	4
rival	4
rigorous	4
revenged	4
repute	4
reproaches	4
repented	4
repair	4
renders	4
remembrance	4
remembered	4
remedies	4
relation	4
rejoice	4
regulate	4
recovery	4
recourse	4
reconciled	4
rage	4
quality	4
publicly	4
prospect	4
property	4
profound	4
procured	4
proceeding	4
price	4
pretend	4
preference	4
posture	4
possess	4
plot	4
plain	4
picture	4
philosopher	4
peruse	4
perfectly	4
partaker	4
pair	4
page	4
opening	4
offence	4
occasions	4
occasioned	4
obstacle	4
obligations	4
obfeurity	4
oath	4
neceftary	4
multitude	4
mouths	4
mortification	4
morals	4
month	4
modern	4
mod	4
mistrust	4
methods	4
meanwhile	4
material	4
master	4
marquisate	4
mar	4
manuscript	4
low	4
lips	4
liked	4
lhe	4
letting	4
learned	4
laying	4
late	4
large	4
land	4
lament	4
labour	4
justly	4
justified	4
judge	4
journal	4
joined	4
intricate	4
interrupting	4
intentions	4
intent	4
infamous	4
indifferent	4
increase	4
impression	4
impatient	4
imagined	4
ilie	4
ignorant	4
idea	4
humorous	4
history	4
highly	4
higher	4
high	4
hi	4
height	4
heat	4
hate	4
hastened	4
hasten	4
hair	4
greatness	4
gneche	4
gloried	4
glass	4
generality	4
founded	4
foundation	4
fortunate	4
formerly	4
flattering	4
feme	4
fast	4
fardo	4
fallen	4
extremely	4
extinguished	4
expose	4
execute	4
excess	4
evil	4
entrance	4
entertainment	4
entertain	4
employed	4
embrace	4
ease	4
duel	4
drinking	4
drink	4
dream	4
dread	4
drawn	4
domestic	4
divide	4
dispatched	4
disorder	4
dislike	4
discovering	4
direction	4
directed	4
dine	4
difficulty	4
died	4
devil	4
determine	4
detained	4
denial	4
delight	4
defend	4
defence	4
declared	4
daunted	4
dark	4
dangers	4
dam	4
d'albevit	4
curtain	4
criminal	4
countenance	4
consult	4
considering	4
consented	4
confined	4
confine	4
confident	4
confidence	4
confidant	4
conferred	4
concealing	4
compelled	4
communicated	4
communicate	4
committed	4
cleared	4
circumstance	4
choice	4
chief	4
characters	4
chamber	4
ceremony	4
campaign	4
cadet	4
ca	4
burning	4
buried	4
broke	4
brigadier	4
breath	4
box	4
bound	4
bought	4
blow	4
blind	4
blameable	4
bitter	4
beyond	4
bestowed	4
beloved	4
belonging	4
belong	4
believing	4
behalf	4
bear	4
attempted	4
artifice	4
arose	4
apply	4
amours	4
affliction	4
adorned	4
accepted	4
absolutely	4
abandon	4
>	4
.,	4
."	4
%	4
youth	3
yards	3
worth	3
wore	3
wondered	3
withdrew	3
wind	3
wiih	3
widow	3
whenever	3
weight	3
water	3
wants	3
wanting	3
voice	3
vindicate	3
viiit	3
vices	3
vexation	3
vermes	3
vent	3
vengeance	3
value	3
usage	3
unwilling	3
unlawful	3
unknown	3
unjustly	3
uniting	3
unfaithful	3
undeniable	3
uncommon	3
uncle	3
unbecoming	3
tumults	3
truly	3
troublesome	3
tried	3
trembled	3
treachery	3
tranquillity	3
tongues	3
threatened	3
therefrom	3
thereby	3
thence	3
thanked	3
terrify	3
term	3
tenderly	3
temper	3
taught	3
ta	3
sworn	3
swooned	3
surrounded	3
support	3
supper	3
summer	3
style	3
studied	3
strove	3
strong	3
stroke	3
stopped	3
stili	3
splendour	3
spite	3
spain	3
space	3
smiling	3
sitting	3
signs	3
shadow	3
settle	3
senses	3
seeking	3
seduced	3
secrecy	3
searched	3
sea	3
school	3
schemes	3
scandalised	3
safely	3
safe	3
sacrificing	3
run	3
rules	3
rule	3
roused	3
rose	3
rooms	3
rise	3
rigour	3
rightly	3
rid	3
restored	3
restore	3
respects	3
respected	3
reserved	3
require	3
represented	3
repeated	3
refrain	3
refpeel	3
recover	3
recommended	3
recollect	3
reap	3
readers	3
rauft	3
rank	3
qualities	3
puts	3
pulled	3
promotion	3
projected	3
project	3
profit	3
proffered	3
privately	3
principally	3
principality	3
pretensions	3
pretending	3
presently	3
prepare	3
preferred	3
points	3
pocket	3
plundered	3
pierced	3
personage	3
persecuted	3
perplexity	3
perceived	3
pence	3
passions	3
passed	3
parma	3
panned	3
palling	3
pains	3
pail	3
paid	3
overcome	3
ours	3
ordering	3
oppressed	3
opposition	3
oppose	3
ons	3
offers	3
offering	3
offended	3
occurred	3
obligation	3
obeyed	3
numerous	3
northeast	3
nobility	3
nifhed	3
net	3
needless	3
neck	3
names	3
na	3
myielf	3
mutual	3
murdered	3
murder	3
moult	3
moll	3
mixing	3
mixed	3
mistake	3
misery	3
miles	3
mil	3
merits	3
measures	3
maids	3
magnificent	3
madness	3
luckily	3
lot	3
loaded	3
lethargy	3
lent	3
length	3
lean	3
leading	3
laughter	3
laughed	3
latin	3
language	3
landlady	3
lamentations	3
kneel	3
killing	3
jurisdiction	3
judging	3
judgement	3
jointure	3
iter	3
ion	3
internal	3
intending	3
intend	3
injustice	3
injuries	3
ingratitude	3
influence	3
ine	3
imprudent	3
importunate	3
important	3
impoftible	3
im	3
il	3
husbands	3
hoop	3
honours	3
honoured	3
honesty	3
honest	3
hill	3
highest	3
hearts	3
health	3
hatred	3
hasty	3
haste	3
hardships	3
handwriting	3
handsome	3
habit	3
guess	3
grave	3
grangers	3
grand	3
gown	3
goods	3
gladly	3
gianetton	3
genteel	3
g	3
fury	3
fuit	3
fufter	3
fruits	3
fruit	3
frill	3
freely	3
former	3
forgive	3
foretold	3
fore	3
forbear	3
foolish	3
follows	3
followed	3
flown	3
flexions	3
flander	3
firmly	3
finished	3
finally	3
filter	3
fears	3
fats	3
fat	3
familiarity	3
falsity	3
falling	3
fair	3
exposing	3
explained	3
expectation	3
executed	3
excused	3
excessive	3
examining	3
examined	3
europe	3
esteemed	3
espoused	3
especially	3
escaped	3
equity	3
equals	3
envious	3
entreaties	3
entreated	3
enjoying	3
ended	3
endanger	3
encouraged	3
encourage	3
embracing	3
eight	3
effects	3
educated	3
earth	3
earnestly	3
due	3
drop	3
dressed	3
dreadful	3
draw	3
dragged	3
distant	3
disposition	3
disposal	3
displeasure	3
displease	3
dispense	3
disorders	3
dishonoured	3
disapprobation	3
diiturbed	3
dictates	3
dictated	3
devoted	3
despised	3
describe	3
descend	3
deprives	3
delicate	3
degrees	3
decided	3
decide	3
dearer	3
date	3
dance	3
courteous	3
couple	3
counsel	3
contrive	3
contrivance	3
contributed	3
contempt	3
contain	3
considered	3
conscious	3
confutation	3
confided	3
confer	3
concluded	3
conceived	3
comprehend	3
complaints	3
complain	3
commanded	3
comforted	3
comedies	3
coffeehouse	3
co	3
cloy	3
clearly	3
claim	3
cir	3
cheat	3
chance	3
chaise	3
chairs	3
cautious	3
caution	3
caused	3
careful	3
capacity	3
calling	3
burst	3
bureau	3
building	3
bread	3
brain	3
body	3
blushed	3
blush	3
blinded	3
ble	3
black	3
betray	3
benefit	3
beneath	3
belongs	3
behold	3
behind	3
beheld	3
beg	3
beautiful	3
bade	3
attend	3
astonishment	3
assist	3
artifices	3
arretted	3
arrest	3
ardour	3
application	3
apparel	3
apace	3
anxious	3
antiquity	3
anti	3
answering	3
anguish	3
ambition	3
altered	3
alter	3
allured	3
allure	3
afterwards	3
afford	3
af	3
admiration	3
add	3
acquitted	3
acknowledged	3
accuse	3
accusation	3
accomplish	3
accompany	3
accidentally	3
accepting	3
abandoned	3
a/ked	3
^	3
[	3
?,	3
<	3
9*	3
...	3
',	3
!:	3
■	2
±	2
ycrfailles	2
writer	2
wounds	2
won	2
woe	2
withdrawing	2
withal	2
wit	2
wishes	2
wish	2
wisdom	2
wiihed	2
wherewithal	2
welfare	2
welcome	2
wear	2
weak	2
wc	2
wardrobe	2
war	2
walls	2
wall	2
voyage	2
vowed	2
votes	2
voluntary	2
volume	2
voidable	2
violate	2
vineyard	2
vindication	2
villt	2
villainies	2
vilify	2
views	2
victory	2
vicious	2
vermilion	2
verfaiiles	2
venetian	2
vein	2
ve	2
variations	2
vant	2
utter	2
usurped	2
using	2
upwards	2
upper	2
unnecessary	2
unnatural	2
unknowingly	2
unite	2
undertaking	2
understanding	2
undauntednefs	2
turning	2
tunity	2
tumultuous	2
trying	2
try	2
trusted	2
troops	2
triumph	2
trifling	2
tribunal	2
treatment	2
travelled	2
tragedy	2
tormented	2
tonne	2
tome	2
tolerably	2
token	2
toilet	2
toiled	2
timorous	2
timely	2
tide	2
thwart	2
throw	2
thread	2
thoroughly	2
thole	2
thirty	2
thinks	2
thigh	2
thick	2
therewith	2
theft	2
theatres	2
testimony	2
ternies	2
ter	2
tenor	2
tear	2
teach	2
taste	2
task	2
tarry	2
tarried	2
tapestry	2
swore	2
sweetness	2
suspense	2
susceptible	2
surprising	2
supposition	2
supposes	2
supported	2
supplied	2
suffering	2
success	2
substance	2
submitted	2
subjects	2
stupid	2
striving	2
strike	2
strict	2
stratagem	2
stranger	2
stories	2
stop	2
staying	2
station	2
stamped	2
spare	2
sound	2
sought	2
sorrowful	2
sometimes	2
solitary	2
soldiers	2
sold	2
softly	2
snuff	2
smile	2
slept	2
sleep	2
single	2
silly	2
signior	2
signifies	2
signification	2
sighs	2
shudder	2
shows	2
shown	2
shame	2
shake	2
severity	2
seven	2
services	2
serves	2
serious	2
separated	2
seek	2
secrets	2
secretly	2
secretary	2
searching	2
scorn	2
scheme	2
says	2
salute	2
salary	2
sakes	2
saint	2
royal	2
rofali	2
robbed	2
ro	2
river	2
ring	2
riling	2
riik	2
richest	2
riches	2
revolving	2
revived	2
retiring	2
restoring	2
resignation	2
residence	2
resent	2
resembles	2
resemble	2
resemblance	2
repugnance	2
report	2
reply	2
repine	2
repeat	2
reparation	2
renounced	2
renewed	2
renew	2
remove	2
remains	2
remaining	2
rely	2
released	2
relating	2
relate	2
regulated	2
refusal	2
refpecf	2
reduce	2
redound	2
recommend	2
recalled	2
reasonably	2
reality	2
raised	2
race	2
ra	2
quit	2
quarrel	2
qualifications	2
q	2
purchased	2
purchase	2
punished	2
punish	2
proving	2
province	2
provide	2
proverb	2
proud	2
protecting	2
prosperity	2
proposition	2
propose	2
proportion	2
properly	2
propagate	2
promoting	2
promises	2
profess	2
profefted	2
probable	2
probability	2
privy	2
prisoners	2
printed	2
principles	2
pride	2
prevail	2
pretends	2
presume	2
preserved	2
presenting	2
prerogatives	2
preparing	2
prejudiced	2
pregnancy	2
preferring	2
prefer	2
precipice	2
precautions	2
precaution	2
pre	2
praises	2
praised	2
pott	2
possessed	2
port	2
politeness	2
pof	2
plurality	2
plunged	2
pledges	2
pleasing	2
playing	2
plausible	2
placing	2
places	2
placed	2
pinholes	2
pierce	2
pieces	2
pieafure	2
physicians	2
physic	2
philosophical	2
phiiofophers	2
persuading	2
perplexed	2
permiftion	2
permifiion	2
perish	2
performed	2
perfidious	2
perfections	2
perfect	2
pension	2
peculiar	2
parts	2
parties	2
pari	2
pardoned	2
parade	2
panis	2
pale	2
pain	2
owing	2
owed	2
owe	2
overwhelmed	2
ordinary	2
opinions	2
operate	2
omit	2
olme	2
oil	2
office	2
offending	2
odd	2
occupations	2
obstinacy	2
observation	2
obeying	2
obedience	2
ny	2
nun	2
notion	2
nn	2
nights	2
nice	2
ni	2
nephew	2
neglected	2
neglect	2
nefon	2
necefiity	2
neapolitan	2
naturally	2
narrowly	2
mysterious	2
motive	2
motion	2
mothers	2
moon	2
monastery	2
mofr	2
mixture	2
missing	2
miscarriage	2
mire	2
minutely	2
middle	2
mew	2
metal	2
message	2
mercy	2
merchant	2
ment	2
memorable	2
medicines	2
measure	2
meant	2
maxim	2
masque	2
manuscripts	2
mantainance	2
manners	2
manifest	2
management	2
managed	2
manage	2
mala	2
mad	2
lucifer	2
lodged	2
lo	2
lives	2
likely	2
lights	2
lifted	2
leisure	2
leaf	2
laws	2
lately	2
landing	2
lace	2
laboured	2
kitchen	2
kissing	2
kinds	2
kifs	2
keeping	2
keeper	2
journals	2
joking	2
jancfon	2
ja	2
iy	2
iufficient	2
iuch	2
italians	2
irritated	2
irritate	2
inward	2
involved	2
inviolable	2
introduce	2
interrupt	2
interpreted	2
instructions	2
instantly	2
instance	2
insisted	2
insincerity	2
insensible	2
inquiring	2
ink	2
injure	2
inhabitants	2
ingrateful	2
inflicted	2
infamy	2
indulgent	2
indulge	2
indirect	2
inconsolable	2
incomes	2
imprudently	2
importunities	2
impofiible	2
implored	2
immoveable	2
imminent	2
immediate	2
imagination	2
imaginable	2
illustrious	2
ihc	2
ideal	2
ibme	2
hypocrates	2
hy	2
hurt	2
hung	2
humour	2
hot	2
hitherto	2
hired	2
hip	2
hints	2
hiding	2
hide	2
hid	2
hewed	2
hearken	2
hazard	2
hated	2
harmony	2
happier	2
guilt	2
guards	2
grow	2
grieved	2
greek	2
gratify	2
granted	2
granger	2
governor	2
governess	2
gold	2
glimpse	2
gentility	2
gazing	2
gaming	2
gallanti	2
furnished	2
fubje<5t	2
friendly	2
fresh	2
free	2
fralle	2
fortunes	2
fortunately	2
formed	2
forgotten	2
forgot	2
forgiveness	2
forgave	2
foreseen	2
foreboded	2
fools	2
fois	2
foi	2
fmce	2
flic	2
flairs	2
fity	2
fitter	2
fit	2
firm	2
firfr	2
fion	2
finishing	2
finger	2
fifty	2
fiances	2
fi	2
fhouid	2
fhc	2
fer	2
fed	2
features	2
feature	2
fearful	2
fatisfled	2
fatisfacyion	2
fatigues	2
fatigue	2
farther	2
falsities	2
falina	2
fairest	2
faint	2
failles	2
faction	2
extremity	2
extravagant	2
expressed	2
explain	2
expert	2
experienced	2
expended	2
expedient	2
expectations	2
exclusive	2
excited	2
except	2
excels	2
exceeded	2
eves	2
establish	2
ere	2
equalled	2
entreat	2
entire	2
enterprise	2
enter	2
enrich	2
engaged	2
endowed	2
endangers	2
encomiums	2
enables	2
embroiled	2
eligible	2
eldest	2
elder	2
een	2
ears	2
dull	2
dug	2
driven	2
drive	2
dressing	2
dreited	2
drank	2
dowry	2
doubting	2
domino	2
dominions	2
doctor	2
divert	2
diversions	2
distinguished	2
distinguish	2
dissimulation	2
displeased	2
dispatch	2
disobey	2
dismount	2
dish	2
discredit	2
discoursing	2
discoursed	2
discharge	2
disapproved	2
disappointment	2
directions	2
dipped	2
diminish	2
diligent	2
diihonours	2
difuade	2
difference	2
dif	2
di	2
dexterously	2
dexterity	2
detriment	2
destruction	2
destitute	2
despicable	2
deserved	2
description	2
descends	2
deprive	2
deplorable	2
dependance	2
departing	2
denied	2
demand	2
delighted	2
delay	2
deiires	2
deferring	2
defer	2
defamed	2
deeds	2
declaring	2
declare	2
decent	2
deceit	2
debts	2
deaf	2
daring	2
damage	2
custom	2
cured	2
cure	2
culpable	2
crying	2
cruelty	2
crown	2
critical	2
credited	2
courted	2
courier	2
counted	2
couch	2
correspond	2
copied	2
coolly	2
convicted	2
conveyed	2
contrivers	2
contribute	2
contrariety	2
constant	2
constancy	2
consign	2
consequently	2
coniblation	2
congratulations	2
confront	2
confort	2
confirm	2
conference	2
conduced	2
condemns	2
condemnation	2
concourse	2
conclusion	2
conclude	2
conceit	2
composed	2
compliments	2
comparing	2
compare	2
communicating	2
commonly	2
commodious	2
committing	2
commission	2
commended	2
comical	2
comedians	2
combinations	2
combination	2
com	2
colt	2
cold	2
closely	2
civilly	2
cities	2
circum	2
cient	2
chosen	2
chose	2
choose	2
childhood	2
cheerful	2
cham	2
cf	2
cent	2
celebration	2
ceftary	2
carrying	2
carnival	2
carelessly	2
cards	2
candour	2
calumny	2
cafes	2
cafar	2
cabinet	2
bury	2
burgundy	2
bundle	2
buffoonery	2
brink	2
bringing	2
brains	2
boy	2
bond	2
bohemia	2
boasting	2
blessing	2
blessed	2
blamed	2
blame	2
bitterly	2
bis	2
bid	2
betraying	2
betrayed	2
ber	2
benefits	2
beeaufe	2
bedside	2
becoming	2
bastard	2
baseness	2
base	2
banished	2
baniihed	2
ball	2
badly	2
aversion	2
avails	2
authors	2
autem	2
attributed	2
attending	2
attain	2
ate	2
assure	2
assisted	2
assembly	2
asleep	2
asking	2
arville	2
article	2
artecled	2
arreftment	2
arm	2
approve	2
approbation	2
applied	2
applause	2
appetites	2
appertained	2
appears	2
apparent	2
answers	2
anothers	2
angry	2
amusement	2
ample	2
among	2
amends	2
alterations	2
alluring	2
allow	2
alliance	2
allege	2
aims	2
aifo	2
agreeableness	2
agony	2
agitated	2
aftonilhment	2
affront	2
affiitance	2
affectionate	2
advocate	2
adventure	2
advance	2
admiring	2
admire	2
admirable	2
adequate	2
adding	2
adapted	2
adapt	2
ad	2
actually	2
acting	2
aching	2
accustomed	2
accused	2
accrue	2
accordingly	2
accomplished	2
accomplices	2
accidents	2
abyss	2
absence	2
ability	2
abated	2
,;	2
*3*	2
';	2
!,	2
•■*	1
•wretches	1
•upon	1
•days	1
•a	1
•.	1
£ood	1
}	1
|)oflible	1
zeal	1
z6i	1
youvfelf	1
yourfeif	1
youni	1
youngest	1
youjufti	1
you'll	1
yeti	1
yes	1
yerfation	1
yerfaiues	1
yearly	1
yau	1
xxxvil	1
xxij	1
xnore	1
wrecked	1
wrath	1
wrapped	1
worthier	1
worst	1
worm	1
workmanship	1
working	1
worked	1
wondering	1
wonderfully	1
wonderful	1
woes	1
wlio	1
witneis	1
witneftes	1
withupright	1
withstanding	1
withholding	1
withfome	1
wishing	1
wisest	1
wirth	1
wiped	1
winds	1
windows	1
window	1
winch	1
willies	1
willed	1
wilj	1
wilh	1
wile	1
wiihes	1
wifling	1
wickedness	1
whomsoever	1
wholesome	1
whocametoverfaillesexprefs	1
whl	1
whispering	1
whispered	1
whisper	1
whilst	1
whick	1
whet	1
wherein	1
wh&t	1
weremoft	1
werefuch	1
weep	1
wee	1
wedlock	1
wedded	1
wearied	1
wealthy	1
weaker	1
watchful	1
watched	1
wasfo	1
wasadvifeable	1
warmly	1
wanderer	1
walks	1
walked	1
waist	1
wafted	1
vvhilft	1
vulgar	1
vow	1
vot	1
voices	1
vivacity	1
vite	1
vit	1
visitor	1
visiting	1
visible	1
vindicated	1
villainy	1
villainous	1
vilest	1
viilt	1
viil	1
vigour	1
viewtofecure	1
viewed	1
vie	1
vide	1
victims	1
victim	1
vessel	1
versed	1
verity	1
verifying	1
verify	1
verifh	1
verfailies	1
verfaiiies	1
verf	1
vered	1
ventured	1
venom	1
ven	1
vehemence	1
ved	1
vary	1
variation	1
varcore	1
vanished	1
vaniihed	1
valuable	1
valour	1
valid	1
vafl	1
va	1
u£tions	1
uuhappy	1
uttering	1
uttered	1
uting	1
ut	1
usurpers	1
usurper	1
useless	1
urgent	1
urgency	1
upside	1
upright	1
upbraided	1
unwearied	1
unwarrantable	1
untried	1
untimely	1
unsullied	1
unspeakable	1
unsociable	1
unseen	1
unseasonable	1
unsay	1
unrewarded	1
unre	1
unquietness	1
unpunished	1
unprofitable	1
unnoticed	1
unmixed	1
unmft	1
unmerciful	1
unmarried	1
unluckily	1
unlawfully	1
unkind	1
universally	1
universal	1
union	1
uniform	1
unification	1
unforeseen	1
unforeleen	1
unforcfeen	1
unfatisfaclory	1
unf	1
unexperienced	1
unex	1
uneaiinefs	1
uneafmefs	1
uneaflnefs	1
unea	1
undrefted	1
undoubted	1
undeserving	1
undertake	1
underhand	1
underground	1
underffood	1
undeceive	1
undauntedly	1
undaunted	1
uncovered	1
uncommonly	1
unchangeable	1
unbounded	1
unawares	1
unavailable	1
una	1
um	1
ugly	1
ued	1
tyre	1
tyrannic	1
ty	1
twould	1
twelvemonth	1
twas	1
tutor	1
turrets	1
ture	1
turbulent	1
tup	1
tune	1
tumbling	1
tumbled	1
ttory	1
tteward	1
ttances	1
ts	1
trusts	1
truss	1
truikng	1
trufr	1
trufled	1
trivial	1
triumphs	1
triumphing	1
trimmed	1
trifle	1
trick	1
tributed	1
trepanned	1
treating	1
travellers	1
trary	1
transports	1
transported	1
transgressed	1
transformed	1
transact	1
tranfacyion	1
traitor	1
train	1
trading	1
toward	1
touched	1
torture	1
torrent	1
torn	1
tore	1
torch	1
topic	1
top	1
tone	1
tolerable	1
tojuftifymy	1
toj	1
toherfelf	1
tofave	1
tocenfure	1
tnadp	1
tliat	1
tjiat	1
tj	1
tirft	1
tint	1
tins	1
tingle	1
tinderftandyou	1
tinder	1
timber	1
tiger	1
tien	1
tied	1
tieath	1
tie	1
tic	1
tials	1
thunderstruck	1
ths	1
thrusts	1
thrown	1
throwing	1
thris	1
thrice	1
threaten	1
thratre	1
thorn	1
thirtieth	1
thirity	1
thin	1
thfs	1
the«advice	1
thereupon	1
thereof	1
therein	1
theneceflity	1
themfeives	1
thelefs	1
theftrift	1
theduchefs	1
thedifappointment	1
thebaftile	1
theatre	1
thanks	1
than'himfelf	1
thall	1
tfriri*	1
tfie	1
tet	1
testify	1
ters	1
terrified	1
terries	1
terminated	1
termer	1
tenuis	1
tentions	1
tend	1
tenants	1
tenacious	1
tempt	1
temple	1
tempers	1
teftimoaiy	1
teemed	1
tedto	1
tease	1
te	1
tdj4	1
tcndcr	1
tau	1
tati	1
tarrying	1
takes	1
tak	1
taila	1
t\vo	1
swords	1
swoon	1
swiftly	1
sweetmeats	1
sweetens	1
sweeten	1
swear	1
swallowed	1
sustained	1
sustain	1
suspended	1
surviving	1
survived	1
surrender	1
surmounted	1
surmount	1
surgeon	1
surely	1
suppress	1
supplies	1
supped	1
sunrise	1
sugar	1
suffocated	1
suffice	1
sufferer	1
sue	1
suchlike	1
succour	1
succession	1
successfully	1
subsistence	1
subsist	1
submit	1
submission	1
studying	1
struggling	1
struggles	1
strongly	1
strictly	1
strictest	1
strength	1
street	1
streaming	1
storms	1
stooping	1
stone	1
stomach	1
stolen	1
stir	1
stint	1
stifled	1
steadfastly	1
stature	1
starving	1
started	1
start	1
stars	1
stain	1
staid	1
st	1
sried	1
squeezing	1
sprung	1
sprightly	1
spot	1
sport	1
spiteful	1
spied	1
spectator	1
speaks	1
speaker	1
sparkle	1
spacious	1
sorbonne	1
soonaftermy	1
sonic	1
soma	1
solicitous	1
solicit	1
solemnity	1
soi	1
softened	1
sobriety	1
soar	1
sneezing	1
sneeze	1
sneer	1
snare	1
smothered	1
smiled	1
smell	1
slur	1
slow	1
slip	1
sling	1
sledge	1
slavery	1
slate	1
slake	1
sky	1
sketch	1
size	1
situa	1
sitter	1
siting	1
sins	1
simplicity	1
similitude	1
silver	1
silenced	1
signify	1
signified	1
significant	1
signed	1
sigh	1
shrewd	1
shot	1
shop	1
shipping	1
shift	1
shell	1
sharpen	1
shameful	1
sexto	1
severest	1
seventy	1
seventeen	1
serviceable	1
sentiment	1
sentences	1
sentence	1
sensibly	1
senseless	1
sensations	1
seizure	1
seisin	1
seemingly	1
seeming	1
seeing	1
seduce	1
securing	1
secured	1
seconded	1
seaside	1
scrupled	1
scruple	1
scm	1
science	1
schemed	1
scandalously	1
scandalise	1
scale	1
saved	1
save	1
savage	1
satisfying	1
satis	1
saluted	1
sacred	1
s3	1
s.'s	1
ry	1
runs	1
rumour	1
ruling	1
ruihes	1
ruffles	1
ruble	1
rubfifted	1
rtot	1
rtep	1
rrie	1
rqadc	1
roving	1
routed	1
rould	1
rougher	1
rosa	1
rooted	1
rook	1
rolaura	1
rofau	1
robe	1
robbery	1
rob	1
rnoreconfolation	1
rn	1
rlrfr	1
rlor	1
rlniili	1
rlncere	1
rites	1
risk	1
rising	1
rip	1
riot	1
rill	1
righthand	1
rigged	1
rifcn	1
ridicule	1
rics	1
richer	1
rich	1
rewarding	1
rewarded	1
review	1
reverse	1
revenging	1
revealed	1
reveal	1
retrieve	1
retorts	1
retinue	1
reted	1
retained	1
ret	1
resting	1
respite	1
respectfully	1
resource	1
resolving	1
resolves	1
resistance	1
resided	1
reserve	1
resented	1
resembled	1
requisite	1
requires	1
requefr	1
reputations	1
reproaching	1
reproached	1
representations	1
repreient	1
reposed	1
repose	1
reports	1
reported	1
repoie	1
replenishing	1
replace	1
repentance	1
repeating	1
repay	1
repairing	1
rep	1
rentions	1
rent	1
renouncing	1
renewing	1
rendering	1
removed	1
reminding	1
remind	1
remembering	1
remarking	1
reluctance	1
relblve	1
relative	1
relationi	1
relapse	1
rekindled	1
rejoicing	1
rejefls	1
reiped	1
reiblved	1
reiblve	1
reibived	1
rehearsed	1
regulating	1
regularly	1
regimental	1
regiment	1
regimen	1
regarding	1
regardedas	1
refusing	1
refused	1
refufmg	1
refufither	1
refs	1
refresh	1
refr	1
refpcclfulljr	1
reformer	1
refoluticn	1
refoived	1
refitting	1
refined	1
refiit	1
referred	1
ref	1
reeled	1
red	1
recounting	1
records	1
recompensed	1
recess	1
receives	1
receipt	1
recall	1
reassumed	1
reasonableness	1
reaped	1
readied	1
reader	1
reached	1
reach	1
rcgardlefs	1
rayfclf	1
raving	1
rash	1
rarely	1
rapture	1
ranger	1
range	1
ramparted	1
rampart	1
raise	1
railing	1
rade	1
rack	1
ra&eriftic	1
r^c	1
r'iece	1
quonam	1
quitted	1
quiiite	1
quietly	1
qui	1
quarter	1
quacks	1
puzzled	1
push	1
pursued	1
pursue	1
purse	1
purport	1
pure	1
purchafmg	1
pur	1
punishment	1
punishing	1
puniihment	1
punctilios	1
punched	1
pulse	1
pull	1
puft	1
puffed	1
publishing	1
publish	1
publim	1
publication	1
pub	1
pu	1
ptrmijfion	1
ptaiied	1
providentially	1
proverbs	1
provence	1
protestor	1
protestations	1
protected	1
prote^or	1
prosecutor	1
propagated	1
pronounce	1
prompted	1
promiiing	1
progress	1
prognostication	1
profpeel	1
profpc&s	1
profligate	1
profitable	1
professing	1
proferlion	1
profelyed	1
profeilion	1
prof	1
procures	1
proclaimed	1
pro	1
prisoner	1
prinee	1
princes	1
prided	1
prevails	1
pretty	1
pretentions	1
pretender	1
pretences	1
presumption	1
pressing	1
press	1
preservation	1
prescribing	1
preierve	1
preience	1
prefted	1
preflly	1
preffly	1
prefenee	1
predominated	1
predictions	1
precise	1
precipitate	1
precious	1
preceding	1
preceded	1
prcfenting	1
prattlings	1
pratlers	1
pratler	1
praising	1
practice	1
powerful	1
powered	1
postures	1
postilion	1
posterity	1
possession	1
possesses	1
positive	1
posed	1
portion	1
ported	1
portable	1
porlibie	1
popular	1
populace	1
poorrofalina	1
poorest	1
polti	1
polteflion	1
politicians	1
polieflion	1
poiteilion	1
poilible	1
poili	1
poilbned	1
poiing	1
pohible	1
pofvhafte	1
poftible	1
poftelted	1
poftefted	1
pofteflion	1
pofteffion	1
poftef	1
poflefiion	1
pofiibly	1
poffeftedin	1
poffefted	1
poetic	1
pocrates	1
pocketbook	1
po	1
plunder	1
plucked	1
pletio	1
plebeian	1
pleated	1
pleasant	1
pleaiure	1
players	1
played	1
planting	1
planted	1
planks	1
pinch	1
pillar	1
piitoles	1
pies	1
pierces	1
pieafe	1
picions	1
piau	1
pi	1
phy	1
philosophy	1
philosophising	1
philoibphifing	1
philo	1
pf	1
petitioned	1
petition	1
pet	1
perverse	1
perused	1
perusal	1
perufc	1
personas	1
persist	1
perplexities	1
pernicious	1
perjured	1
perjure	1
perished	1
perilous	1
perfuaflons	1
perforr	1
performers	1
perform	1
perfoh	1
perflations	1
perfirting	1
perceive	1
pennif	1
penilon	1
penflve	1
penfablc	1
penetrated	1
pending	1
pen	1
pejjima	1
pejftma	1
peels	1
peeking	1
peed	1
pec	1
peaceable	1
peace	1
paying	1
pavted	1
pause	1
pated	1
pastime	1
passionately	1
passionate	1
pass	1
partner	1
partly	1
particularly	1
particularity	1
particularities	1
partiality	1
partaking	1
pardonable	1
parchment	1
paralled	1
par	1
papa	1
pangs	1
pan	1
paleness	1
paited	1
pait	1
pais	1
pairing	1
painted	1
paint	1
paillon	1
paifi	1
paifes	1
pah	1
pafllonate	1
pafling	1
pafiion	1
paf	1
pacify	1
pace	1
owning	1
owii	1
overthrown	1
overspread	1
overrules	1
overpowered	1
outward	1
outvie	1
outrage	1
outlive	1
ous	1
ou	1
othtrs	1
otherways	1
ot	1
ornament	1
orfer	1
orange	1
oracle	1
oppressing	1
opposed	1
opp	1
opinio	1
oneperfon	1
oned	1
omnis	1
omni	1
omitted	1
oif	1
oi	1
oh	1
ofyour	1
oft	1
officers	1
odium	1
ocean	1
ocea	1
occurs	1
occupied	1
occupation	1
occanon	1
occafrons	1
occafiens	1
occa	1
obtaining	1
obstinate	1
obscurity	1
obliterated	1
obliges	1
objection	1
obitruct	1
obferyed	1
obedient	1
ob/laclcs	1
oaths	1
o'cloek	1
nvyfclf	1
nve	1
nut	1
nurses	1
nup	1
nullified	1
nry	1
notwithftand	1
noted	1
note	1
not.pro	1
norant	1
nonsensical	1
nonsense	1
non	1
nolfe	1
nofooner	1
nobleness	1
nmft	1
niyfelf	1
niyfclf	1
niy	1
nithed	1
nisi	1
nionthat	1
nioft	1
nine	1
niili	1
nightcap	1
nigher	1
nicety	1
niceness	1
ngtori	1
neighbourhood	1
negligence	1
negation	1
nee	1
necettity	1
necessaries	1
necemty	1
neceltary	1
neceitity	1
neceftarily	1
neceftaries	1
necefla	1
necefhties	1
neceffory	1
neatness	1
nearly	1
nearer	1
nd	1
nccefiity	1
nccefiaryj	1
nca	1
naughty	1
naufeatio	1
nation	1
nasser	1
narrow	1
nants	1
named	1
n8	1
n6	1
mystery	1
mysteries	1
myjlerious	1
myiulf	1
myfatisfacrion	1
mybirth	1
my>pofterity	1
mvfdf	1
mv	1
muu	1
mutt	1
mute	1
muss	1
musket	1
murderer	1
mufti	1
muff	1
mt	1
ms	1
mower	1
moving	1
movement	1
moved	1
mourous	1
mournfulleft	1
mournful	1
mounted	1
mountebanks	1
mount	1
mott	1
motionless	1
mot	1
mostly	1
moss	1
mortifying	1
mortify	1
mortal	1
morrow	1
morn	1
moreover	1
monarchs	1
monarch	1
monaftcry	1
molestation	1
moleftatioh	1
modestly	1
modest	1
moderation	1
model	1
ml	1
mj	1
mitted	1
mitigate	1
mistaken	1
miserably	1
miser	1
mischances	1
mirth	1
minutes	1
minruft	1
minim	1
minds	1
minding	1
minded	1
million	1
milling	1
militia	1
mile	1
mij	1
mifsr	1
mifsgianneton	1
mifsd'arville	1
mifs	1
miferawc	1
midst	1
middling	1
midday	1
mid	1
mi	1
mg	1
mewing	1
mewed	1
meto	1
mess	1
merrily	1
meriting	1
merely	1
merchants	1
merchandises	1
mer	1
meo	1
mentions	1
mentioning	1
mended	1
memorials	1
melting	1
mej	1
meitage	1
mei	1
meditate	1
meddled	1
mearu	1
mcnted	1
maw	1
matrimony	1
matrimonial	1
masons	1
mas	1
market	1
marked	1
marihall	1
marfhali	1
marching	1
march	1
manu	1
mantained	1
mankind	1
manifestly	1
malqued	1
malir	1
malic	1
male	1
maintained	1
magnanimous	1
maftacred	1
mafquerader	1
mafqueradc	1
mafqued	1
ma	1
m9	1
m's	1
lying	1
lusty	1
lure	1
lun	1
luffing	1
luf	1
lucky	1
luck	1
lovers	1
louifd'ores	1
louder	1
loo	1
longing	1
lombardy	1
loiing	1
lofmg	1
lodgings	1
lodge	1
locked	1
lock	1
lllnefs	1
llbiefs	1
llanderous	1
llander	1
ll	1
lively	1
livelihood	1
liv^d	1
lity	1
litture	1
listened	1
list	1
lis	1
lira	1
linked	1
linen	1
lina	1
limits	1
lime	1
limbs	1
limb	1
lils	1
liking	1
likewiic	1
likewifej	1
likeness	1
liim	1
lightness	1
lightful	1
lightfui	1
lighter	1
lightened	1
lighten	1
lighted	1
lifting	1
liftfc	1
lieutenant-colonel	1
lick	1
library	1
libertines	1
libertine	1
liar	1
liad	1
lhut	1
lhouldyou	1
lharpefc	1
lettered	1
lets	1
lengths	1
lencc	1
lemon	1
leis	1
leghorn	1
leen	1
leaves	1
leatt	1
learning	1
learn	1
leap	1
leagues	1
leafs	1
leafi	1
leads	1
lead	1
lea	1
lbme	1
lawfully	1
laugh	1
laudable	1
latter	1
later	1
latch	1
lastly	1
lasted	1
larger	1
lapets	1
lap	1
languish	1
landlord	1
lances	1
lait	1
ladies	1
lad	1
labours	1
la	1
l\ig	1
l$z	1
kwer	1
knocked	1
kneeling	1
knee	1
km	1
kitting	1
kisses	1
kissed	1
kindly	1
kim	1
kill	1
kiited	1
kiis	1
kifted	1
kicked	1
kichard	1
ki	1
keepers	1
karon	1
justifies	1
juncture	1
juitice	1
jufti^e	1
jufkty	1
jufkce	1
judges	1
joyful	1
joyed	1
jokes	1
join	1
jo	1
jne	1
jl	1
jio	1
jike	1
jightful	1
jftay	1
jftate	1
jfion	1
jf	1
jesting	1
jefty	1
jecled	1
jealomy	1
jaore	1
jane	1
j9	1
iwooned	1
iwill	1
iwas	1
ivy	1
ivfc	1
ive	1
iuppofed	1
iuperior	1
iuipicions	1
iuffer	1
itriking	1
itranger	1
itory	1
itop	1
itie	1
iti	1
itep	1
itching	1
itate	1
isyour	1
issue	1
iso	1
irritating	1
irrifteft	1
irrelblution	1
irrefutable	1
irksome	1
irk	1
iriould	1
irie	1
iricon	1
iri	1
irate	1
iprefented	1
ipoke	1
ipecch	1
ipcnt	1
iouily	1
ionefs	1
inwardly	1
involve	1
invitation	1
inviolably	1
inventions	1
inventing	1
invented	1
intimated	1
intimacy	1
inticement	1
interview	1
interruption	1
interposition	1
internally	1
interim	1
interests	1
intereit	1
interefr	1
interceeding	1
intendant	1
inten	1
insure	1
insult	1
instructed	1
instruct	1
instr	1
instances	1
inspired	1
inspire	1
insolent	1
insinuations	1
insensibly	1
inr	1
inquiry	1
inoft	1
innot	1
inner	1
inn	1
inmed	1
inlaw	1
injurious	1
injured	1
injudiciously	1
iniured	1
initted	1
iniquity	1
iniffion	1
inhumanity	1
inhuman	1
inherited	1
inheritance	1
inherit	1
information	1
infmuate	1
inflicts	1
infiift	1
inferiority	1
infarmountable	1
infallible	1
inexpressible	1
inexpreifible	1
inequality	1
industry	1
industrious	1
indulgence	1
inducements	1
indisputable	1
indisposition	1
indispensable	1
indilpofed	1
indignation	1
indif	1
indictment	1
independent	1
indefatigable	1
incurred	1
incur	1
incorporated	1
incontroulably	1
inconstant	1
inconstancy	1
inconsistent	1
inconiolable	1
inconfoleable	1
income	1
inclined	1
incensed	1
incapacity	1
incapable	1
inasmuch	1
inany	1
inability	1
imt	1
impute	1
imputation	1
impunity	1
impulse	1
impudence	1
improvement	1
improved	1
improper	1
imprisonment	1
imprisoned	1
imprinted	1
impriibned	1
imprefhon	1
imposture	1
impostors	1
importunity	1
importer	1
importanc	1
impoilible	1
impofnbility	1
impo	1
impenetrable	1
immodesty	1
immodest	1
immoderate	1
imme	1
imagining	1
imaginary	1
illy	1
illustrate	1
illumed	1
ills	1
iliort	1
iliew	1
ilde	1
ilcem	1
ilbly	1
iking	1
iiundred	1
iituation	1
iinifh	1
iincerity	1
iilent	1
iikewife	1
ihone	1
ihnt	1
ihewyour	1
iher	1
ihed	1
iharp	1
ih	1
iftue	1
ifrorld	1
ifr	1
iflg	1
ifhonoured	1
ifawmy	1
ifaid	1
if'wa	1
ierved	1
iervant	1
ieritiments	1
ientiments	1
iefs	1
ieduced	1
iecure	1
iecretly	1
iecret	1
iecondly	1
ieaft	1
ie	1
idols	1
idle	1
idefired	1
icene	1
iced	1
iburce	1
ibrrows	1
ibrne	1
iboner	1
iag	1
i5	1
i'm	1
hurtful	1
hurried	1
hunvand	1
hunting	1
hunger	1
hun	1
hufbahd	1
huf	1
hu	1
htmfelf	1
howsoever	1
houses	1
host	1
horrible	1
hoped	1
hop	1
honey	1
honefi	1
homage	1
hollow	1
holes	1
hole	1
hive	1
hit/band	1
historian	1
hisma	1
hint	1
hinder	1
himfejf	1
hiifory	1
higheit	1
hies	1
hetitating	1
hesitation	1
heroines	1
heroic	1
hero	1
herhufband	1
herfpirit	1
herfliame	1
herfcif	1
henceforth	1
hen	1
heme	1
hem	1
helps	1
helpful	1
helped	1
heiress	1
heighten	1
hefltate	1
heedless	1
hearty	1
heartfelt	1
heap	1
healed	1
headstrong	1
he.diftmguifhed	1
haves	1
hat	1
hardily	1
harboured	1
harbour	1
har	1
happiest	1
hangs	1
handed	1
hammer	1
haddtefted	1
hadalfo	1
h?s	1
h9	1
h4	1
h2	1
guide	1
guftjrd	1
guefted	1
gueffc	1
gucffed	1
guaftalla	1
guaf	1
grown	1
groans	1
groan	1
grievous	1
grieve	1
greets	1
greatelf	1
greateit	1
gravity	1
granting	1
grandees	1
grain	1
graces	1
graceful	1
governed	1
govern	1
goodness	1
golden	1
goes	1
glorying	1
gloomy	1
glo	1
glides	1
gladness	1
giv	1
girls	1
gilded	1
gifts	1
giddiness	1
giarmeton	1
gianettobj	1
gianet	1
ght	1
germain	1
genuine	1
gently	1
gentlemen	1
genteelly	1
genoa	1
genius	1
generously	1
generoflty	1
generals	1
geiticulations	1
gefted	1
gatri	1
gathered	1
gate	1
gardens	1
garden	1
garded	1
galleys	1
gallant	1
fyour	1
fy	1
fwect	1
fvvore	1
fvveetened	1
fuvped	1
furthers	1
furniib	1
furiously	1
fur	1
fuqh	1
fuppoiing	1
fuppoied	1
fupe	1
fumed	1
fulpeel	1
fulfer	1
fuipe£red	1
fuificient	1
fuifered	1
fuifer	1
fuggeiled	1
fufticiently	1
fuftered	1
fufricient	1
fufpeel	1
fuflficiently	1
fuffr	1
fufficienet	1
fuf	1
fuel	1
fudddenly	1
fubmiftion	1
fubjecyion	1
fubjecr	1
fubftan.ee	1
fubfiftanee	1
ftvength	1
fttll	1
ftri<5reft	1
ftri6r	1
ftoriiach	1
ftigee	1
ftiean	1
ftie	1
ftfs	1
ftefted	1
ftcp	1
frustrated	1
frustrate	1
fronting	1
frightened	1
friendihip	1
frfter	1
fretting	1
frequently	1
frequent	1
frenchman	1
freedom	1
frayed	1
fray	1
frankly	1
fpr	1
fpoiied	1
fourteen	1
foto	1
forwarned	1
forward	1
fortnight	1
forming	1
fori	1
forges	1
foretell	1
foresaw	1
foreign	1
forefecn	1
forefathers	1
forbidding	1
forae	1
fophicai	1
foonas	1
font	1
fons	1
fonie	1
fone	1
fomecir	1
fome.new	1
fomc	1
follies	1
folks	1
foliow	1
fojt	1
foible	1
focfa	1
fnoit	1
fnft	1
fmcerely	1
flung	1
fluctuations	1
flt&	1
flrit	1
flrfv	1
flrft	1
flowing	1
flowers	1
flower	1
flowed	1
flopped	1
flop	1
floor	1
floods	1
flnce	1
flew	1
fleered	1
fled	1
flecl	1
fleadfaftly	1
flatteries	1
flatterer	1
flames	1
fla	1
fl	1
fkit	1
fkilml	1
fjt	1
fixing	1
fixes	1
fix	1
fitted	1
fist	1
firtt	1
firs	1
firrt	1
firrr	1
firnv	1
fiript	1
firfttome	1
fir	1
finish	1
fing	1
fine	1
filthiness	1
filth	1
fill	1
filial	1
filent	1
fiiifl	1
fiient	1
fiience	1
figured	1
figli	1
fiftesfci	1
fiftent	1
fifteen	1
fieward	1
fiery	1
fieri	1
fier	1
fiends	1
fidfi	1
fideliy	1
ficn	1
fickleness	1
fible	1
fiature	1
fiab	1
fhiiih	1
fhidy	1
fhculd	1
fhall	1
ffrange	1
fettling	1
fetn	1
fervent	1
ferioully	1
fentimenls	1
fenflbly	1
fence	1
femiuar£	1
felt	1
fellow	1
felfwas	1
feftfrble	1
fefted	1
feeling	1
feel	1
feed	1
feea	1
fee	1
fecurlty	1
fecu^ed	1
fecn>	1
fecm	1
feasting	1
feast	1
fearing	1
fearfully	1
feandal	1
fe	1
fcx	1
fcru	1
fcnqw	1
fchooi	1
fceneof	1
fcencs	1
fc	1
fbmething	1
fbe	1
favv	1
favourite	1
favoured	1
fato	1
fatisrled	1
fatisned	1
fatisfa»5uon	1
fatisfaelion	1
fatisfacliort	1
fatisfa6rion	1
fatisfa#ion	1
fatii	1
fatigued	1
fashion	1
farthest	1
fartheil	1
fare	1
farcenet	1
farce	1
fand	1
fanciful	1
fan<5tion	1
famous	1
families	1
familiar	1
falsehoods	1
fald	1
fakl*	1
fain	1
failings	1
failing	1
faidl	1
faidj	1
faicl	1
fadr	1
facts	1
facririce	1
facriftced	1
facriflced	1
facing	1
fabrizio	1
eye	1
extrcam	1
extravagancies	1
extortions	1
extolled	1
extensiveness	1
extends	1
extend	1
expressing	1
expreili	1
expreifions	1
exprefe	1
expouf	1
expofecj	1
expo	1
explaining	1
expiring	1
expired	1
expire	1
expeditious	1
expeditions	1
expedition	1
expecting	1
existing	1
existed	1
exigence	1
exercise	1
executioner	1
execution	1
execrable	1
excuses	1
excruciating	1
excluiive	1
exclude	1
exclaim	1
excite	1
exchange	1
excesses	1
excelling	1
exceifive	1
exalt	1
evince	1
evidence	1
eve	1
evade	1
eternity	1
eternally	1
eternal	1
espied	1
error	1
erf	1
eradicate	1
er	1
equipage	1
eould	1
envied	1
entrusted	1
entreaty	1
entitles	1
entertaining	1
entailed	1
ensued	1
enraged	1
enormous	1
ennobles	1
enlarge	1
enjoys	1
enjoin	1
engroited	1
engaging	1
enforced	1
enes	1
endure	1
endowments	1
endeavour	1
encumbrance	1
encumbered	1
encounters	1
encounter	1
enclosed	1
enable	1
en	1
empty	1
emissaries	1
elf	1
eleven	1
elegantly	1
elegant	1
eld	1
elbow	1
eiteem	1
eitate	1
eitablifhed	1
eilecm	1
eifecl	1
eftablilh	1
eftablifhhis	1
eft	1
efrabliili	1
efpouiing	1
efpoufc	1
efpouf	1
efkite	1
efforts	1
effetfs	1
effet	1
effefls	1
effea	1
educe	1
edge	1
economy	1
echoed	1
ebb	1
eays	1
eating	1
eat	1
easter	1
earned	1
ear	1
eaiily	1
eagle	1
eager	1
eaftile	1
dwarf	1
dv	1
dutembling	1
dutchefsof	1
durable	1
dunghill	1
dumb	1
duiv	1
duii	1
duelled	1
duchels	1
duchclvs	1
duchcls	1
duchcfs	1
dubious	1
drove	1
droll	1
drelted	1
drelled	1
dreiied	1
dreftcd	1
dreading	1
dreaded	1
doze	1
doxfi	1
downr	1
doomed	1
dont	1
donor	1
dominion	1
domi	1
domestics	1
domei	1
dolors	1
documents	1
docs	1
dl	1
divorce	1
dividing	1
diverting	1
diversion	1
disturb	1
distracted	1
distorted	1
distinguishing	1
dispersed	1
dispatches	1
disordered	1
disobeying	1
dismission	1
disliked	1
disinherit	1
dishonourable	1
dishonest	1
disguised	1
disguise	1
disgrace	1
disengage	1
diseases	1
disease	1
disdain	1
discreet	1
discredits	1
discovers	1
discourses	1
discords	1
discontent	1
disconcerted	1
disclose	1
discharged	1
disappointed	1
disagreement	1
dirty	1
dirtatisfied	1
direeled	1
direcfed	1
dirc£uy	1
dior	1
dines	1
dimlniihed	1
dim	1
diltcmbled	1
diligency	1
diligence	1
dilates	1
dilated	1
dij	1
diitemble	1
diilike	1
diihonour	1
diibrders	1
diibbedient	1
diftemble	1
difpoiitions	1
diflemblc	1
diflblves	1
diflblved	1
diflatisrled	1
difgufkd	1
difficulties	1
difepvered	1
difcurbed	1
difcoufe	1
difa	1
dies	1
dictate	1
dices	1
dicam	1
diameter	1
diabolical	1
dhtem	1
devour	1
devotedly	1
devolved	1
deviated	1
detraction	1
detra&or	1
detested	1
detain	1
detail	1
destined	1
desk	1
desiring	1
desirable	1
designs	1
designed	1
deserves	1
deserve	1
descended	1
descendants	1
der	1
depreciate	1
deposited	1
depending	1
dependents	1
dently	1
dented	1
denly	1
demean	1
demanding	1
deluded	1
delity^	1
deli	1
deiired	1
deicended	1
dehres	1
degrading	1
degrade	1
defymy	1
deftrucyion	1
deftgned	1
defriny	1
deformed	1
deflrous	1
deflred	1
deflre	1
deflgned	1
defirecl	1
defiled	1
defiiny	1
deferrable	1
deeply	1
deepest	1
deep	1
declining	1
declares	1
declaration	1
decently	1
deceive	1
debt	1
debauchery	1
debauched	1
de	1
daylight	1
dauntednefs	1
daunt	1
daubing	1
darville	1
darts	1
dart	1
darken	1
daringly	1
dared	1
dancers	1
dal	1
daily	1
d'areore	1
d'arcorc	1
cxcefhve	1
cuts	1
customs	1
curtfied	1
curses	1
current	1
curir	1
curious	1
cur	1
cup	1
cunningly	1
cumitance	1
cumftances	1
cumftanccs	1
cuirlftance	1
ctt	1
cry	1
crush	1
cruelly	1
crowd	1
croftes	1
crj	1
criminals	1
crimes	1
crifke	1
cried	1
creditors	1
creditably	1
creditable	1
creature	1
created	1
create	1
cradle	1
coveted	1
covered	1
cover	1
courteouf	1
counttermes	1
counters	1
countermined	1
counsellor	1
counfclled	1
council	1
coukl	1
corrupt	1
corresponded	1
correction	1
cornet	1
cork	1
cords	1
copy	1
convulsions	1
convincing	1
convinces	1
converted	1
convert	1
conveniently	1
convenient	1
contriving	1
contributing	1
contributes	1
contrarieties	1
contradict	1
contracted	1
contract	1
continuing	1
continues	1
contentedness	1
contentedly	1
contend	1
contemplations	1
containing	1
consultation	1
construction	1
constraint	1
console	1
consists	1
consigned	1
consideration	1
considerably	1
consenting	1
consecrated	1
conscience	1
connt	1
connexions	1
connects	1
conjure	1
conjugal	1
conjecture	1
conitru6tions	1
conitrained	1
congratulating	1
congratulate	1
confuted	1
confusions	1
confusedly	1
confuiion	1
confronting	1
confluences	1
conflftent	1
conflderable	1
confirmed	1
confines	1
confinement	1
confidently	1
confessing	1
conferring	1
conferled	1
confeience	1
confefted	1
confefied	1
confdfed	1
confcquer.ee	1
conduit	1
condescension	1
condescend	1
concurrence	1
concluding	1
concerns	1
composition	1
complr	1
compliment	1
compliance	1
completion	1
complaint	1
compeniing	1
compassion	1
compass	1
comparison	1
companionate	1
commissioned	1
commiftion	1
commendations	1
commendable	1
comitted	1
comic	1
comforting	1
comfortable	1
comes	1
combined	1
combine	1
collect	1
collar	1
coiour	1
coils	1
coiled	1
coil	1
coif	1
cofr	1
coffs	1
coffin	1
coffee	1
codicil	1
coaches	1
clung	1
cloyjler	1
cloyitcr	1
cloaks	1
clelity	1
clefired	1
clearing	1
ckc	1
cjlhe	1
civil	1
cither	1
circuwftatices	1
circumitances	1
circumftanee	1
circumference	1
cious	1
chyfier	1
choke	1
chin	1
chimney	1
chill	1
check	1
cheating	1
chearfnl	1
chartifed	1
charms	1
charming	1
charging	1
charged	1
charge	1
charaxer	1
chapelj	1
chapel	1
changing	1
cha'dfter	1
cha	1
certify	1
certainty	1
centre	1
censorious	1
cence	1
celeftina	1
celebrate	1
ceitors	1
ceases	1
ceased	1
ccnfufion	1
ccme	1
cbniidering	1
cautiously	1
caught	1
caufo	1
cattle	1
catch	1
casually	1
cart	1
carries	1
carriage	1
carelessness	1
careites	1
careited	1
carefully	1
capitals	1
capital	1
cape	1
cap	1
candidly	1
camp	1
calumnies	1
caji	1
caitlc	1
caftan	1
cafr	1
cafile	1
bv	1
buy	1
butt	1
bursting	1
burdensome	1
built	1
buildings	1
buiinefs	1
bufineis	1
buffoons	1
bsnd	1
brutiih	1
brothers	1
brother-in-law	1
broth	1
broken	1
brings	1
brightness	1
bright	1
breasts	1
breast	1
breaii	1
breach	1
bravo	1
bow	1
bour	1
bounty	1
bottles	1
bosom	1
bore	1
bolting	1
boldness	1
bolbm	1
bo	1
blum	1
bluihing	1
bluih	1
bluflied	1
blufhwhen	1
blows	1
bloom	1
bloodihed	1
blooded	1
blocked	1
block	1
blindness	1
bless	1
blemish	1
bleited	1
blaze	1
blasted	1
blameless	1
blade	1
blackest	1
bittcrnefs	1
bit	1
biood	1
bim	1
billets	1
bids	1
bets	1
betone	1
bestowing	1
beseeching	1
berlow	1
bent	1
benignant	1
beneficial	1
benefactors	1
benedictions	1
bemoaning	1
bellow	1
believes	1
behoves	1
behaves	1
behave	1
begin	1
begging	1
beforementi	1
befonc	1
befiow	1
befell	1
befeechthem	1
befallen	1
befall	1
bee	1
becaufr	1
becaufeyou	1
beauty	1
beautify	1
bearing	1
bearer	1
bcfone	1
bauch	1
bathed	1
bathe	1
batallion	1
barrel	1
baron	1
bar	1
banks	1
bankruptcy	1
banish	1
baniilied	1
banger	1
baneful	1
baltile	1
balance	1
bajtile	1
bajlile	1
baitile	1
bailard	1
bag	1
baflile	1
baffle	1
bachelor	1
b.c	1
a£ted	1
awaken	1
awaked	1
awake	1
avig	1
aversions	1
averfeto	1
avenues	1
availed	1
avail	1
autumn	1
authorised	1
authenticated	1
authenticate	1
authentic	1
aunfs	1
augment	1
aufe	1
audience	1
au	1
attractive	1
attentive	1
attendance	1
attd	1
attained	1
attacked	1
attack	1
atone	1
atid	1
atfed	1
at.thefe	1
asufual	1
astonished	1
assuring	1
assumed	1
assume	1
assigned	1
assignation	1
assiduity	1
asserted	1
ashamed	1
asfoon	1
articles	1
artfully	1
arrives	1
arreted	1
arraign	1
around	1
arofc	1
arise	1
ariel	1
arid	1
arguments	1
argument	1
arguing	1
argued	1
areftraint	1
ared	1
ardent	1
architecture	1
architects	1
arc	1
arabian	1
ar	1
april	1
approving	1
approaching	1
apprehensive	1
apprehension	1
apprehended	1
apprchenlions	1
appointment	1
appointing	1
appertaining	1
appeased	1
appease	1
appearances	1
apetite	1
apart	1
ao	1
anyone	1
antiquarian	1
anticipate	1
answerable	1
annually	1
aniwer	1
anions	1
anfwcrr	1
anfvver	1
anew	1
andyouthen	1
andwhatconfolationdid	1
andreafon	1
anct	1
ancl	1
anciently	1
anci	1
anceitors	1
ana	1
amused	1
amp	1
amour	1
amorouily	1
amoroufly	1
amongrt	1
amongft'other	1
amongft	1
amongfr	1
amidst	1
america	1
ambassador	1
amazement	1
altiftants	1
along	1
allowed	1
allotted	1
allied	1
alked	1
alk	1
aliembled	1
alfowhat	1
alfe«5rion	1
alarming	1
alarmed	1
alarm	1
al	1
aj\d	1
aitociating	1
aitigned	1
aiterted	1
aitaulted	1
airy	1
aimed	1
ailles	1
ailiit	1
ailigned	1
ail	1
aik	1
aifecli	1
aifairs	1
aibevit	1
aibe	1
ai	1
agreement	1
agreeing	1
agreeably	1
agonies	1
agitations	1
aggrieved	1
aggreifors	1
aggravated	1
aftoniihed	1
aftift	1
afterwarcs	1
afternoon	1
afs	1
afm	1
afkcd	1
afiure	1
afibciating	1
afhamecl	1
affure	1
affords	1
afforded	1
afflictions	1
afflicting	1
afflict	1
affirmations	1
affirm	1
affil	1
affecyion	1
affects	1
affectionately	1
affcclion	1
affccled	1
ael	1
advifmg	1
advices	1
advantages	1
advancing	1
adt	1
adorable	1
admitted	1
admit	1
adminittration	1
administer	1
adls	1
adjoining	1
adherence	1
adhered	1
adhere	1
addicted	1
acymg	1
acyion	1
acr	1
acquire	1
acquainting	1
acquaintances	1
aclrefs	1
acknowledge	1
acfl	1
accuses	1
accus	1
accrues	1
accounts	1
accountable	1
accomplishments	1
accompliihments	1
accompanies	1
accom	1
acceptance	1
accent	1
accafioncd	1
abuses	1
abused	1
absurdity	1
absurd	1
absolute	1
abroad	1
abound	1
abominable	1
abolish	1
ablblutely	1
abhorrence	1
abhor	1
abfclute	1
abetter	1
abbreviated	1
aaz	1
aad	1
aa	1
a<5tors	1
a<5ted	1
a/lift	1
^ulinefs	1
?;	1
?.	1
?'	1
?!	1
>,	1
;;	1
;.	1
:....!	1
:....	1
:,	1
9«	1
8	1
7^	1
7*	1
7	1
6y/n	1
6o	1
6i	1
6	1
5o	1
5	1
4*	1
4	1
2ls	1
2?«	1
.;	1
..	1
.-	1
*•	1
*j**j	1
*;	1
*5	1
*3°	1
*3«	1
*0	1
*.	1
**7	1
**3	1
***,	1
*$$)	1
%)	1
",	1
!....	1
!'	1
