,	3395
the	1660
.	1338
and	1127
of	1058
to	992
her	876
a	712
—	650
i	587
she	563
in	515
"	471
;	443
you	404
that	361
was	352
had	346
not	342
it	327
with	319
he	288
for	280
as	278
said	270
his	248
is	247
but	232
at	227
!	224
be	219
mrs	210
have	209
adriana	202
my	196
on	194
which	189
:	169
hartley	167
this	160
from	153
."	152
|'s|	149
mr	143
by	140
will	139
me	139
no	132
*'	131
**	125
selwyn	123
''	119
miss	118
been	118
all	116
'	113
were	112
an	110
so	109
your	103
are	100
|arabic1digit|	96
!"	92
would	89
when	84
what	84
they	82
who	81
him	81
?"	81
or	80
if	79
do	79
could	77
them	76
one	73
'*	73
oakley	72
into	72
falkland	72
very	71
there	70
did	70
|romannumeral|	67
yet	66
up	66
mother	66
then	65
must	65
has	64
?	64
their	63
cosby	60
should	59
see	59
now	59
hand	59
think	57
room	55
am	55
shall	53
heart	53
dear	53
though	52
out	52
we	51
more	51
how	51
well	50
such	50
know	50
asked	49
time	48
herself	48
good	48
bath	48
may	47
come	46
again	46
child	45
little	44
never	43
lier	43
father	43
these	42
say	42
our	42
every	41
some	40
only	40
much	40
eyes	40
down	40
can	40
last	39
cecilia	39
before	39
oh	38
lady	38
daughter	38
here	37
young	36
lord	36
than	35
sir	35
long	35
caroline	35
|arabic3digit|	34
world	34
manor	34
day	34
after	34
any	33
about	33
over	32
night	32
mind	32
its	32
being	32
*^	32
'^	32
years	31
man	31
make	31
made	31
life	31
nothing	30
most	30
heard	30
^'	30
yes	29
two	29
thought	29
slie	29
seen	29
old	29
martha	29
manner	29
believe	29
]	29
where	28
r	28
might	28
look	28
pemberton	27
dance	27
(	27
us	26
till	26
perhaps	26
left	26
just	26
door	26
without	25
those	25
saw	25
own	25
lie	25
indeed	25
ana	25
|arabic2digit|	24
still	24
poor	24
o	24
like	24
himself	24
head	24
give	24
first	24
ball	24
towards	23
soon	23
situation	23
parents	23
love	23
let	23
house	23
hear	23
go	23
countenance	23
why	22
take	22
hope	22
great	22
gone	22
yourself	21
wish	21
too	21
tell	21
sure	21
round	21
put	21
pleasure	21
many	21
ever	21
does	21
country	21
answered	21
^*	21
way	20
under	20
other	20
moment	20
mamma	20
days	20
away	20
adri	20
)	20
whom	19
while	19
tliat	19
rectory	19
quite	19
myself	19
madam	19
liis	19
having	19
felt	19
entered	19
death	19
company	19
adrian	19
went	18
right	18
placed	18
passed	18
once	18
off	18
face	18
almost	18
voice	17
since	17
side	17
received	17
name	17
maybury	17
friend	17
found	17
done	17
chap	17
winter	16
through	16
seemed	16
sat	16
part	16
manners	16
looking	16
interest	16
hands	16
girl	16
evening	16
even	16
enough	16
between	16
better	16
appeared	16
words	15
woman	15
tears	15
rose	15
present	15
neither	15
johnson	15
happy	15
going	15
fortune	15
few	15
fear	15
eye	15
elegant	15
don't	15
cicey	15
came	15
always	15
wife	14
took	14
taken	14
suppose	14
smiling	14
seeing	14
remember	14
place	14
person	14
often	14
nor	14
morning	14
money	14
ma'am	14
looked	14
honour	14
fixed	14
fine	14
course	14
also	14
ah	14
age	14
walked	13
turn	13
tonight	13
told	13
things	13
suffered	13
same	13
return	13
period	13
opened	13
nature	13
known	13
knew	13
husband	13
home	13
heroine	13
gentleman	13
feelings	13
ezekiel	13
each	13
conduct	13
cannot	13
brought	13
because	13
beauty	13
appearance	13
another	13
^^	13
!''	13
whole	12
turning	12
tis	12
t	12
set	12
servant	12
returned	12
receive	12
pray	12
power	12
n	12
lordship	12
liad	12
kind	12
keep	12
ir	12
hastily	12
france	12
find	12
conversation	12
coloured	12
chair	12
cause	12
called	12
bosom	12
arm	12
answer	12
--	12
vol	11
tone	11
thoughts	11
taste	11
table	11
speak	11
silence	11
sighed	11
sigh	11
scenes	11
raised	11
partner	11
obliged	11
letter	11
leave	11
judgement	11
j	11
hall	11
glass	11
given	11
frequently	11
feeling	11
early	11
dawson	11
curiosity	11
both	11
beautiful	11
ask	11
anything	11
.''	11
youth	10
vain	10
usual	10
used	10
upon	10
tried	10
three	10
suffer	10
stay	10
society	10
smile	10
sehvyn	10
seat	10
saying	10
really	10
parlour	10
papa	10
order	10
next	10
near	10
mean	10
making	10
london	10
ladies	10
knowledge	10
irs	10
ill	10
hut	10
hour	10
heiress	10
hambleton	10
far	10
easy	10
danced	10
comfort	10
business	10
bless	10
best	10
already	10
*	10
),	10
whose	9
visit	9
villers	9
vanity	9
turned	9
stood	9
spirits	9
show	9
scarcely	9
s	9
repeated	9
rector	9
questions	9
merely	9
mansion	9
m	9
lost	9
lived	9
live	9
light	9
led	9
late	9
large	9
journey	9
hours	9
h	9
grandmother	9
gave	9
full	9
form	9
followed	9
female	9
favour	9
fancy	9
either	9
duty	9
dare	9
cried	9
couple	9
coming	9
character	9
bed	9
aunt	9
air	9
against	9
added	9
account	9
?''	9
yielded	8
ye	8
wishes	8
walk	8
view	8
tlic	8
thousand	8
themselves	8
taking	8
supper	8
spirit	8
sit	8
sister	8
recollected	8
recollect	8
reason	8
pleased	8
people	8
painted	8
ought	8
notice	8
natural	8
mv	8
mentioned	8
lively	8
length	8
introduced	8
interrupted	8
instance	8
ing	8
imagination	8
history	8
high	8
help	8
half	8
guardian	8
grand	8
gay	8
four	8
foot	8
evident	8
e	8
drawing	8
draw	8
detained	8
depicted	8
daughters	8
cheek	8
charms	8
case	8
beyond	8
bear	8
attention	8
appear	8
affection	8
address	8
!'	8
work	7
wonder	7
wlio	7
wliich	7
wild	7
twenty	7
twelfth	7
twas	7
trust	7
true	7
tonne	7
times	7
thus	7
surprised	7
subject	7
son	7
smote	7
small	7
sent	7
self	7
scene	7
rising	7
replied	7
remembered	7
remain	7
reflection	7
rather	7
pursued	7
public	7
perfectly	7
perceived	7
passion	7
orders	7
new	7
mistress	7
minute	7
met	7
men	7
memory	7
matter	7
maria	7
line	7
least	7
lamps	7
knows	7
k	7
independent	7
inclinations	7
impossible	7
immediately	7
idea	7
human	7
henrietta	7
held	7
heavy	7
heaven	7
health	7
happiness	7
god	7
girls	7
get	7
gently	7
gained	7
formed	7
following	7
feel	7
fair	7
f	7
except	7
everything	7
emotion	7
easily	7
during	7
dress	7
dreadful	7
drawn	7
doubt	7
dinner	7
deep	7
dances	7
creature	7
continued	7
consequence	7
cheerful	7
cheeks	7
care	7
call	7
bring	7
breast	7
bowed	7
boudoir	7
body	7
began	7
become	7
bad	7
b	7
arrived	7
arc	7
apartment	7
anxious	7
alone	7
agreeable	7
admiration	7
absence	7
-	7
word	6
witnessed	6
within	6
weeks	6
ward	6
use	6
unless	6
understanding	6
truth	6
together	6
threw	6
thinking	6
thing	6
ten	6
talking	6
talk	6
surprise	6
stranger	6
stopped	6
state	6
started	6
speedily	6
sometimes	6
smiles	6
six	6
several	6
serious	6
sad	6
residence	6
ready	6
quitted	6
promise	6
probably	6
prisoners	6
prevent	6
possession	6
pleasant	6
played	6
open	6
november	6
none	6
nie	6
month	6
moments	6
means	6
looks	6
likely	6
leaving	6
lay	6
laws	6
language	6
land	6
kept	6
judge	6
issued	6
intimacy	6
inquiry	6
innocent	6
i\irs	6
hy	6
hopes	6
heavens	6
hearing	6
hardly	6
hard	6
hair	6
grandmamma	6
future	6
friends	6
former	6
forget	6
filled	6
fell	6
feared	6
fashion	6
family	6
fail	6
ere	6
entirely	6
english	6
engaged	6
elapsed	6
ears	6
divine	6
desired	6
dancing	6
circumstances	6
charming	6
chamber	6
certainly	6
caught	6
bury	6
bright	6
born	6
black	6
arms	6
alas	6
agony	6
above	6
?'	6
"'	6
!'*	6
youthful	5
yesterday	5
worst	5
wished	5
warm	5
want	5
w	5
vou	5
unfeeling	5
understand	5
u	5
try	5
trembled	5
top	5
tiling	5
terms	5
sudden	5
soul	5
sought	5
sort	5
something	5
solitary	5
sight	5
shaking	5
served	5
servants	5
send	5
sec	5
sea	5
sanguine	5
robe	5
rest	5
resigned	5
regard	5
recollection	5
read	5
quickness	5
prove	5
principles	5
pressed	5
possible	5
point	5
playful	5
plan	5
perceiving	5
passing	5
particularly	5
parent	5
pain	5
paid	5
offered	5
neighbourhood	5
nearly	5
motives	5
mention	5
melancholy	5
meet	5
meant	5
married	5
marked	5
loud	5
living	5
lips	5
likeness	5
laying	5
laugh	5
latter	5
laid	5
knowing	5
intimate	5
instead	5
information	5
impression	5
impressed	5
hoped	5
heads	5
guess	5
group	5
graces	5
got	5
good-humoured	5
glad	5
general	5
g	5
friendly	5
forgotten	5
foreign	5
forehead	5
floor	5
fire	5
features	5
fearful	5
fatigued	5
fall	5
exterior	5
expression	5
expected	5
excuse	5
event	5
escape	5
england	5
elopement	5
education	5
ease	5
disturb	5
discovered	5
different	5
despoiled	5
delighted	5
cousin	5
courage	5
conjectures	5
confusion	5
common	5
comfortable	5
close	5
children	5
changed	5
chaise	5
candles	5
broke	5
breakfast	5
behaviour	5
back	5
attended	5
assure	5
assistance	5
art	5
arlingham	5
apron	5
apparent	5
anxiety	5
amongst	5
addressed	5
acquaintance	5
absolutely	5
\iiss	5
•	4
wrong	4
women	4
windows	4
wide	4
whispered	4
whether	4
wear	4
watched	4
wanted	4
walking	4
visited	4
virtuous	4
vas	4
undertake	4
unconsciously	4
trying	4
trees	4
therefore	4
thank	4
termed	4
tempted	4
teeth	4
teach	4
tall	4
talked	4
sweet	4
sustained	4
supported	4
succeeding	4
succeeded	4
style	4
steps	4
squire	4
speech	4
spare	4
sorry	4
sorrow	4
solitude	4
social	4
slowly	4
slic	4
skill	4
sitting	4
single	4
silver	4
silent	4
shuddered	4
severe	4
sense	4
seized	4
satisfaction	4
ruin	4
roses	4
roof	4
resting	4
respected	4
request	4
remarked	4
remained	4
related	4
red	4
recent	4
reached	4
re	4
rank	4
quick	4
q	4
putting	4
purse	4
property	4
produce	4
presence	4
prepared	4
prepare	4
pointed	4
pleasures	4
play	4
pity	4
personal	4
performed	4
perfect	4
pay	4
particular	4
painter	4
office	4
occasion	4
observed	4
object	4
oak	4
o'clock	4
ny	4
nonsense	4
nine	4
nights	4
neglected	4
neck	4
necessary	4
mourning	4
modern	4
minutes	4
mine	4
mercy	4
mental	4
meaning	4
mas	4
marmoset	4
majestic	4
lovely	4
loved	4
longer	4
lonely	4
liveliness	4
listened	4
liss	4
liked	4
lias	4
learn	4
lead	4
laughing	4
knees	4
judged	4
irish	4
interview	4
intercourse	4
instantly	4
inquired	4
informed	4
hill	4
ham	4
guilty	4
goes	4
generally	4
gaiety	4
funeral	4
frame	4
follow	4
fix	4
feet	4
farewell	4
endeavoured	4
em	4
else	4
ear	4
dying	4
draught	4
doors	4
domestics	4
domestic	4
doing	4
docs	4
distress	4
distance	4
disposition	4
disgraced	4
discover	4
disappointment	4
died	4
deference	4
darkness	4
daring	4
daily	4
crossed	4
consider	4
conscious	4
conducted	4
concluded	4
companion	4
clothes	4
closed	4
cliffs	4
certain	4
ceiling	4
caused	4
cast	4
carriage	4
careless	4
bustle	4
burst	4
bristol	4
bred	4
breath	4
bottom	4
bitter	4
benevolent	4
behold	4
became	4
beauties	4
attractions	4
assembly	4
arose	4
approach	4
applause	4
anticipated	4
angry	4
amusement	4
affections	4
acute	4
action	4
acquired	4
acquainted	4
accompanied	4
^	4
.'	4
'•	4
!"'	4
■	3
}	3
|arabicprice|	3
|arabic4digit|	3
wounded	3
worthy	3
worse	3
wood	3
witness	3
wishing	3
wine	3
window	3
willing	3
william	3
wholly	3
wet	3
week	3
weak	3
waved	3
watch	3
wasn't	3
warrant	3
walks	3
visiting	3
virtue	3
violated	3
views	3
vent	3
vainly	3
uttered	3
utter	3
utmost	3
ushered	3
usefulness	3
unison	3
unhappy	3
unfortunate	3
understood	3
tuesday	3
trouble	3
triumphant	3
tripped	3
treat	3
tomorrow	3
toilette	3
today	3
title	3
tion	3
temper	3
telling	3
tea	3
taught	3
sykes	3
suspected	3
suspect	3
surely	3
sunk	3
summons	3
suffering	3
success	3
struck	3
stone	3
stole	3
step	3
starting	3
start	3
staircase	3
square	3
spoke	3
speaker	3
sparkling	3
sound	3
sole	3
sobs	3
smallest	3
slip	3
singular	3
simplicity	3
siie	3
sickness	3
shrieked	3
showy	3
showing	3
shook	3
share	3
sex	3
settle	3
service	3
separation	3
sentiments	3
sentence	3
senses	3
seems	3
seem	3
seclusion	3
says	3
retired	3
rested	3
respectful	3
respect	3
reserve	3
required	3
reproach	3
removed	3
religion	3
relative	3
reigned	3
regret	3
regiment	3
reflections	3
recovered	3
recently	3
recalled	3
reasons	3
real	3
quiet	3
quickly	3
questioned	3
pshaw	3
proved	3
propriety	3
proper	3
progress	3
profile	3
pride	3
previously	3
previous	3
prevented	3
pretty	3
prefer	3
preceding	3
precede	3
praise	3
politeness	3
pointing	3
pleasing	3
plead	3
pillow	3
pierced	3
picture	3
perspective	3
persons	3
persian	3
perceive	3
penetration	3
pen	3
peculiar	3
peace	3
passage	3
paper	3
pair	3
overwhelm	3
overlooking	3
overlooked	3
ou	3
ordered	3
orange	3
oif	3
oi	3
officious	3
oblige	3
nt	3
noise	3
niece	3
neighbours	3
needs	3
names	3
naked	3
music	3
motion	3
modesty	3
mistaken	3
mis	3
miles	3
metropolis	3
method	3
merry	3
mc	3
marriage	3
marks	3
manly	3
male	3
m^ith	3
m'hich	3
low	3
lose	3
longs	3
longed	3
lip	3
lines	3
liim	3
liberty	3
libertine	3
liberal	3
liana	3
levity	3
letting	3
lest	3
lesson	3
learned	3
leaned	3
leading	3
law	3
kissed	3
join	3
itself	3
introduce	3
interested	3
infant	3
indulge	3
increased	3
imrs	3
imr	3
impressions	3
imiss	3
imagined	3
image	3
illness	3
ilambleton	3
ignorance	3
i\ir	3
i'll	3
ht	3
housekeeper	3
hke	3
hitherto	3
hills	3
heir	3
heen	3
heaths	3
hearts	3
hasty	3
harm	3
hardships	3
harcourt	3
guests	3
grown	3
grocer	3
grief	3
greatly	3
gratify	3
gradually	3
gown	3
goodness	3
gold	3
glance	3
gentle	3
further	3
frightened	3
free	3
forty	3
forth	3
formerly	3
forgive	3
fool	3
fond	3
folded	3
flowers	3
flattery	3
flattering	3
flattered	3
five	3
filial	3
figure	3
fears	3
favourite	3
fatigue	3
families	3
familiarity	3
fame	3
fallen	3
faith	3
faint	3
express	3
experience	3
existence	3
exist	3
exhibition	3
exhibit	3
excellent	3
exactly	3
estate	3
errors	3
equal	3
enveloped	3
enter	3
enjoy	3
end	3
enchanted	3
employment	3
emotions	3
embrace	3
elder	3
elbows	3
elbow	3
eight	3
egyptian	3
effaced	3
eat	3
eagerness	3
drove	3
drive	3
drawings	3
distant	3
disposed	3
displayed	3
disappointed	3
direct	3
die	3
diamonds	3
dialogue	3
devotion	3
deserve	3
description	3
deportment	3
delight	3
delicate	3
delicacy	3
dearly	3
deal	3
dazzled	3
davers	3
danger	3
cut	3
crowded	3
courtesy	3
county	3
cotdd	3
correct	3
conversing	3
continue	3
continually	3
contentedly	3
contented	3
constantly	3
confidence	3
compliment	3
completed	3
circumstance	3
christian	3
catch	3
carried	3
can't	3
calling	3
calculated	3
bustling	3
bursting	3
broken	3
brilliant	3
boy	3
bowing	3
bold	3
blame	3
betty	3
benefit	3
beholding	3
behind	3
beheld	3
beau	3
bcr	3
aware	3
avould	3
attentive	3
attendant	3
attempting	3
attempt	3
assent	3
aside	3
arrival	3
around	3
ardent	3
approve	3
approbation	3
approached	3
appearing	3
apathy	3
announced	3
animated	3
amusements	3
amidst	3
amiable	3
although	3
alteration	3
along	3
allow	3
alive	3
aliss	3
airs	3
aid	3
agent	3
afraid	3
affecting	3
advanced	3
admired	3
adiiana	3
addition	3
ad	3
active	3
accidentally	3
accelerated	3
abrupt	3
abroad	3
^frs	3
])	3
/'	3
'"	3
!*'	3
!)	3
•*	2
£	2
zeal	2
younger	2
yon	2
yoa	2
yield	2
yellow	2
year	2
yawning	2
wyn	2
wrote	2
write	2
wretched	2
wretch	2
wrapped	2
worth	2
worlds	2
woods	2
wont	2
won't	2
wlien	2
wlicre	2
wintkr	2
whites	2
white	2
whisper	2
wellclose	2
well-bred	2
weighing	2
waves	2
waters	2
water	2
warmth	2
warmhearted	2
war	2
wandered	2
waiting	2
waited	2
wait	2
voluptuous	2
vivacity	2
visits	2
visible	2
violent	2
villagers	2
viewing	2
victim	2
vicious	2
vicinity	2
vex	2
vere	2
venture	2
various	2
varied	2
value	2
va	2
utterly	2
utterance	2
urn	2
unwillingness	2
unusual	2
unpleasant	2
unopened	2
unknown	2
union	2
unconscious	2
uncommon	2
unaffected	2
truly	2
troy	2
trio	2
trimmed	2
trifling	2
tresses	2
tremblingly	2
trembling	2
tremble	2
trappings	2
transient	2
tranquil	2
trained	2
town	2
torture	2
tones	2
toil	2
timid	2
tiie	2
tied	2
tie	2
thwart	2
throwing	2
throat	2
thou	2
thinks	2
thee	2
term	2
tender	2
tear	2
tastefully	2
tallow	2
syllable	2
sustain	2
surveying	2
surrounded	2
supreme	2
supply	2
supplied	2
sunday	2
sun	2
summer	2
sugar	2
sufficient	2
sufferings	2
sufferer	2
suddenly	2
substance	2
sublime	2
subjects	2
studying	2
study	2
studies	2
struggled	2
strong	2
stroking	2
stroke	2
striking	2
strict	2
strangers	2
strange	2
stop	2
stirring	2
stiffness	2
sterling	2
steadiness	2
station	2
standing	2
stamped	2
staggered	2
stab	2
sprightly	2
spoons	2
spoilt	2
splendour	2
splendid	2
spend	2
spectatress	2
spectacles	2
speaking	2
sparkled	2
spacious	2
spaces	2
source	2
sooner	2
solicitude	2
softly	2
sofa	2
smiled	2
slipper	2
slavery	2
skin	2
sketch	2
sincere	2
silk	2
sighing	2
sickly	2
sick	2
shut	2
short	2
shone	2
shoes	2
shock	2
shame	2
shades	2
severity	2
seventeen	2
seven	2
settled	2
sets	2
sensibility	2
seminary	2
seldom	2
seizing	2
seeming	2
secret	2
seated	2
schooled	2
school	2
scat	2
save	2
satisfied	2
sank	2
sake	2
safe	2
rx	2
rusticity	2
rushing	2
rushed	2
ruminated	2
rules	2
roused	2
rooms	2
romantic	2
romance	2
road	2
rings	2
ring	2
ride	2
riddles	2
reverted	2
reverse	2
reverence	2
revenge	2
responsively	2
respecting	2
respectfully	2
respectable	2
requisite	2
repose	2
report	2
rendered	2
remarks	2
refused	2
refined	2
recovering	2
recognise	2
receiving	2
ray	2
rattling	2
rate	2
rapidly	2
rapid	2
rampant	2
rally	2
raising	2
question	2
queen	2
quartered	2
qualities	2
purpose	2
purchased	2
pug	2
prudent	2
provoking	2
provided	2
proud	2
prospect	2
promised	2
promiscuously	2
procured	2
proceeds	2
proceeded	2
proceed	2
probability	2
printed	2
principle	2
pressure	2
pressing	2
presently	2
preparing	2
prejudices	2
praiseworthy	2
possess	2
position	2
port	2
please	2
playing	2
plartley	2
plainly	2
pitiable	2
pierces	2
pieces	2
physiognomist	2
perverse	2
persuaded	2
personage	2
pensively	2
pensive	2
pembertons	2
pause	2
patience	2
pass	2
parts	2
partial	2
parson	2
parental	2
pardon	2
panted	2
pale	2
pains	2
p	2
overlook	2
overcome	2
ottoman	2
others	2
opportunity	2
opening	2
ones	2
older	2
ocean	2
occurred	2
occupied	2
obligation	2
objects	2
obeyed	2
obedience	2
novice	2
notwithstanding	2
notions	2
noticing	2
noon	2
nobly	2
nic	2
nervous	2
negus	2
neglect	2
naturally	2
nation	2
mystery	2
muslin	2
multitude	2
moved	2
mounted	2
mortgage	2
mortal	2
monotony	2
monde	2
mode	2
misconduct	2
mirth	2
minds	2
mill	2
midst	2
mi	2
methods	2
mere	2
meeting	2
medium	2
meath	2
meal	2
materials	2
master	2
marry	2
mantlepiece	2
makes	2
main	2
ma	2
m'lxter	2
m'lnter	2
ly	2
lustre	2
lower	2
lover	2
lono	2
lock	2
liveth	2
lis	2
lion	2
likes	2
lights	2
lighted	2
lifting	2
licart	2
laughed	2
lasting	2
lap	2
lamp	2
knitting	2
knee	2
kitchen	2
kindness	2
key	2
keeps	2
justice	2
jury	2
jn	2
jaded	2
j^	2
iu	2
ith	2
issue	2
involuntarily	2
invisible	2
invalid	2
intrude	2
introduction	2
introducing	2
intoxicated	2
interrupting	2
interests	2
inter	2
intentions	2
intention	2
instant	2
insensibly	2
inquiries	2
inquire	2
ino	2
innocence	2
injured	2
injunctions	2
inheritance	2
inhabitants	2
ingenuously	2
influence	2
inexperience	2
indulging	2
indulgent	2
indulgence	2
individual	2
indiscriminate	2
india	2
indelicacy	2
income	2
incident	2
incense	2
impute	2
implements	2
implanted	2
imitation	2
imbibed	2
imagine	2
im	2
illuminated	2
ills	2
iiow	2
iiis	2
ignorant	2
ids	2
idol	2
ideas	2
id	2
ia	2
i\liss	2
i\iiss	2
i've	2
hush	2
hurt	2
hundreds	2
hundred	2
humour	2
humble	2
humane	2
hteen	2
however	2
hovered	2
housewife	2
hostess	2
host	2
horrid	2
hooks	2
hold	2
ho	2
hive	2
hid	2
hev	2
hesitatingly	2
hesitated	2
heretofore	2
hereafter	2
heigho	2
hat	2
hasten	2
harpsichord	2
handkerchief	2
hamble	2
haggard	2
habits	2
guilt	2
guardy	2
grounds	2
ground	2
grosvenor	2
grew	2
greatest	2
greater	2
gravely	2
gratified	2
governess	2
good-humour	2
goddess	2
gloomy	2
glancing	2
getting	2
gentlemen	2
generous	2
gauze	2
gardens	2
garb	2
gallant	2
gal	2
gain	2
fur	2
fully	2
fulfilled	2
frugality	2
fro	2
frisk	2
fringe	2
friendship	2
frequent	2
frantic	2
forming	2
forever	2
forego	2
forced	2
foolish	2
folly	2
follows	2
folks	2
folding	2
fold	2
flight	2
fit	2
finery	2
finances	2
figs	2
fifty	2
feuille	2
females	2
feci	2
fearing	2
fault	2
fate	2
farthing	2
fantastic	2
fan	2
false	2
falk	2
faithfully	2
faculties	2
expressing	2
expressed	2
expense	2
expectation	2
expanse	2
existed	2
exerted	2
exercise	2
excelled	2
exceeded	2
evidently	2
evaded	2
estates	2
especially	2
escaped	2
error	2
erring	2
erased	2
entreat	2
entrance	2
entertainment	2
entering	2
ensign	2
enlivened	2
engrossed	2
engagement	2
ending	2
ended	2
endeavouring	2
encircled	2
enabled	2
en	2
employed	2
emphatically	2
elegance	2
elderly	2
eighteen	2
effusion	2
effects	2
effect	2
educated	2
ed	2
echoed	2
eating	2
east	2
earth	2
earnestness	2
dye	2
dutiful	2
due	2
drying	2
dropped	2
drily	2
dreaded	2
drawing-room	2
downstairs	2
doings	2
divinity	2
distinction	2
distantly	2
dissuaded	2
dissipation	2
dishevelled	2
discrimination	2
discarded	2
direction	2
dined	2
difference	2
devonshire	2
determined	2
destitute	2
despair	2
deserted	2
derived	2
derive	2
depend	2
departure	2
denominated	2
deficient	2
deeply	2
decorations	2
declared	2
declare	2
declaration	2
decided	2
decide	2
deception	2
decency	2
dearest	2
dead	2
de	2
dc	2
darling	2
dark	2
dared	2
damask	2
d	2
customs	2
custom	2
cushion	2
curtain	2
cured	2
cumberland	2
crying	2
crimson	2
credit	2
creation	2
cranfield	2
covered	2
courted	2
court	2
countenances	2
coun	2
convinced	2
conveyed	2
conversed	2
converse	2
conventicle	2
control	2
contrived	2
contiguous	2
contemptuous	2
contempt	2
consulted	2
consult	2
constituted	2
consisting	2
consist	2
consigned	2
consideration	2
consent	2
confused	2
confessed	2
conductress	2
condescended	2
concession	2
concerning	2
concealed	2
compunction	2
comprehend	2
composed	2
compose	2
complexion	2
compassionate	2
compassion	2
colour	2
coat	2
clue	2
clouded	2
cloth	2
clenched	2
clear	2
clasped	2
claim	2
civility	2
city	2
circle	2
cinderella	2
choice	2
china	2
chill	2
chatted	2
chariot	2
charge	2
characters	2
chance	2
chairs	2
ceremony	2
century	2
centre	2
ceciha	2
cautioned	2
catching	2
carry	2
carelessly	2
careful	2
capital	2
capacity	2
capable	2
cap	2
candle	2
busily	2
brow	2
bronze	2
brogue	2
brilliants	2
brighton	2
breathed	2
break	2
boast	2
blushingly	2
blushing	2
blowing	2
bloomed	2
blind	2
bleton	2
blessing	2
blended	2
blameable	2
bit	2
bid	2
bewitching	2
bewailed	2
bestow	2
beseeching	2
bequest	2
bent	2
benevolence	2
beneath	2
bending	2
bend	2
below	2
beloved	2
bell	2
believed	2
beds	2
beaux	2
beat	2
beard	2
beads	2
batif	2
band	2
ballroom	2
awkwardness	2
awaited	2
averse	2
avail	2
authority	2
authorise	2
auburn	2
attractive	2
attendants	2
attend	2
attained	2
attachment	2
attached	2
assurance	2
associations	2
assisting	2
assist	2
artless	2
arrangements	2
army	2
arling	2
archness	2
approaching	2
apprehension	2
apply	2
appears	2
appeal	2
apostrophe	2
anybody	2
answering	2
anecdotes	2
andrews	2
an't	2
amuse	2
ample	2
ami	2
amen	2
ambition	2
alloy	2
allowed	2
alarmed	2
alack	2
ails	2
ail	2
aii	2
aifections	2
agreed	2
agonising	2
ago	2
afterwards	2
afforded	2
afford	2
affixed	2
affected	2
affairs	2
advice	2
advantages	2
advantage	2
advancing	2
adorned	2
adoption	2
admitted	2
admits	2
adjusted	2
adieu	2
across	2
acquisition	2
acquaintances	2
acknowledged	2
ache	2
accusation	2
accuracy	2
accents	2
accent	2
abstraction	2
absolute	2
able	2
^ve	2
^fter	2
^\ith	2
\iaria	2
\	2
[	2
?,	2
?"'	2
>	2
."'	2
-'	2
-"	2
([	2
'/'	2
',	2
"■	2
■mr	1
■^	1
€	1
••	1
•miss	1
•felt	1
•<*	1
•2^	1
•*'	1
•'	1
»ot	1
»/	1
».vorlcl	1
§ent	1
})	1
}'	1
}"	1
|	1
{	1
zvhij	1
zrili	1
zest	1
zco7^h/	1
zcas	1
z	1
y«w	1
youj	1
you'are	1
yoti	1
yonng	1
yoii	1
yo	1
yielding	1
yenor	1
yearly	1
y\{h'icuia	1
y	1
xxs	1
xt	1
xs	1
xnoinings	1
xll	1
xipers^	1
xiil	1
xias	1
xery	1
xconian	1
xcherefore	1
x'ous	1
wy	1
wtxtell	1
wtre	1
wtntl.r	1
wtntku	1
wtn'tpr	1
wt	1
wrvtell	1
wrono	1
wrntp	1
written	1
writing	1
wringing	1
wreaths	1
wreathed	1
wreath	1
wrapping	1
wq	1
wpon	1
wove	1
wouul	1
wouldn't	1
would'nt	1
worshipped	1
worn	1
wormed	1
works	1
worked	1
wore	1
wondering	1
wondered	1
won	1
womanhood	1
woidd	1
woe	1
wlxtlli	1
wlxtell	1
wlxtefl	1
wltli	1
wlntini	1
wliispered	1
wjw	1
wjiy	1
wjio	1
wixtlr	1
wixtku	1
wixtkr	1
wixtkk	1
wixtir	1
wixter	1
wixteil	1
wixikr	1
wives	1
witliiu	1
withi«	1
withinside	1
withheld	1
withdrew	1
witching	1
wit	1
wise	1
wisdom	1
wis	1
wiping	1
wiped	1
wintp	1
wintlh	1
wintepw	1
wintek	1
winning	1
winked	1
winilr	1
wings	1
winds	1
wind	1
willingly	1
wildly	1
wikteji	1
wijen	1
wiili	1
wiiich	1
widowed	1
widow	1
wicked	1
wi^^ttll	1
wi.vttk	1
whoui	1
whist	1
whispering	1
whimsies	1
whimsical	1
whims	1
whim	1
whilst	1
whicii	1
wherever	1
wherein	1
wherefore	1
whenjshe	1
whea	1
whatever	1
westmoreland	1
welcomelv	1
welcome	1
weight	1
weep	1
weatlier	1
weather	1
wearying	1
wears	1
wearer	1
wealthy	1
wealth	1
weal	1
wdiole	1
wdiere	1
wct^	1
wbo	1
wbicb	1
ways	1
wax	1
waving	1
wav	1
wauld	1
watson	1
waterins	1
watching	1
watchful	1
wasmrs	1
washer	1
warmly	1
warmest	1
wardrobe	1
wants	1
wanton	1
wanting	1
waist	1
wainscotted	1
wailing	1
wae	1
w^re	1
w^eksin	1
w'lxter	1
vvorthy	1
vvife	1
vv'ould	1
vt£r	1
vselwvn	1
vroman	1
vrnt£r	1
votive	1
volyme	1
voluble	1
volatility	1
volatile	1
voii	1
voice/	1
vlrs	1
vlo	1
vliv	1
viz	1
vivid	1
vista	1
visitors	1
visions	1
vision	1
vise	1
visaged	1
violently	1
violence	1
viola	1
viojert	1
vind	1
village	1
vile	1
viewed	1
viere	1
vidiculous	1
vice	1
vic	1
viands	1
vestiges	1
verdun	1
verbal	1
ventured	1
vengeance	1
vely	1
vein	1
veiled	1
veil	1
vegyptienuc	1
vears	1
vcrv	1
vciy	1
vaunting	1
vastly	1
vast	1
vases	1
vasa	1
vary	1
variegated	1
vanky	1
vanit\	1
vanish	1
valuing	1
valmont	1
vale	1
vail	1
vagancies	1
vacations	1
v.'ell	1
uufaded	1
uttietfcnth	1
uttering	1
utt	1
uti	1
usurped	1
usually	1
useless	1
useful	1
usage	1
urns	1
ure	1
urchin	1
ur	1
upwards	1
upstairs	1
uprightly	1
upright	1
uppermost	1
uot	1
unwearied	1
unveiled	1
unused	1
unthinking	1
unthankful	1
unsophisticated	1
unseen	1
unsated	1
unrevealed	1
unqualified	1
unprincipled	1
unostentatious	1
unnoticed	1
unmoved	1
unmanly	1
unlicensed	1
unlicenced	1
unliappy	1
unlearn	1
unknow	1
unjust	1
universally	1
uniting	1
united	1
uninterruptedly	1
uninterrupted	1
unintelligible	1
unheeded	1
unfair	1
unexplained	1
unexpected	1
unexceptionable	1
uneasiness	1
undoubtedly	1
undoubted	1
undistinguishing	1
undertone	1
understandings	1
undergone	1
undergo	1
uncouth	1
uncertainty	1
uncertain	1
unce4'tain	1
unbroken	1
unbounded	1
unattended	1
unannounced	1
unalloyed	1
unadorned	1
unable	1
uiuicrstood	1
uiiprinciplej	1
uickness	1
uf	1
ueiglibourhood	1
uearer	1
ucstionable	1
uck	1
uc	1
uaturedly	1
tyre	1
tyrant	1
twould	1
twofold	1
twenty-one	1
twelve	1
twang	1
tvla'am	1
tve	1
tutored	1
turton	1
turban	1
tuot	1
tune	1
tunbridge	1
tumult	1
tuied	1
ttll	1
ttiy	1
tt	1
ts'in'tlr	1
trusty	1
trunks	1
trumpet	1
troversies	1
troublesome	1
trod	1
trj	1
trivial	1
triumphantly	1
tripods	1
trinkets	1
trifle	1
trials	1
trepidation	1
treated	1
treasured	1
travelled	1
travd	1
trationof	1
transporting	1
transported	1
transplanted	1
transparencies	1
tranquillity	1
trampled	1
trait	1
tradesnjen	1
trader	1
trade	1
trackless	1
traces	1
tp	1
tovv'u	1
tour	1
touched	1
touch	1
tottering	1
tortoiseshell	1
torrents	1
tore	1
tops	1
tonnes	1
tongues	1
tongue	1
tomb	1
toiling	1
toe	1
tm	1
tlnis	1
tljcre	1
tlio	1
tliinker	1
tliflcrent	1
tliera	1
tlielate	1
tl>e	1
tl)ough	1
tkat	1
tjinifr	1
tjie	1
tj	1
tiu	1
titude	1
titled	1
tirst	1
tired	1
tiptoe	1
tions	1
tiobteman	1
tint	1
tins	1
tine	1
timidity	1
tiis	1
tiirncd	1
tiirce	1
tiiouglit	1
tiieie	1
tiid	1
tightly	1
tiec	1
tiara	1
th«i'«	1
thy	1
thvdiigh	1
thuik	1
thu^c	1
thtn	1
thrown	1
throw	1
throu«^h	1
throughout	1
throu2	1
throngs	1
throbbing	1
thrilled	1
threshold	1
thouo'ht	1
thouo	1
thoughtlessness	1
thomson	1
thiui	1
thit	1
this'^as	1
thirty	1
thirteen	1
third	1
thine	1
thief	1
thicl	1
they've	1
there'll	1
theological	1
theiiu	1
theatricals	1
theatrically	1
thcic	1
thap	1
thanking	1
thankful	1
th	1
text	1
territories	1
terrible	1
terns	1
tern^.ed	1
terminate	1
ter	1
tented	1
tenderness	1
tended	1
tenants	1
tenantry	1
tenant	1
tenacious	1
temptation	1
tempt	1
temples	1
temple	1
tells	1
technical	1
tease	1
tearing	1
tearful	1
tcrtaining	1
tcnance	1
tbcy	1
tattersall	1
tatooed	1
tation	1
task	1
tartary	1
tartarin	1
tart	1
tar	1
tapped	1
tapers	1
tamed	1
tamborines	1
tally	1
talkland	1
talents	1
talea	1
takeyou	1
takes	1
takeaway	1
taiiglit	1
tahle	1
tacs	1
ta	1
t\s.cd	1
t/iet/	1
t'j	1
syren	1
synonymous	1
syno	1
symptoms	1
sympathy	1
sympathise	1
sworn	1
sword	1
swollen	1
sweets	1
sweetmeats	1
sweep	1
swarm	1
swallowed	1
swain	1
svintkr	1
svhich	1
suspicion	1
susceptible	1
survived	1
survive	1
surveyed	1
surrownded	1
surer	1
supports	1
supporting	1
support	1
supplies	1
supj)er/	1
superintendence	1
superintend	1
superfluous	1
superb	1
sup	1
sunshine	1
sunken	1
summoned	1
summits	1
summit	1
sum	1
suj)j)ort	1
suitable	1
suiferings	1
suffused	1
suffuse	1
sufferinir	1
sue	1
suddered	1
successive	1
successful	1
subterfuge	1
subsist	1
subsequent	1
subscribe	1
sublimely	1
subalterns	1
stunned	1
stuck	1
stuccoed	1
struggling	1
struggles	1
strug^	1
structure	1
stronger	1
strolling	1
strode	1
stringed	1
string	1
strike	1
strictly	1
strewed	1
strew	1
stretcliinc	1
stretch	1
stress	1
strenuously	1
street	1
streamed	1
strand	1
strait	1
str	1
stories	1
stored	1
stopper	1
stooped	1
stones	1
stomacher	1
stof	1
stocking	1
stock	1
stirred	1
stir	1
sting	1
stileiim	1
stiffening	1
stevv^ard	1
stern	1
stepped	1
steep	1
steeling	1
steady	1
stcrhng	1
starvation	1
stars	1
stare	1
star	1
stand	1
stammered	1
stairs	1
stain	1
staid	1
stages	1
stabs	1
stables	1
srhe	1
sr	1
squanderation	1
squan	1
sprung	1
springing	1
spread	1
sprang	1
sports	1
sportively	1
sportive	1
spontaneotis	1
spoken	1
spoils	1
spoil	1
splenetic	1
splendours	1
spleen	1
spiritual	1
spinsters	1
spin	1
spilled	1
sphinxes	1
sphere	1
speculatists	1
specious	1
spark	1
spared	1
space	1
sown	1
soured	1
sounded	1
sorrows	1
sore	1
sor	1
sopha	1
sooth	1
soop	1
sons	1
somehow	1
soliloquy	1
solemnly	1
solemn	1
sober	1
sobbed	1
sob	1
soa?^	1
snuffers	1
snovt	1
snatching	1
snakesj	1
snail	1
smallness	1
sli€	1
slippers	1
sliglit	1
slieis	1
sli!)ject	1
sleeping	1
sleep	1
slaughter	1
sl	1
skirted	1
skilled	1
sketches	1
size	1
situntion	1
situated	1
sitthig	1
sisting	1
sirs	1
sion	1
sioi	1
sins	1
sinking	1
singled	1
singing	1
sing	1
sincerely	1
sin	1
simpwaty	1
simple	1
simpered	1
similar	1
sim	1
silting	1
siller	1
silks	1
silerace	1
silently	1
silenced	1
sile?it	1
siic	1
signs	1
signifies	1
sigli	1
sightly	1
sighs	1
sickening	1
si.id	1
shyness	1
shunned	1
shslte^&f	1
shroud	1
shrink	1
shriek	1
shows	1
shown	1
shoulders	1
shoulder	1
shot	1
shortly	1
short-lived	1
shore	1
shop	1
shoals	1
shire	1
ships	1
shins	1
shining	1
shes	1
sheltered	1
sheep	1
sharp	1
sharer	1
shapes	1
shan't	1
shallow	1
shakspcare	1
shaded	1
sh	1
sfill	1
severely	1
severed	1
settlement	1
setting	1
serviceable	1
serve	1
serpents	1
sermon	1
seriously	1
sequester	1
sepulchral	1
separately	1
sensitive	1
sensible	1
seniority	1
sending	1
selw}^	1
selv/yn	1
seluyn	1
selu'\n	1
seltj	1
selfish	1
self-possession	1
self-love	1
self-importance	1
sel	1
seiwyn	1
seiv»yn	1
sehv^yn	1
sehryn	1
sehish	1
sees	1
seerned	1
seek	1
seducing	1
seduced	1
security	1
secrecy	1
seating	1
season	1
seashore	1
sean	1
seal	1
sea-beach	1
sdeath	1
scrutiny	1
scrutinising	1
scrupulously	1
screen	1
scream	1
scratched	1
scouring	1
scotch	1
sclienie	1
scl	1
science	1
sci	1
schvyn	1
schools	1
schoolfellow	1
sceptically	1
scent	1
scenery	1
scanty	1
sc	1
sbe	1
saving	1
sav	1
satisfy	1
satirical	1
satire	1
satiated	1
sash	1
sarve	1
sarcenet	1
sarcastically	1
sarcastic	1
sarcasms	1
sarcasm	1
sans	1
sangfroid	1
sanctity	1
saluted	1
salt	1
sally	1
sallow	1
sakl	1
sail	1
saiing	1
sai?g	1
sai<i	1
safety	1
safely	1
sadly	1
sacrificed	1
sacrifice	1
sacred	1
s^l	1
s.uppos«	1
s'nioudcd	1
rxtorted	1
rvould	1
rvorlds	1
rustling	1
rural	1
runs	1
rung	1
run	1
rumpled	1
rumple	1
ruined	1
ruination	1
ruffles	1
ruffled	1
rtfiise/	1
row	1
routine	1
rounrl	1
roundly	1
roundi/y	1
roughly	1
rough	1
rouge	1
roseate	1
rope	1
romped	1
rome	1
rolled	1
roll	1
roguish	1
rode	1
rocks	1
roared	1
roa<i	1
rlrs	1
rlictoric	1
rlglit	1
riukst	1
riuir	1
rit	1
risen	1
rise	1
ripturous	1
riper	1
ripened	1
rio7i^	1
ringlets	1
riicitiu	1
rigl.t	1
rigid	1
rights	1
rightly	1
rienced	1
ridiculous	1
richest	1
riches	1
rich	1
ribbon	1
ria	1
ri^lit	1
rhapsodies	1
rex	1
revolved	1
reviewing	1
reviewed	1
review	1
reverses	1
reverie	1
reverend	1
returns	1
returning	1
retrospective	1
retrospection	1
retrenchments	1
retreat	1
retorted	1
retleet	1
retirement	1
retentive	1
retained	1
resuming	1
restricted	1
restrained	1
restored	1
restino	1
responsible	1
respectively	1
respective	1
resources	1
resounded	1
resolving	1
resolved	1
resolve	1
resolutely	1
resisted	1
resign	1
residue	1
reside	1
reserved	1
resemblance	1
researches	1
rescued	1
rer	1
requited	1
requires	1
require	1
requested	1
reputed	1
repulsed	1
repugnance	1
representing	1
representation	1
replenished	1
repentance	1
renovation	1
renovate	1
renewed	1
render	1
remove	1
removal	1
remotest	1
remote	1
reminds	1
reminding	1
remind	1
remembcf	1
remarking	1
remark	1
remains	1
reluctantly	1
reluctance	1
relinquished	1
religious	1
relieved	1
relieve	1
relief	1
reliance	1
relaxation	1
relationship	1
relation	1
rejoined	1
rejoice	1
reinforcement	1
reigns	1
regulations	1
regular	1
regretted	1
regarding	1
regarded	1
regained	1
refuse	1
refreshment	1
reflective	1
reflected	1
reflect	1
reentered	1
reduced	1
redcoat	1
recurring	1
recur	1
rectors	1
records	1
reconciled	1
recommend	1
recollecting	1
recol	1
recoiled	1
recoil	1
recognised	1
recluse	1
reclining	1
reclined	1
recipes	1
receives	1
receipt	1
recalling	1
recall	1
reasonings	1
reasonable	1
rearing	1
reappeared	1
reap	1
realised	1
readers	1
reader	1
reach	1
re^/and	1
rcmeniber77z/	1
rciieccivc	1
rc.^t	1
rays	1
rattle	1
rational	1
rarity	1
rapliernalia	1
rap	1
ransacked	1
rand	1
ran	1
raise	1
rainy	1
rainbow	1
rain	1
raiment	1
rail	1
rag	1
radical	1
ra	1
quotation	1
quota	1
quizzing	1
quizzcrs	1
quitting	1
quit	1
quietly	1
questionable	1
ques	1
qualified	1
qdviq	1
py	1
pursuits	1
pursuing	1
purses	1
purity	1
purest	1
purchase	1
pupils	1
pupil	1
pun	1
pulpit	1
pulling	1
pulled	1
pull	1
pucity	1
publish	1
pub	1
prudence	1
provoke	1
provision	1
province	1
proves	1
prouounccd	1
protruded	1
protracted	1
protection	1
prostrate	1
prospects	1
proscribed	1
propriet}^	1
proposition	1
propos	1
properties	1
properly	1
propensities	1
pronounced	1
prolonged	1
profusion	1
profligate	1
profits	1
profession	1
professed	1
profane	1
produced	1
procure	1
proclaim	1
procession	1
process	1
proceedings	1
probable	1
prize	1
private	1
prison	1
prismatic	1
prior	1
prints	1
principes	1
principal	1
princess	1
prince	1
primaeval	1
prim	1
prey	1
prettily	1
pretext	1
presume	1
preserving	1
presented	1
prepos^fessing	1
preparations	1
prejudice	1
preeminence	1
predicted	1
precise	1
precipitated	1
precipitate	1
preached	1
prattle	1
praising	1
praised	1
practice	1
practical	1
prac	1
pr'imte	1
powers	1
poutingly	1
poured	1
pour	1
pounds	1
pound	1
post	1
possibly	1
possibility	1
possi	1
possessor	1
portrayed	1
portrait	1
portion	1
porting	1
poorly	1
poorer	1
pondered	1
polished	1
polish	1
poiat	1
poets	1
pocket	1
pockct	1
poartrayed	1
plum	1
ploughing	1
plough	1
plighted	1
plersure	1
plentifully	1
pleaven	1
pleasmg	1
pleases	1
pleasantry	1
pleasantly	1
pleaded	1
plea^>ure	1
plausible	1
plate	1
planted	1
plant	1
plaintive	1
plains	1
plain	1
plaid	1
placing	1
placecun	1
pjemherton	1
pitied	1
pit	1
pish	1
pious	1
pinned	1
pillars	1
pill	1
piercing	1
piece	1
pictures	1
pickling	1
picked	1
piccc	1
physic	1
phlebeian	1
philistines	1
petted	1
petrified	1
petrifactions	1
petrifaction	1
pet	1
perversion	1
pervaded	1
pervade	1
persuasive	1
persuading	1
persuade	1
personate	1
perleetly	1
perjured	1
perish	1
perience	1
perhap«	1
perform	1
perfections	1
perfection	1
penurious	1
penny	1
penibertons	1
peniberton	1
peniber	1
penibcrton	1
penetrating	1
pemhertons	1
pemherton	1
pembertou	1
pemberton'smilcd	1
pember	1
peinberton	1
peeping	1
peep	1
peculiarly	1
pecuharity	1
pebbly	1
pearls	1
peacock	1
peaceable	1
pcor	1
pcmbertou	1
pcilillt	1
pays	1
paying	1
pavement	1
paved	1
pausing	1
paused	1
patient	1
paths	1
past	1
passioued	1
passioned	1
passant	1
pas	1
party	1
partners	1
parting	1
parties	1
participate	1
parted	1
partaking	1
partake	1
parsimony	1
parrot	1
parried	1
paroxysm	1
parole	1
parley	1
park	1
parish	1
parcel	1
paralyse	1
papered	1
pants	1
pant	1
panels	1
pander	1
paltry	1
palpitated	1
pallid	1
palace	1
paintings	1
painters	1
paint	1
painful	1
pageantry	1
padlock	1
packing	1
pack	1
paces	1
pace	1
pa	1
o{)inions	1
ox	1
owned	1
owl	1
ovid	1
overweening	1
overshadowed	1
overruled	1
overleaping	1
overgrown	1
overflowing	1
ov	1
outriglit	1
outright	1
ouslj/	1
ou/ilei/	1
otiier	1
oti^er	1
otandmammais	1
ot	1
ostensible	1
ornamented	1
ornament	1
original	1
ore	1
ords	1
oppressor	1
opposite	1
opposing	1
opinions	1
opinion	1
opi	1
operating	1
operate	1
opens	1
openly	1
opc	1
oor	1
ood	1
ont	1
oj	1
oil	1
oii	1
oidy	1
ohnson	1
oftspriiig	1
ofmcatli	1
offspring	1
officers	1
officer	1
offers	1
occurring	1
occupations	1
occasioning	1
obwserved	1
obtaintuii	1
obstinately	1
obstinate	1
observers	1
obscurity	1
obscure	1
obliterating	1
obliterated	1
obliterate	1
obliquely	1
obligations	1
objections	1
obey	1
obedietice	1
obedient	1
oakle}^	1
oaklcv	1
oa	1
o??e	1
o/^e	1
o'o	1
nxttr	1
nvould	1
nvitli	1
nuulc	1
nutcs	1
nurse	1
nund	1
numerous	1
number	1
num	1
nuieh	1
nti	1
nse	1
ns	1
noy	1
nowyou	1
nour	1
nou	1
notorious	1
noticed	1
notes	1
notappcaring	1
notable	1
north	1
nono	1
nominal	1
noisy	1
noised	1
nohcha	1
nocent	1
nobody	1
no^y	1
nnnd	1
nnion	1
nmst	1
niother	1
niolives	1
nioiiient	1
nigv.t/*	1
nif	1
nients	1
nicto	1
niches	1
nicely	1
nically	1
nianima	1
niakinq	1
niaking	1
ni^ht	1
newspaper	1
news	1
neve	1
netic	1
nether	1
nerves	1
neighbour	1
neighboiirs	1
negatives	1
needle	1
need	1
necessity	1
necessaries	1
neatness	1
nd	1
nciglibourhood/	1
nay	1
naturctl	1
naturad	1
nasal	1
narrow	1
napoleon	1
nancy	1
named	1
namcnt	1
naiveii	1
naif	1
na	1
n^orc	1
n^echanically	1
n)orn	1
n'intkr	1
mysteries	1
muttering	1
muslins	1
musings	1
musing	1
muses	1
muscianer^s	1
mumma	1
mto	1
mt	1
mrs.hambleton	1
mown	1
mov€	1
moving	1
movements	1
move	1
mouths	1
mouth	1
mous	1
mountains	1
mount	1
moulds	1
moulded	1
motive	1
motie	1
mothers	1
moth	1
mortifying	1
mortified	1
mortification	1
morpheus	1
mornino	1
mornings	1
morld	1
morals	1
moral	1
moonlight	1
monuments	1
months	1
monstrous	1
monosyllables	1
monkey	1
monk	1
momeiu	1
moistened	1
moihcr	1
modest	1
moderns	1
modernise	1
moderate	1
mocleni	1
mnxter	1
mnch	1
mmrds	1
mljat	1
mk	1
mixtkr	1
mith	1
misunderstand	1
mister	1
mistake	1
missr	1
misfortune	1
misfht	1
misery	1
misericorde	1
mise	1
misconstrued	1
mischee	1
misanthropic	1
misan	1
mirror	1
ming	1
mimj.r	1
million	1
milk	1
military	1
mildly	1
mild	1
miiitress	1
mightily	1
mif	1
midnight	1
midday	1
mid	1
mibs	1
mi's	1
mhich	1
mhere	1
methinks	1
metamorphosis	1
message	1
merits	1
merited	1
merit	1
merciless	1
merciful	1
merchants	1
mercenary	1
mercantile	1
mentioning	1
mem	1
melted	1
mell	1
mef	1
meed	1
meditation	1
mediocrity	1
meclia	1
measure	1
meanwhile	1
meantime	1
meanino\	1
meani^	1
mdiich	1
mdien	1
mcny	1
mayhury	1
mayhap	1
mayest	1
maxims	1
mavburv	1
mauvaise	1
matters	1
matted	1
matron	1
maternal	1
match	1
masterly	1
martjia	1
marrying	1
marries	1
marriages	1
marl	1
market	1
marble	1
manufacturer	1
mant	1
manfle	1
mancu	1
management	1
maker	1
maiu	1
maintaining	1
maintain	1
maii	1
maidservant	1
maid	1
magic	1
mad	1
mach	1
macaronis	1
m^oukl	1
m^lfare	1
m^fe	1
m^ell	1
m.v	1
m*inifi	1
m'orth	1
m'liom	1
m'ith	1
m'ish	1
m'intjlil	1
m'in'reu	1
m'hose	1
m'here	1
m'as	1
luxuries	1
lustres	1
luring	1
lumined	1
lulled	1
lull	1
luit	1
ludv	1
lucky	1
ls§	1
lowest	1
lowering	1
lowered	1
lovelorn	1
loveliness	1
lounging	1
lounge	1
louder	1
lottery	1
loth	1
losses	1
loss	1
losing	1
lords	1
lopped	1
loosened	1
loosed	1
lookwhicli	1
lookers	1
lono^er	1
lomlon	1
lofty	1
lodge	1
lo\'e	1
lliose	1
llie	1
llarcourt	1
liveliest	1
literary	1
listening	1
listen	1
list	1
lire	1
lioop	1
lions	1
lio	1
linked	1
lingham	1
ling	1
lime	1
lilies	1
likewise	1
likenesses	1
liimof	1
lifts	1
lifted	1
lift	1
lifetime	1
lifef	1
lieve	1
liersclf	1
lieroine	1
liencefortli	1
lieiglitencd	1
liecamc	1
liealtli	1
liead	1
lid	1
licrsclf	1
licity	1
licard	1
library	1
libertines	1
liavetheu*	1
liavc	1
liath	1
liap	1
liancu	1
liambieton	1
liagemeut	1
lia	1
li\ely	1
lessen	1
less	1
lery	1
leisure	1
leg	1
leered	1
leaves	1
leasing	1
learning	1
leaf	1
le	1
lcimbert	1
lav	1
launched	1
lauglied	1
laughter	1
laughs	1
laughingly	1
lately	1
lasses	1
lashion	1
larg^	1
lard	1
lank	1
languishing	1
languidly	1
lance	1
lamenting	1
lamented	1
lament	1
lambert	1
lakes	1
laiul	1
laiiy	1
laconically	1
lackey	1
lace	1
labour	1
l^er	1
l^egyptieufie	1
l><)ped	1
kuniaii	1
kulv	1
ko	1
knoxvyou^	1
knom	1
knockino\	1
kneels	1
kneeling	1
knd	1
kizzled	1
kitten	1
kit	1
kissing	1
kiss	1
kirwan	1
kindred	1
kindly	1
killing	1
kill	1
kid	1
kicks	1
kerchief	1
keen	1
kcted	1
kave	1
kajji	1
j}iuck'nt	1
jviiss	1
juvenile	1
justly	1
jus	1
junketting	1
jucigcj	1
jsaid	1
js	1
joyless	1
joy	1
journeij	1
joluison	1
jolinson	1
johnsun	1
job	1
jnliss	1
jniml	1
jnii^	1
jniartha	1
jnaintaincd	1
jmuses	1
jmiss	1
jmadam.'*	1
jk	1
jjuring	1
jjefore	1
jiopes	1
jij	1
jiere	1
jier	1
jewels	1
jed	1
jain	1
j^rctty	1
j^^tr	1
j\irs	1
j\iine	1
j\iartha	1
j>he	1
i€*2	1
iy	1
iwk	1
iw^iff^ver	1
ivo	1
ivlrs	1
ivjl'r	1
ivjir	1
ivirs	1
ivhat	1
ivfrs	1
ive	1
ivdd	1
iug	1
itiost	1
itfxtx	1
it'you	1
it's	1
isiartha	1
isi	1
irritable	1
irom	1
irod	1
iridy	1
irascible	1
ir.anor	1
iowa	1
iouk	1
io	1
involve	1
invited	1
invidious	1
inure	1
inuendos	1
intrusion	1
intruder	1
introductions	1
inteuigeuce	1
interposed	1
interfered	1
interesting	1
intently	1
intentioned	1
intemperate	1
intemperance	1
intelligence	1
intellectual	1
intellect	1
inte	1
inta	1
int'orma	1
int	1
instruction	1
instantaneously	1
insr	1
inspirits	1
insisted	1
insioht	1
insidiously	1
insidious	1
insfanfan*	1
insanity	1
ins	1
inrlependent	1
inquiring	1
inoured	1
inordinate	1
ino^	1
innd	1
inliss	1
injustice	1
injudicious	1
injuctions	1
iniwing	1
initiate	1
inis	1
inir	1
iniiss	1
inia'am	1
inhumanly	1
inherits	1
inherited	1
inhale	1
ingratitude	1
ingr	1
ingenuous	1
infused	1
infulel	1
informing	1
informer	1
inform	1
infirmities	1
infesting	1
inferiors	1
infatuated	1
infancy	1
infa'am	1
inex|>e	1
inexpressible	1
inexperienced	1
inexorable	1
inexhaustible	1
indulgencekept	1
indulged	1
indisposed	1
indiscriminately	1
indirectly	1
indignant	1
indigence	1
indifference	1
indian	1
indecent	1
ind	1
incumbent	1
increasing	1
increase	1
inconstancy	1
incomprehensible	1
incognito	1
inclined	1
inclination	1
inaterial	1
inanimate	1
inamma	1
ina	1
in^br^z	1
imsband	1
impurity	1
impulse	1
impudent	1
imprudence	1
improving	1
improved	1
improve	1
improper	1
imprinting	1
impressive	1
impossibilities	1
imposing	1
importunce	1
important	1
import	1
implied	1
implicitly	1
impervious	1
imperfections	1
impelled	1
impeded	1
impart	1
immure	1
immense	1
imitating	1
imbibe	1
imaybury	1
imaofined	1
imagining	1
ima	1
illustra	1
illumined	1
iliss	1
iliiincr	1
ilie	1
ilclon	1
ilarcourt	1
ilambtcton	1
ilamble	1
ilam	1
il	1
ike	1
ik)t	1
ijs	1
ijousekeeper	1
ijed	1
ijcss	1
iiveand	1
iiud	1
iit	1
iiohlij	1
iinding	1
iind	1
iin*	1
iilling	1
iil	1
iiiotbcr	1
iiion	1
iiiglit	1
iiigh	1
iiig'ht	1
iiig	1
iiifliiencc	1
iiifested	1
iiichna	1
iier	1
iieart	1
iiearing	1
iication	1
iialf	1
ihsfiame	1
ihirilcy	1
ihe	1
ifyou<lo	1
ier	1
ie	1
idolised	1
ido	1
idle	1
idiotism	1
icry	1
ich	1
ice	1
icaru	1
ic	1
ibr	1
iarge	1
iancholy	1
iaikland	1
i^y	1
i\om	1
i\lrs	1
i\iamma	1
i\frs	1
i\	1
i>idence»	1
i>'lve	1
i3.\jrh	1
i)hrascs	1
i'alklaiid	1
hythe	1
hymeneal	1
hve	1
hushed	1
hurses	1
hurry	1
hurried	1
huniourecl	1
hung	1
humorously	1
humility	1
humbly	1
humanity	1
humanise	1
hui	1
hues	1
hue	1
hud	1
hts	1
hst^l	1
hs	1
hrow	1
hred	1
howled	1
hovering	1
housemaid	1
household	1
horses	1
horse	1
horror	1
horroj	1
horribly	1
hordes	1
honte	1
honoria	1
honey	1
honest	1
homage	1
hom	1
holt	1
hollowed	1
hollow	1
hole	1
holding	1
hnrling	1
hned	1
hmi	1
hmg	1
hmd	1
hitlierto	1
hitlicr	1
hither	1
hit	1
historians	1
hissy	1
hissing	1
hires	1
hioiv	1
hinted	1
hint	1
hinking	1
hilll	1
hilarity	1
highwaymen	1
highest	1
higher	1
hie	1
hidden	1
hich	1
hia	1
hi^mmed	1
hhn	1
hfirtley	1
heyday	1
hex	1
hew	1
hest	1
hers	1
herp	1
heroines	1
heroine'i>	1
heroic	1
hernarrative	1
hermushn	1
hereditary	1
here'u	1
herd	1
hera	1
her3'oung	1
hence	1
hen	1
hemming	1
hemiy	1
helped	1
helen	1
hej^	1
heii>	1
height	1
heels	1
heeded	1
hedidnot	1
hedges	1
hedge	1
heaving	1
heavily	1
heave	1
heartily	1
hearth	1
hears	1
hearers	1
he's	1
hd^ve	1
hcj	1
hazardous	1
hazarded	1
hay	1
hav€i	1
havui't	1
haven't	1
hauteur	1
haut	1
hastened	1
haste	1
hasn't	1
harshly	1
harry	1
harrive	1
harmony	1
harming	1
harder	1
happintss	1
happiest	1
happened	1
hano	1
hanimal	1
hang	1
handwriting	1
handed	1
hamlet	1
hamblc	1
halves	1
halfway	1
haleyon	1
halcyon	1
haired	1
hae	1
hackneyeci	1
hack	1
habit	1
habiliments	1
h2ls	1
h'ps	1
guided	1
guide	1
guest	1
guessed	1
guard	1
grow	1
gros	1
grinned	1
grimaces	1
grieved	1
grieve	1
green	1
gratifjing	1
gratifications	1
gratification	1
grateful	1
grate	1
grass	1
grasping	1
grandmama	1
granddaughter	1
grandchild	1
gracious	1
graceful	1
grace	1
gra*	1
goods	1
goodbye	1
good-natured	1
golden	1
godship	1
godmother	1
glowing	1
glowed	1
glittering	1
glasgow	1
glare	1
gives	1
gination	1
giddy	1
gi'ati	1
ghastly	1
george	1
geogra])hical	1
gentility	1
genteel	1
genius	1
genial	1
generously	1
gathering	1
gathered	1
gate	1
garden	1
gambler	1
gallery	1
gallantry	1
gaite	1
gait	1
gaining	1
gaily	1
gaieties	1
g7^eat	1
fury	1
furnished	1
furious	1
funny	1
fund	1
fulfil	1
frumpishly	1
frown	1
frotn	1
frosty	1
frost	1
fronts	1
front	1
frolicked	1
frolic	1
froid	1
frisky	1
frightening	1
fright	1
fresh	1
frequenter	1
french	1
freely	1
frail	1
fragrant	1
fprm	1
fourth	1
fourscore	1
forwards	1
forwarding	1
fortunes	1
fortunately	1
fortnight	1
fortitude	1
forsooth	1
forrjet	1
formality	1
forlorn	1
fork	1
forgetfulness	1
forfeiture	1
forfeit	1
forestalled	1
forestal	1
foreseen	1
foregoing	1
forcibly	1
force	1
forbore	1
forbidding	1
forbid	1
forbearance	1
footmen	1
footman	1
foolery	1
follies	1
foliage	1
fol'ushed	1
foes	1
foaming	1
fo	1
fnigcrs	1
fnce	1
fmd	1
flyaway	1
fly	1
flutes	1
flush	1
flung	1
flower	1
florid	1
flood	1
flippancy	1
flinging	1
fliglit	1
fled	1
flatter	1
flashing	1
flash	1
flame	1
fixing	1
fiu	1
fitting	1
fitted	1
fits	1
firndy	1
firmly	1
firmest	1
firmer	1
firmament	1
firm	1
finished	1
finish	1
finest	1
finds	1
finding	1
final	1
filling	1
fill	1
fiieiid	1
figured	1
fifteen	1
fields	1
field	1
fie	1
fiddles	1
fices	1
fhei/	1
feverish	1
fever	1
fev/	1
fervour	1
fervid	1
fervently	1
ferrets	1
fellow-creature	1
fellow	1
fellovir	1
felicity	1
feigned	1
feelimrs	1
feature	1
feathers	1
feasts	1
feasting	1
feareth	1
fcv.r	1
fcrl	1
fcilkland	1
fawned	1
favourites	1
favourably	1
favourable	1
favouir	1
faults	1
faulteringly	1
fatiguing	1
fathom	1
fathers	1
father-in-law	1
fatally	1
fat	1
fastened	1
fast	1
fasliioned	1
fasliionable	1
fascinating	1
farther	1
farmer	1
farm	1
fancies	1
fancied	1
famous	1
famille	1
familiarised	1
faltered	1
falls	1
falling	1
fallacy	1
fallacious	1
falkuimrs	1
falkr	1
faithless	1
faithful	1
faintly	1
fainiharized	1
failed	1
fading	1
faded	1
fade	1
facile	1
faces	1
faced	1
fa\oirrablc	1
f>rmei=ly	1
eytvs	1
eyed	1
extrenu^ly	1
extremes	1
extremely	1
extravagant	1
extras	1
extraordinary	1
extinguished	1
externals	1
extent	1
extended	1
exquisitely	1
expressions	1
explanation	1
explained	1
explain	1
expiring	1
experienced	1
expensive	1
expeiice	1
expedient	1
expectingly	1
expecting	1
expatiate	1
exp^t'tatlvju	1
exotics	1
exhilarate	1
exhibited	1
exhausted	1
exertions	1
exert	1
exempt	1
execution	1
execute	1
excused	1
excusable	1
exclusively	1
excliunations	1
exclaimed	1
exception	1
examining	1
examined	1
exalts	1
exactest	1
ex	1
ev«n	1
evinced	1
evince	1
evil	1
evidence	1
everlasting	1
evergreens	1
events	1
eveil	1
eve	1
europe	1
eulogium	1
etruscan	1
eternal	1
et	1
esteems	1
establishing	1
established	1
est	1
essential	1
espied	1
escorted	1
errand	1
erous	1
erectly	1
equilibrium	1
equanimity	1
epistle	1
episodes	1
envying	1
entry	1
entree	1
entreaties	1
entliusiasm	1
entleman	1
enticed	1
enthusiastic	1
enthusiast	1
enthusiasm	1
entertainments	1
entertainino	1
entertaining	1
entertainer	1
entertained	1
entertain	1
entailed	1
entablatures	1
ensure	1
ensuinir	1
ensuing	1
enriching	1
enrich	1
enraged	1
enquiringly	1
enquirer	1
enouq	1
enjoys	1
enjoyment	1
enjoying	1
enigmas	1
engrossing	1
engaging	1
engage	1
endurance	1
endued	1
ends	1
endeavour	1
encumbered	1
encroach	1
encouragement	1
enchantress	1
employers	1
embraced	1
embossed	1
emboldens	1
embarrassment	1
emancipated	1
elysium	1
eltected	1
elmer	1
ell	1
eliance	1
elements	1
element	1
eldest	1
elctted	1
elasticity	1
elapse	1
eitiicr	1
ein	1
eiithtr	1
eiglitcen	1
ei	1
eherub	1
eh	1
egypt	1
effort	1
edge	1
economy	1
economising	1
economical	1
eclipsing	1
eccentricities	1
eatll	1
eatil	1
easiness	1
earnestly	1
earing	1
ean	1
eal	1
eaii'erly	1
eagles	1
eagerly	1
eager	1
ea	1
e3'e	1
dwells	1
dutton	1
duties	1
dusters	1
dust	1
durprise	1
dry	1
drops	1
drop	1
drooping	1
driven	1
drinks	1
drink	1
dried	1
drew	1
dressing-room	1
dresses	1
dressed	1
dresfe	1
drenched	1
dreary	1
dreading	1
dreadfully	1
drawer	1
drapery	1
dragged	1
drag	1
dra\vled	1
dozen	1
dozek	1
downcast	1
dover	1
dove	1
doubtingly	1
doubtful	1
doubted	1
doubly	1
double	1
dost	1
doomed	1
dojustasyou	1
dog	1
do^\•n	1
divinest	1
divines	1
divided	1
divested	1
divest	1
divert	1
ditncult	1
ditatioiis	1
disturbed	1
distressing	1
distressful	1
distresses	1
distraction	1
distracted	1
distorted	1
distinguishable	1
distinctly	1
disprove	1
disposing	1
displaying	1
display	1
dispersed	1
disperse	1
dispatched	1
disparity	1
disordered	1
disorder	1
disobedience	1
dismissed	1
dishabille	1
disgust	1
disguise	1
disgraceful	1
disgrace	1
discriminating	1
discourse	1
discontent	1
disconcerted	1
disclosure	1
discernment	1
discerning	1
discernible	1
discern	1
disappoint	1
disappearance	1
disap	1
disagreeble	1
directed	1
diningroom	1
dine	1
dimpled	1
diligence	1
dilficult	1
diirerent	1
diild	1
diflficult	1
diflerencc	1
diffident	1
diet	1
didn't	1
dictates	1
diawing	1
diamond	1
dial	1
diagon	1
diaft	1
diabolical	1
di(ui't	1
dexterously	1
devoted	1
devon	1
devolve	1
devil	1
deuce	1
destroyed	1
destination	1
dess	1
desponding	1
despondency	1
despond	1
despise	1
despicable	1
despa^ately	1
desirous	1
desire	1
designs	1
design	1
deserts	1
descending	1
derstand	1
ders	1
derbyshire	1
deration	1
deputed	1
depressed	1
depraved	1
department	1
denied	1
demise	1
demeanour	1
demands	1
demand	1
delusive	1
delirium	1
delirious	1
delightful	1
deliberated	1
deity	1
degrees	1
degree	1
defies	1
defied	1
deferred	1
defects	1
defect	1
defeated	1
deepest	1
deduction	1
decrepitude	1
decorated	1
decorate	1
decision	1
decently	1
decent	1
decencies	1
deceived	1
deceitful	1
decanter	1
debaucheries	1
deathbed	1
deadest	1
ddeat	1
dcsii'e	1
dca^	1
dazzlingly	1
dazzling	1
dawn	1
dav	1
dauglitcr	1
datil	1
dath	1
dashingly	1
dasbers	1
darted	1
dares	1
dangerous	1
dang	1
dancini	1
dancer	1
dance<l	1
dales	1
d'ccil	1
cynthia	1
cvcv	1
cushions	1
curzons	1
curtains	1
curse	1
curl	1
curing	1
curates	1
cupid	1
cumber	1
cultivated	1
culpable	1
culpability	1
culinary	1
cue	1
cubit	1
crystal	1
cruelties	1
cruelly	1
cruel	1
crowd	1
crossing	1
cropped	1
cromu	1
crolided	1
critical	1
cripples	1
criminality	1
crim	1
crept	1
credulous	1
creatures	1
cre	1
crape	1
cram	1
cquainted	1
cpiite	1
coveted	1
covers	1
covering	1
cover	1
couut	1
cousins	1
courtly	1
courtesj	1
courtesied	1
coursing	1
courser	1
couples	1
coup	1
countr}^	1
counting	1
counter	1
count	1
couldn't	1
couiili'.y	1
couclies	1
couchant	1
cou	1
cottagers	1
cottage	1
costutne	1
costume	1
costly	1
costing	1
cost	1
coshy	1
cosbvs	1
cosb^	1
corpse	1
corners	1
corner	1
coral	1
coquetted	1
coquetry	1
copies	1
cooperated	1
coolly	1
cool	1
cookery	1
convulsive	1
convulsion	1
convulsed	1
convey	1
convenient	1
convene	1
contumely	1
contribute	1
contrast	1
contrary	1
contrariety	1
contracted	1
continuing	1
continues	1
content	1
contemptuously	1
contemplative	1
contemned	1
contemn	1
conte	1
contained	1
contain	1
consumed	1
construing	1
constraint	1
constitution	1
constitute	1
constant	1
conspicuously	1
conspicuous	1
consonant	1
consoling	1
consolations	1
considerate	1
consequently	1
consequent	1
consequences	1
consented	1
consciousness	1
conquest	1
connected	1
conjecture	1
congenial	1
confusionyour	1
confusedly	1
confuse	1
confounded	1
conformity	1
confines	1
confinement	1
confined	1
confiding	1
confident	1
confided	1
confessing	1
confess	1
confers	1
condemn	1
concluding	1
concerns	1
concern	1
conceal	1
concatenation	1
con^rquence	1
con	1
compunc	1
comprehension	1
composure	1
compliments	1
complimented	1
complied	1
complete	1
complaisance	1
compelled	1
comparison	1
compared	1
companions	1
communicative	1
communicates	1
commencement	1
commenced	1
commanding	1
comiuiij	1
comforts	1
comforted	1
combining	1
comb	1
com))limcnted	1
colours	1
colouring	1
colonel	1
college	1
collection	1
collected	1
coldness	1
cold	1
cojivcrse	1
coinprcliencl	1
coinbinati9n	1
coiik^s	1
coiicluded	1
cofiby	1
coeur	1
coaches	1
cnxpassioned	1
cnquirvj	1
cno	1
cmbairassnieiit	1
clown	1
clouds	1
cloud	1
closely	1
cloiie	1
cloak	1
cliff	1
cliapter	1
cliance	1
cliam	1
cliaise	1
cleverly	1
clergyman	1
clenching	1
clemencies	1
cleaned	1
clean	1
clay	1
clasping	1
clapped	1
claimed	1
ckissical	1
cjuiting	1
cj	1
citlicr	1
cities	1
cissif	1
cis^	1
church	1
chronological	1
chosen	1
choose	1
choked	1
chimneys	1
chime	1
childishness	1
cherry	1
cherished	1
cheese	1
cheerlessly	1
cheering	1
cheerfulness	1
cheerfully	1
cheer	1
checks	1
checked	1
cheapest	1
chatting	1
chat	1
chaste	1
chased	1
charter	1
charmed	1
charm	1
charity	1
charged	1
chaperon	1
chaos	1
changing	1
change	1
chances	1
chalkhig	1
cf	1
cessation	1
cerysillif	1
ceremonious	1
cere	1
censure	1
celled	1
cellar	1
ceive	1
ceci	1
cecelia	1
cbmax	1
cbaj'itable	1
cautiously	1
cautious	1
cautiou>ly	1
causes	1
cati^k	1
catches	1
casting	1
casement	1
carrying	1
carries	1
carriages	1
carolhic	1
carft	1
career	1
cared	1
cards	1
card	1
carcfline	1
car	1
captives	1
captivating	1
captivated	1
caprice	1
capabilities	1
canister	1
candour	1
candlesticks	1
cancy	1
calmness	1
calm	1
calls	1
callcil	1
cali	1
calculating	1
cakes	1
cabinet	1
c^riana	1
c'iccy	1
butler	1
burning	1
burden	1
building	1
bugles	1
buckles	1
broths	1
brother	1
brooks	1
brocades	1
brocaded	1
brocade	1
broad	1
british	1
bringing	1
brimful	1
brightness	1
bride	1
bridal	1
bribed	1
bribe	1
breathing	1
breathe	1
breakfasted	1
brazen	1
brave	1
branches	1
branched	1
braced	1
br^iiin	1
boys	1
boyish	1
box	1
bowers	1
bow	1
bout	1
bourid	1
bounty	1
bound	1
bouglit	1
bought	1
bottomless	1
boor	1
book	1
bolt	1
boldly	1
board	1
blush	1
blue	1
blotted	1
bloom	1
blond	1
blistered	1
bliss	1
blinded	1
bletoji	1
blessings	1
ble	1
blazed	1
blasts	1
blank	1
blandishments	1
blandishment	1
bitterness	1
bitterest	1
bitss	1
bits	1
biscuits	1
bis	1
birtii	1
bills	1
bill	1
biirtau	1
biassed	1
bhamed	1
bfjys	1
bewilder	1
beware	1
betrayed	1
bet	1
bestowed	1
bespoke	1
bespeak	1
besieged	1
beside	1
bereft	1
ber	1
bequeathed	1
benignant	1
benefited	1
belonged	1
belles	1
belle	1
beliolds	1
believenot	1
belield	1
belic\e	1
beins	1
beinq	1
beings	1
bein	1
beiiig*	1
bei?efc	1
beholds	1
beholdino	1
begins	1
beg	1
befriended	1
beeu	1
bees	1
beef	1
bedside	1
bedroom	1
beck	1
beautifying	1
beautify	1
beautifully	1
beating	1
bearino	1
bearing	1
bcins	1
bb	1
bave	1
baud	1
bat}f	1
batu	1
batti	1
battf	1
batm	1
batit	1
batir>	1
batir	1
batii	1
bat	1
baskets	1
basis	1
basil	1
bark	1
bare	1
barbarously	1
banish	1
balls	1
baits	1
baited	1
baiji	1
baiil	1
backward	1
ba'yu	1
ba'hf	1
b^irnard^	1
ay	1
awoke	1
awkward	1
awiiahle	1
awful	1
avomaii	1
avocations	1
avliich	1
avisit	1
avinteu	1
avinteii	1
avill	1
aviil	1
aviihty	1
avidity	1
avhy	1
avhicli	1
averting	1
avers	1
avere	1
avell	1
avednesday	1
ave	1
avax	1
avaricious	1
avait	1
av.tinnri	1
av'hat	1
automaton	1
authoress	1
aut	1
auspices	1
auk	1
au	1
attributing	1
attraction	1
attracti^^e	1
attitude	1
attentively	1
attentions	1
attending	1
attendance	1
attempted	1
attacks	1
attacked	1
attack	1
attach	1
atmosphere	1
atid	1
ate	1
asylum	1
astonish	1
assures	1
assuredly	1
assuming	1
assodiate	1
associates	1
associate	1
assertion	1
assert	1
assembling	1
assembled	1
aspired	1
asleep	1
asking	1
ashes	1
ashamed	1
ascertained	1
ascent	1
ascendency	1
arts	1
artist	1
artifice	1
articulated	1
artful	1
arrive	1
arrayed	1
arrano'ina	1
arniida	1
armed	1
arlingliam	1
arising	1
arise	1
ariii	1
archly	1
architecture	1
arched	1
arbours	1
arbitress	1
araman	1
ar	1
april	1
apprized	1
apprised	1
appreciate	1
applying	1
applied	1
appendage	1
appealed	1
apparatus	1
apothecary	1
apostate	1
apollyon	1
antiquated	1
antediluvians	1
answerable	1
ansicer	1
anotlicr	1
anotl^.cr	1
annual	1
annihilated	1
animation	1
anguish	1
angel	1
andwhea	1
andrew	1
ancients	1
ancient	1
ancestors	1
anachingheart	1
amusingly	1
amused	1
amity	1
amicable	1
ambush	1
aly	1
alternative	1
altered	1
alterations	1
alone.*'™**	1
almighty	1
allurements	1
allowances	1
allotted	1
alien	1
ali	1
alehouse	1
alarm	1
alaam	1
al>soiutely	1
ajkid	1
ajipearance	1
aixl	1
aiui	1
aithougli	1
aiming	1
aimed	1
aiiled	1
aiil	1
aifected	1
aie	1
aids	1
aider	1
ai^'c	1
ai	1
ahnost	1
ahiiost	1
ahashcd	1
ague	1
agriculturists	1
agreeably	1
agonies	1
agitation	1
aggrandise	1
agaiiist	1
aftection	1
aftabillty	1
afloat	1
afiss	1
afiliction	1
aficctions	1
afi'ectetl	1
affords	1
afflicted	1
affix	1
affirmative	1
affectionate	1
affectioiij	1
affectation	1
affect	1
affair	1
aff	1
adx^ptcd	1
adviseyour	1
adventitious	1
advantaircs	1
advancement	1
adulterated	1
adrr	1
adrmni^	1
adrjijit	1
adrianas	1
adrianamore	1
adriana/	1
adriana.^	1
adriaiia	1
adri^	1
adopts	1
adopted	1
adopt	1
admit	1
admires	1
administering	1
adjoining	1
adii	1
adhering	1
addressing	1
adapted	1
acutely	1
actual	1
actively	1
acted	1
act	1
acquirements	1
aclri	1
acircumstance	1
achiana	1
achdation	1
acha	1
accustomed	1
accurately	1
accounts	1
accounting	1
accosted	1
according	1
accord	1
accomplishments	1
accompanying	1
accompany	1
access	1
academy	1
absented	1
abruptly	1
abominations	1
abilitie^f	1
abhorrence	1
abettor	1
abed	1
abbreviation	1
abashed	1
abandoned	1
aay	1
a^igry	1
a^	1
a])pointecl	1
a\eakness	1
a'nthurt	1
^•	1
^vlty	1
^vj^tejl	1
^vintell	1
^vindpw	1
^villiam	1
^v^by	1
^rin	1
^nlrs	1
^liybury	1
^laria	1
^la	1
^juitted	1
^hink	1
^are^much	1
^^yn	1
^^sufficitnt	1
^^'	1
^\'hic]l	1
^/	1
^.	1
^'ifciceyha^	1
^'-	1
^!)3	1
]:	1
\voeful	1
\u\\ven	1
\ty	1
\rorst	1
\rintfr	1
\iuses	1
\ii	1
\ihas	1
\iartha	1
\iadani/	1
\frs	1
\fartha	1
\aill	1
\\txx)ain	1
\\\\	1
\\'ixti	1
\\	1
\:	1
?}	1
??	1
?."	1
?-	1
?*''='"	1
?*'	1
?'*	1
?'"	1
?"►	1
?".	1
?""	1
>»	1
>vith	1
>rere	1
>*	1
<ie«j>e.st	1
8he^went	1
7ww	1
7wble	1
7nij	1
7nerrx	1
7/cti	1
3ignation	1
2lg	1
1'*	1
1	1
/li^	1
/leiohfs	1
/i/fw	1
/	1
.^	1
.'"	1
."^	1
."?,	1
-^^	1
-,	1
-*'	1
*•	1
*vlier	1
*^"	1
*,	1
**iwant	1
*"'	1
(''	1
'•'	1
'^^	1
'\%	1
'/	1
'*^	1
'**.^	1
&uch	1
&ati	1
"\-	1
"=	1
".	1
"*	1
"'*	1
""'	1
"!	1
!{.	1
!'"	1
!"*	1
!"''	1
