,	2768
the	1351
and	954
of	921
to	835
.	812
a	584
her	548
—	528
i	503
;	479
"	434
she	400
in	393
you	361
that	346
he	301
his	294
was	286
for	273
with	266
said	261
as	245
adriana	243
it	236
not	233
had	218
my	210
is	205
at	204
have	178
be	170
but	169
this	168
on	164
which	163
|'s|	142
."	139
'	133
:	129
*'	127
hartley	124
from	121
your	120
me	113
''	112
miss	111
by	111
him	108
mr	107
all	105
been	103
lord	101
!	101
will	100
dawson	93
|arabic1digit|	92
so	90
would	89
if	89
sir	88
were	87
lady	87
may	85
falkland	85
**	85
no	81
an	80
who	77
when	74
they	74
could	73
do	72
are	72
now	70
should	66
mrs	66
good	66
?	65
very	63
!"	63
one	60
maybury	60
bath	60
while	58
|romannumeral|	57
father	57
what	56
their	56
or	56
has	54
into	53
'*	53
?"	52
more	51
them	50
manor	49
must	48
can	47
there	46
selwyn	45
yet	44
out	43
much	43
know	43
our	42
where	41
up	41
time	41
say	41
never	41
though	40
how	40
herself	40
did	40
well	39
lionel	39
world	38
see	38
own	38
man	38
little	38
bury	38
we	37
towards	37
lordship	37
before	37
asked	37
such	36
room	36
herbert	36
any	35
old	34
hand	34
think	33
than	33
oakley	33
might	33
heard	33
thought	32
then	32
some	32
shall	32
most	32
too	31
take	31
martha	31
dear	31
am	31
^'	31
here	30
*^	30
these	29
oh	29
heart	29
after	29
(	29
seemed	28
like	28
go	28
]	28
saw	27
its	27
poor	26
only	26
night	26
made	26
life	26
first	26
come	26
|arabic2digit|	25
two	25
still	25
look	25
long	25
lie	25
eyes	25
daughter	25
why	24
whom	24
those	24
same	24
place	24
other	24
manner	24
make	24
down	24
day	24
mind	23
child	23
both	23
)	23
young	22
way	22
over	22
lier	22
last	22
indeed	22
home	22
give	22
every	22
ana	22
again	22
wish	21
till	21
seen	21
going	21
girl	21
believe	21
arm	21
'^	21
under	20
morning	20
cecilia	20
almost	20
adri	20
tell	19
situation	19
round	19
myself	19
just	19
hambleton	19
even	19
countenance	19
being	19
taken	18
slie	18
side	18
party	18
o	18
heroine	18
ever	18
don't	18
cannot	18
whose	17
upon	17
took	17
through	17
person	17
once	17
mother	17
looking	17
felt	17
evening	17
years	16
woman	16
winter	16
t	16
sigh	16
right	16
remember	16
rectory	16
r	16
pleasure	16
many	16
let	16
having	16
great	16
dance	16
conversation	16
!''	16
without	15
wife	15
told	15
subject	15
soon	15
power	15
looked	15
himself	15
head	15
happy	15
few	15
family	15
ezekiel	15
dame	15
because	15
appearance	15
?''	15
*	15
yes	14
wishes	14
walk	14
tliat	14
pleased	14
nature	14
moment	14
met	14
m	14
leave	14
hear	14
does	14
conduct	14
ball	14
voice	13
turned	13
saying	13
return	13
pemberton	13
off	13
nothing	13
next	13
money	13
manners	13
left	13
held	13
hat	13
happiness	13
gentleman	13
find	13
engaged	13
company	13
character	13
away	13
another	13
together	12
tis	12
tea	12
rather	12
quite	12
opinion	12
meeting	12
louisa	12
knew	12
husband	12
eye	12
em	12
country	12
beauty	12
anything	12
answered	12
always	12
sure	11
since	11
set	11
returned	11
object	11
name	11
love	11
human	11
however	11
high	11
h	11
get	11
gave	11
friends	11
found	11
female	11
days	11
chap	11
came	11
best	11
appear	11
about	11
^*	11
|arabic3digit|	10
walked	10
vol	10
surely	10
squire	10
society	10
scenes	10
put	10
present	10
palmer	10
often	10
notions	10
looks	10
ladies	10
idea	10
friend	10
fortune	10
feel	10
e	10
companion	10
cause	10
called	10
better	10
become	10
bade	10
appeared	10
ah	10
against	10
^	10
yourself	9
wished	9
went	9
used	9
true	9
tried	9
tone	9
thus	9
sykes	9
stood	9
spirits	9
short	9
sat	9
resolved	9
public	9
point	9
please	9
passed	9
mean	9
making	9
liad	9
ladyship	9
known	9
house	9
half	9
glad	9
four	9
fine	9
face	9
entered	9
early	9
during	9
chair	9
certainly	9
aunt	9
attention	9
.''	9
ye	8
words	8
virtue	8
utmost	8
today	8
tears	8
speech	8
servant	8
seems	8
seem	8
principles	8
pray	8
play	8
pity	8
pembertons	8
partner	8
part	8
offered	8
meet	8
matter	8
liis	8
laughing	8
keep	8
hours	8
hour	8
honour	8
history	8
help	8
gone	8
god	8
gentlemen	8
frequently	8
forgive	8
everything	8
ere	8
either	8
each	8
door	8
done	8
delighted	8
cried	8
coming	8
children	8
care	8
between	8
attended	8
also	8
affection	8
acquaintance	8
!'	8
whole	7
vou	7
twins	7
taste	7
talking	7
succeeding	7
speak	7
smiling	7
silent	7
silence	7
sentiments	7
sehvyn	7
seeing	7
scene	7
scarcely	7
satisfaction	7
s	7
retired	7
repeated	7
recollected	7
pretty	7
politeness	7
pointed	7
placed	7
perhaps	7
perceive	7
pardon	7
papa	7
opportunity	7
nor	7
nie	7
near	7
natural	7
music	7
minute	7
mine	7
men	7
memory	7
meant	7
meaning	7
london	7
lobby	7
lips	7
led	7
late	7
j	7
irs	7
hut	7
hearing	7
gate	7
followed	7
feelings	7
fashionable	7
far	7
f	7
expected	7
escaped	7
entrance	7
enough	7
emotion	7
dare	7
d	7
crowd	7
cottage	7
confess	7
call	7
brought	7
behind	7
behaviour	7
alas	7
air	7
ad	7
^^	7
\iiss	7
-	7
■	6
•	6
youth	6
worth	6
wholly	6
visiting	6
vice	6
us	6
tonight	6
things	6
table	6
sweet	6
suffer	6
stopped	6
stop	6
state	6
standing	6
simplicity	6
safe	6
replied	6
regard	6
rector	6
received	6
quick	6
probably	6
persons	6
period	6
people	6
opinions	6
obliged	6
obedience	6
n	6
master	6
loss	6
longer	6
lively	6
kept	6
ir	6
interested	6
interest	6
instance	6
imagination	6
ill	6
heartily	6
health	6
hands	6
greatest	6
given	6
gently	6
gaffer	6
g	6
full	6
fixed	6
fear	6
favourite	6
fancy	6
fail	6
extremely	6
explanation	6
expect	6
entirely	6
ear	6
drawing	6
doubt	6
declared	6
conscious	6
congratulate	6
close	6
case	6
brother	6
bowed	6
bosom	6
born	6
benevolence	6
behold	6
beg	6
bear	6
back	6
aware	6
artless	6
arrived	6
appears	6
although	6
alteration	6
already	6
age	6
adrian	6
account	6
accepted	6
above	6
"'	6
year	5
word	5
wonder	5
walking	5
visit	5
view	5
vain	5
understood	5
turning	5
trust	5
trees	5
touchwood	5
tiie	5
three	5
thoughts	5
thank	5
taking	5
swear	5
suspect	5
superior	5
sun	5
stay	5
started	5
stage	5
spoken	5
spoke	5
speaking	5
soul	5
son	5
something	5
smiled	5
sighed	5
show	5
several	5
service	5
serious	5
send	5
self	5
seats	5
says	5
rose	5
resolution	5
regret	5
pulled	5
propriety	5
possible	5
pointing	5
pleasant	5
perceived	5
passion	5
ought	5
order	5
opened	5
oi	5
neither	5
nearly	5
merely	5
mentioned	5
mayhury	5
maria	5
lovely	5
live	5
light	5
less	5
length	5
leaving	5
least	5
laughed	5
laugh	5
lately	5
land	5
knowledge	5
kind	5
k	5
judge	5
journey	5
joined	5
johnson	5
intentions	5
informed	5
influence	5
immediately	5
imagine	5
hurry	5
hope	5
honest	5
heat	5
hastily	5
hair	5
greatly	5
got	5
giving	5
general	5
further	5
frances	5
form	5
following	5
five	5
feeling	5
features	5
feared	5
fashion	5
example	5
evinced	5
entertained	5
end	5
encounter	5
drew	5
dress	5
domestic	5
doing	5
disclose	5
dinner	5
different	5
corner	5
continued	5
concert	5
civility	5
christian	5
cheeks	5
change	5
chance	5
certain	5
catherine	5
cast	5
cap	5
calculated	5
book	5
bent	5
became	5
beautiful	5
awkward	5
attractive	5
ask	5
apron	5
apparent	5
answer	5
amusing	5
alone	5
ago	5
afforded	5
act	5
acquainted	5
/	5
'•	5
younger	4
wlien	4
within	4
white	4
whispered	4
warmly	4
waited	4
w	4
visitors	4
vanity	4
vacant	4
understand	4
turn	4
tm	4
thousand	4
thing	4
therefore	4
theatre	4
th	4
talked	4
talk	4
suspected	4
suppose	4
sufficiently	4
suffered	4
succeeded	4
strong	4
story	4
starting	4
stand	4
spirit	4
spent	4
speedily	4
spared	4
sometimes	4
smile	4
sitting	4
simple	4
sight	4
shoulder	4
severe	4
setting	4
sensible	4
sense	4
school	4
saville	4
romantic	4
rise	4
reverted	4
rest	4
respecting	4
respect	4
required	4
repentance	4
rendered	4
reflection	4
recently	4
reason	4
really	4
reached	4
rank	4
quitted	4
questions	4
purpose	4
pressed	4
presence	4
preceding	4
possession	4
pocket	4
pleasures	4
pleasing	4
pieces	4
perceiving	4
parting	4
offer	4
ocean	4
occasion	4
notice	4
none	4
necessary	4
moved	4
months	4
mistake	4
mighty	4
mc	4
marriage	4
marks	4
low	4
lover	4
lot	4
lose	4
living	4
lived	4
likely	4
liim	4
lent	4
lead	4
law	4
laid	4
knees	4
join	4
introduced	4
interviews	4
interview	4
insensibly	4
inquiry	4
inquiries	4
ing	4
infants	4
induced	4
incident	4
improvement	4
improve	4
impression	4
imiss	4
imagined	4
i'll	4
hy	4
humble	4
horse	4
holding	4
hold	4
hke	4
heaven	4
handkerchief	4
hall	4
grateful	4
graces	4
gay	4
friendship	4
freedom	4
forget	4
fondness	4
fond	4
floor	4
fire	4
finally	4
figure	4
fell	4
fatal	4
fast	4
faith	4
expressions	4
exertion	4
exactly	4
esteem	4
escort	4
entertain	4
effect	4
duty	4
disposed	4
disinterested	4
dine	4
determined	4
deportment	4
danger	4
dancing	4
damask	4
cosby	4
considered	4
confusion	4
compliment	4
colour	4
cissy	4
chose	4
chief	4
charms	4
charming	4
broken	4
breast	4
bless	4
beyond	4
benevolent	4
beings	4
began	4
bad	4
babes	4
b	4
assured	4
arrival	4
arms	4
arlingham	4
apparently	4
amused	4
amiable	4
altered	4
allow	4
agreed	4
advantageous	4
adriaua	4
adriana^	4
adiiana	4
added	4
acknowledge	4
according	4
abroad	4
able	4
])	4
\iaybury	4
[	4
),	4
'"	4
•of	3
}	3
yon	3
yielded	3
y	3
wrong	3
worthy	3
women	3
wliich	3
wixter	3
wit	3
wine	3
willing	3
wants	3
waiting	3
vows	3
voices	3
violent	3
village	3
views	3
vas	3
various	3
vale	3
unless	3
unfeeling	3
uncertain	3
u	3
twenty	3
twelfth	3
turrets	3
tree	3
tranquil	3
tonne	3
thy	3
thrown	3
throwing	3
thirty	3
themselves	3
theme	3
thanks	3
tender	3
suspicions	3
suspicion	3
surrounding	3
surrounded	3
sum	3
suit	3
subjects	3
struck	3
stress	3
street	3
strange	3
step	3
steal	3
star	3
spring	3
spot	3
spend	3
speedy	3
sort	3
sorry	3
sorrow	3
somehow	3
solitude	3
solitary	3
slic	3
sleep	3
six	3
shuddered	3
sex	3
servants	3
sentiment	3
sentence	3
sent	3
selwyns	3
selling	3
secretly	3
secret	3
second	3
seat	3
season	3
sea	3
scotch	3
sanguine	3
sake	3
safety	3
sad	3
sacrifice	3
rudeness	3
rude	3
roused	3
rid	3
riches	3
riana	3
retain	3
residence	3
remarks	3
religion	3
relative	3
refused	3
refuse	3
rectitude	3
recent	3
receive	3
ran	3
raised	3
raillery	3
quit	3
quiet	3
quality	3
pushed	3
pump	3
protection	3
proper	3
promised	3
progress	3
professions	3
proclaimed	3
probability	3
prior	3
pride	3
prevented	3
prepare	3
preceded	3
praised	3
practice	3
pointers	3
plan	3
piece	3
pick	3
perfectly	3
perfect	3
peace	3
pay	3
parties	3
par	3
palmers	3
pain	3
paid	3
p	3
overtook	3
overheard	3
others	3
orchestra	3
occurred	3
observed	3
november	3
notwithstanding	3
note	3
nonsense	3
nod	3
nearer	3
muslin	3
moving	3
mounted	3
month	3
mode	3
mistaken	3
minds	3
miles	3
merit	3
meditations	3
means	3
mask	3
mas	3
mark	3
makes	3
madam	3
luckily	3
longing	3
longed	3
lo	3
listened	3
lines	3
line	3
liberty	3
lest	3
le	3
lay	3
lasting	3
large	3
lap	3
labour	3
kindness	3
judges	3
judgement	3
joke	3
itself	3
ith	3
invited	3
intrusion	3
introduce	3
interrupted	3
intended	3
instead	3
instantly	3
inquired	3
inhabitants	3
ingenuous	3
infinitely	3
inclined	3
impossible	3
imaybury	3
ilambleton	3
ignorant	3
ia	3
i'm	3
hopes	3
hoped	3
highly	3
highest	3
hid	3
hereafter	3
hence	3
heiress	3
hardey	3
handsome	3
gun	3
guess	3
ground	3
good-humour	3
gets	3
generally	3
front	3
friendly	3
fresh	3
french	3
fr	3
fortunate	3
former	3
forgotten	3
fondly	3
finished	3
filled	3
familiarity	3
falk	3
faithful	3
fair	3
exterior	3
expression	3
explain	3
exists	3
exeter	3
except	3
evince	3
evident	3
especially	3
escape	3
es	3
envy	3
entertainment	3
entertaining	3
enliven	3
enjoyed	3
else	3
elegance	3
easy	3
easily	3
duties	3
duke	3
drawn	3
draw	3
dorricourt	3
distance	3
dissipated	3
disposing	3
discover	3
discernment	3
discern	3
disappointment	3
didn't	3
detail	3
destruction	3
desire	3
descended	3
defy	3
declaring	3
decided	3
deal	3
danced	3
curtain	3
crossed	3
crescent	3
creature	3
cradle	3
covered	3
courtall	3
counsel	3
conversed	3
converse	3
contrives	3
contradictory	3
consequence	3
confinement	3
concealed	3
compliments	3
compliance	3
common	3
command	3
comfortable	3
comes	3
cold	3
closed	3
cliffs	3
cliff	3
civil	3
circumstance	3
circles	3
church	3
charles	3
charity	3
charged	3
chaperon	3
caught	3
catgut	3
catechism	3
cares	3
calling	3
business	3
brown	3
brilliantly	3
breathe	3
breakfast	3
blessed	3
black	3
bit	3
beware	3
begun	3
ave	3
attractions	3
attend	3
assure	3
assurance	3
assembled	3
ashamed	3
articles	3
arrive	3
approached	3
anxiously	3
angry	3
ancient	3
amusement	3
amidst	3
allowed	3
agreeable	3
advice	3
adrlana	3
admit	3
admiring	3
admired	3
admire	3
addressed	3
address	3
add	3
active	3
accustomed	3
accompanied	3
accidental	3
--	3
!'*	3
!'"	3
youthful	2
yellow	2
x\driana	2
writing	2
write	2
wore	2
wixtlr	2
witty	2
witnessed	2
witness	2
wislied	2
wise	2
wink	2
win	2
widi	2
wicked	2
wi	2
whisper	2
wherever	2
whenever	2
whatever	2
well-bred	2
weeks	2
weakness	2
ways	2
water	2
watch	2
warm	2
wallowing	2
wait	2
voluntary	2
vivacity	2
visions	2
violence	2
vexed	2
vere	2
venture	2
veil	2
vated	2
value	2
usual	2
useful	2
unused	2
unreasonable	2
unprotected	2
unmixed	2
undoubted	2
undaunted	2
uncouth	2
uncontrollable	2
unconsciously	2
unconscious	2
unceasingly	2
twould	2
twice	2
twelve	2
twas	2
try	2
truth	2
trusted	2
trimmed	2
treated	2
treat	2
transient	2
town	2
touching	2
touched	2
total	2
tomorrow	2
toasting	2
tn	2
tlje	2
tlic	2
tl^e	2
title	2
timid	2
throughout	2
thou	2
thinking	2
thai	2
terms	2
termination	2
tenants	2
temptations	2
temper	2
telling	2
tedious	2
tearoom	2
teach	2
tastes	2
task	2
tall	2
tale	2
suspicious	2
surprised	2
supported	2
support	2
sunk	2
summer	2
sugar	2
sufficient	2
sudden	2
subsistence	2
submission	2
study	2
studied	2
strove	2
strength	2
streets	2
stranger	2
strain	2
stir	2
steady	2
start	2
stare	2
squeezing	2
sounded	2
song	2
somewhat	2
somebody	2
sober	2
slowly	2
size	2
sister	2
single	2
sincere	2
sickly	2
shop	2
shook	2
shield	2
sheep	2
shan't	2
shaking	2
services	2
separated	2
sen	2
selfsame	2
seizing	2
seek	2
sec	2
scholar	2
schemes	2
scheme	2
sayings	2
save	2
sang	2
sallies	2
sale	2
safely	2
sacred	2
rushed	2
run	2
rules	2
ruin	2
row	2
roundy	2
rogers	2
rode	2
robe	2
riot	2
rio	2
riding	2
ridiculous	2
ride	2
richard	2
rich	2
review	2
retiring	2
retirement	2
retire	2
rested	2
respective	2
respectful	2
respectable	2
resign	2
require	2
request	2
represented	2
representation	2
report	2
repeat	2
renewing	2
removed	2
remembrance	2
remark	2
remained	2
relinquished	2
relationship	2
relating	2
related	2
rejoice	2
regular	2
regretting	2
regardless	2
refined	2
refer	2
reconciled	2
recollection	2
recollecting	2
recluse	2
reciprocal	2
reasons	2
reasoning	2
realise	2
real	2
reading	2
readiness	2
readers	2
read	2
rays	2
ray	2
rapidly	2
rapid	2
quitting	2
quickly	2
question	2
queen	2
quarrel	2
putting	2
pursuit	2
pursued	2
pursue	2
purchase	2
pulteney	2
pulling	2
proved	2
proud	2
protect	2
proposed	2
proof	2
promoting	2
procured	2
proceeded	2
proceed	2
private	2
prison	2
previously	2
previous	2
pretensions	2
presented	2
prejudices	2
precaution	2
pre	2
prayer	2
prattle	2
practised	2
powder	2
poverty	2
possibly	2
possessed	2
polite	2
polished	2
polish	2
plans	2
plainly	2
plain	2
places	2
pioneer	2
perpendicular	2
performers	2
perchance	2
pen	2
pedigree	2
peasant	2
paused	2
pause	2
patience	2
path	2
passing	2
particularly	2
parlour	2
parents	2
parental	2
parent	2
paradise	2
parade	2
overwhelmed	2
overtaken	2
orders	2
ordered	2
oranges	2
opportunities	2
opening	2
open	2
ones	2
offers	2
occurrences	2
occupied	2
observing	2
obey	2
ob	2
oath	2
nurse	2
novel	2
nobody	2
nightly	2
nerve	2
neighbourhood	2
neighbour	2
needless	2
need	2
neck	2
necessity	2
narrow	2
mv	2
muttered	2
mortified	2
morn	2
moon	2
monkey	2
momentary	2
modest	2
modern	2
mm	2
mixed	2
mix	2
mistress	2
misfortune	2
mise	2
mischief	2
misanthrope	2
minuet	2
mindful	2
midst	2
mentioning	2
mental	2
masquerade	2
martlia	2
married	2
market	2
marked	2
mansion	2
mankind	2
mamma	2
ly	2
luid	2
lowering	2
loungers	2
lounged	2
lost	2
lives	2
listless	2
listening	2
listen	2
list	2
liss	2
lis	2
lingering	2
likewise	2
lights	2
lifted	2
licre	2
liavc	2
letter	2
learn	2
leading	2
lawn	2
lave	2
latter	2
lank	2
language	2
landscape	2
lamented	2
lament	2
keeping	2
joy	2
joining	2
jmaybury	2
jaundiced	2
ivory	2
iviaybury	2
iu	2
issued	2
invite	2
invitation	2
inuch	2
introduction	2
intimate	2
interruption	2
interesting	2
intercourse	2
intend	2
instrument	2
instructions	2
instruction	2
instantaneously	2
innocence	2
ingenuousness	2
ingenuously	2
infused	2
information	2
infantile	2
industry	2
indulgence	2
indifference	2
inconsistent	2
incognita	2
improving	2
improved	2
impropriety	2
imprisoned	2
impetuous	2
immense	2
image	2
iiim	2
igo	2
i\iiss	2
hythe	2
hurt	2
hundred	2
humility	2
hue	2
hill	2
hesitate	2
hero	2
hen	2
heir	2
heavens	2
harmony	2
hardy	2
hard	2
happiest	2
hanging	2
hambieton	2
habitation	2
guilty	2
guessed	2
growing	2
group	2
greatcoat	2
gratifying	2
graceful	2
golden	2
gold	2
glided	2
glance	2
gives	2
giddy	2
gentle	2
generous	2
gathering	2
gambling	2
gained	2
gaiety	2
future	2
fur	2
fro	2
frivolous	2
frightened	2
free	2
france	2
forward	2
forth	2
forsaken	2
forming	2
formed	2
foregoing	2
forced	2
force	2
forbear	2
footman	2
foot	2
follow	2
foi	2
fled	2
flaxen	2
flatter	2
fitted	2
fits	2
firm	2
finest	2
filling	2
fill	2
fifty	2
fie	2
fervour	2
fearing	2
fatigue	2
fate	2
fastidious	2
farewell	2
famely	2
fall	2
fainting	2
faded	2
fact	2
facilitate	2
extorted	2
extent	2
expressed	2
explaining	2
explained	2
exist	2
exercise	2
excuse	2
examining	2
ex	2
eve	2
estate	2
established	2
error	2
enviable	2
enthusiastic	2
entering	2
enter	2
english	2
england	2
engagement	2
enemies	2
enchanted	2
enabled	2
ell	2
elegantly	2
elegant	2
elder	2
elapse	2
eighteen	2
effects	2
earnest	2
eagerly	2
dropping	2
dressing	2
dreams	2
draughts	2
dr	2
doorway	2
doors	2
dog	2
distress	2
distinguished	2
dissipation	2
dissent	2
disrespect	2
disposition	2
dispose	2
displeasure	2
disobedience	2
disgusted	2
disgust	2
disguise	2
discovered	2
discourse	2
discharged	2
disappointments	2
disagreeable	2
disadvantages	2
direction	2
direct	2
dining	2
dignity	2
difficulty	2
difficult	2
differently	2
difference	2
diamond	2
devoted	2
devonshire	2
destiny	2
desired	2
deprived	2
depravity	2
depend	2
delight	2
deep	2
decorated	2
declined	2
death	2
de	2
daughters	2
daring	2
cut	2
custom	2
curiosity	2
cruel	2
crimson	2
cousin	2
courtesy	2
courtesied	2
course	2
couldn't	2
cottagers	2
correspondence	2
coppice	2
coolly	2
convulsed	2
convinced	2
conveying	2
contriving	2
contentment	2
contemplating	2
constitution	2
constituted	2
constantly	2
constancy	2
consider	2
consent	2
connected	2
congratulating	2
congratulated	2
conform	2
confiding	2
confidence	2
concluded	2
concerning	2
concerned	2
complete	2
compassionate	2
compassion	2
comparison	2
companions	2
commanding	2
comedy	2
colouring	2
coloured	2
coi	2
coat	2
coach	2
clown	2
cloak	2
clieerful	2
clear	2
city	2
circumstances	2
circle	2
choose	2
cherished	2
cheerfully	2
chatted	2
chat	2
characters	2
changed	2
chairs	2
ceremonies	2
catching	2
casting	2
caressed	2
calm	2
busily	2
burning	2
burn	2
burden	2
built	2
brow	2
breeze	2
breathing	2
breathed	2
break	2
boys	2
boy	2
bowing	2
bow	2
bore	2
bodies	2
blooming	2
bloom	2
blame	2
biscuits	2
bis	2
bird	2
bidder	2
bible	2
bewitching	2
bestowed	2
bestow	2
besides	2
benign	2
benefit	2
bells	2
belle	2
behave	2
becomes	2
batil	2
bat	2
band	2
bag	2
axe	2
avoid	2
authors	2
authority	2
aud	2
attentive	2
attending	2
attained	2
attacks	2
attach	2
association	2
associates	2
associated	2
assistance	2
around	2
ard	2
arcadian	2
approach	2
application	2
applauded	2
apartment	2
anxious	2
anxieties	2
antiquity	2
angel	2
amuse	2
amongst	2
among	2
amiability	2
ami	2
almighty	2
allusion	2
alive	2
alaybury	2
airs	2
aim	2
agitation	2
agent	2
afternoon	2
afraid	2
affectionate	2
adventure	2
advantage	2
advanced	2
adrians	2
adoption	2
adopted	2
admiration	2
adieu	2
acts	2
acquaint	2
ace	2
accidentally	2
accepting	2
accept	2
abigail	2
aad	2
^vill	2
^,	2
?,	2
?*'	2
?'	2
>	2
7iever	2
/,	2
.'"	2
.'	2
*',	2
'.	2
',	2
!"'	2
♦hut	1
■■	1
■mrs	1
■her	1
■h'hile	1
■a	1
■\iaybury	1
€ver	1
€ivc	1
•tlic	1
•their	1
•the	1
•on	1
•miss	1
•heiress	1
•*'	1
».'«	1
»-	1
«•	1
«/rcv/y	1
«	1
}}	1
}'	1
|arabicprice|	1
|arabic4digit|	1
{	1
zveakest	1
zealous	1
zcool	1
z\t	1
youngest	1
yonr	1
yoli	1
yoa	1
ynany	1
yiest	1
yield	1
yesterday	1
yelloxv	1
yellcrw	1
ycur	1
ycu	1
yawned	1
xveacer	1
xt	1
xpccted	1
xctllcnt	1
xcry	1
xcearing	1
xc'dl	1
xanished	1
x)ccasionally	1
wy	1
wxll	1
wtxter	1
wtnter	1
wry	1
wrxter	1
wrxteit	1
writer	1
writ	1
wringing	1
wretelied	1
wretched	1
wreath	1
wrapping	1
wrapped	1
wouldn't	1
wouldbe	1
woukl^	1
wouhl	1
worths	1
wort	1
worst	1
worse	1
worn	1
worked	1
wood	1
wont	1
woi^	1
woi	1
woe	1
wo	1
wlxtttl	1
wlxttlt	1
wlxtlr.r	1
wltli	1
wlntell	1
wlio	1
wliieh	1
wliatt	1
wl.vter	1
wl!cter	1
wjxtlh	1
wjiat	1
wjhich	1
wiyxee	1
wixtkr	1
wixti	1
wixteh	1
witn	1
witl\	1
witl	1
withdrew	1
witching	1
wiser	1
wisely	1
wisdom	1
wiping	1
wiof	1
wintlk	1
wintku	1
wintkr	1
winti	1
wintek	1
winning	1
winey	1
window	1
wind	1
wince	1
win'teh	1
wimlr	1
willi	1
wildair	1
wild	1
wikttk	1
wiiii	1
wigs	1
wig	1
wide	1
whys	1
who'll	1
whitened	1
whistling	1
whether	1
wh6	1
weue	1
well-meaning	1
well-known	1
welfare	1
welcome	1
weekly	1
week	1
weather	1
weary	1
wears	1
wear	1
wealth	1
weak	1
wdiich	1
wbo	1
wbich	1
waves	1
waved	1
watts	1
watery	1
waters	1
watchman	1
watchm	1
watching	1
watchfully	1
watched	1
waste	1
wasn't	1
was'nt	1
wary	1
warnings	1
warning	1
warndy	1
warmth	1
warmest	1
wardrobe	1
ward	1
wanted	1
want	1
wandering	1
wandered	1
walnuts	1
wall	1
wake	1
wainscot	1
w^re	1
vvorthy	1
vvill	1
vvhen	1
vv^as	1
vulgarisms	1
vulgar	1
vul	1
vs	1
vralked	1
vox	1
vor	1
voluptuary	1
voluntarily	1
volatility	1
volatile	1
vociferous	1
vociferation	1
vmrler	1
vliich	1
vl	1
viz	1
vivid	1
vivacious	1
visitor	1
visited	1
vision	1
visible	1
viscounts	1
virtuous	1
vio	1
vindication	1
villers	1
villain	1
vigorous	1
vigilantly	1
vie	1
vicar	1
vhicli	1
vhedience	1
vet	1
verse	1
versatile	1
verj/	1
verdure	1
ver	1
venus	1
vengeance	1
venerable	1
vember	1
vehemence	1
vaunting	1
vatcli	1
vastly	1
vast	1
varying	1
variety	1
variance	1
var	1
vapours	1
valuable	1
valley	1
vak	1
vainly	1
v^ry	1
v^	1
v'lxter	1
v'ho	1
uvin^	1
utterly	1
usurped	1
usually	1
using	1
uselessly	1
useless	1
usefulness	1
use	1
urged	1
ure	1
upstairs	1
upright	1
upoii	1
up'iift	1
uould	1
unwillingly	1
unwearied	1
unusual	1
untying	1
unsuspecting	1
unsullied	1
unsubdued	1
unsheltered	1
unseen	1
unrobe	1
unrefretjhing	1
unprepossessing	1
unpowder^d	1
unostentatious	1
unobserved	1
unmindful	1
unmercifully	1
unmerciful	1
unlucky	1
unlit	1
unlikely	1
unlieeded	1
unlawful	1
unknown	1
universally	1
united	1
unite	1
union	1
uninteresting	1
uninterested	1
unincumbered	1
unheard	1
unhappiness	1
ungallant	1
unfortunate	1
unfit	1
unexpected	1
unenvied	1
uneasiness	1
une	1
undue	1
undoubtedly	1
undisputed	1
undermine	1
undergo	1
undaunt	1
und	1
uncommonly	1
uncomforlable	1
unclouded	1
unbending	1
unbeliever	1
unbearable	1
unalloyed	1
unaided	1
unaffected	1
unacquainted	1
unaccompanied	1
un	1
ultimate	1
uithin	1
uith	1
uije	1
uiine	1
uii	1
uient	1
ui	1
uho	1
uhile	1
ual'u	1
u'ho	1
t}k)ught	1
ty	1
txtich	1
twill	1
twenty-seventh	1
twentieth	1
tvlm^e	1
tvhose	1
tve	1
tutored	1
tut	1
turnirrg	1
turnino	1
turmoil	1
tue	1
tu^r	1
trying	1
truly	1
troue	1
trouble	1
trotted	1
trod	1
triumpli	1
trifles	1
tridges	1
trial	1
tresses	1
treritv	1
trento	1
tremor	1
tremely	1
trembling	1
treasure	1
tread	1
traversing	1
travelled	1
transition	1
tranquilly	1
tram	1
traits	1
train	1
traffic	1
tour	1
touch	1
tother	1
tossed	1
torn	1
tor	1
tongue	1
tones	1
tomboy	1
token	1
toilette	1
toil	1
tnt	1
tn&cywlth	1
tmo	1
tl}ey	1
tlve	1
tlip	1
tlifetre	1
tlieie	1
tlie	1
tlid	1
tlicrefore	1
tlicre	1
tlicn	1
tlici^e	1
tli^	1
tlfis	1
tlemand	1
tlcy	1
tlatterei	1
tl>e	1
tl)cy	1
tl	1
tkcrey	1
tjie	1
tj^rference	1
tittering	1
titles	1
titled	1
tite	1
tit	1
tisn't	1
tirm	1
tired	1
tippy	1
tion	1
tints	1
tint	1
tinique	1
tinged	1
tinge	1
tinctured	1
times	1
timed	1
tij	1
tighjiy	1
ties	1
tieman	1
tied	1
tie	1
tidings	1
tide	1
ticket	1
tiara	1
th€	1
thwarting	1
thunderstruck	1
throuo	1
throng	1
thriving	1
threw	1
thresliold	1
thp	1
thouo	1
thouight	1
thougiit	1
thorny	1
thongfit	1
thoiii^ht	1
tho.^e	1
thirst	1
third	1
thinned	1
thinksy	1
thinir	1
thickets	1
thickened	1
thi^t	1
thi*	1
thh	1
they've	1
therr	1
thereby	1
thera	1
theliigureof	1
thehfe	1
thee	1
the].t	1
thcui	1
thcu	1
thatnisht	1
thatik	1
thatched	1
thankful	1
thait	1
thafs	1
tfiith	1
texts	1
text	1
test	1
terp	1
termed	1
term	1
teresting	1
ter	1
tepugnance	1
tenderness	1
tenderest	1
tended	1
ten	1
tems.^	1
tempted	1
tempestuous	1
tells	1
tele	1
teh	1
tege	1
teeth	1
teases	1
tbc	1
taught	1
tations	1
taring	1
tare	1
taper	1
tancinii	1
tally	1
talent	1
talc	1
tagcous	1
tabli/	1
ta	1
t])c	1
t'micnt	1
t'4	1
symphony	1
sympathy	1
symmetry	1
sylvan	1
sycophants	1
swora	1
swell	1
sweetness	1
sweetest	1
swains	1
susceptibility	1
surprisingly	1
surface	1
supreme	1
suppressed	1
supply	1
supplied	1
supped	1
superseded	1
superiority	1
superficial	1
summoned	1
summon	1
summit	1
sultry	1
suited	1
suiflfcd	1
suflfocation	1
suffrage	1
suffers	1
sufferings	1
suffering	1
sufferer	1
sue	1
succour	1
successive	1
success	1
succeed	1
substantial	1
subsequent	1
subscriptions	1
sublimely	1
subdued	1
style	1
stupid	1
studious	1
structures	1
strings	1
string	1
striking	1
striding	1
strictly	1
stretched	1
strengthening	1
strayed	1
stratagem	1
strangers	1
straining	1
stormy	1
storm	1
stooped	1
stole	1
stockings	1
stocking	1
stock	1
sto	1
stnpid	1
sting	1
stimulus	1
stiffness	1
stiff	1
sternness	1
sterling	1
stepped	1
steals	1
steadiness	1
stature	1
statue	1
stationary	1
stately	1
staring	1
starer	1
standard	1
stamping	1
stamp	1
staid	1
stab	1
srixter	1
sr	1
squeeze	1
squanderation	1
sprung	1
springs	1
springing	1
sprightliness	1
sprigged	1
spreading	1
sportsmen	1
sportive	1
sport	1
spontaneously	1
splendour	1
splendid	1
spite	1
spirited	1
spire	1
spiral	1
sphere	1
speed	1
speeches	1
spee<lily	1
speculating	1
spectator	1
spectacle	1
speck	1
specious	1
speaketh	1
speaker	1
sparred	1
sparkled	1
spare	1
space	1
sown	1
south	1
sourest	1
soured	1
source	1
sought	1
sot	1
sorrows	1
sorrowful	1
sophisticated	1
sophisms	1
sopha	1
sons	1
sonietink	1
soliloquised	1
solicitous	1
sole	1
soldier	1
sold	1
softness	1
softly	1
social	1
sobs	1
sobbing	1
sob	1
so<)t]iing	1
snugly	1
snow	1
snatched	1
snares	1
smote	1
smoke	1
smiles	1
smatterer	1
small	1
sly	1
slow	1
slioidd	1
slightly	1
slight	1
slaves	1
sl^fims/i	1
sl)e	1
sky	1
sketches	1
skeleton	1
sjoinsc	1
sjie	1
sizes	1
sized	1
situations	1
situated	1
sit	1
sisters	1
sion	1
sinking	1
sink	1
sing	1
sincerity	1
sincerely	1
simpering	1
similar	1
silencing	1
sikent	1
siie	1
significantly	1
signal	1
sign	1
sighteid	1
sighing	1
sided	1
sid	1
sickness	1
sick	1
shutters	1
shudder	1
shrunk	1
shp	1
showing	1
showed	1
shoukl	1
shortened	1
shore	1
shops	1
shone	1
shock	1
ship	1
shines	1
shilling	1
shields	1
sheltered	1
shelf	1
shed	1
sheave	1
shearer	1
shcersand	1
share	1
shape	1
shamefully	1
shame	1
shadow	1
shades	1
shaded	1
shade	1
sh	1
severity	1
severely	1
seventeen	1
settlement	1
settle	1
settee	1
ses	1
serve	1
sermons	1
sermon	1
sergeant	1
sequestration	1
sequel	1
september	1
separation	1
sentinel	1
sentime72ts	1
senses	1
sensations	1
seniority	1
sends	1
sending	1
selwyu	1
sell	1
selfish	1
self-love	1
sel	1
seiblt	1
sees	1
seeiaed	1
seehig	1
seducing	1
seduces	1
sedans	1
security	1
secure	1
secui^e	1
seclusion	1
secluded	1
seating	1
seated	1
seasons	1
search	1
seam	1
sea-beach	1
se\ere	1
scttlin	1
scrutiny	1
scrupulousy?v/^//^	1
scripture	1
screaming	1
scorching	1
sclwyn's.*	1
scjuire	1
sci	1
schvyns	1
schoolfellows	1
sceues	1
scenery	1
sbught	1
saving	1
sav	1
satellites	1
sarmon	1
sarcastic	1
sarcasms	1
sapient	1
sap	1
sanguinary	1
sane	1
sandwiches	1
sanction	1
salutation	1
salidiurij	1
saicl	1
sai4	1
sackhack	1
sackback	1
saccess	1
s^race	1
s>hc	1
ry	1
rx	1
rustic	1
rust	1
ruminations	1
rumination	1
ruling	1
ruinous	1
ruined	1
ruination	1
ruffled	1
rubies	1
rub	1
rtune	1
rs	1
rr/o«7w^	1
rpad	1
roys	1
rout	1
roughly	1
rough	1
rou^h	1
rotation	1
roomy	1
rooms	1
roof	1
rolling	1
roll	1
roine	1
roger	1
robust	1
robbed	1
road	1
rlana	1
rl	1
rjiss	1
ritjk	1
rising	1
risibility	1
risen	1
ripen	1
ringing	1
ring	1
rigid	1
rieh	1
ridiculousness	1
ridicule	1
ridi	1
ribbons	1
revolved	1
revive	1
reverie	1
reverently	1
reverence	1
rever	1
revels	1
revealed	1
returns	1
returning	1
retrospection	1
retract	1
retrace	1
retorted	1
retard	1
retained	1
resumed	1
restrain	1
restless	1
respiration	1
respectfulness	1
respected	1
resource	1
resort	1
resolving	1
resisting	1
resisted	1
resist	1
resignation	1
residue	1
residing	1
reserved	1
reserve	1
resent	1
resembled	1
researches	1
rer	1
requited	1
requisites	1
requisite	1
requires	1
requested	1
reputable	1
repossessing	1
repose	1
replacing	1
replace	1
repetition	1
repent	1
repelled	1
repeats	1
repeating	1
repci\t	1
repays	1
renowned	1
renew	1
render	1
rend	1
remount	1
remotest	1
reminds	1
reminded	1
remembers	1
remembering	1
remembered	1
remarked	1
remain	1
reluctance	1
relieved	1
relieve	1
released	1
release	1
reinstate	1
reins	1
reined	1
reigned	1
regulated	1
regularity	1
regrets	1
register	1
regained	1
refund	1
refulgence	1
refrain	1
refmed	1
reflections	1
referred	1
reeling	1
reduce	1
redoubtable	1
red	1
recurred	1
recruit	1
recovering	1
recovered	1
recourse	1
recommended	1
recommend	1
recollect	1
recol'e^	1
recoiled	1
recognition	1
recognises	1
reciter	1
recesses	1
recess	1
receiving	1
receding	1
rebel	1
realms	1
realised	1
reaily	1
ready	1
re.^ard	1
rclin	1
rattling	1
rattle	1
rational	1
ration	1
rassing	1
rapture	1
ranks	1
ranger	1
rang	1
rambluig	1
ramble	1
rallying	1
raising	1
raisin	1
raise	1
rainbow	1
rage	1
quote	1
quotations	1
quizzed	1
quitd	1
quickness	1
qufshed	1
questionable	1
quest	1
quence	1
queerly	1
quarter	1
quantity	1
qualified	1
qual	1
quaint.iiice	1
pya	1
puzzles	1
puzzled	1
putthig	1
pushing	1
pursuits	1
purse	1
purposely	1
purity	1
pure	1
purcliaser	1
purchasing	1
pur	1
punctual	1
pudiuuo	1
prudence	1
provoking	1
provided	1
provide	1
proves	1
proverbs	1
proudly	1
protruding	1
protested	1
protest	1
protector	1
prostitution	1
prospered	1
prospect	1
prosecution	1
proportion	1
propitious	1
propensity	1
propensities	1
proofs	1
promoter	1
promises	1
promise	1
promiscuously	1
prominent	1
prohibition	1
prohibiting	1
profuse	1
profitable	1
profit	1
proffered	1
profession	1
prof	1
produce	1
procure	1
proclaim	1
proceeds	1
proceechng	1
probation	1
probablyj	1
probable	1
pro	1
prize	1
prisoner	1
priority	1
printed	1
priniary	1
principle	1
prim	1
price	1
prey	1
prevent	1
prevail	1
pretend	1
pressure	1
pressing	1
presiding	1
presided	1
presenting	1
presage	1
prepossessing	1
prejudiced	1
prejudice	1
prefers	1
preference	1
prefer	1
prefei\go	1
predictions	1
precise	1
precedence	1
preached	1
praiseworthy	1
praises	1
prafessions	1
practises	1
powers	1
powerful	1
pouring	1
poured	1
pounds	1
pouitrayed	1
postponed	1
postpone	1
postilions	1
possibility	1
possessions	1
possessing	1
portrait	1
portion	1
popular	1
pondencies	1
polilcs^c^	1
pole	1
poignant	1
poetry	1
poetical	1
poet	1
plutus	1
plumped	1
ployed	1
plodding	1
plenty	1
plenitude	1
pleasantest	1
playing	1
playhouse	1
planning	1
planned	1
planet	1
plaee	1
placing	1
placid	1
pk^	1
pitcher	1
pinning	1
pilot	1
pillow	1
pillar	1
piipa	1
piercing	1
pierce	1
pie	1
picture	1
picked	1
physician	1
peur	1
petty	1
pets	1
petrifies	1
perused	1
persuasive	1
persuading	1
personate	1
personal	1
permission	1
peril	1
performing	1
performer	1
performed	1
performances	1
performance	1
perforincd	1
perfection	1
peremptorily	1
pensively	1
pensive	1
peniberton	1
pembertoiis	1
pembcrt	1
pemb6rton	1
peeped	1
peep	1
peculiarity	1
peculiarities	1
peculiar	1
pebbly	1
pearl	1
peals	1
peal	1
pco{>le	1
pays	1
paver	1
paved	1
patroness	1
patient	1
pathos	1
patched	1
pastoral	1
past	1
passport	1
passionate	1
passer	1
pass	1
particular	1
participate	1
partiality	1
parted	1
partavith	1
parsons	1
parson	1
parrots	1
parisian	1
parishioners	1
parenthesis	1
pardan	1
papering	1
paper	1
pany	1
panted	1
pang	1
pait	1
pair	1
painting	1
paint	1
pains	1
pahner	1
page	1
pacing	1
pace	1
p\irsuit	1
p07'tation	1
oxvn	1
owu	1
owing	1
owes	1
ow	1
overwhelm	1
overtaking	1
overlooking	1
overlooked	1
overlook	1
overhear	1
overhang	1
overcome	1
outree	1
outrageous	1
outlandish	1
ourselves	1
oured	1
ou	1
otiicr	1
otherwise	1
otf	1
ot	1
orr	1
ornamented	1
original	1
origin	1
orgies	1
orange	1
opt	1
oppressive	1
opposite	1
operated	1
opera	1
oood	1
ood	1
olter	1
okl	1
oil	1
oifer	1
oifend	1
oif	1
oie	1
ohiique	1
ohhquely	1
oftlie	1
ofr	1
ofiiccs	1
ofhce	1
officiously	1
offices	1
offhand	1
offering	1
oddity	1
oddities	1
odd	1
october	1
occur	1
occupation	1
obvious	1
obtained	1
obtain	1
obstacle	1
obsolete	1
observation	1
oblisred	1
obligations	1
objectionable	1
oats	1
oaks	1
oakleys	1
oak	1
oa	1
o'clock	1
ny	1
nvixter	1
nurtured	1
nursling	1
nursing	1
nuptials	1
numerous	1
numbers	1
number	1
nuisl	1
nuisie	1
nuich	1
ns	1
nrincis	1
np	1
novices	1
nourishment	1
notu^ithstanding	1
notoriety	1
northeast	1
noon	1
nook	1
nondescript	1
non	1
noisy	1
noise	1
noddle	1
nodding	1
nodded	1
nobs	1
nnucd	1
nnmner	1
nndcserving	1
nn	1
niucli	1
niou	1
nineteen	1
nine	1
niiglit	1
niia	1
nigutf	1
nights	1
nientofit	1
nient	1
niel	1
niece	1
nicely	1
nice	1
niana^uvrc	1
niaklng	1
niach	1
newspaper	1
news	1
newborn	1
new	1
nevermore	1
nets	1
nether	1
nestly	1
nervous	1
nerves	1
neighbouring	1
neigh	1
neglect	1
negative	1
neficial	1
needn't	1
needle	1
neat	1
nd	1
ncss	1
nay	1
naw	1
naturally	1
native	1
nat	1
nasculine	1
narration	1
narmth	1
names	1
nalomij	1
naivette	1
naivete	1
nab	1
na	1
n^anor	1
n.uch	1
mylord	1
mycur	1
myapo	1
mw^t	1
mutually	1
mute	1
mut	1
mussulmen	1
musing	1
musical	1
mum	1
multiforiii	1
mttn	1
mrisl	1
movirfgy	1
movedby	1
move	1
mouth	1
mountains	1
mount	1
moulded	1
mould	1
motto	1
motkst	1
motives	1
mothers	1
mortification	1
morthy	1
morals	1
morality	1
moralist	1
moorlands	1
moons	1
monitor	1
moments	1
molested	1
modesty	1
modestly	1
moderate	1
mockery	1
mo	1
mixing	1
misunderstand	1
missf	1
misses	1
misery	1
misconstrued	1
mirtli	1
mirth	1
mirror	1
minutes	1
minudt	1
minter	1
mino'lino	1
ministers	1
minister	1
mimer	1
milliners	1
milliner	1
milli	1
mild	1
milady	1
miiybury	1
mien	1
midnight	1
middle	1
mi	1
mhs	1
mhom	1
mho	1
metropolis	1
methods	1
methodical	1
method	1
metaniorpliosed	1
message	1
merry	1
mercy	1
mercies	1
mer	1
mention	1
mentally	1
melting	1
mellow	1
meetino	1
meek	1
medicis	1
medicine	1
meanwhile	1
meantime	1
meanino	1
meandering	1
meals	1
meadow	1
mea	1
mct^	1
mcj	1
mcanintr	1
mbs	1
maze	1
maybury^	1
mayburv	1
maybur\^	1
maybuiy	1
maybnry	1
maybiuy	1
maybiiry	1
maybiary	1
maxims	1
maugre	1
matrimony	1
matrimonial	1
materials	1
match	1
mass	1
marybury	1
marrying	1
marry	1
marriao	1
marriages	1
marking	1
marched	1
marble	1
mantua	1
manslaughter	1
management	1
managed	1
manage	1
malady	1
makers	1
maker	1
majesty	1
maintained	1
maid	1
mahomet	1
macl/i/	1
macbeth	1
ma'am	1
ma	1
m^hich	1
m^armth	1
m'ish	1
m'hile	1
m'hich	1
m'hen	1
m'as	1
luxury	1
lut	1
lurking	1
lured	1
luisband	1
luis	1
luimouredly	1
luiiy	1
lucky	1
luck	1
ls	1
lozenges	1
lows	1
lowing	1
lowed	1
lovers	1
lour	1
loudly	1
loud	1
loth	1
losing	1
lordsjiip	1
lordmaybury	1
lope	1
loosen	1
loosely	1
lonl	1
loiie	1
logy	1
lofty	1
locking	1
loaf	1
lness	1
ln	1
llanibleton	1
llangnic	1
ll	1
liveliness	1
liveliest	1
liurried	1
literally	1
literal	1
litde	1
lit	1
listens	1
lip	1
liow	1
liouse	1
links	1
linear	1
lind	1
limb	1
lilvunj	1
lilt	1
likenesses	1
likeness	1
liinted	1
liini	1
liiiii/	1
liigh	1
liich	1
lightest	1
lighter	1
lighted	1
liess	1
lieroine	1
lieraunt	1
licks	1
licentious	1
libert	1
liberal	1
liavtley	1
lias^tiiy	1
liana	1
lialf	1
lial	1
letting	1
letitia	1
lessons	1
lessened	1
lengthened	1
lences	1
legal	1
leathern	1
leapt	1
leaning	1
leaned	1
leads	1
lea	1
ld	1
lcariii	1
lazy	1
laying	1
laxly	1
lavishing	1
lauo	1
laughter	1
laughs	1
laughingly	1
latish	1
latiics	1
lath	1
latfyship	1
later	1
latch	1
lartley	1
lark	1
larger	1
landed	1
lamentations	1
laird	1
laing	1
lain	1
ladles	1
laden	1
lacs	1
laclies	1
la<ly	1
la	1
l^s	1
l^pon	1
l^ehaviour	1
l>er	1
l)er	1
k€poicalli/	1
knoxv	1
knows	1
knowledi^e	1
knowing	1
knot	1
knoll	1
knocks	1
knocking	1
knocked	1
knitting	1
knights	1
knee	1
kment	1
kissed	1
kindly	1
kindled	1
kidy	1
keys	1
key	1
kennel	1
ken	1
keeper	1
ke	1
kandker	1
k/wza	1
j«tellation	1
jxspectable	1
jvlartha	1
jviw	1
justice	1
jupiter	1
junior	1
judged	1
jsaid	1
js	1
jriefid	1
joyless	1
jove	1
journied	1
jostling	1
joinetl	1
jogging	1
jogged	1
jnliss	1
jnir	1
jniiss	1
jniaybury	1
jniaclam	1
jlvestless	1
jlii/	1
jirk	1
jingo	1
jiis	1
jii	1
jiearted	1
jiealthful	1
ji	1
jet	1
jessamine	1
jehu	1
jartha	1
jammed	1
james	1
jaear	1
j\jrs	1
j\irs	1
j\ir	1
j\iaria	1
j\driana	1
j)a\\%ons	1
j'oiin	1
i»irs	1
iybury	1
ix>rd	1
ivom	1
ivlaybury	1
ivir	1
iviaria	1
ive	1
iutimacy	1
iust	1
iuons	1
itl	1
itisahsard	1
itice	1
iter	1
italianize	1
it\y	1
isure	1
istlk	1
ist	1
isolated	1
isn't	1
ishdid	1
irresistible	1
iron	1
iro	1
irish	1
iriilated	1
irer	1
ipparent	1
iound	1
iooki	1
ion	1
inward	1
involvcf	1
invisible	1
invasion	1
invariably	1
invalid	1
inured	1
intuitive	1
intruding	1
intruders	1
introthice	1
introducing	1
introduces	1
intro	1
intimidate	1
intimacy	1
inti	1
intervals	1
interrupting	1
interpret	1
interposing	1
intercstins	1
intention	1
intemperate	1
intemperance	1
intellect	1
integrity	1
insult	1
instructive	1
instru	1
instinctive	1
instant	1
inspire	1
insjt	1
ins	1
inr	1
inquest	1
inotlon	1
ino	1
innocent	1
inn	1
inmost	1
inmate	1
inlaybary	1
injustice	1
injured	1
init	1
inirs	1
inimical	1
inheriting	1
inherent	1
ingyoimgstersinthecradle	1
ingratitude	1
ingin	1
infliienceofexample	1
infidel	1
infernal	1
infatuation	1
infatuated	1
infant	1
inexpressible	1
inerry	1
inebriated	1
industrious	1
inducement	1
indt^ed	1
indt	1
indispensable	1
indirectly	1
indignation	1
indignant	1
india	1
independent	1
indelicacy	1
indelible	1
indee	1
incurred	1
increased	1
increase	1
incrcchble	1
incoonita	1
inconstancy	1
incongruous	1
incon	1
incompatible	1
inclination	1
inckedj	1
incitement	1
incessantly	1
incapable	1
incalculable	1
imy	1
imrs	1
imr	1
impute	1
improper	1
impressions	1
impress	1
importation	1
implicit	1
impervious	1
imperiously	1
imluckily	1
imitator	1
imitating	1
imitated	1
imie	1
imicd	1
imean	1
imd	1
imagining	1
imaging	1
illegal	1
ilimiblcton	1
ilia	1
ili	1
ilfully	1
ile	1
ilcd	1
ilath	1
ilart^	1
ilanibleton	1
ilanible	1
ilaa'bury	1
ik^ally	1
ik	1
ijou	1
iistake	1
iiss	1
iiow	1
iiocent	1
iinfrequent	1
iil	1
iikeness	1
iiiy	1
iiiv	1
iiitentions	1
iiill	1
iiic	1
iifth	1
iier	1
iieiglibouring	1
iiaturedly	1
iiartlc\	1
ihrn/^	1
ihow	1
ignus	1
ignorance	1
igl	1
ifsobcasthey	1
ieek	1
idolised	1
ider	1
ideas	1
ideal	1
id	1
icsideuce	1
icnew	1
icicle	1
ice	1
ibreniost	1
ib6	1
iaventive	1
i^ykes	1
i^tfong	1
i^rd	1
i^idy	1
i^esolved	1
i^ard	1
i\om	1
i\liss	1
i\j.r	1
i\irs	1
i\ir	1
i\iay	1
i>a\rsoii	1
i3atii	1
i3	1
i've	1
i'uliy	1
hysteric	1
hyper	1
huts	1
husbands	1
hung	1
hundreds	1
humour	1
humorous	1
humblest	1
humanity	1
hum	1
hujnoured	1
hud	1
htroicallii	1
htlv	1
housewife	1
hounds	1
hospital	1
horses	1
horrific	1
horrid	1
hopeful	1
hop	1
hoop	1
hook	1
honours	1
honoured	1
homeward	1
homage	1
holy	1
hoiscs/	1
ho	1
hnrcourt	1
hkcd	1
hisj	1
hire	1
hips	1
hints	1
him'kh	1
hile	1
hil	1
highland	1
higher	1
hide	1
hey	1
heur	1
hetter	1
hesitated	1
herynittss	1
hers	1
herjdro	1
heri	1
heretofore	1
herberts	1
henny	1
helles	1
hej	1
heinous	1
heights	1
heightened	1
height	1
heigho	1
hef	1
heen	1
heels	1
heedless	1
hee	1
hedger	1
hedge	1
heavy	1
heaving	1
heavenly	1
heath	1
hearts	1
hearths	1
healrh	1
heafool	1
heads	1
heading	1
headache	1
he\s	1
hcnf	1
hcf	1
hcca	1
hbn	1
hazard	1
haying	1
haws	1
haviour	1
have'nt	1
hava	1
hauteur	1
hate	1
hase	1
hartleys	1
hart	1
harry	1
harpsichord	1
harmonious	1
harm	1
hardihood	1
harcourt	1
harassed	1
harangue	1
happily	1
happi	1
happens	1
happen	1
hao	1
hant	1
hanibleton	1
hangs	1
hang	1
handed	1
hanc	1
han.bleton	1
hamper	1
hamlet	1
hamble	1
ham	1
halls	1
halloed	1
hal	1
haiuu	1
hails	1
hail	1
haggard	1
hae	1
hadn't	1
habitual	1
habit	1
habbtrgasted	1
ha	1
gutter	1
guinea	1
guileless	1
guests	1
guardian	1
groups	1
grounds	1
gross	1
groaning	1
gripe	1
grinning	1
grinned	1
grey	1
greece	1
greea	1
grecian	1
greater	1
grea^	1
gravely	1
gratitude	1
gratiticatlons	1
gratifications	1
gratification	1
grati	1
grasped	1
grasp	1
grant	1
grandmother	1
grandmamma	1
gp	1
gossipping	1
gossip	1
goodnesss	1
good-humoured	1
goo	1
gomi	1
gome	1
goes	1
gloves	1
gloomy	1
gloom	1
glancing	1
glanced	1
glanc*	1
girt	1
girls	1
gill	1
gift	1
ghoulder	1
gh	1
getting	1
gestures	1
george	1
gentlen^an	1
gentility	1
genteel	1
genius	1
genilennin	1
general^h.ip	1
genealogies	1
gen	1
gayest	1
gatkering	1
gathered	1
garter	1
garrulous	1
garment	1
garden	1
game	1
gallopping	1
gallantly	1
gallant	1
gain	1
gaily	1
gaiity	1
gafler	1
futurity	1
fuss	1
furzy	1
furze	1
furniture	1
fun	1
fully	1
fullest	1
fsi	1
frtmi	1
frowns	1
frowning	1
fromahard	1
froicl	1
frith	1
frights	1
frightful	1
frequented	1
frequent	1
freer	1
frcrn	1
fraught	1
fraud	1
frames	1
frame	1
frailty	1
fracture	1
founded	1
foruier	1
forty	1
fortunately	1
forsook	1
forsake	1
forms	1
forlorn	1
forgiven	1
foremost	1
foreign	1
forehead	1
forego	1
forebodings	1
forcing	1
forbore	1
forbidding	1
forbade	1
foppery	1
footed	1
fools	1
foolish	1
fool	1
folly	1
followers	1
follies	1
folio	1
foliage	1
folded	1
foiget	1
focus	1
fm	1
fly	1
flood	1
flinging	1
flevr	1
fleeting	1
fleet	1
flattery	1
flattered	1
flashy	1
flapped	1
fjlbwed	1
fixing	1
fish	1
firmly	1
firmest	1
finish	1
finery	1
findings	1
finding	1
filial	1
fiist	1
figuring	1
fier	1
field	1
ficd	1
fi^^q	1
fevered	1
feto	1
fete	1
ferxnours	1
fervently	1
fero	1
fencj	1
feminine	1
females	1
felled	1
felicity	1
feelino	1
fearr	1
fea7\	1
fcelino	1
favours	1
favourable	1
favour	1
faultless	1
fault	1
fatuus	1
fathers	1
fatality	1
fastidiously	1
fasliionablcs	1
fasliion	1
fascinatins	1
fascinating	1
farthings	1
far-famed	1
fanning	1
fanda}}go\	1
fancying	1
fancied	1
fan	1
familiarised	1
familiar	1
fame	1
faltering	1
faltered	1
falsehood	1
fallowed	1
fallen	1
falkhind	1
falf	1
faintly	1
fain	1
failings	1
fai^	1
fading	1
faculty	1
faculties	1
facility	1
f^x	1
f^st	1
eyebrows	1
extricated	1
extreme	1
extieuiely	1
expresses	1
express	1
exposed	1
explicit	1
expire	1
expiate	1
experienced	1
expects	1
expectations	1
expectation	1
expccud	1
expcc^	1
exit	1
existence	1
existed	1
exhibition	1
exhibit	1
exerted	1
exercised	1
exemplify	1
exculpation	1
exculpate	1
exclusively	1
exclusive	1
exclude	1
exchanged	1
exceptions	1
excellent	1
excelled	1
exceeding	1
exceed	1
examples	1
examine	1
exaggeration	1
exaggerating	1
ewact	1
evxry	1
eves	1
evenincy	1
evej^y	1
eveiy	1
eveiir	1
evaporate	1
ev	1
eulogy	1
eternal	1
estimation	1
estimate	1
estates	1
establishment	1
establishing	1
esquire	1
esj>ecially	1
escorted	1
erred	1
errand	1
er	1
equipping	1
equipages	1
equally	1
eonunon	1
environs	1
entrusted	1
entreating	1
entreat	1
entirv.dy	1
enticeth	1
enthusiastically	1
enthusiast	1
enthusiasm	1
entertainments	1
entei*ed	1
enjoyments	1
enjoyment	1
enjoying	1
enjoy	1
enigmas	1
eniains	1
engrossed	1
engross	1
enervated	1
energy	1
enemy	1
enei	1
endurance	1
ends	1
encuni	1
encouraging	1
encourage	1
encliautment	1
enciuired	1
encircled	1
enchant	1
enchained	1
encfrcied	1
enables	1
enable	1
en)j)loyed	1
en({uiry	1
en	1
emtj)loyed	1
empress	1
employment	1
employed	1
emphaticallyy	1
emotions	1
eminent	1
emerged	1
embattled	1
embarrassment	1
embarrassed	1
embarked	1
eludes	1
eliza	1
elevated	1
election	1
elbows	1
elapsed	1
ej	1
eiichant	1
eight	1
ehaperons	1
efirontcry	1
effrontery	1
effofti5	1
een	1
eeiji.g	1
education	1
edifying	1
edge	1
ed	1
ecu	1
economy	1
economising	1
eclat	1
ecilia	1
ecf	1
eatino	1
eatii	1
eat	1
east	1
easier	1
earthquake	1
earthly	1
earth	1
ears	1
earnestly	1
earned	1
earls	1
eagerness	1
eager	1
eagdr	1
e^es	1
e\tr	1
dye	1
dwindled	1
dwellings	1
dwelling	1
dusk	1
dullest	1
dry	1
drown	1
dropprng	1
dropped	1
drop	1
drive	1
drinking	1
drinkers	1
drilling	1
drift	1
dressed	1
dreaded	1
drank	1
dramatists	1
drama	1
dp	1
downy	1
dovrager	1
doubts	1
doubtless	1
doubted	1
doth	1
dote	1
doomed	1
dont	1
domesticated	1
dogs	1
doesn't	1
doas	1
divinity	1
divine	1
divested	1
diverted	1
ditlerence	1
disturbs	1
distressed	1
distorted	1
distinguish	1
distinctions	1
distant	1
dissuade	1
disr	1
disposal	1
displeased	1
displayed	1
display	1
dispirited	1
disperse	1
dispensed	1
dispassionately	1
disordered	1
disorder	1
dismounted	1
dismount	1
dismissal	1
dismemberment	1
dismals	1
dismal	1
dislike	1
disi^usted	1
dishk^	1
dishevelled	1
disgraced	1
disgrace	1
discussion	1
discussing	1
discrimination	1
discriminating	1
discovery	1
discord	1
discomfited	1
disciple	1
discard	1
disapprobation	1
disappointed	1
disappeared	1
dis	1
dirty	1
directly	1
diough	1
dines	1
dined	1
diminished	1
dilated	1
differ	1
diey	1
diana	1
dialogue	1
di.c'iful	1
df	1
dexterity	1
dew	1
devout	1
devonsliire	1
devise	1
deviating	1
develop	1
determine	1
detained	1
detailed	1
destroyed	1
destined	1
dessert	1
despoiling	1
desires	1
desirable	1
designs	1
design	1
deserve	1
deserted	1
descriptions	1
description	1
described	1
descanta	1
derogatory	1
dered	1
depraved	1
depleted	1
depicted	1
depict	1
depends	1
departure	1
departed	1
depart	1
dence	1
demonstrated	1
demonstrable	1
demolition	1
demolish	1
demise	1
demand	1
deljcate	1
delivered	1
delightedly	1
delicate	1
delicacy	1
dejection	1
dehglit	1
degrees	1
degague	1
deformity	1
defied	1
deficient	1
deficiency	1
deferred	1
defend	1
defects	1
deeper	1
decorum	1
decorating	1
declare	1
declaration	1
decihie	1
decide	1
decent	1
decency	1
deceived	1
deceitful	1
debarred	1
dearly	1
dearest	1
dead	1
dcvclopement	1
dcvant	1
dclii^hted	1
dcarli/	1
dazvsorcs	1
dawsoa	1
dawscii	1
daw	1
dauson	1
dauntless	1
daunted	1
dauglitcr	1
dat	1
dashing	1
dartino	1
darning	1
darling	1
darkness	1
darken	1
daresay	1
dared	1
danic	1
dangers	1
dangerous	1
dane	1
damnahk	1
daily	1
daccd	1
da\vson	1
cuts	1
customs	1
cushion	1
curtesied	1
curious	1
cunning	1
cumberland	1
cultivated	1
cuk	1
cuitcd	1
cst	1
cruei	1
crowds	1
crowded	1
crossing	1
cross	1
crosby	1
critique	1
criticisms	1
critical	1
criterion	1
criminating	1
crimes	1
crest	1
credulity	1
credibility	1
creatures	1
creator	1
creatiu'cs	1
creased	1
crce	1
crams	1
crammed	1
cr	1
coyifessor	1
coxcomical	1
cowley	1
covets	1
coveted	1
covet	1
cover	1
courtship	1
courtly	1
courtesying	1
courted	1
courtcsying	1
courtall/	1
coursed	1
courier	1
courageously	1
courage	1
coura^fe	1
couplet	1
countless	1
countess	1
counter	1
countenances	1
count	1
counsellor	1
couldnt	1
coukl	1
coufi	1
couches	1
cotnpany	1
cosmetics	1
cosbys	1
corrupting	1
corrupted	1
correspond	1
corres^	1
corer	1
cordial	1
copy	1
coppices	1
convulsive	1
convulsions	1
convey	1
conversing	1
contrib	1
contrast	1
contradiction	1
contracted	1
contortions	1
contiuned	1
continuing	1
continue	1
contented	1
content	1
contemplated	1
contemplate	1
contained	1
consummation	1
consulted	1
construed	1
constitute	1
conspicuous	1
console	1
consisting	1
consist	1
consigned	1
consign	1
considers	1
consequently	1
consented	1
conquests	1
conquest	1
connnon	1
connexion	1
conipany	1
confuses	1
conformity	1
confirmed	1
confined	1
confine	1
confidential	1
confident	1
confabulation	1
conducted	1
conduce	1
condole	1
condiictcfl	1
condemned	1
concussion	1
concomitant	1
conclusion	1
concise	1
concerto	1
conceive	1
conceit	1
concealing	1
conceal	1
con&e	1
con	1
compressed	1
compound	1
composure	1
compositions	1
completely	1
complained	1
complacency	1
competent	1
compatible	1
compassionating	1
compare	1
companies	1
communication	1
communicate	1
commonplace	1
commoners	1
commodities	1
committed	1
commenced	1
commanded	1
comma)2d	1
comjkinion	1
comforts	1
comfortably	1
comfort	1
combining	1
com])£ny	1
com	1
column	1
colours	1
collection	1
coldness	1
coldly	1
coj)pice	1
cogitations	1
cof	1
coalesced	1
cmly	1
cmi)ar	1
cmdle	1
cmar	1
cm	1
clung	1
clump	1
clrum	1
clothing	1
clothes	1
clothed	1
cloth	1
clock	1
cliti	1
cliifs	1
clieciuered	1
cliarged	1
cleanliness	1
clay	1
clasped	1
clapping	1
clapped	1
claim	1
cjieck	1
cissey	1
circulate	1
circuitous	1
cious	1
ciiqiiirv	1
ci-devant	1
chvelliiig	1
chronologist	1
chosen	1
chooses	1
choice	1
chine	1
chill	1
childliood	1
childhood	1
chequered	1
cheerful	1
cheer	1
cheek	1
checking	1
cheaper	1
chastened	1
chaste	1
chased	1
charret^	1
charm	1
charities	1
charge	1
charade	1
chaplain	1
changes	1
chances	1
chamcter	1
chamber	1
chaiy	1
chaise	1
chairmen	1
chairman	1
cha	1
cflf^o'wjf	1
ceeding	1
ceases	1
ceased	1
cease	1
ccvcoose	1
cave	1
cautious	1
cautioned	1
caution	1
causes	1
caused	1
caudle	1
cathedral	1
cath	1
catch	1
cash	1
carrying	1
carry	1
carries	1
carried	1
carriage	1
carpet	1
carol	1
caricaturing	1
caricatures	1
careworn	1
carelessly	1
carefully	1
cards	1
card	1
captive	1
capti	1
caprice	1
capable	1
candles	1
candle	1
candid	1
can't	1
calls	1
callous	1
cageily	1
caen	1
c([liivo(juc	1
bye	1
by^lord	1
bv	1
butler	1
butecl	1
busy	1
bustled	1
bustle	1
burst	1
bundling	1
bumpkin	1
buildings	1
bud	1
bted	1
brutus	1
brushed	1
brothers	1
brook	1
bronzed	1
broad	1
british	1
bringing	1
bring	1
brilliancy	1
brighter	1
brightened	1
bright	1
bridled	1
bride	1
bribes	1
briar	1
brewin^y	1
breeding	1
breeches	1
bred	1
breath	1
breaking	1
breaki[]g	1
bread	1
bravo	1
branching	1
branches	1
branch	1
brakes	1
brace	1
bowled	1
bouring	1
bounty	1
bounds	1
bottle	1
bombastic	1
bolt	1
bold	1
body	1
bodily	1
boards	1
board	1
bnzz	1
blunted	1
blude	1
bleton	1
blessing	1
blending	1
bleated	1
ble	1
blasts	1
blades	1
bjtb	1
bixakfust	1
bitterness	1
birth	1
birminghams	1
birds	1
biothcr	1
bid	1
bi'other	1
betray	1
bestows	1
beseeching	1
beseech	1
bered	1
ber	1
benignant	1
benefitting	1
beneath	1
benches	1
beloved	1
belonged	1
belong	1
belles	1
believing	1
believes	1
believed	1
bel	1
beheve	1
beheld	1
behaving	1
behaved	1
behalf	1
begins	1
beginning	1
begin	1
begged	1
beggary	1
befriended	1
bef	1
beeii	1
bed	1
becoming	1
beckoned	1
beaux	1
beautifully	1
beau	1
beating	1
beaten	1
bears	1
bearing	1
bcara	1
bawled	1
bave	1
batjt	1
batji	1
batjh	1
batit	1
batfl	1
basket	1
basis	1
barter	1
barren	1
barons	1
barnard	1
bared	1
bank	1
baneful	1
ballroom	1
balli	1
ballad	1
bali	1
bajh	1
baggage	1
bachelor	1
ba	1
b.ltif	1
ayhere	1
awoke	1
awkwardness	1
avow	1
avoman	1
avoiding	1
avoided	1
avocations	1
avixtell	1
avishes	1
avise	1
avhile	1
avhere	1
avert	1
aversion	1
avere	1
ave**	1
avarn	1
avants	1
avail	1
autumn	1
authoress	1
auspicious	1
auk	1
auiful	1
aug	1
audible	1
au'ain	1
attraction	1
attract	1
attitude	1
attendant	1
attempting	1
attempt	1
attaclied	1
attack	1
attachment	1
attached	1
atm	1
athwart	1
astonishing	1
aster	1
assumption	1
assumes	1
assumed	1
associating	1
assisted	1
assent	1
assailed	1
aspiration	1
asleep	1
askino	1
aside	1
ascending	1
artifice	1
articulating	1
art	1
arriving	1
array	1
arouiul	1
aright	1
arid	1
argument	1
ardently	1
archness	1
archly	1
arch	1
arc	1
arbitress	1
aras	1
ar	1
apt	1
approving	1
approacli	1
approaching	1
apprise	1
apprehension	1
appraiser	1
apply	1
apples	1
applause	1
appearing	1
appearances	1
appealing	1
appealed	1
appeal	1
apparentli^	1
appal	1
apostrophe	1
apologised	1
apjieared	1
apesj	1
aow	1
ao	1
anybody	1
antique	1
anticipation	1
anticipates	1
ant	1
answers	1
answercfl	1
annoyed	1
announced	1
announce	1
annals	1
animation	1
animated	1
animadversions	1
ani>el.s	1
ani	1
anger	1
angels	1
anew	1
anecdotes	1
and'do	1
ancil^it	1
ancestors	1
analogous	1
amuses	1
amusements	1
amount	1
amnsement	1
amiss	1
ameliorated	1
ambush	1
ambitious	1
amazingly	1
altogether	1
alternative	1
altercation	1
aloof	1
along	1
ally	1
alluring	1
allurements	1
alleging	1
aliss	1
aldevaloch	1
alayhury	1
alartha	1
alarmed	1
alactha	1
al	1
aixl	1
aiv	1
aiui	1
ain	1
ailriana	1
aij^ain	1
aiiriana	1
aiigry	1
aiid	1
aider	1
aid	1
ahost	1
ahnost	1
ahd	1
ahcady	1
agreeble	1
agony	1
afterpiece	1
aftection	1
afresh	1
afloat	1
affright	1
afford	1
affix	1
affirmative	1
affinity	1
affianced	1
affections	1
affected	1
affairs	1
affair	1
afayhury	1
aeeount	1
advocate	1
advise	1
advertise	1
adventurous	1
advantai^e	1
advantag	1
advances	1
advan	1
aduiired	1
adroitly	1
adridna	1
adriauia	1
adriani^	1
adrianal	1
adrianaj	1
adriana?*	1
adriana/he	1
adriaim	1
adriaiia	1
adria	1
adorers	1
adored	1
adoration	1
adopt	1
adnana	1
admirers	1
admirer	1
adjourn	1
adii	1
addressing	1
addition	1
adam	1
ad^'autage	1
acute	1
actions	1
action	1
across	1
acres	1
acrainst	1
acquired	1
aclri	1
acknowledged	1
achiana	1
accusing	1
accused	1
accusation	1
accordingly	1
accomplished	1
accomplish	1
accompanying	1
accompany	1
accom	1
access	1
acceptation	1
acceptance	1
accents	1
accent	1
ac(|uainted	1
ac(juaintance	1
ac	1
abundance	1
absolutely	1
absent	1
ability	1
abettor	1
aav'ixter	1
a^iie	1
a\'hich	1
a\'ay	1
a(hiana	1
a'ntreal	1
^•si<	1
^•i\c	1
^vliy	1
^vixter	1
^vith	1
^vhi8pe^ed	1
^rinter	1
^ng	1
^miss	1
^maybury	1
^lomted	1
^leep	1
^laria	1
^lajcstic	1
^jlust	1
^iri	1
^iklhustress'of^thc	1
^iiss	1
^iis8	1
^iaybury	1
^iaria	1
^henr	1
^e	1
^^i?ife?'na	1
^\	1
^<?	1
^.iie	1
^-	1
^'ivcu	1
^'ish	1
^''	1
^"	1
],	1
\lr	1
\liyl)iiry	1
\iy	1
\iay	1
\fi/ou	1
\]3	1
\\hich	1
\\	1
\[nybury	1
\'ery	1
\	1
?;	1
?',	1
>etbre	1
<lismissed	1
<>ood	1
<)5	1
8'ii(l	1
7na}2i/	1
7iozv	1
7ie.vt	1
77iai/	1
6vr	1
4ng	1
4ie	1
13irt^\vho	1
0u	1
/zd	1
/a^	1
/"	1
.^	1
.?"	1
.;	1
..	1
.,	1
.)	1
.".	1
."'	1
-^^	1
-.	1
-'^	1
-'*	1
-''	1
*^ohi	1
*/	1
*.^-\-;	1
)?.	1
);	1
).	1
(;	1
('	1
("	1
(!:	1
'^\	1
'<	1
';	1
'/'	1
'**	1
'*!	1
'''	1
''!	1
",	1
"**	1
""	1
!^	1
!*'	1
!"^	1
!"*	1
