,	8919
the	3627
to	3592
of	2819
.	2300
and	2278
i	1624
a	1428
that	1317
in	1290
her	1264
"	1203
;	1169
his	998
he	971
—	936
with	901
my	853
was	830
she	749
as	738
it	734
be	734
which	718
you	704
for	661
is	644
had	604
him	576
me	565
so	560
at	555
have	538
not	535
by	512
but	507
from	455
blanch	392
this	377
mr	375
|'s|	362
upon	344
all	344
an	339
:	324
been	309
no	289
has	269
will	267
would	266
!	266
."	260
your	258
we	258
what	256
or	238
?	237
who	236
such	229
on	229
were	228
could	218
more	217
very	213
when	212
tremayne	208
than	202
one	198
are	195
there	182
any	180
they	177
mother	173
sir	172
should	171
now	171
said	168
much	168
can	168
us	167
if	167
own	166
lady	161
their	156
some	155
how	152
our	147
am	144
them	143
father	142
most	141
miss	141
reginald	140
little	139
then	137
do	134
well	128
must	125
into	125
dear	123
being	123
never	122
time	121
without	120
ever	119
?"	119
though	115
'	115
too	114
!"	114
tourberville	113
may	112
after	111
lord	110
every	106
only	104
good	102
might	101
man	100
other	99
out	98
(	98
tracy	97
however	96
even	96
room	94
himself	94
herself	91
yet	90
made	90
re	88
myself	88
up	87
know	87
still	85
its	85
having	85
heart	83
did	83
long	82
john	82
here	82
young	81
whom	81
horatia	81
think	80
heard	80
eastvale	80
nothing	78
before	78
|arabic1digit|	76
cried	76
these	75
make	74
say	73
give	72
first	72
about	72
house	71
ing	70
family	70
shall	69
eyes	69
poor	68
con	68
george	67
son	66
two	65
horace	65
again	65
last	64
hope	64
brother	64
whilst	63
thought	63
since	63
)	63
where	62
stavordale	62
just	62
moment	61
oh	60
mind	60
hand	59
whole	58
both	58
almost	58
towards	57
see	57
during	57
present	56
over	56
go	56
believe	56
way	55
soon	54
morning	54
look	54
jane	54
told	53
looked	53
half	53
de	53
subject	52
between	52
whether	51
till	51
philippa	51
like	51
come	51
those	50
place	50
cannot	50
great	49
friend	49
back	49
aunt	49
uncle	48
take	48
found	48
why	47
left	47
given	47
either	47
therefore	46
hear	46
ex	46
daughter	46
against	46
able	46
feelings	45
evening	45
brought	45
person	44
nor	44
let	44
least	44
few	44
far	44
charles	44
better	44
away	44
aurelia	44
wish	43
under	43
tell	43
same	43
part	43
night	43
speak	42
short	42
letter	42
gave	42
full	42
mrs	40
immediately	40
another	40
seemed	39
once	39
means	39
matter	39
love	39
life	39
indeed	39
clavering	39
others	38
find	38
day	38
came	38
baronet	38
whose	37
quite	37
marriage	37
longer	37
enough	37
cause	37
affection	37
westcroft	36
voice	36
state	36
sent	36
saw	36
pro	36
pleasure	36
many	36
hour	36
happy	36
emily	36
court	36
countenance	36
answered	36
added	36
wife	35
went	35
return	35
point	35
passed	35
off	35
new	35
looks	35
honour	35
en	35
door	35
child	35
put	34
purpose	34
name	34
lloyd	34
does	34
bovil	34
through	33
papers	33
nature	33
going	33
yourself	32
seen	32
possible	32
object	32
mo	32
ment	32
master	32
known	32
felt	32
case	32
anything	32
answer	32
amongst	32
whatever	31
right	31
old	31
knew	31
girl	31
character	31
always	31
account	31
un	30
sense	30
scarcely	30
neither	30
nearly	30
joscelin	30
interest	30
hearing	30
happiness	30
earlsford	30
down	30
circumstance	30
called	30
become	30
asked	30
appeared	30
|romannumeral|	29
world	29
visit	29
thus	29
rather	29
perhaps	29
often	29
manner	29
less	29
expression	29
ed	29
degree	29
also	29
took	28
spoke	28
reason	28
opinion	28
hazleford	28
face	28
conduct	28
best	28
ask	28
air	28
ac	28
word	27
woman	27
tion	27
taken	27
set	27
real	27
ill	27
home	27
hands	27
gone	27
further	27
exclaimed	27
england	27
end	27
effect	27
doubt	27
dis	27
crosby	27
country	27
business	27
began	27
bear	27
antonio	27
),	27
seems	26
seeing	26
resumed	26
really	26
presence	26
helen	26
head	26
danger	26
•	25
turned	25
thorpe	25
spirits	25
returned	25
party	25
ought	25
next	25
looking	25
idea	25
held	25
gentleman	25
favour	25
dearest	25
continued	25
aware	25
attention	25
years	24
respecting	24
mean	24
greater	24
early	24
each	24
done	24
days	24
attachment	24
already	24
truth	23
sight	23
r	23
perfectly	23
passion	23
men	23
meant	23
leave	23
generous	23
fear	23
determined	23
death	23
certainly	23
wholly	22
strong	22
something	22
smile	22
round	22
replied	22
probably	22
order	22
near	22
impossible	22
hold	22
glad	22
forward	22
com	22
became	22
arrived	22
anxious	22
words	21
town	21
received	21
pre	21
period	21
length	21
hours	21
friends	21
everything	21
cousin	21
circumstances	21
arm	21
accompanied	21
trust	20
tre	20
story	20
side	20
quitted	20
prove	20
london	20
justice	20
journey	20
intelligence	20
giving	20
fully	20
forth	20
followed	20
extraordinary	20
care	20
bring	20
avoid	20
affairs	20
absence	20
*	20
yesterday	19
view	19
thing	19
talk	19
sure	19
rest	19
power	19
packet	19
opportunity	19
mere	19
martha	19
main	19
late	19
intended	19
instantly	19
influence	19
feeling	19
extremely	19
engaged	19
course	19
assured	19
arrival	19
alcester	19
truly	18
true	18
three	18
strange	18
speaking	18
servant	18
secure	18
says	18
possession	18
ourselves	18
nephew	18
music	18
living	18
joy	18
individual	18
glenmorne	18
fact	18
event	18
delight	18
deal	18
creature	18
completely	18
appearance	18
age	18
act	18
yours	17
willing	17
want	17
themselves	17
talking	17
surprise	17
spirit	17
sort	17
self	17
scene	17
remained	17
regret	17
personal	17
permit	17
natural	17
high	17
future	17
feel	17
ere	17
entered	17
enter	17
engagement	17
directed	17
direct	17
conference	17
beauty	17
aspect	17
appear	17
vol	16
tone	16
thrown	16
tenderness	16
table	16
supposed	16
suppose	16
spoken	16
saying	16
regard	16
reached	16
promise	16
pleased	16
please	16
people	16
painful	16
open	16
motive	16
mine	16
met	16
merit	16
meanwhile	16
making	16
j	16
im	16
ho	16
gratitude	16
forced	16
fine	16
fair	16
entirely	16
else	16
easily	16
desire	16
curiosity	16
certain	16
call	16
attempt	16
ap	16
anxiety	16
allow	16
usual	15
tour	15
temper	15
t	15
suffer	15
soul	15
sought	15
sincerely	15
secret	15
satisfied	15
respect	15
ready	15
proved	15
opened	15
obtain	15
mistress	15
meet	15
manners	15
ma'am	15
likely	15
light	15
kindness	15
kind	15
itself	15
information	15
husband	15
horse	15
fresh	15
fortune	15
form	15
except	15
english	15
drew	15
delay	15
dare	15
convinced	15
conversation	15
consider	15
chose	15
affair	15
acquainted	15
worth	14
work	14
wished	14
understand	14
ter	14
taking	14
sufficiently	14
smiling	14
sister	14
second	14
result	14
residence	14
readily	14
read	14
picture	14
per	14
occasion	14
obliged	14
noble	14
merely	14
meaning	14
low	14
loved	14
loss	14
lawyer	14
ladies	14
impression	14
former	14
formed	14
f	14
eye	14
explanation	14
excellent	14
exactly	14
draw	14
dinner	14
credit	14
confidence	14
communicated	14
coming	14
change	14
caught	14
beyond	14
berville	14
attend	14
assure	14
apprehension	14
ah	14
afterwards	14
admiration	14
ad	14
use	13
understood	13
turning	13
turn	13
trouble	13
tonight	13
thoughts	13
tears	13
task	13
sudden	13
slightest	13
silent	13
silence	13
render	13
remain	13
refused	13
proof	13
perfect	13
perceive	13
passing	13
pains	13
married	13
lived	13
laughing	13
knows	13
keep	13
interview	13
interrupted	13
instant	13
induced	13
imagine	13
hitherto	13
gained	13
friendly	13
favourable	13
express	13
expect	13
equally	13
drawing-room	13
different	13
courage	13
company	13
becoming	13
beautiful	13
arms	13
appears	13
anybody	13
afraid	13
advantage	13
addressing	13
address	13
written	12
within	12
wise	12
warmly	12
vain	12
uttered	12
tomorrow	12
thousand	12
thinks	12
terms	12
surprised	12
surely	12
suffered	12
success	12
succeeded	12
struck	12
show	12
sacrifice	12
request	12
promised	12
proceeded	12
private	12
pride	12
plan	12
placed	12
pity	12
persuaded	12
persons	12
ob	12
notice	12
niece	12
necessity	12
necessary	12
meeting	12
marked	12
lover	12
listened	12
likewise	12
language	12
inquiries	12
immediate	12
fancy	12
expected	12
existence	12
evil	12
elsmere	12
deeply	12
consent	12
compelled	12
charge	12
cast	12
believed	12
approaching	12
anger	12
al	12
addition	12
abrupt	12
abroad	12
yes	11
write	11
worthy	11
ville	11
value	11
urged	11
tourber	11
totally	11
thanks	11
sweet	11
suspect	11
sufficient	11
suddenly	11
stood	11
spend	11
sole	11
society	11
smiles	11
situation	11
sit	11
send	11
seat	11
required	11
repeated	11
rendered	11
remember	11
question	11
produced	11
prepared	11
observed	11
news	11
mutual	11
motives	11
minutes	11
memory	11
lost	11
lips	11
knowing	11
joined	11
inquired	11
health	11
hall	11
guest	11
genuine	11
forgive	11
fixed	11
firm	11
fate	11
fa	11
equal	11
endure	11
emotion	11
east	11
disposition	11
deep	11
dancing	11
considered	11
consequence	11
concern	11
companion	11
chance	11
castelli	11
broken	11
birth	11
because	11
arose	11
apartment	11
admit	11
addressed	11
add	11
acknowledge	11
wrote	10
wishing	10
various	10
valet	10
union	10
together	10
thinking	10
things	10
thank	10
talked	10
style	10
step	10
standing	10
speech	10
small	10
sincerity	10
shock	10
several	10
serious	10
sensibility	10
sake	10
roof	10
resolution	10
report	10
relation	10
receive	10
public	10
provided	10
pretty	10
past	10
particulars	10
parent	10
obtained	10
note	10
ness	10
nay	10
listen	10
library	10
led	10
learn	10
lately	10
large	10
ladyship	10
join	10
italy	10
italian	10
intervals	10
intentions	10
infinitely	10
impatience	10
human	10
hopes	10
hither	10
hastily	10
haste	10
grave	10
fame	10
evidently	10
engage	10
eldest	10
earnestly	10
eagerly	10
difficult	10
departure	10
defiance	10
decided	10
conviction	10
concluded	10
clear	10
choice	10
breakfast	10
alone	10
affected	10
accompany	10
.'	10
-	10
writing	9
wonder	9
wishes	9
wilson	9
welcome	9
weeks	9
wanted	9
waiting	9
voluntary	9
villiers	9
ventured	9
utter	9
touched	9
total	9
times	9
threw	9
tended	9
taste	9
talents	9
sur	9
submit	9
stay	9
started	9
species	9
sitting	9
singing	9
sentence	9
seem	9
seated	9
returning	9
representation	9
repeat	9
remains	9
recollection	9
reception	9
ratia	9
race	9
quit	9
questions	9
progress	9
probability	9
previous	9
powers	9
performance	9
paris	9
otherwise	9
occurred	9
occasions	9
observe	9
observation	9
none	9
need	9
melancholy	9
measures	9
measure	9
makes	9
maid	9
leaving	9
land	9
laid	9
justly	9
invited	9
informed	9
influenced	9
indulgence	9
induce	9
indifference	9
imagination	9
illness	9
hastened	9
hard	9
guilty	9
gentle	9
game	9
gallery	9
gain	9
frankly	9
fit	9
finding	9
figure	9
female	9
fearful	9
favourite	9
excited	9
evident	9
estate	9
efforts	9
easy	9
ease	9
ears	9
distrust	9
distance	9
delivered	9
decision	9
connected	9
concerning	9
colour	9
claims	9
charmed	9
chair	9
carriage	9
bride	9
bound	9
blind	9
belief	9
bed	9
approach	9
apparent	9
anne	9
animated	9
ance	9
allowed	9
alarm	9
ago	9
agitation	9
agitated	9
advice	9
admitted	9
worst	8
while	8
warmth	8
utterly	8
utmost	8
used	8
unworthy	8
unwilling	8
unless	8
united	8
trying	8
tried	8
transaction	8
tired	8
tions	8
suspicion	8
superior	8
stand	8
sound	8
sorry	8
sofa	8
sing	8
signer	8
service	8
serve	8
satisfaction	8
sat	8
s	8
reputation	8
remove	8
reluctance	8
relief	8
regarded	8
quiet	8
quadrille	8
pursuit	8
professed	8
proceeding	8
probable	8
prevent	8
prejudices	8
praise	8
positive	8
plea	8
plainly	8
peculiar	8
particularly	8
offer	8
northeast	8
neighbourhood	8
money	8
match	8
lordship	8
lie	8
letters	8
kept	8
interesting	8
instance	8
hopeless	8
hint	8
highly	8
hearts	8
hardly	8
handsome	8
guests	8
grandmamma	8
grace	8
got	8
get	8
gentlemen	8
general	8
four	8
forbear	8
fond	8
flew	8
firmly	8
finally	8
filled	8
fault	8
fast	8
fallen	8
explain	8
ended	8
endeavouring	8
encouragement	8
effort	8
eager	8
domestic	8
doing	8
disposed	8
disgrace	8
discovery	8
devoted	8
design	8
description	8
delighted	8
delicacy	8
declaration	8
dance	8
cordial	8
cope	8
convince	8
considerable	8
communication	8
communicate	8
command	8
comes	8
cold	8
circum	8
charm	8
certificates	8
card	8
boy	8
bosom	8
born	8
blush	8
blessed	8
bestowed	8
bestow	8
beginning	8
beg	8
attended	8
attached	8
astonishment	8
assist	8
asking	8
ashamed	8
art	8
ar	8
appoint	8
apply	8
angry	8
amusement	8
amused	8
alliance	8
advocate	8
admirable	8
active	8
acquaintance	8
above	8
youth	7
wretch	7
win	7
week	7
warm	7
walk	7
voluntarily	7
venture	7
usually	7
u	7
ture	7
try	7
treated	7
today	7
tioned	7
tidings	7
thanked	7
takes	7
suspense	7
steps	7
splinter	7
spent	7
speedily	7
southeast	7
somewhat	7
solicitude	7
solicit	7
solemn	7
single	7
sin	7
similar	7
shown	7
showed	7
servants	7
seized	7
secretly	7
search	7
satisfy	7
sanction	7
rich	7
remembrance	7
remarkable	7
related	7
rejoiced	7
rejoice	7
receiving	7
reach	7
rank	7
ran	7
pursued	7
proceed	7
previously	7
prevailed	7
presently	7
prefer	7
pray	7
possibly	7
portion	7
play	7
permission	7
peace	7
pe	7
patience	7
partner	7
parted	7
paper	7
pale	7
paid	7
orders	7
offended	7
o'clock	7
number	7
moments	7
miserable	7
marrying	7
lovely	7
lose	7
learned	7
leading	7
justify	7
judge	7
jealousy	7
irritation	7
interval	7
intercourse	7
inter	7
instead	7
innocence	7
importance	7
ignorant	7
ignorance	7
hundred	7
history	7
highest	7
heaven	7
grounds	7
gratified	7
gratification	7
grandfather	7
granddaughter	7
gradually	7
gladly	7
ginald	7
gently	7
gay	7
gaining	7
frequent	7
fore	7
folly	7
following	7
flattering	7
five	7
firmness	7
fell	7
fatal	7
faith	7
exhibit	7
excuse	7
evinced	7
evidence	7
estimation	7
escape	7
entertain	7
eng	7
endeavour	7
encouraged	7
employment	7
dying	7
due	7
dreaded	7
disagreeable	7
direction	7
difficulty	7
conveyed	7
contrived	7
contributed	7
contrary	7
conscious	7
connexions	7
conducted	7
compliments	7
comfort	7
closed	7
civil	7
chosen	7
cheerful	7
ceremony	7
capable	7
brief	7
breach	7
bracelet	7
bis	7
besought	7
beside	7
beheld	7
behaviour	7
begin	7
avowal	7
authority	7
attentions	7
assiduities	7
arguments	7
af	7
acted	7
acknowledgment	7
acknowledged	7
accustomed	7
accordingly	7
accomplished	7
accept	7
abode	7
yielding	6
year	6
wrong	6
wretched	6
worse	6
witness	6
withdrew	6
window	6
whence	6
wealth	6
weak	6
watched	6
walking	6
vordale	6
visible	6
viscountess	6
village	6
vicinity	6
vehement	6
vanity	6
vale	6
va	6
unusual	6
unexpected	6
unconscious	6
unable	6
trifling	6
trial	6
trembling	6
treat	6
treachery	6
tonio	6
throw	6
throughout	6
threatened	6
terrible	6
terminate	6
tells	6
telling	6
tale	6
talbot	6
sweetness	6
suspicions	6
sus	6
support	6
sunk	6
suit	6
submitted	6
sub	6
strongest	6
strangers	6
stranger	6
steady	6
sta	6
st	6
spot	6
smallest	6
slight	6
shrunk	6
severity	6
sentiments	6
sensible	6
seldom	6
seeking	6
seek	6
secured	6
scheme	6
safe	6
ruin	6
romantic	6
rny	6
risk	6
retreat	6
rested	6
resentment	6
reproaches	6
reproach	6
removed	6
remainder	6
recover	6
recent	6
recalled	6
rea	6
ray	6
rational	6
ques	6
quarter	6
purport	6
proud	6
prospect	6
propriety	6
proposed	6
proposal	6
property	6
principle	6
principal	6
prepare	6
preceding	6
practice	6
pocket	6
pected	6
paternal	6
parties	6
p	6
opposition	6
openly	6
occupied	6
notwithstanding	6
nobody	6
newly	6
neighbours	6
neigh	6
naturally	6
mysterious	6
moved	6
mourning	6
mission	6
mischief	6
mis	6
mingled	6
miles	6
message	6
mercy	6
mention	6
maternal	6
madam	6
lives	6
live	6
line	6
lesson	6
lead	6
latter	6
knowledge	6
jealous	6
interference	6
instrument	6
ings	6
inducement	6
individuals	6
indignation	6
indignant	6
incredulous	6
inclined	6
incline	6
humbled	6
honoured	6
honourable	6
hence	6
heir	6
hate	6
hasty	6
ground	6
grieved	6
grieve	6
gratefully	6
grateful	6
grand	6
graces	6
glance	6
gate	6
gallantry	6
fury	6
formidable	6
foreign	6
fool	6
flight	6
fellow	6
features	6
fears	6
false	6
faces	6
extreme	6
expressive	6
expressions	6
exhibited	6
exertion	6
execution	6
exceedingly	6
exact	6
entering	6
enable	6
effectually	6
effects	6
education	6
duty	6
drove	6
dressing	6
documents	6
displayed	6
dispatch	6
dismay	6
dislike	6
discovered	6
difficulties	6
determination	6
desirous	6
describe	6
deprived	6
deportment	6
departed	6
demanded	6
defence	6
declared	6
convey	6
content	6
connexion	6
confirmed	6
confirm	6
condemned	6
conclude	6
concerned	6
composure	6
complied	6
clair	6
charges	6
changed	6
chaise	6
cautious	6
caution	6
calm	6
calculated	6
burst	6
black	6
betrayed	6
betray	6
benefit	6
ba	6
avail	6
attributed	6
attracted	6
attending	6
assigned	6
assertion	6
ascertain	6
around	6
apprehensions	6
application	6
anxiously	6
ample	6
allowing	6
alas	6
affectionate	6
affect	6
addresses	6
action	6
according	6
access	6
absent	6
ability	6
/	6
«	5
|arabic3digit|	5
|arabic2digit|	5
yielded	5
wore	5
winter	5
whenever	5
waited	5
visits	5
visitors	5
views	5
vexation	5
ver	5
useless	5
unwelcome	5
unpleasant	5
uniformly	5
uneasiness	5
uncertain	5
unaffected	5
twenty	5
tween	5
tives	5
ten	5
tea	5
taught	5
tation	5
suspended	5
suspected	5
supposing	5
sung	5
succeed	5
subjects	5
subdued	5
strictly	5
strength	5
storriton	5
stance	5
speaks	5
source	5
sorrowing	5
sorrow	5
smiled	5
sincere	5
signor	5
signior	5
sign	5
sick	5
shrink	5
shook	5
shocked	5
shaken	5
severely	5
serving	5
sealed	5
scrupulously	5
run	5
ronet	5
robbed	5
road	5
ridiculous	5
reveal	5
restored	5
resolve	5
resist	5
resided	5
reserve	5
represent	5
repair	5
removal	5
remotest	5
remark	5
relative	5
relationship	5
relate	5
recommend	5
reasons	5
rage	5
quickly	5
pursue	5
proper	5
pronounced	5
proceedings	5
privilege	5
privately	5
pretended	5
pressed	5
press	5
preserve	5
poured	5
possibility	5
positively	5
pos	5
pointed	5
pledged	5
pleasant	5
plead	5
plain	5
places	5
persuasion	5
perplexity	5
perpetually	5
permitted	5
pecuniary	5
pay	5
pass	5
parts	5
parley	5
pain	5
pa	5
original	5
opposed	5
opening	5
offers	5
offering	5
offered	5
obstacle	5
observing	5
nished	5
needle	5
nearest	5
narrative	5
names	5
mystery	5
mute	5
musical	5
mounted	5
morn	5
month	5
modest	5
mode	5
mistaken	5
memorandum	5
meditate	5
mas	5
mark	5
ly	5
lively	5
lines	5
liberty	5
levity	5
law	5
laughed	5
la	5
keeps	5
joyful	5
ject	5
intimated	5
intention	5
insensible	5
inquire	5
inmate	5
injustice	5
inform	5
inflict	5
infatuated	5
incurring	5
inclination	5
incapable	5
improve	5
important	5
impending	5
hurried	5
hoping	5
honest	5
holding	5
hesitation	5
hers	5
hateful	5
happened	5
habits	5
guard	5
grief	5
grew	5
goodness	5
geoffrey	5
generosity	5
ge	5
gaze	5
fur	5
frightened	5
french	5
forgotten	5
forget	5
foot	5
follow	5
florence	5
flatter	5
fever	5
felicity	5
feeble	5
faults	5
farewell	5
fancied	5
faint	5
failure	5
failed	5
expresses	5
expressed	5
experienced	5
expectation	5
exertions	5
exclusive	5
excite	5
everybody	5
events	5
est	5
escort	5
entreat	5
entire	5
energy	5
endeavours	5
endeavoured	5
enchanted	5
enabled	5
employer	5
employ	5
embraced	5
eighteen	5
earth	5
e	5
dwelling	5
dressing-room	5
drawing	5
double	5
domestics	5
display	5
dismal	5
disengaged	5
discussion	5
dignity	5
details	5
described	5
derive	5
depended	5
depart	5
deliberate	5
dale	5
daily	5
customary	5
count	5
counsel	5
contribute	5
contract	5
continue	5
consigned	5
consideration	5
consequently	5
conjectures	5
conjecture	5
confided	5
condemn	5
compliment	5
complete	5
complacency	5
coach	5
circle	5
chiefly	5
cheer	5
charming	5
chamber	5
certainty	5
ceived	5
ceeded	5
ceased	5
causes	5
caused	5
carry	5
carried	5
caprice	5
calmly	5
bringing	5
brilliant	5
bore	5
blessing	5
ble	5
bitterly	5
birchinghurst	5
belonged	5
believing	5
beholding	5
behold	5
behaved	5
bade	5
bad	5
awful	5
auditor	5
attribute	5
assurance	5
arise	5
approached	5
appointed	5
applied	5
appearing	5
apparently	5
anticipated	5
ambition	5
amazement	5
alive	5
alarmed	5
aim	5
afforded	5
adopted	5
adopt	5
actually	5
acting	5
accounted	5
accomplish	5
acceptable	5
accents	5
accent	5
?''	5
zealous	4
youthful	4
yon	4
wondered	4
withdraw	4
wild	4
widow	4
whispered	4
whisper	4
weight	4
weakness	4
warmer	4
wards	4
waltz	4
voices	4
vigorous	4
victim	4
versation	4
venerable	4
veil	4
variety	4
unjust	4
unfortunate	4
tutor	4
truest	4
trivial	4
triumph	4
trifle	4
treasure	4
treacherous	4
transport	4
traced	4
tourbervilles	4
tourbervilie	4
touching	4
touch	4
ties	4
third	4
termination	4
tender	4
tempted	4
tear	4
te	4
tasteless	4
tales	4
symptoms	4
switzerland	4
swered	4
sup	4
summer	4
sumed	4
suited	4
suggested	4
strive	4
striking	4
stole	4
stead	4
stavor	4
station	4
stated	4
starting	4
stamped	4
stairs	4
speeches	4
spared	4
spare	4
sooth	4
sooner	4
sometimes	4
somebody	4
solicitous	4
softened	4
soften	4
soft	4
social	4
sits	4
sigh	4
shuddered	4
shoulder	4
shortly	4
shame	4
shadow	4
services	4
seriously	4
sentiment	4
sensibly	4
senses	4
sending	4
selves	4
selfish	4
sees	4
season	4
scruples	4
save	4
satis	4
safety	4
rode	4
rne	4
rising	4
rise	4
ride	4
riage	4
revived	4
retirement	4
retired	4
retain	4
rests	4
respective	4
respectful	4
resolved	4
resign	4
resemblance	4
requisite	4
requiring	4
requesting	4
repeating	4
renounce	4
renew	4
remarks	4
remaining	4
reluctant	4
relations	4
regarding	4
recovery	4
recovering	4
recovered	4
recommended	4
recollect	4
recital	4
reasonable	4
reappeared	4
raising	4
raised	4
quitting	4
quietly	4
putting	4
protector	4
protection	4
prospects	4
proofs	4
prone	4
project	4
professions	4
professional	4
produce	4
procured	4
process	4
principles	4
prevail	4
preposterous	4
preparing	4
prejudiced	4
preference	4
predicament	4
practicable	4
possessed	4
possess	4
portunity	4
policy	4
playing	4
playful	4
plausible	4
pitch	4
persuade	4
persevering	4
performer	4
performed	4
perform	4
perceived	4
pen	4
path	4
passions	4
passionately	4
particular	4
pardon	4
originated	4
ordered	4
opposite	4
operation	4
op	4
office	4
obviously	4
obvious	4
obligation	4
objections	4
o	4
nobleman	4
nerves	4
n	4
movements	4
mortifying	4
mortified	4
mortification	4
months	4
momentary	4
misfortune	4
minute	4
mentioned	4
mental	4
meanness	4
marry	4
mar	4
manifested	4
mani	4
madness	4
mad	4
m	4
lustre	4
lowed	4
loves	4
lovers	4
lodged	4
lish	4
lieve	4
lent	4
lend	4
laugh	4
kindest	4
key	4
k	4
judgement	4
invitation	4
interrupting	4
interrogations	4
internal	4
injured	4
inflicting	4
inexperienced	4
indulge	4
indifferent	4
indications	4
indicate	4
increased	4
impressions	4
impetuously	4
impertinent	4
imogen	4
image	4
hurt	4
humble	4
horror	4
hoped	4
hollow	4
hi	4
hereafter	4
heiress	4
heartless	4
heads	4
hazard	4
harm	4
hampshire	4
growing	4
gratify	4
graceful	4
glowing	4
gloomy	4
glimpse	4
gleam	4
gauged	4
gaiety	4
friendship	4
friendliness	4
frank	4
france	4
founded	4
fortunate	4
foreigner	4
ford	4
forcibly	4
fol	4
fluence	4
fervently	4
fervent	4
farther	4
fail	4
faculties	4
extend	4
expose	4
experiment	4
expectations	4
excel	4
examine	4
evils	4
evidences	4
eventually	4
esteem	4
especially	4
error	4
entrance	4
entice	4
enjoy	4
encounter	4
employed	4
em	4
elegant	4
effected	4
eagerness	4
dupe	4
duly	4
ducted	4
drive	4
drily	4
dressed	4
dreadful	4
dread	4
doubts	4
doubtful	4
divided	4
disturbance	4
distressing	4
distress	4
distinguished	4
disrespect	4
disposal	4
displeasure	4
dispatched	4
disgust	4
discussed	4
discharge	4
disappointment	4
disappeared	4
died	4
dialogue	4
detaining	4
detained	4
detail	4
desirable	4
deny	4
deemed	4
deed	4
declined	4
decline	4
decisive	4
decide	4
decease	4
debts	4
dated	4
date	4
dark	4
dangerous	4
dan	4
d	4
cut	4
custody	4
critical	4
crimea	4
cover	4
county	4
cost	4
cordially	4
cor	4
conversing	4
control	4
conti	4
contemplate	4
consternation	4
constantly	4
consented	4
consciousness	4
confusion	4
confide	4
condition	4
concluding	4
conceit	4
complexion	4
complaint	4
compel	4
comparative	4
common	4
commission	4
coldness	4
clearly	4
clasped	4
claimed	4
claim	4
circumstanced	4
chief	4
challenge	4
censure	4
cautiously	4
catch	4
car	4
candour	4
calls	4
calling	4
brow	4
bright	4
break	4
bow	4
blood	4
blinded	4
bitterness	4
besides	4
belonging	4
behalf	4
begun	4
begged	4
barbarous	4
banishment	4
banished	4
balfours	4
bably	4
awakened	4
authorised	4
auspicious	4
attractive	4
attested	4
assuring	4
assumed	4
ascribe	4
artist	4
arrangements	4
applying	4
applause	4
appeased	4
apart	4
annoyed	4
announced	4
announce	4
animation	4
ani	4
amply	4
amends	4
altogether	4
although	4
altered	4
allusion	4
agreeable	4
agi	4
afford	4
affections	4
affectionately	4
affecting	4
admired	4
admire	4
admirably	4
adding	4
accusation	4
acceptance	4
abstained	4
?'	4
>	4
.;	4
'*	4
!)	4
!'	4
»	3
younger	3
yield	3
wretchedness	3
worked	3
woodford	3
won	3
witnessing	3
withhold	3
withheld	3
withdrawn	3
wisely	3
wisdom	3
wine	3
william	3
whither	3
white	3
west	3
wept	3
wedding	3
wealthy	3
ways	3
ward	3
wants	3
walked	3
wait	3
vulgar	3
void	3
vivid	3
visitor	3
visiting	3
violently	3
violence	3
vindicate	3
vile	3
vice	3
verily	3
veracity	3
vehemence	3
uttering	3
urgent	3
urge	3
unsuccessful	3
unqualified	3
unnecessary	3
unlike	3
unkind	3
universally	3
unguardedly	3
unfounded	3
unfavourable	3
unequivocally	3
undoubtedly	3
undertaking	3
undertake	3
unconsciously	3
unavoidably	3
unalterable	3
tyre	3
twice	3
tune	3
tremble	3
travellers	3
travel	3
transact	3
trans	3
tragical	3
traces	3
trace	3
torn	3
tormenting	3
timid	3
timely	3
timed	3
tie	3
throwing	3
thoughtful	3
thoroughly	3
thorough	3
thither	3
therto	3
thankful	3
th	3
testified	3
terrified	3
terribly	3
termed	3
tenderly	3
tenderest	3
tedious	3
tained	3
tachment	3
t4te	3
sympathy	3
sworn	3
swer	3
suspicious	3
survey	3
surrounding	3
suppressed	3
supply	3
supplications	3
supplicate	3
superiority	3
superfluous	3
sun	3
summons	3
suffering	3
successor	3
substance	3
subsequent	3
strongly	3
street	3
streaming	3
straining	3
stopped	3
stating	3
stare	3
stances	3
sprung	3
sprightliness	3
spiritless	3
spirited	3
speedy	3
speed	3
specting	3
spect	3
soothing	3
soliciting	3
solemnly	3
solemnity	3
snatched	3
slowly	3
slow	3
skill	3
skilful	3
sixteen	3
sisters	3
sion	3
singular	3
simpleton	3
siege	3
sideration	3
siderable	3
shrinking	3
shoot	3
shocking	3
shed	3
seriousness	3
serenity	3
separated	3
selected	3
seizing	3
securing	3
scruple	3
scription	3
scholar	3
schemes	3
scenery	3
scale	3
sarcastic	3
sanguine	3
safely	3
rupted	3
running	3
rumour	3
route	3
rose	3
rooms	3
rival	3
rious	3
rigorously	3
rigorous	3
rights	3
rid	3
riches	3
reviving	3
reverse	3
restrain	3
resigned	3
resignation	3
require	3
requested	3
repulsive	3
repressed	3
repay	3
repaired	3
renouncing	3
renewal	3
remote	3
remonstrance	3
remembered	3
remarkably	3
relieve	3
released	3
relating	3
relates	3
regretted	3
refuse	3
refuge	3
reflected	3
refinement	3
reference	3
reduced	3
red	3
recommendation	3
recollections	3
reciprocal	3
recently	3
recall	3
reassured	3
reappearance	3
reanimated	3
readiness	3
rash	3
rarely	3
rapid	3
rangement	3
quiry	3
quired	3
questioned	3
qualified	3
quainted	3
purity	3
prudence	3
provocation	3
provide	3
protested	3
protestant	3
prosperity	3
properest	3
prompt	3
promising	3
profession	3
procure	3
prize	3
privileged	3
privations	3
prise	3
prin	3
prey	3
pretensions	3
presumed	3
pressing	3
premature	3
prejudicial	3
prejudice	3
preface	3
precarious	3
practical	3
powerful	3
poverty	3
pouring	3
post	3
possessing	3
posed	3
pooh	3
politeness	3
points	3
plied	3
pleasing	3
pleaded	3
plans	3
planation	3
placability	3
piece	3
picion	3
pic	3
phew	3
personage	3
persevere	3
perplexed	3
penury	3
penknife	3
penetrated	3
pause	3
patiently	3
patient	3
passively	3
participate	3
partial	3
par	3
panic	3
paltry	3
palpable	3
pair	3
painting	3
owe	3
overtake	3
overcome	3
origin	3
oppose	3
operate	3
old-fashioned	3
officiousness	3
offices	3
offences	3
offence	3
odious	3
occur	3
occasioned	3
obscurity	3
obscure	3
obligations	3
objects	3
obduracy	3
november	3
novel	3
nounced	3
nice	3
needs	3
needless	3
neck	3
native	3
named	3
moving	3
moreover	3
mood	3
mock	3
mixture	3
mixed	3
mitted	3
mistake	3
mise	3
misconduct	3
mined	3
minded	3
midst	3
mi	3
messenger	3
merits	3
meritorious	3
members	3
member	3
melted	3
meditates	3
medical	3
maurice	3
mation	3
mansion	3
manifest	3
mand	3
mamma	3
malice	3
male	3
magic	3
machinations	3
ma	3
lurking	3
luckless	3
luckily	3
luck	3
lower	3
loquacious	3
livery	3
listening	3
lincolnshire	3
likeness	3
liked	3
liable	3
letting	3
legal	3
leaning	3
leads	3
laying	3
lament	3
knowledged	3
kinsman	3
king	3
kinder	3
keeping	3
keen	3
juncture	3
joyfully	3
jos	3
jointly	3
irritated	3
involuntarily	3
investigation	3
invariably	3
introducing	3
introduced	3
introduce	3
intro	3
interminable	3
interested	3
intent	3
intending	3
integrity	3
instrumental	3
instigated	3
instances	3
inspection	3
insinuating	3
insinuate	3
insensibility	3
inquiry	3
inn	3
inmates	3
injury	3
injunction	3
inhumanity	3
ingly	3
informing	3
informant	3
inflexible	3
ineffectual	3
indulgent	3
inducements	3
indication	3
incumbent	3
imprudent	3
impressed	3
impelled	3
impatient	3
imagined	3
idle	3
hurry	3
hung	3
housekeeper	3
horses	3
horrors	3
horrible	3
honours	3
hereditary	3
henceforward	3
help	3
heightened	3
hearty	3
heartfelt	3
haunted	3
hastening	3
harsh	3
hap	3
hangs	3
hang	3
hailed	3
habit	3
h	3
guardian	3
guarded	3
gravity	3
gratifying	3
grandchild	3
gracious	3
goes	3
glow	3
gloom	3
glen	3
glancing	3
gives	3
gift	3
gerous	3
generally	3
gazing	3
gal	3
gaily	3
furnish	3
fulfil	3
fu	3
free	3
fortitude	3
forms	3
formation	3
forfeited	3
force	3
forbid	3
footing	3
fondness	3
folding	3
filial	3
fifty	3
fested	3
fens	3
favoured	3
fastidious	3
fascinations	3
fall	3
faithful	3
fairly	3
faintly	3
fable	3
extent	3
expressing	3
exposed	3
experience	3
expeditiously	3
expedient	3
expecting	3
exhorted	3
exerted	3
exercise	3
exclaiming	3
exchange	3
excepted	3
exasperated	3
example	3
examination	3
exalted	3
etiquette	3
estrangement	3
establishment	3
establishing	3
established	3
esta	3
escaped	3
entreating	3
entitled	3
enthusiastic	3
entertains	3
enterprise	3
enjoined	3
engravings	3
englishman	3
engaging	3
energetic	3
endless	3
enamoured	3
embarrassed	3
elevation	3
ecstasy	3
earnestness	3
earnest	3
earlier	3
ear	3
duties	3
dust	3
dulverton	3
duel	3
duced	3
dry	3
dreary	3
dr	3
dozen	3
doubted	3
don't	3
document	3
disturbed	3
disturb	3
distant	3
dissipated	3
dissatisfied	3
dismiss	3
disinterested	3
dishonour	3
disgraceful	3
disgraced	3
disconcerted	3
disclosure	3
disclosed	3
disappointed	3
disappoint	3
disappearance	3
directions	3
die	3
dictated	3
devotedly	3
devise	3
determine	3
deter	3
detention	3
detection	3
detain	3
detailed	3
destruction	3
destroyer	3
destroyed	3
destitute	3
destiny	3
despite	3
desired	3
designs	3
deserved	3
deserve	3
deserted	3
desert	3
descent	3
des	3
derived	3
depression	3
deposited	3
dependence	3
depend	3
departing	3
denote	3
denied	3
demeanour	3
delusion	3
delights	3
delightful	3
delicate	3
deliberation	3
delayed	3
dejected	3
degrees	3
deferred	3
defer	3
deception	3
deceitful	3
deceased	3
daughters	3
darling	3
dared	3
curious	3
cruel	3
croft	3
covered	3
courtesy	3
courted	3
counter	3
countenances	3
correspondence	3
correct	3
converse	3
contrasting	3
continues	3
contest	3
contents	3
consult	3
constant	3
considerate	3
considerably	3
consequences	3
conscience	3
congratulations	3
conflict	3
confirmation	3
confident	3
confession	3
condemnation	3
conciliating	3
concerns	3
concealed	3
compunction	3
comprehend	3
complying	3
compared	3
commonplace	3
commissioned	3
commendation	3
combined	3
combat	3
colouring	3
co	3
clung	3
clue	3
clothes	3
close	3
civility	3
cited	3
circumspection	3
choose	3
chimerical	3
cherish	3
cheeks	3
cheek	3
check	3
chagrined	3
celin	3
celebrated	3
cease	3
catching	3
cards	3
capacity	3
calamity	3
cadaverous	3
ca	3
bureau	3
building	3
broke	3
bro	3
bred	3
breathless	3
breaking	3
bowed	3
bourhood	3
bour	3
books	3
blow	3
blished	3
bless	3
blank	3
blame	3
bitter	3
ber	3
bent	3
behind	3
becomes	3
bearer	3
ball	3
awaken	3
avowed	3
aversion	3
author	3
au	3
attendance	3
attempting	3
attained	3
attain	3
attacked	3
ation	3
asto	3
assuredly	3
assume	3
associate	3
assign	3
assert	3
ascertained	3
arriving	3
arrives	3
arrange	3
aroused	3
apt	3
approbation	3
apprehended	3
appetite	3
appease	3
appeal	3
anti	3
answers	3
annoy	3
announcing	3
animal	3
amidst	3
ambitious	3
aloof	3
ally	3
alluded	3
allowance	3
airy	3
aided	3
aid	3
agreed	3
aggravate	3
agent	3
aged	3
affront	3
affinity	3
affectation	3
advantages	3
admitting	3
additional	3
actuated	3
acts	3
activity	3
acquisition	3
acquired	3
accuse	3
accurately	3
abruptly	3
abject	3
abhorrence	3
..	3
.''	3
*'	3
!''	3
•'	2
~	2
}	2
{	2
zealously	2
yond	2
yards	2
wrought	2
writ	2
wrapped	2
wounding	2
wounded	2
worthless	2
wonted	2
wonders	2
wonderfully	2
women	2
wo	2
witnesses	2
withstood	2
wit	2
windows	2
widely	2
wickedness	2
whoever	2
wherever	2
well-known	2
well-bred	2
weigh	2
weather	2
wear	2
wax	2
water	2
watch	2
warwick	2
wardrobe	2
war	2
wandering	2
w	2
vows	2
voucher	2
voted	2
voluble	2
vivacity	2
visited	2
visions	2
visage	2
vis	2
violent	2
vindictive	2
vigilance	2
vided	2
viction	2
vicious	2
veyed	2
vexed	2
vestige	2
verse	2
verity	2
venturing	2
vent	2
valued	2
valuable	2
vainly	2
vague	2
vacancy	2
ushered	2
urges	2
uprightness	2
upbraid	2
unwonted	2
unwarily	2
unutterable	2
unsuspicious	2
unspeakable	2
unsatisfactory	2
unresisting	2
unreserved	2
unrelenting	2
unreasonable	2
unread	2
unmerited	2
unmeaning	2
unimpaired	2
unhesitating	2
unhappy	2
unhappily	2
ungrateful	2
ungenerous	2
unfortunately	2
unfit	2
unfeigned	2
unfeeling	2
unexplained	2
unexpectedly	2
uneasy	2
undisturbed	2
undisguisedly	2
undesigning	2
undertook	2
undertakes	2
understanding	2
undergone	2
unconcern	2
unchanged	2
unavoidable	2
unaffectedly	2
unaccompanied	2
tude	2
tually	2
tual	2
trusted	2
trick	2
tress	2
tremulous	2
tremendous	2
tremely	2
tremblingly	2
treats	2
treatment	2
treating	2
treaties	2
travelling	2
transmitted	2
transient	2
transfer	2
tranquillity	2
train	2
tract	2
tory	2
tormented	2
tool	2
tonne	2
tome	2
tolerable	2
toils	2
title	2
tissue	2
tirely	2
tinued	2
ting	2
tia	2
thursday	2
thread	2
thou	2
tholic	2
theirs	2
thanking	2
testimonials	2
test	2
tertained	2
terror	2
terminated	2
termina	2
term	2
terior	2
terest	2
tentions	2
tention	2
tempt	2
tempered	2
temerity	2
ted	2
teach	2
talks	2
tailing	2
tacitly	2
ta	2
systematically	2
system	2
swiftness	2
sweetest	2
suspects	2
surviving	2
surrounded	2
surrendering	2
surrendered	2
surrender	2
surmises	2
surances	2
supports	2
supported	2
supportable	2
supplication	2
supplicated	2
sundry	2
sums	2
summoned	2
sum	2
suits	2
suing	2
suggestions	2
suggestion	2
succession	2
successfully	2
successful	2
substituted	2
substitute	2
subsisted	2
subordinate	2
submitting	2
subjoined	2
subjected	2
stupid	2
stung	2
study	2
studied	2
struggling	2
stronger	2
stroke	2
strikingly	2
strictest	2
stretch	2
strenuously	2
straw	2
stowing	2
stormy	2
stored	2
stone	2
stimulus	2
stepped	2
steadily	2
stationed	2
statement	2
stately	2
startled	2
stared	2
stant	2
standard	2
stake	2
stain	2
staffordshire	2
stables	2
springing	2
sprang	2
sport	2
spontaneous	2
speechless	2
spectre	2
spectacles	2
specimens	2
specified	2
speaker	2
sparks	2
sparkling	2
sparkled	2
sparing	2
sot	2
sons	2
songs	2
somewhere	2
solved	2
solitary	2
solemnised	2
softness	2
snug	2
sloping	2
slept	2
sleep	2
skilled	2
size	2
six	2
sive	2
sitors	2
sist	2
sirous	2
sink	2
sinister	2
sings	2
singer	2
simply	2
simplicity	2
simple	2
silly	2
signs	2
signora	2
significance	2
sickening	2
sible	2
shut	2
shrew	2
shot	2
shortness	2
shelter	2
shedding	2
share	2
shake	2
sex	2
severe	2
seven	2
settling	2
settlements	2
settle	2
sets	2
sessions	2
served	2
series	2
sequent	2
separately	2
senti	2
sentences	2
sentenced	2
sensitive	2
sensations	2
semblance	2
selfishness	2
select	2
seize	2
security	2
seconds	2
secondary	2
secluded	2
seating	2
scrupled	2
scratch	2
scourge	2
scoundrel	2
scope	2
scared	2
sand	2
sanctity	2
salutary	2
sallied	2
sakes	2
sagacity	2
sacrifices	2
sacrificed	2
rous	2
roofs	2
rited	2
riod	2
rigour	2
ried	2
riding	2
rider	2
riages	2
revolution	2
revolting	2
revival	2
revisit	2
revealing	2
returns	2
retract	2
retiring	2
retire	2
retains	2
retained	2
restraint	2
restoration	2
respondence	2
respects	2
resources	2
resorted	2
resolving	2
resolutely	2
resistless	2
resigning	2
residing	2
resident	2
reserved	2
reservation	2
resentful	2
resent	2
requires	2
reputed	2
repugnance	2
reprobation	2
representations	2
reports	2
reported	2
replying	2
reply	2
repetition	2
repelling	2
repeatedly	2
renounced	2
renewed	2
renders	2
removing	2
remonstrate	2
remissness	2
reminded	2
rely	2
relieved	2
relia	2
relenting	2
relaxed	2
relapsing	2
rejoined	2
rejoicing	2
rejection	2
reinstated	2
reign	2
regularly	2
regrets	2
regale	2
regained	2
regain	2
refusing	2
refuses	2
refusal	2
reflections	2
reflection	2
reflecting	2
referred	2
refer	2
redress	2
redeem	2
recur	2
rectory	2
rectitude	2
recourse	2
reconciliation	2
reconciled	2
reconcile	2
recompense	2
recommendations	2
recognition	2
recognised	2
recede	2
recapitulation	2
reasonings	2
reasonably	2
reality	2
realised	2
reading	2
rattle	2
rapturously	2
rapture	2
rapidly	2
rapidity	2
ram	2
radiant	2
quiring	2
quick	2
qui	2
que	2
quarters	2
qualify	2
quaintance	2
qua	2
puted	2
pursuing	2
purse	2
purposely	2
pure	2
pur	2
pupil	2
punished	2
public-house	2
provoking	2
province	2
protesting	2
protegd	2
protect	2
prosy	2
prosecute	2
proposes	2
propose	2
proportioned	2
properly	2
propensity	2
prominent	2
prognosticate	2
profusion	2
professes	2
profess	2
production	2
prodigal	2
proclaimed	2
proclaim	2
probation	2
proba	2
privation	2
principally	2
prime	2
priety	2
prevented	2
pretence	2
presumption	2
presses	2
preserver	2
preserved	2
presenting	2
presentation	2
preparations	2
preparation	2
preoccupied	2
prematurely	2
predilection	2
precipitation	2
precipitate	2
precious	2
preceded	2
precaution	2
praised	2
practised	2
powerfully	2
pour	2
pounds	2
potent	2
position	2
portrait	2
portentous	2
pointing	2
poet	2
pocketbook	2
pliant	2
pleadings	2
plays	2
players	2
plants	2
plant	2
pitying	2
pitiable	2
piness	2
pigeon	2
pieces	2
picturesque	2
philosophical	2
pert	2
personally	2
personages	2
persisted	2
perseverance	2
perplexities	2
permitting	2
permanently	2
performing	2
perfidious	2
perceiving	2
penetrating	2
penetrate	2
penance	2
penalty	2
peculiarly	2
pecting	2
pectation	2
pears	2
pearing	2
peared	2
pearance	2
pear	2
paying	2
pausing	2
paused	2
patterns	2
passages	2
passage	2
pas	2
partners	2
partiality	2
parti	2
parson	2
pardoned	2
papa	2
palliate	2
paleness	2
painter	2
paces	2
pable	2
owns	2
owner	2
owned	2
owing	2
overstrained	2
overheard	2
overcame	2
outward	2
ous	2
ostensible	2
orphan	2
ornament	2
originate	2
originally	2
option	2
opportunities	2
opinions	2
openness	2
ones	2
ominous	2
older	2
oftener	2
offspring	2
officiously	2
offensive	2
offen	2
odium	2
occupying	2
occupy	2
occupations	2
occupation	2
occasional	2
oc	2
obtaining	2
obstacles	2
observations	2
observance	2
observable	2
obnoxious	2
obloquy	2
oblige	2
objection	2
objected	2
obeyed	2
obey	2
nually	2
nour	2
nounce	2
notions	2
nonsense	2
nodded	2
nine	2
ney	2
nerally	2
neighbour	2
negligent	2
neglected	2
neglect	2
negative	2
nected	2
nearer	2
mutually	2
murmurs	2
mr.tremayne	2
mournfully	2
mount	2
motionless	2
monday	2
model	2
missed	2
misery	2
miseries	2
misdeeds	2
miscreant	2
misconstrued	2
mirable	2
minds	2
mildly	2
mighty	2
mid	2
method	2
metamorphosis	2
ments	2
mentally	2
medium	2
mediation	2
maturer	2
mature	2
matters	2
materials	2
materially	2
mate	2
marries	2
manliness	2
manifests	2
management	2
malady	2
maintained	2
maintain	2
magnificent	2
mag	2
ludicrous	2
lowered	2
loving	2
losing	2
loo	2
longing	2
longed	2
lofty	2
lodge	2
lock	2
loaded	2
livid	2
listless	2
lion	2
lin	2
lights	2
lightly	2
lightest	2
lighted	2
lifetime	2
lieved	2
licacy	2
libertine	2
liberation	2
liberality	2
liberal	2
lest	2
les	2
lery	2
lenity	2
lencies	2
leisure	2
legality	2
learning	2
lay	2
lavishly	2
lausanne	2
lasted	2
lap	2
languor	2
languidly	2
languid	2
lamentations	2
laconic	2
labours	2
labour	2
knee	2
knave	2
kiss	2
kinswoman	2
kingston	2
kindred	2
kindly	2
kindled	2
kesteven	2
justified	2
judiciously	2
jour	2
joint	2
joining	2
jocose	2
jier	2
irrita	2
irresistibly	2
irresistible	2
irreparable	2
irregular	2
irksome	2
ion	2
iny	2
inviting	2
invite	2
inveterate	2
invaluable	2
inundations	2
intruding	2
intruder	2
intimations	2
intimacy	2
interviews	2
interior	2
interim	2
interfere	2
interests	2
intensity	2
intelligibly	2
intelligible	2
intellectual	2
intel	2
insult	2
instructions	2
instigating	2
inspire	2
insolent	2
insipid	2
insinuation	2
insinuated	2
insignificant	2
inseparable	2
inquietude	2
innocent	2
inner	2
injurious	2
iniquitous	2
inheritance	2
inhabited	2
inghurst	2
ingenuous	2
infuse	2
informs	2
informa	2
inflexibility	2
infirm	2
inferior	2
infected	2
infancy	2
infamy	2
infamous	2
indolence	2
individually	2
indisposition	2
indiscretion	2
indignantly	2
indigent	2
indigence	2
independent	2
indefatigable	2
indebted	2
inde	2
incomparable	2
income	2
including	2
incident	2
incessantly	2
inayne	2
inadequate	2
imputed	2
impropriety	2
improper	2
impressive	2
impress	2
impracticable	2
imposition	2
impose	2
importunity	2
importunities	2
imply	2
impertinence	2
imperiously	2
imperfections	2
impatiently	2
impartially	2
impart	2
imminent	2
imita	2
imagining	2
illustrious	2
illiberality	2
il	2
ihe	2
ice	2
hypothetical	2
hypocrisy	2
hus	2
hurst	2
humour	2
humility	2
humblest	2
humanity	2
hu	2
hourly	2
hospitality	2
horsewoman	2
hora	2
hopelessness	2
hood	2
hired	2
hin	2
hii	2
higher	2
hesitated	2
hesitate	2
heroic	2
henceforth	2
helpless	2
hectic	2
heavy	2
heaviest	2
hears	2
healing	2
headed	2
hazel	2
haunts	2
hat	2
hasten	2
harshly	2
harmless	2
hardened	2
harassed	2
har	2
happily	2
happier	2
handsomest	2
handkerchief	2
handed	2
hance	2
halves	2
hair	2
hail	2
habitually	2
habitation	2
guiltless	2
guilt	2
guiderius	2
guidance	2
group	2
gross	2
groom	2
grievously	2
grievous	2
gree	2
greatly	2
gravel	2
grasped	2
granted	2
grandmother	2
gran	2
graciousness	2
gotten	2
goodwill	2
good-humour	2
god	2
gloomily	2
glee	2
glass	2
glances	2
girlish	2
gin	2
gifted	2
ghastly	2
getting	2
genuity	2
genius	2
gene	2
gathered	2
garding	2
garden	2
gaming	2
gallant	2
gagement	2
gable	2
furnished	2
fuller	2
fulfilment	2
fulfilled	2
frustrated	2
fruitless	2
frigid	2
frequently	2
fraught	2
fraud	2
frantic	2
fourth	2
forwarding	2
forwarded	2
fortunately	2
forti	2
formerly	2
formal	2
forgiveness	2
forfeit	2
forever	2
forego	2
forbore	2
forbidden	2
footsteps	2
foolish	2
folded	2
flying	2
fluttered	2
fluency	2
floor	2
flirtation	2
flirt	2
flint	2
fleetness	2
fleet	2
flattered	2
flagrant	2
fixing	2
fitted	2
fire	2
finishing	2
finds	2
final	2
fill	2
fiercely	2
field	2
ficate	2
ference	2
fellowship	2
feigned	2
feels	2
feared	2
favourites	2
faultless	2
fatigue	2
fashionable	2
fashion	2
farm	2
fancying	2
fancies	2
families	2
familiar	2
falling	2
fairest	2
faintest	2
failing	2
faculty	2
facility	2
facilitate	2
exult	2
extraordinarily	2
extract	2
exterior	2
extended	2
exquisite	2
exposure	2
exposing	2
exploit	2
explicitly	2
explained	2
expenses	2
expense	2
expedition	2
expediency	2
exhibition	2
exhibiting	2
exhausted	2
exercised	2
exempted	2
executed	2
excursion	2
exclude	2
exclamation	2
exclama	2
exclaim	2
exciting	2
excites	2
excessive	2
excess	2
excellencies	2
exceed	2
examined	2
exaltations	2
exaggerating	2
exaggerated	2
evince	2
evasive	2
estranged	2
establish	2
essential	2
escaping	2
es	2
ertions	2
errors	2
errand	2
equivalent	2
equalled	2
epithets	2
epistle	2
envy	2
envious	2
enviable	2
entrusted	2
entreaty	2
entreated	2
enthusiasm	2
entertainment	2
entertained	2
ensued	2
ensue	2
enlarge	2
enjoyed	2
engrossing	2
engrossed	2
englishmen	2
engagements	2
endures	2
endured	2
endurance	2
ends	2
endow	2
encourage	2
enclosed	2
emulate	2
eminent	2
embarrassment	2
embarrassing	2
eluded	2
eloquently	2
eloped	2
eleven	2
elements	2
elapsed	2
eight	2
effecting	2
edification	2
dull	2
duets	2
ducing	2
duce	2
driven	2
dress	2
dream	2
dreadfully	2
dormant	2
doors	2
don	2
divine	2
disunite	2
disturber	2
distinguish	2
distinctly	2
distinct	2
distended	2
dissolving	2
dissolved	2
disprove	2
dispossessed	2
dispositions	2
disordered	2
dismissed	2
disliked	2
disinterestedness	2
disinherit	2
disingenuousness	2
dishonourable	2
disguised	2
disdain	2
discussing	2
discuss	2
discoursed	2
discourse	2
discouraged	2
discord	2
discontinued	2
discomfort	2
disclaims	2
discerned	2
discarded	2
disastrous	2
disapproves	2
directly	2
dining	2
dined	2
diminution	2
diminished	2
diffident	2
differing	2
differently	2
difference	2
dice	2
dicated	2
devolve	2
devised	2
deur	2
detriment	2
detest	2
detected	2
detaching	2
detach	2
destined	2
desperate	2
desolate	2
deserving	2
deservedly	2
descried	2
descending	2
descendant	2
derision	2
der	2
depriving	2
deprive	2
depressing	2
depravity	2
deposition	2
depends	2
dependent	2
denoted	2
demure	2
demise	2
delivery	2
deliver	2
defy	2
deformity	2
defied	2
deficient	2
defended	2
dedicated	2
decreed	2
declining	2
declares	2
decency	2
deceive	2
decay	2
debate	2
dead	2
darting	2
darted	2
dancers	2
current	2
cunning	2
cultivate	2
culprit	2
crying	2
cry	2
credulity	2
creditors	2
create	2
coward	2
couple	2
countrymen	2
counting	2
counteract	2
cough	2
corresponding	2
corner	2
coquettish	2
coquetry	2
copy	2
coolly	2
cool	2
conveyance	2
convert	2
conversed	2
contracted	2
continually	2
continual	2
contempt	2
contemplating	2
contains	2
consulted	2
constitution	2
constancy	2
conspicuous	2
consolatory	2
consolation	2
consign	2
considers	2
consanguinity	2
connoisseur	2
connect	2
conjured	2
conjure	2
conies	2
congratulated	2
congenial	2
confused	2
confiding	2
confess	2
conferring	2
condemns	2
conclusion	2
concessions	2
conceived	2
conceive	2
comprehension	2
composition	2
composed	2
compose	2
completed	2
complaints	2
complained	2
complacent	2
competition	2
compensation	2
compelling	2
compassion	2
companying	2
companied	2
communicating	2
common-sense	2
committing	2
comments	2
comment	2
comme	2
commands	2
comforts	2
comfortless	2
coldly	2
coincided	2
clouded	2
client	2
clergyman	2
cle	2
classical	2
clasping	2
clandestinely	2
clandestine	2
claiming	2
civilly	2
circumstantial	2
circulating	2
ciples	2
church	2
chooses	2
china	2
children	2
childhood	2
chi	2
cherished	2
cheltenham	2
cheering	2
cheerfully	2
checked	2
chastisement	2
charms	2
charged	2
changing	2
chang	2
cessary	2
certi	2
cern	2
celerity	2
ceeding	2
ceed	2
cave	2
cavalier	2
cautioning	2
cation	2
casual	2
casting	2
cases	2
carrying	2
carries	2
carelessness	2
careless	2
carefully	2
careful	2
captivated	2
capital	2
candidly	2
calmness	2
buy	2
busy	2
bustle	2
burnt	2
burning	2
burn	2
burden	2
buoyant	2
brings	2
brightest	2
brightened	2
bridge	2
bridal	2
breeding	2
box	2
border	2
body	2
bly	2
blushing	2
blushes	2
blunt	2
bloom	2
blessings	2
bleeding	2
birching	2
birch	2
billiard	2
bility	2
bidding	2
bid	2
bewildered	2
betraying	2
bet	2
beset	2
beseech	2
bereft	2
bequest	2
benevolent	2
benediction	2
bene	2
bending	2
below	2
beloved	2
belong	2
believes	2
belarius	2
beholder	2
befall	2
bedside	2
bedroom	2
beau	2
bearing	2
band	2
balfour	2
awe	2
awakening	2
awaits	2
awaited	2
await	2
avoids	2
avoiding	2
avoided	2
averted	2
avert	2
averse	2
authenticity	2
authentic	2
auditress	2
audience	2
attractions	2
attraction	2
attract	2
attitude	2
attest	2
attendants	2
attendant	2
attempted	2
attack	2
astonishing	2
assures	2
assurances	2
assuming	2
association	2
associated	2
assisting	2
assisted	2
assistance	2
assent	2
assembly	2
assai	2
aspersion	2
asks	2
aside	2
ashes	2
ascribed	2
ascertaining	2
arts	2
artless	2
artificial	2
artifice	2
arrogance	2
arrive	2
arresting	2
arrest	2
arrangement	2
armed	2
argue	2
arduous	2
archly	2
arbitrarily	2
approving	2
approve	2
apprehend	2
appointment	2
appellation	2
apology	2
apologise	2
apologies	2
anticipation	2
anticipating	2
ant	2
answering	2
annibal	2
animosity	2
animadversions	2
anguish	2
angel	2
amusements	2
amount	2
amicable	2
ambiguous	2
alternately	2
alternate	2
altar	2
alt	2
aloud	2
allusions	2
allured	2
allotted	2
allied	2
alien	2
aiming	2
agree	2
aghast	2
ages	2
agents	2
afflicting	2
affirm	2
advised	2
adverse	2
advance	2
adroitness	2
admission	2
admirer	2
administered	2
adieu	2
adhering	2
adheres	2
adhered	2
adds	2
acute	2
actual	2
actions	2
across	2
acquitted	2
acquit	2
acquiescent	2
acknowledging	2
acknowledges	2
achievement	2
accusing	2
accused	2
accusations	2
accusa	2
accurate	2
accumulated	2
accounts	2
accosted	2
accomplishments	2
accomplishment	2
accommodation	2
accidentally	2
accession	2
accepted	2
absurd	2
abstracted	2
absolve	2
abridge	2
abilities	2
abated	2
abandoned	2
abandon	2
?".	2
<	2
....	2
...	2
.,	2
--	2
**	2
'..	2
'."	2
'"	2
&	2
#	2
"""	2
••	1
•»-«	1
•«4ety	1
•xtremely	1
•when	1
•the	1
•sisters	1
•neatly	1
•emily	1
•any	1
•^	1
•?	1
•>.	1
«xit	1
«*•	1
zeal	1
zarded	1
yvonder	1
yqur	1
ypur	1
youthfulness	1
yourselves	1
yotr	1
yoq	1
yol	1
yoked	1
yo	1
yields	1
yi	1
yesj	1
yearly	1
ye	1
yawning	1
y4wr	1
y	1
wrung	1
wrongs	1
wrongfully	1
writhed	1
writhe	1
writer	1
wringing	1
wrecks	1
wrath	1
wrangles	1
wquld	1
wound	1
worte.cuo	1
worn	1
worcester	1
wooing	1
wooden	1
wont	1
wondering	1
wonderful	1
woe	1
wkh	1
wjiich	1
wiy	1
wives	1
witty	1
wittiest	1
witted	1
wits	1
withstands	1
withoutpain	1
withou*	1
wistful	1
wist	1
wisest	1
wings	1
windsor	1
winds	1
wind	1
wily	1
willingly	1
wilful	1
wiles	1
wih	1
wights	1
widows	1
wider	1
wicked	1
whtah	1
whol«	1
whiteness	1
whispers	1
whispering	1
whirlwind	1
whims	1
whim	1
whereas	1
wha£	1
westcroftj	1
well-meaning	1
weighty	1
weeping	1
wednesday	1
web	1
weary	1
weariness	1
wearied	1
weapons	1
weaned	1
wean	1
weal	1
weakened	1
wayward	1
waylay	1
waving	1
wavering	1
watery	1
watchfulness	1
wasted	1
wash	1
warring	1
warrant	1
warning	1
warn	1
warmhearted	1
warmest	1
warmed	1
warbling	1
wanting	1
wanders	1
wanderings	1
wanderer	1
waltzing	1
waltzes	1
walks	1
waistcoat	1
waist	1
wailing	1
wa	1
vvhi«h	1
vun	1
vrai	1
vpould	1
vow	1
vourites	1
vouchsafe	1
vouchers	1
vou	1
vot	1
vorite	1
volved	1
volubly	1
volubility	1
volent	1
volatile	1
voju	1
voce	1
vocation	1
vocal	1
vnet	1
vive	1
vity	1
vitiated	1
visitprs	1
visitations	1
vising	1
vise	1
viscount'to	1
visable	1
virtuous	1
virtues	1
virtually	1
viragus	1
vir	1
violator	1
violation	1
violate	1
vine	1
vindication	1
vindicating	1
vindic	1
vincing	1
vinced	1
vin	1
vils	1
villainy	1
villain	1
vilely	1
vigour	1
viewing	1
viewed	1
vied	1
victor	1
vic	1
veyance	1
vey	1
vexatious	1
vexatioq	1
vexations	1
vexa	1
vevy	1
veteran	1
vet	1
vessel	1
versed	1
versatility	1
vering	1
verified	1
veriest	1
verges	1
verge	1
verence	1
verdict	1
veral	1
venvi	1
ventry	1
vengeance	1
veneration	1
venerated	1
venerate	1
vency	1
vehicle	1
vehemently	1
vealed	1
vcr	1
vault	1
vating	1
vated	1
vas	1
varying	1
varnished	1
varied	1
vapoured	1
vapid	1
vantage	1
vanquished	1
vanished	1
vanish	1
vancing	1
van	1
validity	1
vainglory	1
vail	1
vaguely	1
vacant	1
uufound	1
utterance	1
ut	1
uses	1
useful	1
usage	1
urgency	1
upwards	1
upstart	1
upstairs	1
upright	1
uppermost	1
upper	1
uport	1
upbraiding	1
unwavering	1
unwarrant	1
unutterably	1
untimely	1
untemporizing	1
unsympathizing	1
unsupported	1
unsullied	1
unsubstantial	1
unstable	1
unsolicited	1
unskilful	1
unsightly	1
unsight	1
unshaken	1
unshackled	1
unseasonably	1
unrepressed	1
unremittingly	1
unremitting	1
unregarded	1
unreasonably	1
unquestion	1
unprovoked	1
unpropitious	1
unprompted	1
unpresuming	1
unprepared	1
unportioned	1
unpitied	1
unperverted	1
unpardonably	1
unparadingly	1
unpalatable	1
unpaid	1
unostentatiously	1
unostentatious	1
unopened	1
unoccupied	1
unobserved	1
unnoticed	1
unnecessarily	1
unnatural	1
unmoved	1
unmortilied	1
unmitigated	1
unmercifully	1
unmerciful	1
unmarried	1
unmanageable	1
unlucky	1
unluckily	1
unlooked-for	1
unlocking	1
unlocked	1
unlikely	1
unknown	1
unkindness	1
unjustly	1
unjustifiable	1
uniting	1
unite	1
uninteresting	1
unintelligible	1
uninfluenced	1
unimpeachable	1
unimpassioned	1
uniformity	1
unhinge	1
unhappiness	1
unhallowed	1
unguarded	1
ungratefully	1
ungovernably	1
ungovernable	1
ungallant	1
unfettered	1
unfavourably	1
unfair	1
unexceptionable	1
unexampled	1
unequivocal	1
unequalled	1
unembarrassed	1
unele	1
une	1
undue	1
undress	1
undisturb	1
undisputed	1
undismayed	1
undiminished	1
undeviatingly	1
undetected	1
undesirable	1
undeserved	1
undertakers	1
undertaken	1
underrated	1
undermining	1
undermine	1
undeniable	1
undejr	1
undefined	1
undefinable	1
undeceived	1
uncouth	1
uncontrollable	1
unconsciousness	1
unconquer	1
unconnected	1
unconcerned	1
uncommonly	1
uncommon	1
uncomfortably	1
unclosed	1
unclis	1
unclej	1
unclasping	1
unchained	1
unceasingly	1
unbounded	1
unborn	1
unbefitting	1
unawares	1
unauthorised	1
unasked	1
unaptly	1
unanticipated	1
unanimously	1
unambiguously	1
unalterably	1
unallied	1
unadvised	1
unacquainted	1
unacknowledged	1
unaccustomed	1
unac	1
umpire	1
ultimately	1
ultation	1
uie	1
ugli	1
uch	1
ually	1
t£te	1
tyranny	1
ty	1
twitch	1
twenty-four	1
twentieth	1
twen	1
twelvemonth	1
twelve	1
turbed	1
turb	1
tuous	1
tuneful	1
tuesday	1
tttia	1
ttll	1
ttie	1
ttiat	1
ttacy	1
tt	1
ts	1
tr«	1
truted	1
trusty	1
trusting	1
trunk	1
truded	1
truant	1
troubling	1
troublesome	1
troubles	1
trot	1
troduce	1
trived	1
triumphs	1
triumphing	1
triumphed	1
triumphantly	1
triumphant	1
triple	1
trip	1
trinket	1
trimental	1
trilling	1
tries	1
trict	1
tributed	1
tribute	1
tretnayne	1
tresses	1
trespass	1
trernayne	1
trepanned	1
trepan	1
tremor	1
tremaynedisengaged	1
tremayhe	1
tremavne	1
trees	1
tree	1
treasured	1
treackery	1
traversing	1
traveller	1
travelled	1
trasting	1
trast	1
transported	1
transplanting	1
transparent	1
transcribed	1
transcribe	1
transcended	1
tranquillized	1
tranquil	1
tranjsfbri&ed	1
tranced	1
trample	1
trait	1
trained	1
tragically	1
traduced	1
tractable	1
tractability	1
tout	1
tous	1
tourberviue	1
tourbervilte	1
tourbervi	1
tottering	1
totir	1
torturing	1
tortured	1
torture	1
torted	1
tors	1
torrent	1
tore	1
torch	1
tor	1
topic	1
toned	1
tomed	1
tolling	1
tolerated	1
tolerate	1
tolerant	1
toil	1
toatherton	1
to'call	1
tny	1
tnitb	1
tnan	1
tmcle	1
tlve	1
tliat	1
tleman	1
tle	1
tivity	1
tive	1
titude	1
tittle	1
tittering	1
titioned	1
tisfy	1
tisfaction	1
tis	1
tirmly	1
tiresome	1
tional	1
tinge	1
tinct	1
timothy	1
timidity	1
timacy	1
tier	1
tients	1
tience	1
ticulars	1
ticipate	1
tice	1
tials	1
ti	1
thusiast	1
thunderstruck	1
thtm	1
throne	1
throgs	1
throat	1
threats	1
threatens	1
thousands	1
thorpes	1
thorn	1
thirty	1
thingcan	1
thin	1
thig	1
thief	1
thick	1
thered	1
theory	1
theories	1
theoffspring	1
thenticity	1
thenoe	1
thence	1
theme	1
thei4	1
thehoaour	1
theft	1
the'fens	1
the'feelings	1
thaty	1
thankfulness	1
thalia	1
tfee	1
tete	1
testimony	1
testimonies	1
testifying	1
testify	1
testi	1
testamentary	1
ters	1
territories	1
terrifies	1
terrific	1
terrier	1
ternal	1
termined	1
termine	1
terminates	1
terment	1
terity	1
tering	1
terials	1
terial	1
tergiversation	1
tered	1
terchange	1
teration	1
tentively	1
tentive	1
tenth	1
tent	1
tenor	1
tening	1
tenfold	1
tened	1
tends	1
tenders	1
tendency	1
tend	1
tences	1
tenants	1
tenant	1
tenaciously	1
tenacious	1
temptingly	1
tempting	1
temptation	1
temps	1
temporary	1
tempo	1
templated	1
temperately	1
temperate	1
temp	1
telligence	1
tegrity	1
teeth	1
tediousness	1
tediously	1
tection	1
tected	1
teatime	1
teased	1
teaches	1
tdte	1
tcemayiae	1
tbs	1
tbereever	1
tax	1
tautre	1
tat	1
tastes	1
tardy	1
tangle	1
tand	1
tamper	1
tallow	1
tall	1
talkative	1
talent	1
taker	1
taint	1
tainly	1
taining	1
tails	1
tai	1
tage	1
tad	1
tact	1
tack	1
tacit	1
tace	1
t4le	1
t&te	1
syren	1
symptom	1
sympathising	1
symmetry	1
syllable	1
swore	1
swiftest	1
swers	1
swehed	1
sweeter	1
swear	1
swans	1
swallow	1
svvered	1
sustaining	1
sustained	1
suspension	1
susceptible	1
survivors	1
surveillance	1
surrey	1
surpassed	1
surname	1
surmountable	1
surmised	1
surmise	1
surgeon	1
surface	1
sured	1
surable	1
supreme	1
suppressing	1
suppress	1
supposition	1
supporting	1
supporter	1
supplying	1
supplied	1
supplanting	1
supplant	1
supperless	1
supper	1
supine	1
superstitious	1
superseded	1
superlatively	1
superlative	1
superintended	1
superannuated	1
super	1
sunshine	1
sunr	1
sundered	1
summon	1
sult	1
sulphur	1
sullied	1
suitor	1
suitable	1
suggesting	1
suggest	1
suffusion	1
sufficiency	1
suffi	1
suffers	1
sufferings	1
sufferer	1
sue	1
sud	1
successive	1
succeeds	1
suc	1
subversive	1
subtlety	1
substantiate	1
subsisting	1
subsistence	1
subsiding	1
subservient	1
subserviency	1
subsequently	1
subscribed	1
suborner	1
submissively	1
submissive	1
subjimity	1
subdue	1
su	1
styles	1
stunned	1
stuff	1
studiously	1
studious	1
stubbornness	1
stubborn	1
structing	1
strove	1
strode	1
strit	1
strike	1
strife	1
stricken	1
stretching	1
stretched	1
stress	1
strengthened	1
strayed	1
strangest	1
strangely	1
strande	1
strand	1
straint	1
strained	1
strain	1
stowed	1
stow	1
storri^	1
storing	1
stores	1
storeroom	1
stopping	1
stop	1
stooped	1
stoop	1
stony	1
stones	1
ston	1
stolen	1
stoical	1
stockdove	1
stirred	1
stir	1
stiptics	1
sting	1
stinately	1
stimulated	1
stillness	1
stigmatises	1
stigma	1
stifle	1
steward	1
sternness	1
sternly	1
stern	1
stepdame	1
steed	1
stealing	1
steadying	1
steadfast	1
stavprdalels	1
stavprdale	1
stavordajes	1
staunch	1
staues	1
statue	1
stationing	1
stationary	1
start	1
stantly	1
stands	1
stander	1
stamp	1
stale	1
stakes	1
staircases	1
staggering	1
stagecoach	1
stage	1
stael	1
stacle	1
stability	1
squire	1
sq	1
spy	1
spurs	1
spurn	1
spruce	1
springs	1
sprightly	1
spreading	1
sporting	1
spontaneously	1
sponsible	1
spokeru	1
spoils	1
spoiled	1
splenetic	1
splendours	1
splendour	1
splendid	1
spleen	1
spitting	1
spired	1
spin	1
spiega	1
spider	1
sphere	1
spendthrift	1
spends	1
spell	1
speculative	1
speculation	1
spects	1
spectral	1
spectators	1
spectator	1
spectacle	1
spectable	1
specious	1
specifying	1
specific	1
speakingj	1
speakers	1
spartan	1
spark	1
spacious	1
sown	1
sow	1
sovereignly	1
southern	1
south	1
sources	1
soundness	1
sotto	1
sos	1
sorts	1
sorrows	1
sorrowfully	1
sore	1
sordid	1
sor	1
sophistical	1
soned	1
sonal	1
sonableness	1
sonable	1
somehow	1
sombre	1
solving	1
solve	1
solitude	1
solicited	1
solicitations	1
solicitation	1
solely	1
soldier	1
sold	1
solation	1
solace	1
soiree	1
soh	1
softest	1
softening	1
sockets	1
sociable	1
sober	1
sobbed	1
sob	1
soaring	1
snow	1
sneer	1
smoothly	1
smo	1
smilingly	1
smelling	1
smell	1
smaller	1
slipper	1
slipped	1
slip	1
slighter	1
slighted	1
slid	1
slender	1
sleepy	1
sleepless	1
sleeping	1
slackly	1
slackened	1
sketch	1
sjajgasms	1
sixteenth	1
sively	1
sity	1
sited	1
site	1
sister-in-law	1
sis	1
sire	1
sipid	1
sioners	1
sinuations	1
singularly	1
sinee	1
sincerest	1
sinceiely	1
silently	1
silencing	1
sil	1
signifies	1
signified	1
signi	1
signed	1
signal	1
sightless	1
sighs	1
sighing	1
sift	1
siduities	1
sideways	1
sides	1
sidering	1
sidered	1
sickness	1
sickly	1
sibly	1
siabdu'ed	1
si	1
shy	1
shutters	1
shrub	1
shrinks	1
showing	1
shoukl	1
shorten	1
short-lived	1
shop	1
shoes	1
shirt	1
shire	1
ship	1
shining	1
shines	1
shilly	1
shillings	1
shilling	1
shift	1
shield	1
shawls	1
shared	1
shamed	1
shallying	1
shallow	1
shaking	1
shakespeare	1
shakes	1
sh	1
sexton	1
severing	1
severest	1
severed	1
settled	1
setting	1
sessed	1
servile	1
serves	1
servers	1
servation	1
serted	1
serpent	1
serene	1
serate	1
sequences	1
sequel	1
separation	1
sents	1
sently	1
sentimental	1
sente»ce	1
sententiousness	1
sented	1
sensitiveness	1
sensi	1
senseless	1
sensation	1
senior	1
sends	1
sen	1
sembled	1
semble	1
semblage	1
selling	1
self-possession	1
self-importance	1
self-denial	1
self-defence	1
selection	1
seks	1
seern	1
seeiwg	1
sedulously	1
sedulous	1
seduction	1
seduced	1
section	1
secrete	1
secrecy	1
second-rate	1
seclusion	1
seceder	1
seats	1
seasonable	1
searched	1
sea	1
sculpture	1
scrutinising	1
scrupulous	1
scribes	1
scribed	1
scribable	1
scrawled	1
scrap	1
scout	1
scolding	1
scold	1
scious	1
scientious	1
science	1
schoolmistress	1
schooled	1
school	1
schedule	1
sceptre	1
scented	1
scenes	1
scended	1
scendant	1
scarum	1
scare	1
scan	1
sayingj	1
saves	1
sav	1
saucy	1
sauciness	1
satisfies	1
satisfactory	1
satisfactorily	1
sash	1
sardless	1
sarcastically	1
sarcasms	1
sant	1
sanctioned	1
san	1
salutations	1
salubrity	1
saloon	1
sallying	1
sails	1
safer	1
sae	1
sadness	1
sadly	1
sadiy	1
saddling	1
saddle	1
sad	1
sa	1
s'arossisce	1
rying	1
rustic	1
rushing	1
rushed	1
ruption	1
runaway	1
rumours	1
rum	1
rule	1
rueing	1
rue	1
rude	1
rubber	1
rub	1
rtands	1
rowfully	1
roust	1
rously	1
rounding	1
rounded	1
roses	1
rosalind	1
rors	1
roots	1
rooted	1
root	1
roorn	1
room*	1
romping	1
roman	1
roger	1
rochester	1
rochefoucault	1
robert	1
robbery	1
robbers	1
rob	1
roam	1
rnr	1
rnarried	1
rnan	1
rjathless	1
rizing	1
riy	1
riving	1
rivalry	1
rius	1
rity	1
rites	1
rit	1
rises	1
risen	1
ring	1
rinding	1
rigid	1
rightly	1
ridiculing	1
ridiculed	1
ridicule	1
rides	1
richer	1
ribbon	1
ribaldry	1
rhapsodies	1
rewarder	1
reward	1
revolts	1
revoking	1
revive	1
revisiting	1
revert	1
reverential	1
reverence	1
revealed	1
reunion	1
retrospections	1
retribution	1
retreated	1
retraction	1
retracted	1
retraced	1
retrace	1
retorted	1
retarding	1
retarded	1
retard	1
retaliation	1
retaining	1
resulted	1
restriction	1
restraining	1
restoring	1
restore	1
restless	1
resting	1
ress	1
resplendency	1
respiration	1
respectively	1
respecta	1
resort	1
resistance	1
residue	1
resides	1
reside	1
resenv	1
resents	1
resenting	1
resembling	1
resembles	1
resembled	1
resemble	1
researches	1
rescued	1
rescue	1
requited	1
requisition	1
repulsively	1
repulsed	1
repulse	1
repugnant	1
reproved	1
reproof	1
reprobate	1
reproachfully	1
reproached	1
reprieve	1
representing	1
represented	1
reprehension	1
reposed	1
repose	1
replace	1
repinings	1
repin	1
repented	1
repelled	1
repel	1
repeats	1
repays	1
repass	1
repaid	1
renunciation	1
rent	1
rendering	1
rence	1
remunerated	1
remptory	1
remptorily	1
removes	1
remony	1
remonstrating	1
remonstrated	1
remonstrances	1
remitted	1
remits	1
remembef	1
remedy	1
remarriage	1
remarked	1
relying	1
reluctantly	1
reluct	1
religious	1
relied	1
reliance	1
relentless	1
release	1
relax	1
rekindle	1
rejoining	1
rejects	1
rejecting	1
rejectedybr	1
rejected	1
reins	1
rein	1
rehearsal	1
regularity	1
regular	1
register	1
region	1
regards	1
regardless	1
regal	1
refuted	1
refute	1
reflect	1
reeds	1
reduction	1
redoubled	1
redeemed	1
rector	1
rectify	1
rected	1
recruit	1
recreation	1
recorded	1
recompensed	1
recommends	1
recoils	1
reclined	1
reciprocally	1
recess	1
receipt	1
recapitulate	1
recantation	1
rebuke	1
rebuilding	1
rebuff	1
reasoning	1
reasoned	1
reasonableness	1
rearly	1
ravings	1
ravages	1
rattled	1
ration	1
ratify	1
ratification	1
rates	1
rate	1
rapacious	1
ranted	1
rankles	1
rangements	1
range	1
rang	1
random	1
rancour	1
ramble	1
rality	1
rageous	1
radiance	1
racer	1
raay	1
ra	1
quota	1
qulation	1
quixotic	1
quits	1
quisition	1
quisite	1
quirks	1
quiries	1
quips	1
quietude	1
quieter	1
quickness	1
quicker	1
questioning	1
questionably	1
questionable	1
quested	1
quest	1
quered	1
queen	1
quavering	1
quasi	1
quartet	1
quarrelled	1
quarrel	1
quantities	1
quality	1
qualities	1
quadrilles	1
qtu	1
qtcon	1
qqujd	1
pygmalion	1
py	1
puzzled	1
putation	1
push	1
pursuits	1
pursues	1
purposes	1
purporting	1
purest	1
purchaser	1
punishment	1
punishing	1
punishes	1
punish	1
punctiliously	1
punctilio	1
pulsive	1
pulse	1
pulling	1
pull	1
puling	1
pugnance	1
puerile	1
publicly	1
publicity	1
prudently	1
prudent	1
prsions	1
provokingly	1
provoked	1
provoke	1
provocative	1
provision	1
proving	1
proves	1
proudly	1
protract	1
protest	1
prostration	1
prospers	1
prosperously	1
prosperous	1
prospero	1
pros	1
proprietors	1
proportions	1
proportion	1
propitious	1
propitiate	1
propensities	1
propagators	1
promptitude	1
promotion	1
promote	1
promises	1
prolonging	1
prolonged	1
prolong	1
prolixity	1
projects	1
projector	1
projected	1
prohibition	1
prohibited	1
prohibit	1
prognosticates	1
prognosticated	1
prog	1
profuse	1
profound	1
profit	1
proffered	1
professor	1
productive	1
produces	1
prodigality	1
prodi	1
procuring	1
procrastination	1
procrastinated	1
proclaims	1
procession	1
proceeds	1
probe	1
proaching	1
proachfully	1
proached	1
proach	1
privileges	1
prives	1
privacy	1
prit	1
prisoner	1
prisoned	1
prised	1
priority	1
prior	1
prints	1
printed	1
principled	1
principals	1
princes	1
primness	1
primary	1
prig	1
priate	1
preyed	1
preventing	1
prevalent	1
prevails	1
prevailing	1
pretext	1
pretension	1
pretending	1
pretenders	1
pretend	1
pretences	1
presumptuously	1
presumptive	1
presuming	1
presume	1
pressures	1
pressure	1
pression	1
presides	1
preserving	1
presents	1
presented	1
prescribes	1
prer	1
preposterousness	1
prepossession	1
prepossessed	1
preponderate	1
premeditated	1
prelude	1
prefers	1
preferring	1
preferred	1
preferment	1
preferable	1
predisposition	1
predictions	1
prediction	1
predicting	1
predict	1
predecessors	1
preconcerted	1
precluded	1
precise	1
precipitancy	1
precepts	1
preceptor	1
precept	1
prat	1
praises	1
practising	1
powerless	1
poultice	1
posture	1
posthumous	1
posterity	1
posted	1
possessor	1
possesses	1
posse	1
posing	1
pose	1
posals	1
posal	1
portraits	1
portment	1
portions	1
portico	1
portance	1
port	1
porch	1
popular	1
popinjay	1
pop	1
poortourberyille	1
poof	1
ponent	1
ponder	1
pond	1
pomp	1
poltroonery	1
pollution	1
polite	1
polished	1
polish	1
pole	1
poi	1
poets	1
poetry	1
poetical	1
poetic	1
pocus	1
po	1
ply	1
plundered	1
plotters	1
plorable	1
plicitly	1
plication	1
plexed	1
plete	1
plenty	1
pledges	1
pledge	1
pleasures	1
pleasure*of	1
pleasurable	1
pleasantest	1
plaything	1
player	1
played	1
plausibility	1
plates	1
plantation	1
planning	1
planned	1
plaints	1
plaint	1
plainness	1
plaining	1
plague	1
placing	1
placable	1
pittance	1
pitied	1
piteously	1
pitching	1
pistol	1
pink	1
pined	1
pin	1
pillow	1
pierce	1
piegando	1
piece'of	1
pictures	1
picked	1
pianoforte	1
physiognomy	1
physicians	1
phraseology	1
phrase	1
philosophy	1
philly	1
philipp	1
phi	1
pheasant	1
phantom	1
pf	1
peyer	1
petuously	1
petulant	1
petulance	1
petty	1
pettifogger	1
petrifies	1
petition	1
perverted	1
perversity	1
perverseness	1
perverse	1
peruvian	1
perused	1
perusal	1
perty	1
perturbation	1
persuasive	1
persuasions	1
persuading	1
perso»	1
personnes	1
persiflage	1
perseveringly	1
perseveres	1
persecutor	1
perse	1
pers	1
perpetuate	1
perpetual	1
perpendicular	1
pernicious	1
permits	1
permanent	1
perjury	1
perior	1
peril	1
perienced	1
perhap8	1
perfections	1
perfection	1
peregrination	1
perception	1
perceptible	1
perate	1
per?everes	1
pensate	1
penned	1
pene	1
pendulum	1
pellcd	1
pel	1
peg	1
peeress	1
ped	1
peculiarity	1
pecuj	1
pects	1
pectin	1
pectations	1
pect	1
peaceably	1
pbilippa	1
paulets	1
paul	1
patrons	1
patronises	1
patroness	1
patronage	1
pathos	1
pathetic	1
paternally	1
pate	1
patched	1
patch	1
pastimes	1
pastime	1
passport	1
passes	1
parture	1
partook	1
partnership	1
parting	1
participator	1
participation	1
participated	1
partake	1
parsons	1
parsimoniously	1
paroxysm	1
parodying	1
parlour	1
parliament	1
park	1
parishioners	1
parents	1
parently	1
parental	1
parentage	1
parea	1
pare	1
pardonable	1
parched	1
parcels	1
paralyse	1
paragraph	1
paragon	1
paradise	1
paraded	1
pany	1
pant	1
panion	1
pangs	1
pang	1
panegyric	1
pampered	1
palpably	1
palm	1
pallid	1
pairs	1
painted	1
pained	1
paiilet	1
pages	1
paasages	1
p!easaftt	1
ox	1
owe~their	1
owed	1
overwhelming	1
overtures	1
overspread	1
oversight	1
overruled	1
overpowered	1
overpast	1
overlook	1
overleap	1
overhearing	1
overhear	1
overcoming	1
outweigh	1
outstretched	1
outstaid	1
outside	1
outrage	1
outliving	1
outlandish	1
outcry	1
outcast	1
ours	1
ot	1
ossian'a	1
orson	1
ornaments	1
originating	1
ori	1
ordinary	1
orderv	1
orbs	1
or^/iagraphy	1
opposing	1
opportune	1
operations	1
operated	1
operas	1
opera	1
openhanded	1
onr	1
onq	1
onlfourni	1
omitting	1
omit	1
omission	1
omen	1
oldest	1
ogres	1
oftague	1
oft	1
officers	1
officer	1
offensively	1
offend	1
ofcontroul	1
oerleap	1
odd	1
occurrences	1
occurrence	1
occasionally	1
obviated	1
obtrusive	1
obstructed	1
obstinate	1
obstinacy	1
obsta	1
observes	1
observers	1
observer	1
observant	1
observances	1
observa	1
obscurely	1
oblivious	1
obliterated	1
obliquity	1
obligingly	1
obliging	1
obliga	1
obedient	1
obdurately	1
oath	1
o^her	1
nymphes	1
nyith	1
nutes	1
nute	1
nursing	1
nursery	1
nurse	1
nuptials	1
numbered	1
num	1
null	1
nued	1
nual	1
nt	1
nqt	1
npon	1
noxious	1
nowhere	1
novice	1
novembers	1
novem	1
novelty	1
nought	1
notoriously	1
notoriety	1
notion	1
noting	1
nota	1
not^also	1
nosticated	1
nor/to	1
noons	1
nook	1
nonehallence	1
noises	1
noise	1
nod	1
nocent	1
nobleness	1
nobility	1
nnt	1
nnd	1
nj»y	1
nishment	1
nishing	1
ning	1
ninety-nine	1
niggard	1
nificently	1
nichols	1
nicety	1
nicest	1
newmarket	1
newer	1
newborn	1
newal	1
nevolence	1
neutralise	1
neutral	1
nettles	1
net	1
nesty	1
nestness	1
nessing	1
nervous	1
ners	1
nerous	1
nerosity	1
neral	1
ner	1
nent	1
negotiator	1
negotiation	1
negotiate	1
neficial	1
nefarious	1
needy	1
needful	1
needed	1
necessitate	1
necessarily	1
nd	1
naughty	1
natore	1
nations	1
nated	1
nant	1
nanimously	1
nance	1
nameless	1
nag	1
nabob	1
na	1
n'est	1
mystification	1
mysteriously	1
mysteries	1
myste	1
myrmidons	1
myr	1
mws	1
mvite	1
muttering	1
musty	1
musician	1
murmur	1
mured	1
murderer	1
mur	1
munificent	1
munificence	1
munication	1
mu	1
mrss	1
mrs.talbot	1
mr.villiers	1
mr.tourberville	1
mr.thorpe	1
mr.elsmere	1
move	1
mournful	1
mourners	1
mourn	1
mould	1
motion	1
mothers	1
motherless	1
mostya	1
mortify	1
morasses	1
morality	1
mor	1
moonlight	1
monstrance	1
monsters	1
mons	1
monosyllables	1
monopolizer	1
mon	1
momentous	1
mollified	1
molest	1
moistened	1
modesty	1
moderate	1
mockery	1
mjles	1
mixing	1
mix	1
mitigated	1
mitigate	1
mit	1
misunderstood	1
mistrusted	1
mistrust	1
mistook	1
mister	1
missioned	1
missing	1
misses	1
misrepresentation	1
misprised	1
misled	1
mislaid	1
misguided	1
misgives	1
misfortunes	1
miseration	1
miserably	1
miser	1
mised	1
mirth	1
mirably	1
mirabeau	1
minuteness	1
minutely	1
mino	1
minister	1
mingling	1
mine^even	1
mindedness	1
minable	1
min	1
mily	1
miller	1
military	1
miliarly	1
midnight	1
midas	1
mezzo	1
methuselah	1
methodj	1
methinks	1
mesticating	1
messengers	1
messages	1
mes	1
meritent	1
merited	1
meridian	1
mentions	1
mented	1
mentary	1
menaces	1
memorable	1
memo	1
memento	1
mein	1
meek	1
meditation	1
meditating	1
medicinal	1
mechanically	1
measles	1
meals	1
meagre	1
meadthorpe	1
mead	1
maxims	1
matron	1
matrimonial	1
matchless	1
mat	1
mass	1
marching	1
manta	1
manoeuvred	1
manoeuvre	1
manly	1
manifestly	1
manifestation	1
mane	1
managed	1
manage	1
maltreat	1
malignant	1
makfe	1
maining	1
maids	1
maiden	1
magnanimous	1
magnanimity	1
magistrate	1
maddened	1
madame	1
machinery	1
l»y	1
lyons	1
lyle	1
lying	1
lx>rd	1
luxury	1
lurements	1
lure	1
lui	1
luding	1
ludes	1
luded	1
lucifer	1
luable	1
ltl	1
loyalty	1
lowering	1
lovvthe	1
lovesick	1
loveliness	1
loured	1
lounging	1
loud	1
loth	1
lot	1
loses	1
losers	1
lordglenmorne	1
loquacity	1
looker	1
longs	1
lon	1
lome	1
loi	1
loans	1
loading	1
lize	1
liveliness	1
liveliest	1
lity	1
littk	1
litic	1
literature	1
lit	1
lists	1
listlessly	1
listeners	1
list	1
lis	1
lippa	1
lip	1
lining	1
lingers	1
lingering	1
lingered	1
liness	1
lincoln	1
limited	1
limit	1
lily	1
liking	1
likes	1
likelihood	1
ligibly	1
lightness	1
lighting	1
lightful	1
ligence	1
lifying	1
lifeless	1
lieves	1
lies	1
lied	1
licious	1
licentiousness	1
liberties	1
liberkl	1
liberate	1
liarly	1
liant	1
lian	1
liad	1
lf?4	1
levelled	1
lessness	1
lessly	1
lessens	1
lessen	1
ler	1
leonora	1
lents	1
lento	1
lemnly	1
legitimate	1
legitimacy	1
legible	1
legally	1
ledge	1
lecturers	1
lectured	1
leaves	1
least/than	1
leased	1
lease	1
leafless	1
le	1
laws	1
lavishing	1
lavished	1
lavish	1
laughingly	1
laudable	1
later	1
latent	1
lated	1
lastly	1
lasting	1
lashes	1
largest	1
larger	1
largely	1
lant	1
landlords	1
landing	1
landed	1
lamenting	1
lamented	1
lamentable	1
lame	1
lales	1
lain	1
ladyearisford	1
lacly	1
lachrymals	1
lace	1
labyrinth	1
labourer	1
laborious	1
kuows	1
knowledgment	1
knot	1
knocked	1
knock	1
knit	1
knient	1
knell	1
knees	1
knaves	1
knack	1
kleot	1
kinsmen	1
kings	1
kindliest	1
kindhearted	1
killing	1
killed	1
kill	1
keenness	1
juvenile	1
justification	1
justifiable	1
jured	1
junto	1
jumped	1
jump	1
judicious	1
judice	1
judging	1
judges	1
jt	1
js	1
jrom	1
journalize	1
journal	1
joselin	1
josceliuj	1
josce	1
jointured	1
johti	1
jocelin	1
jnayne>	1
jie	1
jher	1
jexpose	1
jewel	1
jests	1
jest	1
jeopardy	1
jemme	1
jemjce	1
jects	1
jdnd	1
jbefore	1
jay.such	1
jatory	1
janetourberville	1
jand	1
jalousie	1
j.aa.y	1
ive	1
ivas	1
itx	1
iti	1
ita	1
istence	1
issuing	1
issue	1
isp	1
isle	1
ish	1
is.going	1
irt	1
irritating	1
irritable	1
irritability	1
irrevocably	1
irrevocable	1
irreversible	1
irreverently	1
irreproachable	1
irremediable	1
irrecoverable	1
irradiated	1
irony	1
irmi	1
irksomeness	1
irke	1
ire	1
ira	1
ioto	1
inward	1
involving	1
involved	1
involve	1
involuntary	1
invitations	1
invisible	1
inviolable	1
inviolability	1
inveterately	1
investigating	1
inventive	1
invention	1
invent	1
invalid	1
inuendoes	1
intuitively	1
intseation	1
introduction	1
intrigue	1
intricate	1
intreats	1
intoxicated	1
intolerable	1
intimation	1
intimately	1
intimate	1
interruption	1
interrupt	1
interrogatories	1
interrogating	1
interpreted	1
interpretation	1
interposing	1
internally	1
interloper	1
interjections	1
interdicted	1
intentness	1
intently	1
intentionally	1
intend	1
intemperately	1
intemperance	1
intelligent	1
intellects	1
insurmountable	1
insupportable	1
insulting	1
insu	1
instructors	1
instructed	1
institute	1
instinctively	1
instigator	1
inspired	1
inspecting	1
inspect	1
insists	1
insisted	1
insinuations	1
insincere	1
insidiously	1
insidious	1
inside	1
insert	1
insensibly	1
insanity	1
insane	1
inquisitive	1
inquiring	1
inorne	1
inoffensive	1
innumerable	1
innocently	1
inlaw	1
ink	1
injunctions	1
iniquity	1
inimical	1
inhuman	1
inherit	1
inhabitants	1
inhabit	1
ingratitude	1
ingrate	1
ingenuity	1
ingenious	1
infused	1
infringe	1
influences	1
inflicted	1
infirmity	1
infirmities	1
inferiority	1
infant	1
infallible	1
inexpressibly	1
inexplicably	1
inexplicable	1
inexperience	1
inexorable	1
inexhaustible	1
inexcusable	1
inevitably	1
inestimable	1
inebriation	1
industry	1
industriously	1
indulging	1
indulged	1
inducted	1
inducing	1
induces	1
indubitable	1
indolently	1
indolent	1
indistinctly	1
indissoluble	1
indisputably	1
indisposed	1
indispensably	1
indispensable	1
indiscretions	1
indirectly	1
indignity	1
indigna	1
indicating	1
indicated	1
indeterminate	1
indescribable	1
independently	1
indelicate	1
indelicacy	1
indelible	1
indefinite	1
indecorums	1
indecorous	1
indecision	1
incurred	1
incredulously	1
incredulity	1
incredible	1
increasing	1
incorrigible	1
incorrect	1
inconvenient	1
inconveniencing	1
inconveniences	1
incontestibly	1
inconsiderate	1
inconsiderable	1
inconceivable	1
incompatible	1
inclinations	1
inclina	1
inciso	1
incessant	1
incensed	1
incense	1
incautiously	1
inca	1
inaudible	1
inartificial	1
inanity	1
inanimate	1
inadvertency	1
inactivity	1
inactive	1
inability	1
ims	1
impute	1
imputations	1
impulse	1
impudence	1
improvements	1
improvement	1
improprieties	1
improbability	1
impressively	1
imprecations	1
impoverish	1
impostor	1
impossibility	1
impositions	1
imposing	1
imposed	1
importunate	1
implores	1
implored	1
implore	1
implied	1
implicit	1
implicated	1
implanted	1
implacably	1
implacable	1
imperious	1
imperfectly	1
impenetrably	1
impediments	1
impediment	1
impede	1
impeached	1
impartial	1
immutability	1
immobility	1
immo	1
immaculate	1
imagines	1
imaginations	1
imaginary	1
imaginable	1
ima	1
iloratia	1
illumi	1
illiberal	1
ill-used	1
ill-fated	1
iicitous	1
ignominiously	1
ieorge	1
idolises	1
idolise	1
idleness	1
idiot	1
ides	1
ideas	1
ible	1
iaroisisce	1
i'wrote	1
i'tell	1
hysterical	1
hypothesis	1
hypocrite	1
hyacinth	1
husky	1
hushed	1
husbandman	1
hurrying	1
hunter	1
hunt	1
hun	1
humiliation	1
humiliating	1
hue	1
hubert	1
hr	1
hovered	1
houses	1
housemaid	1
housed	1
hotheaded	1
hotel	1
hostility	1
hospital	1
hospitable	1
horted	1
horsemanship	1
horseman	1
horseback	1
horaria	1
hope'every.thing	1
honourably	1
honestly	1
homme	1
homes	1
homage	1
holly	1
holes	1
hole	1
hokl	1
hofalia	1
hocus	1
hoax	1
hoard	1
histories	1
hints	1
hinting	1
hind	1
hilarity	1
highroad	1
highborn	1
high-minded	1
hideously	1
hidden	1
hid	1
hich	1
hibiting	1
hey	1
hev	1
hesitates	1
herthe	1
herr	1
heroism	1
heroics	1
hero	1
herj	1
heretofore	1
herefordshire	1
her.repu	1
hension	1
henry	1
heiresses	1
heinousness	1
heinously	1
heightening	1
hedf	1
heavily	1
heavenly	1
heathen	1
heated	1
heartlessness	1
heartlessnes	1
heartily	1
hearted	1
healthy	1
he'brought	1
hberville	1
hazleford.**	1
hazardous	1
hazarded	1
havoc	1
havejoiwerf	1
have/time	1
have.no	1
hausted	1
hatred	1
hates	1
hated	1
hastiness	1
harum	1
harshness	1
harsher	1
harem	1
hare	1
hardness	1
harden	1
harassing	1
harass	1
haps	1
happiest	1
happen	1
hanging	1
hanged	1
handsomer	1
handing	1
halter	1
halt	1
hallooed	1
haggard	1
hack	1
habi	1
ha	1
gum	1
gularly	1
gular	1
guinea	1
guinary	1
guileless	1
guile	1
guided	1
guide	1
guardianship	1
guardedly	1
grows	1
grow	1
groups	1
groundless	1
grottoes	1
grossness	1
groans	1
groan	1
grin	1
grieving	1
grievances	1
grey	1
gretted	1
greet	1
grecian	1
greatest	1
graver	1
gravely	1
gratulations	1
gratuitously	1
grated	1
grasp	1
grants	1
grant	1
grandeur	1
graciously	1
graceless	1
gracefully	1
graced	1
government	1
gothic	1
gossiping	1
gossip	1
goodnight	1
goodbye	1
good-natured	1
gome	1
gold	1
godson	1
goddess	1
gloves	1
glossy	1
glorious	1
gloomiest	1
glis	1
glimmering	1
glided	1
glide	1
gled	1
gleaned	1
glean	1
glazed	1
glaring	1
glanced	1
givings	1
girls	1
gine	1
gination	1
ginality	1
gies	1
giants	1
gets	1
gestures	1
germany	1
geraniums	1
ger	1
gentry	1
gentleness	1
generously	1
generation	1
generalising	1
gen	1
gazetteer	1
gazer	1
gazed	1
gayest	1
gayer	1
gauging	1
gauge	1
gaucherle	1
gather	1
garnered	1
garments	1
gardless	1
gardens	1
gardening	1
gamekeeper	1
galloped	1
gains	1
gaieties	1
g	1
fying	1
fuss	1
fuses	1
fusal	1
furtive	1
furthest	1
furrowed	1
furniture	1
furnishibg	1
furiously	1
furious	1
funeral	1
fullest	1
fugitive	1
ftnd	1
fth	1
ft	1
fsw	1
frugal	1
frown	1
frooi	1
front	1
frivolous	1
fringed	1
frights	1
frighten	1
fright	1
fretted	1
frets	1
frequented	1
frenzy	1
freely	1
freedom	1
fraudulently	1
frames	1
framed	1
frame	1
frais	1
fragrance	1
fowling	1
fours	1
foundation	1
forwards	1
forty	1
fortnight	1
fortified	1
fort	1
formulary	1
forming	1
formally	1
formalities	1
forhours	1
forgiven	1
forgets	1
forgetfulness	1
forfeiture	1
forfeiting	1
foretold	1
forestalling	1
foresight	1
foreseen	1
foresee	1
foresaw	1
foremost	1
foreigners	1
forehead	1
forebodings	1
forcing	1
forcible	1
forbearing	1
footman	1
fooleries	1
fondly	1
fondest	1
follows	1
folks	1
folds	1
fold	1
foiled	1
foes	1
fo*	1
fo	1
flushed	1
flush	1
fluous	1
flown	1
flowers	1
flower	1
flow	1
flourishes	1
florentine	1
floors	1
flirting	1
flights	1
flies	1
flict	1
flections	1
flattery	1
flat	1
flashing	1
flagitious	1
fix	1
fittest	1
fitable	1
first-rate	1
firmed	1
firing	1
fireplace	1
fired	1
fior	1
finitely	1
finished	1
finis	1
finest	1
finesse	1
finer	1
finement	1
fills	1
fiist	1
figures	1
figured	1
fighting	1
fifth	1
fifteen	1
fiendlike	1
fiend	1
fied	1
fidelity	1
fiddle	1
fictitious	1
fiance	1
fi	1
fhese	1
ff	1
feuds	1
fest	1
fession	1
fess	1
fervour	1
fertile	1
ferring	1
ferences	1
fer	1
fenny	1
females	1
felicitations	1
felicitation	1
fel	1
fek	1
fehe	1
feet	1
feebly	1
feebleness	1
fed	1
fectly	1
fectionately	1
fearlessly	1
fearing	1
fearfully	1
favours	1
favourably	1
faulty	1
fatiguing	1
fatigues	1
fatherly	1
fates	1
fated	1
fatally	1
fatality	1
fastened	1
fascina	1
fas	1
farming	1
farmhouse	1
farmer	1
fantastical	1
fantastic	1
fan	1
familiarity	1
familiarise	1
famed	1
faltering	1
falsely	1
falsehoods	1
falsehood	1
fallacy	1
faithfully	1
fairs	1
fairer	1
fain	1
failures	1
factory	1
factorily	1
factor	1
facetious	1
exultingly	1
exulted	1
exultation	1
exuberant	1
extricated	1
extremities	1
extremes	1
extravagantly	1
extravagance	1
extracted	1
extorted	1
extort	1
extol	1
external	1
extenuation	1
extenuate	1
extending	1
extempore	1
exquisitely	1
expressively	1
exposition	1
explicit	1
explains	1
explaining	1
expires	1
expired	1
expire	1
expert	1
expensiveness	1
expeditious	1
expedite	1
expatiate	1
exotic	1
exists	1
existed	1
exist	1
exiled	1
exile	1
exhorting	1
exhortation	1
exhort	1
exhilarating	1
exhaustless	1
exhausting	1
exhale	1
exerting	1
exemption	1
exempt	1
exemplary	1
execrated	1
exdaimed	1
excuses	1
excused	1
excusable	1
exculpation	1
excnse	1
exclusively	1
excluding	1
exclu	1
excels	1
excellence	1
excavating	1
exasperating	1
exasperate	1
examining	1
exaltation	1
exacts	1
ewer	1
evitent	1
evincing	1
evinces	1
evi	1
everywhere	1
evenly	1
evenings	1
evaporated	1
evade	1
ets	1
estrange	1
estimate	1
estimable	1
estima	1
esteeming	1
essex	1
essentially	1
ess	1
esq	1
espied	1
ery	1
eruption	1
erly	1
erected	1
erased	1
equitable	1
eolation	1
envying	1
enumerate	1
entrusting	1
entrust	1
entreaties	1
enters	1
entanglement	1
entangled	1
ensure	1
enriched	1
enrapturing	1
enraptured	1
enquires	1
enormous	1
ennui	1
enlist	1
enlarged	1
enjoyments	1
enjoyment	1
enjoying	1
enjoining	1
enhances	1
enemy	1
ened	1
endsj	1
endorsed	1
endearment	1
endearing	1
endangering	1
ency	1
encumbrance	1
encroaching	1
encouraging	1
encourages	1
encountering	1
encomiums	1
enclose	1
encircling	1
encircled	1
enchant	1
enchained	1
employments	1
emphatic	1
emphasis	1
emissary	1
eminently	1
emigrating	1
emi	1
embracing	1
embrace	1
embossed	1
embellishments	1
embargo	1
elysium	1
elude	1
elucidation	1
elucidated	1
elstnere	1
elsewhere	1
eloquent	1
eloquence	1
elopement	1
eloaths	1
elicit	1
eliaa	1
elf	1
elevated	1
elegance	1
eleemosynary	1
electrified	1
elect	1
elder	1
elbow	1
elated	1
elate	1
elasticity	1
elaborate	1
eke	1
ekclamation	1
ej	1
eie#pours	1
ehange	1
egregious	1
egotism	1
effusions	1
effulgent	1
effrontery	1
efforti	1
efface	1
educating	1
edifices	1
edifice	1
economy	1
eclair	1
eccentricity	1
ebon	1
eating	1
eat	1
eastvalas^	1
eastva'.e	1
eastern	1
east-india	1
easiness	1
earthly	1
earls	1
earliest	1
dye	1
dy	1
dwindle	1
dweedledeeing	1
dweedle	1
duration	1
dur	1
duplicity	1
duped	1
dumming	1
dulgent	1
dulge	1
duities	1
duh	1
duet	1
duellist	1
ductmay	1
duces	1
dubious	1
du	1
dssement	1
dryness	1
dryden	1
drowned	1
drown	1
drous	1
drops	1
dropping	1
drop	1
drooping	1
droop	1
drives	1
drinking	1
drille	1
drift	1
dresses	1
dres	1
drefrnt	1
dreams	1
dreads	1
draws	1
drawn	1
drawers	1
drawback	1
drank	1
drance	1
draining	1
dp	1
dows	1
downstairs	1
dowagers	1
dow	1
dover	1
dovecot	1
doubting	1
dot	1
dormer	1
dor	1
doomed	1
doom	1
domesticated	1
domain	1
dogs	1
dogberry	1
doctor	1
djs	1
divorce	1
divisions	1
division	1
divination	1
dividuals	1
dividing	1
divested	1
divert	1
diversion	1
distrusting	1
distrustfully	1
distrustful	1
district	1
distributed	1
distri	1
distresses	1
distressed	1
distractedly	1
distracted	1
distorted	1
distinguishing	1
distinguishes	1
distinction	1
distempered	1
distancing	1
dissolve	1
dissolution	1
dissolute	1
dissipate	1
dissension	1
dissembler	1
dissatisfy	1
disrepute	1
disregarded	1
disregard	1
disquietude	1
disquiet	1
dispute	1
disposing	1
dispose	1
displeased	1
dispirited	1
dispersed	1
dispensable	1
dispelled	1
dispel	1
dispatching	1
disparity	1
dispaired	1
disorder	1
dislodge	1
disliking	1
disinterestedly	1
disinheritance	1
disinclined	1
disinclination	1
dishonouring	1
dishes	1
disheartening	1
dish	1
disgusted	1
disguises	1
disgracide	1
disfigured	1
disfavour	1
disease	1
disdains	1
disdainfully	1
disdainful	1
discrimination	1
discredit	1
discovers	1
discover	1
discouragement	1
discountenance	1
discontinue	1
discontent	1
disconsolate	1
discomposure	1
discomposed	1
discomforts	1
discomfiter	1
discomfited	1
disclose	1
disclaim	1
discharged	1
discard	1
disbelieve	1
disbelief	1
disavowal	1
disavow	1
disaster	1
disarrayed	1
disapprove	1
disapprobation	1
disappear	1
disadvantages	1
disadvantageous	1
disabled	1
dirty	1
dirge	1
directs	1
directing	1
dint	1
dines	1
dine	1
dimpling	1
diminish	1
dimensions	1
diligently	1
dilemma	1
dignified	1
diffuse	1
differ	1
dies	1
dications	1
dication	1
dially	1
dial	1
diabolical	1
di	1
dextrous	1
dew	1
devotion	1
devotedness	1
devote	1
devoirs	1
devilish	1
deviation	1
deviate	1
develop	1
deuce	1
detrimental	1
detestation	1
detestable	1
deterred	1
determining	1
determinate	1
detecting	1
detect	1
detailing	1
detached	1
destructive	1
destroying	1
destroy	1
destitution	1
destination	1
despondency	1
despond	1
despoiled	1
despise	1
despaired	1
despair	1
desk	1
desiring	1
desires	1
desirably	1
designing	1
designedly	1
designed	1
deserves	1
deserts	1
desertion	1
deserting	1
descriptive	1
describing	1
describes	1
descended	1
descant	1
derstanding	1
derstand	1
ders	1
dernize	1
derness	1
derives	1
dergoing	1
depth	1
deprives	1
depressed	1
depreciate	1
deprecating	1
deprecates	1
deposits	1
depository	1
depositors	1
depositing	1
deposit	1
deporfement	1
deplores	1
depict	1
depending	1
denying	1
dent	1
denoting	1
denominate	1
denly	1
denies	1
denials	1
denial	1
den	1
demureness	1
demur	1
demonstrative	1
demonstrate	1
demnify	1
demands	1
delusions	1
deluding	1
deluded	1
delineated	1
delicious	1
delibly	1
deliberately	1
deliberated	1
deli	1
delectable	1
delays	1
dejects	1
dejection	1
deign	1
degrading	1
degraded	1
degenerate	1
defraud	1
deforms	1
deformed	1
deficiencies	1
deference	1
defects	1
defection	1
defeating	1
defeat	1
default	1
defamed	1
defame	1
deepest	1
deeper	1
deems	1
deeming	1
deem	1
dedicate	1
decried	1
decoyed	1
decorum	1
decorated	1
deco	1
declaring	1
declare	1
decks	1
deciding	1
decides	1
decent	1
deceived	1
decamped	1
debt	1
debilitated	1
deavours	1
deavour	1
deathblow	1
deathbed	1
deared	1
dealt	1
dealing	1
deadly	1
daylight	1
daresay	1
dar	1
dangerously	1
dancer	1
dancent	1
damsels	1
dalized	1
daiighter	1
cymbeline	1
cuttings	1
cutting	1
customhouse	1
curtsied	1
curs	1
currence	1
curred	1
cure	1
cumstancially	1
cultivation	1
culti	1
culated	1
culars	1
cular	1
cught	1
cturi	1
crushed	1
cruelty	1
cruelly	1
crue	1
crown	1
crotch	1
crossing	1
crosses	1
crossed	1
cross-examined	1
cross	1
crooked	1
croaking	1
crity	1
criticising	1
crisis	1
crimes	1
cret	1
crest	1
credulously	1
credits	1
creditor	1
credible	1
credentials	1
credential	1
creation	1
crawl	1
crafty	1
craftily	1
cr	1
cowper	1
cowardly	1
coveted	1
covert	1
coverley	1
covering	1
cove	1
couw	1
courtship	1
courtesies	1
courteous	1
couragement	1
coupled	1
countryman	1
countess	1
counterpoise	1
countenancing	1
counsels	1
counsellors	1
coum	1
coughing	1
cou	1
cottager	1
cot	1
costomed	1
corruption	1
corroboration	1
corroborate	1
correspondent	1
correspond	1
corpse	1
cornrnand	1
cordiality	1
copies	1
copied	1
cookery	1
conveying	1
converted	1
conversa	1
contrpul	1
controvertible	1
controvert	1
contrive	1
contributing	1
contreun	1
contre	1
contradiction	1
contradicted	1
contradict	1
contracting	1
continuing	1
continu	1
continent	1
contentedly	1
contented	1
contending	1
contended	1
contend	1
contemplative	1
contemplates	1
contemplated	1
contempla	1
containing	1
contained	1
contact	1
consumed	1
consultation	1
construct	1
constitutionally	1
constitute	1
const	1
consonance	1
consoler	1
consola	1
consisting	1
consistent	1
consigning	1
considering	1
considerately	1
consequent	1
consenting	1
conscientiously	1
conscientious	1
conr	1
conquest	1
connivance	1
conjunction	1
conjectured	1
congratula	1
congrati>	1
confounded	1
conformation	1
conflux	1
confinement	1
confined	1
confidingly	1
confidents	1
confidently	1
confidentially	1
confidential	1
confidant	1
conferred	1
confederate	1
confederacy	1
conds	1
conditioning	1
condi	1
condescend	1
cond	1
concurring	1
concurred	1
concur	1
concord	1
conclusive	1
conciliation	1
conciliated	1
concession	1
conceited	1
concede	1
concealment	1
conceal	1
conbdence	1
compulsion	1
comprised	1
compressed	1
comprehensively	1
comprehending	1
compounded	1
composing	1
composedly	1
comply	1
complished	1
complimented	1
complimentary	1
complain	1
complacently	1
competitor	1
competi	1
competent	1
compensa	1
compeer	1
compassed	1
compass	1
comparatively	1
companions	1
community	1
communications	1
communi	1
committed	1
commiseration	1
commi	1
commended	1
commendations	1
commenda	1
commencement	1
commemorate	1
commemoi	1
commanding	1
commanded	1
comforters	1
comforter	1
comer	1
combine	1
combination	1
colours	1
colourless	1
collusion	1
collo	1
collision	1
collection	1
collected	1
colebrook	1
coincide	1
coherent	1
coffee	1
coast	1
coarse	1
clusively	1
clumsiness	1
cluding	1
clpge	1
cloven	1
closure	1
closing	1
closeted	1
cloister	1
clipped	1
clings	1
clined	1
cline	1
climate	1
cleverest	1
cles	1
clerks	1
clergymen	1
clearness	1
cleared	1
claver	1
clatter	1
claration	1
clamour	1
cjeemed	1
civilities	1
civi	1
citement	1
cise	1
circumstence	1
circumstatitially	1
circumstantially	1
circumlocution	1
circula	1
cir	1
cipitate	1
cipitancy	1
cipation	1
cipally	1
cinating	1
cies	1
cient	1
ciates	1
ciable	1
christmas	1
choler	1
choir	1
chit	1
chilled	1
childless	1
childish	1
chicken	1
chest	1
chess	1
cherishing	1
cherishes	1
cheerlessness	1
cheerless	1
cheerfulness	1
cheered	1
checquered	1
checking	1
chatting	1
chat	1
chastise	1
charmer	1
charlet	1
charlei	1
charity	1
characters	1
characteristically	1
characterised	1
chaperon	1
chanting	1
channels	1
changes	1
chandelier	1
cham	1
chain	1
cetiously	1
cester	1
cession	1
cessful	1
cessant	1
cess	1
certify	1
certificate	1
certaining	1
cert	1
ceremonies	1
ceremonial	1
cerely	1
cere	1
cer	1
cepted	1
ceptable	1
cept	1
cently	1
cellent	1
celebrity	1
celebration	1
ceive	1
ceipt	1
ceasing	1
ceaseless	1
cealment	1
ce	1
cavalcade	1
cated	1
catastrophe	1
castelll	1
castehi	1
cassino	1
casioned	1
carriages	1
caressingly	1
caressing	1
caresses	1
caressed	1
career	1
cared	1
carded	1
captivating	1
capti	1
cap	1
canvas	1
cant	1
cannibal	1
candles	1
candlelight	1
candle	1
candidate	1
candid	1
cancel	1
calumny	1
calumnious	1
callousness	1
callous	1
caliban	1
calcula	1
calamitous	1
cal	1
cake	1
cable	1
bystander	1
bv	1
buted	1
busily	1
burying	1
bursting	1
burned	1
buried	1
burgher	1
buonaparte	1
built	1
build	1
bui	1
buffooneries	1
bu	1
bt	1
brushes	1
brothers	1
brokenhearted	1
brilliancy	1
bril	1
brighton	1
brightness	1
brighten	1
briers	1
briefly	1
bridle	1
brides	1
bridemaid	1
bridegrooms	1
bribe	1
brevity	1
breathing	1
breathed	1
breath	1
breast	1
brealk	1
breakmg	1
braved	1
brave	1
brary	1
brand	1
bracing	1
braced	1
boyish	1
bowing	1
bow-street	1
bours	1
bouring	1
bounty	1
boundaries	1
bounced	1
boulogne	1
bouk	1
bottle	1
bother	1
borrowed	1
borrow	1
bordering	1
bordered	1
boots	1
boon	1
bonnement	1
bond	1
bon-ton	1
bombastic	1
bolt	1
boldness	1
bolder	1
bogs	1
bodings	1
boding	1
bodily	1
boccacw	1
boaster	1
boast	1
board	1
blustering	1
bluntly	1
blunted	1
blundering	1
blue	1
blooming	1
blaucb	1
blance	1
blanc	1
blameless	1
blacksmith	1
biwi	1
bitterest	1
bition	1
biting	1
birthright	1
birthday	1
bind	1
bim	1
bill	1
big	1
biassed	1
bhe	1
bfench	1
bewitching	1
bets	1
betrayer	1
betokened	1
bethought	1
bestows	1
bestowing	1
beseeching	1
bery	1
berry	1
berless	1
bereaving	1
berately	1
bequests	1
benefited	1
beneficial	1
beneficent	1
benefactor	1
beneath	1
bend	1
belongs	1
bela	1
beings	1
behoves	1
behaves	1
behave	1
beguiling	1
begs	1
begins	1
begging	1
beggar	1
befriending	1
befriend	1
beems	1
bedtime	1
bedchamber	1
beauties	1
beatings	1
beaten	1
beards	1
beard	1
beams	1
beaming	1
be'ex	1
bath	1
bassy	1
base	1
barrelled	1
barrassment	1
baro	1
bark	1
bar	1
banter	1
banner	1
banking	1
bane	1
balls	1
balcony	1
balanqe	1
bal	1
bait	1
bailiffs	1
bailiff	1
bailed	1
baffled	1
backwards	1
background	1
bachelor	1
babbler	1
b&th	1
b	1
aye	1
awkwardness	1
awkward	1
awakens	1
awaked	1
avows	1
avowing	1
avowedly	1
avoidably	1
avidity	1
avhat	1
averred	1
aver	1
avenues	1
avarice	1
autography	1
authoritative	1
authorising	1
authorise	1
authenticate	1
authentically	1
auspices	1
aus	1
aur	1
aught	1
auditory	1
auditors	1
audible	1
attributing	1
attributes	1
attentively	1
attempts	1
attar	1
attainable	1
attach	1
atrocious	1
atonement	1
atone	1
atom	1
atl	1
athletic	1
atherton	1
atfill	1
asylum	1
astonished	1
astonish	1
assunder	1
assumption	1
assumes	1
assuager	1
associating	1
associates	1
asso	1
assistants	1
assimilate	1
assiduously	1
assiduous	1
assidui	1
assi	1
asserts	1
assertions	1
asserted	1
asser	1
assented	1
assembling	1
assembled	1
assemblage	1
assault	1
assailed	1
assailants	1
assail	1
aspired	1
asperity	1
aspec	1
asleep	1
asiatic	1
ascendency	1
ascendancy	1
ascend	1
arviragus	1
artlessly	1
artifices	1
articulate	1
artfully	1
artful	1
arrow	1
arrogant	1
arrested	1
arranging	1
arranges	1
arouse	1
arid	1
argument	1
argues	1
argued	1
ardour	1
ardent	1
architect	1
arch	1
arc	1
arbours	1
arabian	1
aqd	1
approvingly	1
approves	1
approved	1
approval	1
appropriate	1
approaches	1
appro	1
apprized	1
apprised	1
apprise	1
apprehensively	1
appreciating	1
appreciated	1
appre	1
appoints	1
applicable	1
appli	1
applauds	1
appeasing	1
appearances	1
appearacc	1
appealing	1
apparatus	1
apostrophe	1
apostate	1
apon	1
apologising	1
apologises	1
ape	1
apathetic	1
apartments	1
aome	1
aod	1
anywhere	1
anxl	1
antiquity	1
antiquated	1
antipathies	1
anticipate	1
antici	1
ano	1
annihilated	1
animo	1
animate	1
anima	1
angrily	1
angier	1
angelic	1
anecdotes	1
andstill	1
anda	1
and.offended	1
ancy	1
ancient	1
analyzers	1
amusingly	1
amusing	1
amity	1
ami	1
amendments	1
amended	1
ameliorated	1
amazed	1
alvvery	1
alted	1
along	1
allusive	1
allurements	1
allude	1
alli	1
alleviated	1
allegiance	1
allege	1
allegations	1
allay	1
alj	1
alighted	1
alight	1
alienated	1
alienate	1
alias	1
alert	1
alarming	1
ala	1
akin	1
ajid	1
aivd	1
ait	1
aimed	1
ahall	1
agues	1
agricultural	1
agrees	1
agreement	1
agonised	1
aggravation	1
aggravated	1
agency	1
afternoons	1
afternoon	1
afterlife	1
aft'ection	1
aft	1
afresh	1
afloat	1
affurs	1
affright	1
affluent	1
affluence	1
affliction	1
afflict	1
affixes	1
affixed	1
affirmed	1
affects	1
aether	1
advise	1
advisable	1
adverting	1
adverted	1
adversity	1
adversary	1
adventurous	1
advantageous	1
advancing	1
advances	1
advanced	1
adulation	1
adroitly	1
adored	1
adopts	1
adoption	1
adopter	1
ado	1
admonitory	1
admonish	1
admissible	1
admires	1
admirationj	1
admira	1
administer	1
adjusted	1
adjournment	1
adjoining	1
adherence	1
adhere	1
adequate	1
additions	1
addi	1
actly	1
acrimony	1
acre	1
acquiring	1
acquires	1
acquire	1
acquiescence	1
acquainting	1
acquaint	1
ache	1
accusers	1
accus	1
accuracy	1
accumulating	1
accrue	1
accredited	1
accounting	1
accorded	1
accord	1
accomplishing	1
accompanying	1
accidents	1
accidental	1
accessible	1
accessary	1
accepting	1
accelerated	1
accelerate	1
acceded	1
abused	1
abundantly	1
absurdly	1
abstraction	1
abstain	1
absorbed	1
absolutely	1
absented	1
absense	1
absconded	1
abruptness	1
abominably	1
abominable	1
abodes	1
abo	1
abiding	1
abide	1
abhorred	1
abhor	1
abdicated	1
abashed	1
abandoning	1
ab	1
^uct	1
\vith	1
\i\sjmr	1
?.	1
?-	1
?,	1
?*'	1
?)	1
?'»	1
?'*	1
>pho	1
=	1
9ttch	1
1'alfour	1
//	1
/'	1
.•	1
.."	1
.)	1
.'"	1
.".	1
-,	1
*,	1
*!	1
);	1
)'"	1
'•	1
'?"	1
',	1
''	1
$i<jles	1
"..	1
".	1
",	1
"'	1
""'"	1
""	1
!^	1
!-	1
!"*	1
!!	1
