,	2028
the	1892
.	1419
"	857
to	839
and	662
of	629
a	545
i	492
was	447
in	383
you	361
it	356
he	345
that	316
she	298
had	293
her	252
his	233
not	230
as	216
at	206
my	204
for	194
on	190
."	171
is	157
have	155
be	155
but	154
said	153
with	152
all	142
one	137
by	122
me	121
from	119
!	116
this	115
they	111
who	106
when	105
we	105
which	99
will	98
were	97
him	97
no	96
!"	96
out	92
old	88
went	87
there	87
if	84
man	81
up	79
so	79
what	78
do	78
|'s|	77
then	77
marie	72
been	72
;	70
?"	68
upon	67
mother	67
house	67
go	66
your	64
dead	64
them	63
see	63
night	63
are	63
time	62
â€”	61
woman	61
their	60
could	59
bed	57
come	56
did	55
came	53
before	53
into	52
am	52
would	51
heard	51
about	51
day	49
?	49
little	47
an	47
must	46
(	46
white	43
shall	42
or	42
has	42
door	42
young	41
made	41
can	41
two	40
our	40
like	40
good	40
down	40
very	39
rector	39
poor	38
wife	37
say	37
much	35
more	35
linen	35
last	35
its	35
god	35
church	35
began	35
|romannumeral|	34
servant	34
master	34
girl	34
:	34
some	33
mass	33
back	33
after	33
well	32
way	32
us	32
than	32
should	32
priest	32
long	32
know	32
just	32
hand	32
evening	31
answered	31
seemed	30
saw	30
over	30
only	30
ludo	30
having	30
first	30
'	30
soul	29
same	29
other	29
once	29
now	29
here	29
sound	28
head	28
voice	27
face	27
again	27
yes	26
where	26
through	26
thought	26
nothing	26
make	26
herself	26
going	26
take	25
place	25
may	25
husband	25
along	25
took	24
still	24
room	24
men	24
light	24
jeanne	24
towards	23
three	23
these	23
six	23
each	23
died	23
*	23
such	22
round	22
open	22
never	22
near	22
morning	22
hear	22
death	22
asked	22
related	21
great	21
felt	21
farm	21
eyes	21
water	20
suddenly	20
strange	20
side	20
seen	20
might	20
look	20
himself	20
hardly	20
gone	20
found	20
cried	20
though	19
returned	19
put	19
people	19
let	19
hour	19
half	19
done	19
being	19
|arabic5+digit|	18
think	18
reached	18
piece	18
kept	18
how	18
four	18
five	18
exclaimed	18
body	18
away	18
another	18
years	17
work	17
watch	17
tell	17
shut	17
looked	17
indeed	17
give	17
get	17
find	17
even	17
corpse	17
boat	17
table	16
quite	16
quimper	16
off	16
grave	16
fire	16
cross	16
coffin	16
child	16
village	15
thus	15
road	15
remained	15
passed	15
next	15
midnight	15
help	15
happened	15
days	15
cold	15
churchyard	15
called	15
best	15
yet	14
wind	14
too	14
told	14
together	14
till	14
stood	14
soon	14
roperz	14
rojon	14
poaz	14
making	14
lomm	14
knew	14
inn	14
got	14
against	14
yann	13
without	13
while	13
struck	13
sailors	13
sad	13
prayers	13
noise	13
name	13
moment	13
lived	13
left	13
home	13
heavy	13
funeral	13
following	13
black	13
belated	13
asleep	13
ask	13
appeared	13
also	13
yourself	12
those	12
sure	12
story	12
st	12
souls	12
since	12
set	12
saying	12
oh	12
most	12
mistress	12
kitchen	12
hands	12
garel	12
fear	12
every	12
ever	12
entered	12
dawn	12
corner	12
cock	12
caourantinn	12
better	12
any	12
ann	12
alone	12
under	11
third	11
themselves	11
spoke	11
sleep	11
right	11
rest	11
red	11
opened	11
mouse	11
laid	11
ill	11
grandfather	11
fell	11
die	11
desire	11
de	11
continued	11
children	11
buried	11
bring	11
beside	11
bells	11
ar	11
anything	11
always	11
),	11
yvon	10
word	10
watchers	10
until	10
turned	10
taken	10
surprised	10
stone	10
somewhat	10
sir	10
single	10
shroud	10
shoulders	10
return	10
replied	10
placed	10
peuker	10
oxen	10
met	10
many	10
living	10
le	10
however	10
held	10
follow	10
feel	10
fast	10
end	10
during	10
don't	10
daybreak	10
coming	10
certainly	10
both	10
amongst	10
-	10
|arabic1digit|	9
yves	9
yannic	9
women	9
wide	9
traveller	9
times	9
tears	9
sent	9
seeing	9
remain	9
recognised	9
possible	9
person	9
myself	9
murmured	9
middle	9
m	9
lost	9
leave	9
large	9
knelt	9
kersaliou	9
ground	9
given	9
fine	9
feet	9
far	9
family	9
earth	9
brother	9
brittany	9
because	9
although	9
.)	9
world	8
words	8
want	8
waited	8
turn	8
touched	8
thing	8
supper	8
sunday	8
started	8
start	8
spinning	8
speaking	8
sooner	8
son	8
sometimes	8
something	8
sitting	8
sigorel	8
sheets	8
sea	8
sat	8
receive	8
ready	8
rather	8
ran	8
present	8
pilgrimage	8
pezr	8
others	8
nevertheless	8
masses	8
ln	8
immediately	8
hundred	8
hearth	8
guernoter	8
few	8
fair	8
except	8
early	8
dressmaker	8
disappeared	8
digger	8
devil	8
determined	8
dd	8
coz	8
close	8
christian	8
cart	8
became	8
almost	8
across	8
able	8
window	7
why	7
wheel	7
uncle	7
tone	7
things	7
terrible	7
ten	7
taking	7
steps	7
spinner	7
speak	7
slept	7
seem	7
recognise	7
quickly	7
question	7
porch	7
part	7
oars	7
neighbours	7
need	7
nearly	7
matter	7
madame	7
low	7
lay	7
later	7
horse	7
heart	7
guilcher	7
francois	7
finished	7
fields	7
field	7
farmer	7
fant	7
faint	7
enough	7
drink	7
dressed	7
dear	7
crossed	7
companion	7
cattle	7
carried	7
cannot	7
brought	7
blanc	7
belonging	7
believe	7
behind	7
awake	7
answer	7
("	7
year	6
william	6
whose	6
whom	6
wedding	6
wardrobe	6
wall	6
vraz	6
upstairs	6
tonight	6
tomorrow	6
therefore	6
thank	6
suffering	6
strong	6
stretched	6
stones	6
spun	6
spread	6
spite	6
speedily	6
sit	6
silently	6
silent	6
silence	6
sign	6
shore	6
second	6
saturday	6
rushed	6
ring	6
reverend	6
returning	6
repeated	6
reason	6
raised	6
quinquiz	6
press	6
port	6
peace	6
path	6
parish	6
pale	6
own	6
obliged	6
o'clock	6
nicol	6
neighbourhood	6
nearer	6
monica	6
mind	6
lying	6
loved	6
lord	6
longer	6
listened	6
lighted	6
less	6
length	6
lenan	6
late	6
la	6
keeper	6
journey	6
jean	6
instead	6
innkeeper	6
hours	6
holy	6
hearing	6
hard	6
grew	6
gon^ri	6
full	6
form	6
filled	6
fallen	6
expiation	6
exactly	6
evil	6
ere	6
enter	6
departed	6
dark	6
cut	6
crow	6
crept	6
cow	6
country	6
cornic	6
certain	6
care	6
candle	6
breton	6
breath	6
blow	6
between	6
bent	6
become	6
attended	6
arms	6
appearance	6
ago	6
added	6
.'	6
yesterday	5
worse	5
wish	5
winter	5
widow	5
whispered	5
whence	5
wept	5
weep	5
week	5
walking	5
walked	5
wait	5
used	5
unknown	5
understood	5
trees	5
tide	5
task	5
talking	5
surely	5
stranger	5
sprang	5
spoken	5
spent	5
sounded	5
small	5
sister	5
sight	5
shivering	5
shivered	5
ship	5
sell	5
sacristy	5
sacraments	5
reservoir	5
reply	5
rennes	5
really	5
purgatory	5
promise	5
procession	5
praying	5
pieces	5
pair	5
often	5
nor	5
new	5
neighbour	5
mysterious	5
monik	5
miscreant	5
minutes	5
merrer	5
meadows	5
manner	5
maid	5
luck	5
loudly	5
lose	5
litany	5
life	5
lie	5
l^nan	5
knowing	5
kindly	5
keep	5
hung	5
heaven	5
grey	5
greun	5
goneri	5
ghost	5
gate	5
game	5
furniture	5
fulfilled	5
frightened	5
friend	5
franc	5
floor	5
fixed	5
fetch	5
fatigue	5
father	5
eve	5
empty	5
else	5
dying	5
drowned	5
drawn	5
dog	5
doesn't	5
delivered	5
crypt	5
cows	5
covered	5
count	5
confessional	5
confession	5
clock	5
clear	5
clean	5
chapel	5
ceased	5
carpenter	5
blood	5
blessed	5
bell	5
beheld	5
bedside	5
beautiful	5
altar	5
ah	5
age	5
afternoon	5
afraid	5
above	5
)	5
wrapped	4
wood	4
wise	4
wet	4
weight	4
watching	4
watched	4
walls	4
walk	4
vow	4
vanished	4
usual	4
upper	4
tuesday	4
try	4
troubled	4
trouble	4
trembling	4
tree	4
treated	4
town	4
tou	4
tonne	4
today	4
thrown	4
threw	4
threshold	4
thou	4
thin	4
thereupon	4
terror	4
sweet	4
stopped	4
step	4
stairs	4
spend	4
special	4
spades	4
someone	4
soft	4
sigh	4
show	4
short	4
shed	4
service	4
servants	4
separation	4
savant	4
sailor	4
rose	4
rise	4
regular	4
refuse	4
re	4
pursued	4
proprietor	4
profundis	4
probably	4
presbytery	4
prayer	4
point	4
pocket	4
plonmillian	4
plenty	4
plain	4
pity	4
permitted	4
perhaps	4
penvenan	4
peasant	4
peas	4
pass	4
pardon	4
paimpol	4
order	4
odour	4
observed	4
note	4
neither	4
neighbouring	4
music	4
mouth	4
month	4
mine	4
milk	4
mean	4
manor	4
lower	4
looking	4
lips	4
lead	4
labourers	4
l'anaon	4
knows	4
known	4
kneeling	4
joined	4
itself	4
it's	4
insect	4
inquired	4
hold	4
hinges	4
high	4
helary	4
hedge	4
heap	4
heads	4
happy	4
greatly	4
grand	4
gradually	4
gouriou	4
ghosts	4
gave	4
garments	4
further	4
front	4
fright	4
francs	4
forth	4
followed	4
floc'h	4
flew	4
fellow	4
feeling	4
favour	4
faster	4
farmyard	4
farewell	4
fancy	4
eye	4
extreme	4
expecting	4
especially	4
ears	4
duty	4
dripping	4
drew	4
doors	4
doing	4
dogs	4
disturb	4
distant	4
depths	4
darkness	4
crying	4
cry	4
crowd	4
crew	4
cradle	4
courage	4
corre	4
conversation	4
comfortable	4
comes	4
cider	4
cause	4
case	4
carrying	4
carry	4
cards	4
burial	4
broken	4
bright	4
briec	4
break	4
braz	4
blind	4
bench	4
bellec	4
begin	4
beggar	4
beadle	4
bay	4
barba	4
bad	4
awoke	4
awaked	4
assure	4
assistance	4
arose	4
appear	4
anyone	4
anxious	4
ankou	4
amazed	4
alas	4
afterwards	4
absorbed	4
).	4
|arabic2digit|	3
yours	3
youngest	3
yannik	3
wrong	3
wretched	3
worn	3
wished	3
wings	3
wine	3
willing	3
wild	3
whole	3
whirr	3
weaver	3
weather	3
wax	3
washing	3
wash	3
warm	3
wake	3
wailing	3
voices	3
violently	3
version	3
vain	3
use	3
unhappy	3
unfolded	3
unction	3
uncovered	3
trumps	3
truly	3
trugare	3
true	3
troadek	3
tried	3
treat	3
top	3
throw	3
thoughts	3
thinking	3
thanks	3
tarpaulin	3
tapers	3
talked	3
tablecloth	3
surprise	3
sufficient	3
strike	3
stories	3
stop	3
stool	3
stick	3
stay	3
staff	3
stable	3
spot	3
speech	3
soup	3
sort	3
soez	3
slipped	3
skeins	3
sin	3
showed	3
shouted	3
shone	3
shining	3
shelves	3
shared	3
shadow	3
seven	3
serve	3
separated	3
sensible	3
send	3
seized	3
safe	3
sadly	3
rowers	3
rooms	3
river	3
revolution	3
reproached	3
remember	3
relatives	3
recollect	3
reach	3
quietly	3
quiet	3
protect	3
previous	3
pray	3
praised	3
portrait	3
pont	3
plomelin	3
pleybeu	3
please	3
playing	3
plate	3
pillow	3
petticoat	3
persons	3
personage	3
perceived	3
pebbles	3
pay	3
pause	3
past	3
passing	3
pain	3
paid	3
outside	3
opinion	3
opening	3
omens	3
occurred	3
obey	3
notwithstanding	3
noticed	3
needed	3
nearest	3
nave	3
named	3
moonlight	3
months	3
money	3
means	3
mandez	3
madec	3
mab	3
lovely	3
love	3
louise	3
loud	3
louarn	3
lonarn	3
lon	3
lights	3
lifted	3
led	3
leaves	3
laugh	3
language	3
land	3
labourer	3
knocking	3
knock	3
kerv^zeun	3
keeping	3
judges	3
intention	3
impossible	3
imagine	3
illness	3
idea	3
hyacinthe	3
hot	3
horses	3
hollow	3
hitherto	3
helo	3
heaps	3
hasten	3
hair	3
guests	3
guenn	3
growing	3
grass	3
grant	3
gonen	3
gone'ri	3
gets	3
generally	3
garret	3
gained	3
gain	3
fro	3
forward	3
footstep	3
fly	3
flower	3
finger	3
fearing	3
fauch	3
father-in-law	3
farms	3
failed	3
expression	3
expect	3
evident	3
everything	3
entrance	3
ear	3
dug	3
drunk	3
drops	3
dozen	3
does	3
distressed	3
distress	3
distinctly	3
distance	3
desired	3
derrien	3
delighted	3
deep	3
declared	3
decided	3
daily	3
curtains	3
curtain	3
curate	3
crossing	3
croix	3
creatures	3
cottage	3
cornouailles	3
contrary	3
constantly	3
considering	3
considered	3
congregation	3
company	3
collector	3
coat	3
coast	3
cloud	3
clothes	3
circumstances	3
cinthe	3
christmas	3
chimney	3
chatton	3
chateau	3
carts	3
calling	3
burning	3
burden	3
bucket	3
breathlessly	3
bottom	3
bore	3
board	3
blessing	3
bidding	3
bidden	3
beyond	3
besides	3
begged	3
beforehand	3
beech	3
beach	3
bare	3
banc	3
aside	3
arm	3
apparently	3
announced	3
angry	3
angel	3
amuse	3
already	3
allowed	3
alive	3
aground	3
advancing	3
administered	3
addressing	3
accustomed	3
account	3
according	3
accompanied	3
accept	3
youth	2
yoke	2
woven	2
wound	2
wonderful	2
won't	2
within	2
winding	2
willow	2
willingly	2
whither	2
whilst	2
whichever	2
wherever	2
whatever	2
weary	2
warning	2
wanted	2
waiting	2
wagoner	2
wager	2
visit	2
visible	2
virgin	2
violent	2
villages	2
venerable	2
various	2
unusual	2
undertook	2
undertaken	2
understand	2
undergo	2
unable	2
twice	2
twenty	2
twelve	2
turning	2
truth	2
trade	2
tr^guier	2
touching	2
touch	2
tossel	2
toil	2
tina	2
thundered	2
thirty-three	2
taught	2
tailor	2
swearing	2
surrounded	2
supposed	2
suppose	2
sunk	2
summer	2
suffered	2
sudden	2
subject	2
study	2
stroke	2
stricken	2
stream	2
strangely	2
straight	2
storm	2
stopping	2
starting	2
stars	2
stands	2
stains	2
sprinkled	2
spring	2
splash	2
sped	2
space	2
sounds	2
sounding	2
sought	2
sorrow	2
snow	2
slowly	2
sloop	2
sleepy	2
sleeping	2
sky	2
sixteen	2
sisters	2
singularly	2
silver	2
sighing	2
sighed	2
sides	2
sick	2
shrouded	2
shop	2
shook	2
sheet	2
shaking	2
shadowy	2
several	2
seventy	2
services	2
separately	2
sentence	2
selling	2
seller	2
seems	2
scratched	2
scissors	2
says	2
satisfied	2
sank	2
sand	2
sanctuary	2
sanctuaries	2
sake	2
saint	2
sail	2
sabots	2
rustling	2
rustle	2
rushes	2
run	2
rumengol	2
row	2
rooted	2
rob	2
roadside	2
roads	2
risk	2
riolay	2
ringing	2
restrain	2
request	2
repose	2
render	2
religious	2
relief	2
relations	2
regret	2
reflection	2
reckoning	2
reciting	2
receiving	2
received	2
reappeared	2
real	2
ragged	2
puzzled	2
pushing	2
pushed	2
pursue	2
proposed	2
pronounced	2
prize	2
private	2
principal	2
priestly	2
prepared	2
precious	2
possibly	2
position	2
popular	2
plough	2
pleased	2
plates	2
piteously	2
pint	2
pictures	2
picture	2
performed	2
perceptible	2
penvinan	2
penv^non	2
pence	2
paths	2
partition	2
paris	2
pall	2
painted	2
ox	2
owner	2
owed	2
overcome	2
overcame	2
outstretched	2
outline	2
ordered	2
oiled	2
officiating	2
offering	2
offered	2
odet	2
odd	2
obtain	2
obstinate	2
obeyed	2
oarsmen	2
oak	2
notice	2
nook	2
noble	2
nine	2
nights	2
nightfall	2
news	2
neck	2
narrow	2
narrator	2
names	2
naic	2
murmuring	2
moving	2
mournful	2
mourners	2
motionless	2
morrow	2
moreover	2
moonbeams	2
monsieur	2
monday	2
mocking	2
mist	2
merrien	2
members	2
melancholy	2
meet	2
meaning	2
matic	2
married	2
manage	2
lucas	2
loft	2
lo	2
listening	2
lingered	2
likely	2
leaving	2
least	2
learn	2
leading	2
lawsuit	2
laughed	2
lately	2
lasted	2
langoat	2
landlord	2
knocks	2
knees	2
kerniz	2
june	2
judgement	2
joy	2
join	2
john	2
jesus	2
james	2
islands	2
invisible	2
instantly	2
influence	2
infant	2
indignant	2
increasing	2
imposing	2
implements	2
imagination	2
illumined	2
idle	2
ideas	2
humming	2
humbly	2
host	2
honest	2
highroad	2
hide	2
hence	2
helm	2
heels	2
health	2
headache	2
hay	2
hat	2
hastily	2
hastened	2
haste	2
harm	2
happiness	2
happily	2
hanging	2
hammer	2
hail	2
h	2
grow	2
green	2
graves	2
gouery	2
gon&i	2
glasses	2
glanced	2
giving	2
girls	2
getting	2
gentlemen	2
gentleman	2
gentle	2
gazed	2
gather	2
future	2
fruit	2
fresh	2
frequently	2
freely	2
fortunately	2
former	2
forgotten	2
forgot	2
forced	2
force	2
footsteps	2
foot	2
followers	2
flitting	2
flax	2
flapping	2
flame	2
fitting	2
fishing	2
fingers	2
fifth	2
fifteen	2
fiery	2
fever	2
fellows	2
feast	2
fearful	2
fancied	2
fall	2
exquisite	2
explain	2
expired	2
expected	2
exchange	2
example	2
everyone	2
events	2
evenings	2
escaped	2
eojon	2
entreated	2
enlightened	2
ended	2
endeavoured	2
elbow	2
either	2
edge	2
echo	2
easy	2
easter	2
ease	2
earned	2
duties	2
drying	2
dry	2
drowsy	2
dress	2
dreaming	2
dream	2
draw	2
dragged	2
drag	2
doze	2
doue	2
doubtless	2
doubt	2
double	2
dots	2
dong	2
divided	2
ditch	2
discussed	2
disappear	2
directly	2
ding	2
dim	2
difficulty	2
different	2
desirous	2
derrieu	2
depth	2
delight	2
decomposed	2
declare	2
decaying	2
deal	2
daunted	2
daughter	2
date	2
dared	2
dare	2
dancing	2
damp	2
dame	2
custom	2
cursing	2
creaking	2
course	2
countenance	2
cost	2
corpses	2
cornwall	2
corners	2
copperplate	2
converse	2
continue	2
continually	2
contains	2
consoled	2
confusion	2
confidence	2
comte	2
comprehended	2
compassion	2
companions	2
communicated	2
common	2
comic	2
collectively	2
clothed	2
clasping	2
circuit	2
chosen	2
chime	2
chest	2
chateaulin	2
charlo	2
charge	2
chance	2
chair	2
celebrated	2
ceaseless	2
cease	2
carries	2
cargo	2
call	2
business	2
bundle	2
building	2
brothers	2
brooch	2
brightness	2
bretons	2
breathing	2
breaks	2
bread	2
boys	2
boy	2
boundaries	2
bordered	2
book	2
bones	2
blows	2
blew	2
bitouz	2
bird	2
bid	2
bewitched	2
beuz	2
beseeching	2
benefit	2
benard	2
belonged	2
behalf	2
begun	2
bees	2
beds	2
becoming	2
beatitude	2
bark	2
bardono	2
bag	2
bade	2
axletree	2
avenue	2
attentively	2
astonished	2
assured	2
asks	2
asking	2
apron	2
approaching	2
applauded	2
apart	2
anyrate	2
anyhow	2
annoyance	2
animals	2
anguish	2
amazement	2
alternately	2
allow	2
alarm	2
alain	2
air	2
agree	2
affection	2
advice	2
adventure	2
addressed	2
adding	2
action	2
absolution	2
^	2
'"	2
")	2
!'	2
!")	2
|arabicprice|	1
youths	1
yourselves	1
yoked	1
yield	1
yew	1
yards	1
yard	1
writing	1
wrist	1
wrinkled	1
wrath	1
wrapping	1
wrap	1
wounds	1
worthy	1
worry	1
worries	1
worried	1
worms	1
workwoman	1
working	1
worker	1
woods	1
wooden	1
wondering	1
wonder	1
woke	1
woe	1
wives	1
witness	1
wiped	1
wintertime	1
wink	1
windows	1
windfall	1
wills	1
wider	1
whispering	1
whirl	1
whether	1
wheels	1
wheeled	1
welcomed	1
weird	1
weighing	1
weighed	1
weigh	1
weeping	1
wee	1
wednesday	1
weaving	1
weaves	1
wayside	1
ways	1
waters	1
warned	1
war	1
wanderer	1
wandered	1
wander	1
waken	1
waked	1
waistcoat	1
waist	1
wailed	1
wail	1
wages	1
voyages	1
volume	1
vocation	1
view	1
vicinity	1
viaticum	1
vezeun	1
vexed	1
vestments	1
vestment	1
vesting	1
vessel	1
verse	1
ventures	1
ventured	1
vengeance	1
velvet	1
veins	1
veil	1
vast	1
variety	1
vapours	1
vanity	1
valparaiso	1
vagabond	1
uttered	1
utter	1
useless	1
urged	1
upwards	1
upset	1
upright	1
unutterable	1
unseen	1
unseemliness	1
unquestionably	1
unpleasant	1
unluckily	1
unless	1
unfortunately	1
unfathomable	1
unet	1
uneasy	1
unearthly	1
undoubtedly	1
undiscerning	1
undertaking	1
underneath	1
undergarments	1
uncut	1
unconscious	1
uncomfortable	1
unbuttoned	1
unbound	1
unbearable	1
twilight	1
twenty-five	1
twelfth	1
turns	1
turkey	1
tumult	1
tube	1
trying	1
trust	1
truss	1
trunk	1
tremulous	1
tremendous	1
tremblingly	1
trembled	1
tregloz	1
treg	1
treasure	1
travellers	1
trapdoor	1
transport	1
transparent	1
translated	1
transformation	1
tranquil	1
track	1
traces	1
traced	1
tr^zel	1
tr^meur	1
toy	1
toutou	1
toulouzau	1
tosses	1
tossed	1
torments	1
torches	1
topers	1
tongues	1
tongue	1
toneun	1
tones	1
tombs	1
token	1
tlio	1
tl'k.nbuu	1
title	1
tired	1
tipsy	1
tips	1
tiny	1
tinkling	1
tingled	1
timid	1
tied	1
tidy	1
tidings	1
tick	1
thy	1
thrust	1
threateningly	1
threatening	1
threatened	1
thread	1
thousand	1
thornbush	1
thither	1
thirteen	1
thick	1
therein	1
thereby	1
thereabouts	1
thence	1
theirs	1
thee	1
thanked	1
testified	1
terribly	1
tempter	1
temper	1
telling	1
tear	1
taverns	1
tattered	1
tantdd	1
tall	1
talk	1
takes	1
tablecloths	1
swore	1
swords	1
swift	1
sweat	1
swear	1
swaying	1
sway	1
swamp	1
swallows	1
survived	1
surmounted	1
supped	1
supernatural	1
superior	1
sunrise	1
sung	1
suiting	1
suggestion	1
sufficiently	1
succour	1
successive	1
successful	1
succeeded	1
subjected	1
sub	1
stupid	1
studies	1
studied	1
strove	1
strongly	1
striving	1
strive	1
stripped	1
striking	1
stretch	1
strength	1
streams	1
streamers	1
straw	1
strap	1
strangeness	1
strained	1
straighten	1
storied	1
stolen	1
stole	1
stock	1
stirred	1
stir	1
stillness	1
stifled	1
stem	1
steir	1
stealthily	1
stead	1
statuette	1
statues	1
stationary	1
startling	1
startled	1
starlight	1
star	1
standing	1
stand	1
stamping	1
stammered	1
stake	1
staggered	1
stack	1
stables	1
squall	1
springs	1
springing	1
spontaneously	1
split	1
spirits	1
spirit	1
spinners	1
spindle	1
spin	1
spiders	1
spectres	1
spectacle	1
specks	1
speaks	1
spain	1
souvostre	1
sous	1
sorry	1
sorrowfully	1
soothing	1
sooth	1
solitary	1
solicited	1
soles	1
solemnly	1
sole	1
soiled	1
softly	1
sobered	1
sobbing	1
snowed	1
smoky	1
smitten	1
smiling	1
smiled	1
smelling	1
smashed	1
smacks	1
slumber	1
slope	1
slip	1
slight	1
sleeps	1
sleeper	1
skylight	1
skirted	1
skirt	1
sixty-three	1
sixty-eight	1
sixth	1
sixpence	1
sits	1
singular	1
singing	1
sing	1
simply	1
silvery	1
silk	1
signifying	1
sighted	1
sighs	1
sift	1
sideways	1
shutters	1
shuttered	1
shuffled	1
shuddered	1
shrink	1
shrillest	1
shown	1
showers	1
shower	1
shouting	1
shoulder	1
shortly	1
shorten	1
shores	1
shoes	1
shirts	1
shingles	1
shine	1
shifting	1
sheep	1
shavings	1
shatter	1
sharp	1
share	1
shame	1
shallow	1
settled	1
settle	1
serving	1
server	1
sermon	1
seriously	1
sepulchral	1
separate	1
sensation	1
sending	1
seizing	1
seemingly	1
seek	1
seconds	1
seats	1
seated	1
seat	1
season	1
searching	1
screened	1
scolding	1
scold	1
sclwolmaster	1
scions	1
scathing	1
scamps	1
scampered	1
scales	1
saviour	1
save'ant	1
saturated	1
sapphire	1
sandbank	1
sampson	1
salvation	1
saltwater	1
sale	1
saints	1
sails	1
sailed	1
safely	1
sadness	1
saddled	1
saddest	1
sadden	1
sacred	1
sac'h	1
rushlight	1
ruined	1
ruin	1
rubbish	1
rows	1
rowed	1
roots	1
rolling	1
rolled	1
roll	1
rohan	1
rods	1
rocks	1
rocking	1
roc'h	1
robust	1
robed	1
roasted	1
roadway	1
ripe	1
rigid	1
riding	1
riddled	1
ridded	1
richly	1
richer	1
rich	1
rible	1
revolving	1
reunite	1
retained	1
restoring	1
restored	1
restless	1
restitution	1
responses	1
responded	1
respected	1
respect	1
resources	1
resolved	1
resolution	1
resist	1
resign	1
require	1
reputation	1
reproaching	1
represents	1
represented	1
reported	1
replace	1
repent	1
repeating	1
repair	1
rent	1
rene	1
rendered	1
remove	1
remembered	1
remarked	1
remarkably	1
remarkable	1
relieved	1
relieve	1
reliable	1
relation	1
rejoicing	1
rejoice	1
reiterating	1
reiterated	1
regard	1
refreshing	1
refrained	1
reflections	1
reflected	1
reentered	1
reeds	1
redoubtable	1
redon	1
recovered	1
recover	1
recompense	1
recollections	1
recollected	1
reckoned	1
recite	1
reception	1
receding	1
reappear	1
readily	1
read	1
rays	1
rave	1
rattling	1
rattled	1
rate	1
rapidly	1
rapid	1
ranged	1
rang	1
raising	1
raise	1
raining	1
rain	1
rails	1
rafters	1
r	1
quoted	1
quieter	1
quick	1
questioner	1
questioned	1
qn	1
qeffroy	1
puzzles	1
putting	1
push	1
purse	1
punctually	1
pulpit	1
published	1
provocation	1
proving	1
proverb	1
proud	1
protests	1
prophecy	1
property	1
pronounce	1
promised	1
prominent	1
progress	1
profound	1
printers	1
priests	1
priesthood	1
price	1
pretext	1
pretended	1
presses	1
pressed	1
preserved	1
presence	1
preparing	1
prepare	1
preparations	1
preferred	1
predicted	1
precipitately	1
preceded	1
pranks	1
praises	1
powers	1
power	1
pound	1
poultry	1
post	1
portraits	1
portion	1
poorly	1
ponthon	1
polished	1
pointed	1
poetic	1
pockets	1
po^zevara	1
pluz	1
ploughs	1
ploughing	1
plonguiel	1
plon	1
plish	1
plied	1
pleases	1
pleaded	1
plays	1
players	1
played	1
play	1
plash	1
planks	1
plank	1
plangniel	1
plaint	1
placing	1
pitiless	1
pipi	1
pipes	1
pipe	1
pints	1
pillars	1
piling	1
pilgrimages	1
pilgrim	1
piles	1
piled	1
pierre	1
pickaxe	1
phantoms	1
petrified	1
pestiferous	1
personate	1
perros	1
perplexed	1
perpetually	1
permission	1
perched	1
perchance	1
penvinau	1
penvemn	1
penve'nau	1
penv^nan	1
pension	1
penny	1
penn	1
penmarc'h	1
pendulum	1
peer	1
peep	1
peasants	1
peal	1
payments	1
paying	1
paws	1
patience	1
pater	1
pated	1
pasture	1
passages	1
parts	1
parlance	1
parents	1
palm	1
palid	1
painfully	1
paimpal	1
paiia	1
packet	1
pack	1
ox's	1
overhanging	1
overflowing	1
outspread	1
outlines	1
outlined	1
ourselves	1
ought	1
ordinary	1
orders	1
orderly	1
opportunity	1
opens	1
oornu	1
ooitius	1
ones	1
omnes	1
omitting	1
omen	1
olden	1
oils	1
official	1
officers	1
officer	1
office	1
offertory	1
offer	1
occurring	1
occurrences	1
occurrence	1
occupied	1
occasioned	1
occasionally	1
occasion	1
obliquely	1
obliging	1
objections	1
object	1
oath	1
oaken	1
number	1
nudged	1
noz	1
nought	1
notre	1
noticing	1
notices	1
nose	1
nord	1
none	1
noisily	1
noiselessly	1
noblest	1
ning	1
nigh	1
nice	1
newly	1
nests	1
needing	1
necessary	1
naturally	1
narratives	1
narrative	1
nails	1
nail	1
n6tre	1
n	1
murmur	1
murdered	1
muleteers	1
mr	1
mown	1
movement	1
move	1
moullek	1
moral	1
moon	1
monotonously	1
monlk	1
moments	1
moderately	1
mocked	1
moats	1
moans	1
moaning	1
moaned	1
mite	1
mistaken	1
miss	1
misfortune	1
misery	1
miserable	1
mischief	1
minx	1
miniature	1
minds	1
min	1
mimicry	1
mimic	1
millian	1
mile	1
michel	1
mezon	1
meur	1
mettle	1
mere	1
mercy	1
mention	1
mender	1
melodious	1
melodies	1
meeting	1
meditatively	1
meditated	1
meat	1
meanwhile	1
meant	1
meal	1
meadow	1
mauchec	1
mattresses	1
mattress	1
mattocks	1
material	1
matches	1
masters	1
marshy	1
marsh	1
marketplace	1
market	1
maria	1
manger	1
manchec	1
malicious	1
maiden	1
magnificence	1
maeie	1
ma	1
m^nez	1
lulling	1
luckless	1
loz	1
lowered	1
lore	1
longingly	1
longing	1
longed	1
lonely	1
lock	1
loaf	1
loaded	1
livid	1
livelihood	1
live	1
literally	1
listen	1
lise	1
liquor	1
linger	1
liked	1
lighting	1
lighthearted	1
lightened	1
lifetime	1
lies	1
lick	1
letting	1
letters	1
letter	1
lest	1
lesson	1
lescadou	1
legs	1
legends	1
legend	1
lecture	1
leather	1
learned	1
leap	1
leaning	1
leaned	1
leagues	1
league	1
leads	1
le'nan	1
ldnan	1
laz	1
lavender	1
laur	1
launching	1
latin	1
lasts	1
larger	1
languished	1
languages	1
landed	1
lamenting	1
lamentations	1
lam	1
lain	1
lady	1
labours	1
laboriously	1
labbe	1
l'horset	1
l'ankou	1
l'anaon*	1
knowledge	1
knocked	1
knitter	1
kneel	1
knee	1
kiribot	1
kirfeunten	1
kinds	1
kindness	1
kindled	1
kind	1
killed	1
kick	1
kervinion	1
kervezeun	1
kerv^non	1
kerni	1
kerhoas	1
kerelgiun	1
kerbdrennes	1
kerb^rennes	1
ker	1
kennels	1
kennel	1
k	1
jump	1
judge	1
joyful	1
jolting	1
jolt	1
joke	1
joining	1
job	1
jet	1
jest	1
jargons	1
jar	1
jacket	1
j^sus	1
islande	1
island	1
irony	1
iron	1
involuntarily	1
invited	1
invaded	1
interruption	1
interrupted	1
intermingled	1
interesting	1
interchanging	1
intending	1
instant	1
inspired	1
inspiration	1
insisted	1
insects	1
inscribed	1
inquiry	1
inquiries	1
inordinate	1
inns	1
innkeepers	1
inheritance	1
ing	1
information	1
inflicted	1
infinite	1
infected	1
indistinguishable	1
indifferent	1
indies	1
increases	1
included	1
inch	1
imprudent	1
importance	1
implore	1
impersonation	1
impatience	1
imparted	1
imitated	1
imagined	1
ill-will	1
idleness	1
icy	1
i'll	1
husbands	1
hum	1
howling	1
hovered	1
hover	1
housewives	1
houses	1
household	1
hostion	1
hostim	1
horror	1
horrible	1
horns	1
hor	1
hopeful	1
hope	1
hoof	1
hood	1
honestly	1
holes	1
hole	1
holding	1
ho	1
hive	1
hindrance	1
higher	1
hiding	1
hideously	1
hideous	1
hidden	1
hid	1
hey	1
hesitation	1
hemp	1
helped	1
height	1
hector	1
heavily	1
heaviest	1
heavier	1
heartily	1
hears	1
hearken	1
havoc	1
harsh	1
harnessed	1
harmed	1
happens	1
hangs	1
hangings	1
hang	1
handing	1
handfuls	1
handed	1
hamlet	1
halfway	1
haired	1
hack	1
habited	1
gwerz	1
guindy	1
guided	1
gueun	1
guessed	1
grumbled	1
growled	1
groped	1
grocer	1
grieved	1
grief	1
greatest	1
greater	1
grdve	1
grating	1
gratefully	1
grateful	1
grate	1
grassy	1
grandmother	1
gracious	1
government	1
gossips	1
goodnight	1
goodness	1
goodbye	1
good-natured	1
good-humour	1
gong	1
gone"ri	1
goanvic	1
gloomy	1
glistening	1
glances	1
glance	1
glad	1
gilded	1
gildas	1
ghostly	1
germs	1
germany	1
gently	1
gentleness	1
generosity	1
generations	1
general	1
gbave	1
gauzy	1
garment	1
garden	1
gallop	1
galliae	1
gale	1
gable	1
g	1
furnished	1
furious	1
function	1
fun	1
fulfils	1
fuel	1
frightfully	1
friends	1
friendly	1
freshly	1
frequented	1
free	1
frames	1
frame	1
fragile	1
fourth	1
fourteen	1
forwards	1
fortnight	1
forgiveness	1
forgiven	1
forgive	1
forget	1
forewarned	1
foreteller	1
forehead	1
forebodings	1
forcing	1
forbidden	1
footfall	1
fools	1
foolish	1
font	1
fond	1
folly	1
folk	1
folgoat	1
fog	1
flying	1
flood	1
flight	1
fled	1
flat	1
flaming	1
flames	1
flagstones	1
fixing	1
fix	1
fitful	1
fit	1
fists	1
fish	1
firmly	1
fireside	1
fireplace	1
finistere	1
finis	1
finds	1
finding	1
fill	1
file	1
figures	1
fighter	1
fifty	1
festivities	1
festival	1
fence	1
feigned	1
feeble	1
fed	1
february	1
features	1
feather	1
fears	1
feared	1
favourably	1
fault	1
fatigued	1
fathoms	1
fate	1
fasting	1
fasten	1
fashion	1
farmhouse	1
fantic	1
familiar	1
falling	1
faithful	1
faith	1
fainted	1
fail	1
faggots	1
faded	1
fact	1
faces	1
f	1
eyelids	1
extricated	1
extremity	1
extraordinary	1
extraordinarily	1
extinguished	1
expressly	1
expressed	1
explained	1
experience	1
expenses	1
exorcise	1
exhibited	1
exhaustion	1
exhausted	1
exhaled	1
exclamation	1
exchanged	1
excellent	1
evidently	1
eves	1
everywhere	1
eventide	1
evenidg	1
evaporated	1
etc	1
esteemed	1
estate	1
established	1
essential	1
escorted	1
escape	1
ephemeral	1
eouzic	1
entreaty	1
entreaties	1
entreat	1
enters	1
entering	1
enjoy	1
english	1
engaged	1
endured	1
encountered	1
encounter	1
encompassed	1
enclosed	1
enchanted	1
enabled	1
en	1
emphasis	1
emotion	1
emile	1
emerging	1
embers	1
elsewhere	1
eldest	1
eight	1
effluvia	1
efficacious	1
effect	1
edinburgh	1
edifying	1
echoing	1
echoed	1
eaussote	1
eaten	1
eat	1
easily	1
earthen	1
earnings	1
earning	1
earn	1
earlier	1
e	1
dwelled	1
dust	1
duat	1
du	1
drunkard	1
drowsiness	1
dropped	1
driving	1
drive	1
drinking	1
dreamy	1
dreamed	1
dreaded	1
drawing	1
drank	1
dozing	1
doubtful	1
doubted	1
dotted	1
dost	1
dom	1
doleful	1
ditty	1
ditches	1
disturbed	1
disturbance	1
distinguished	1
distinguish	1
distinct	1
distaff	1
disrespect	1
disposed	1
displeasure	1
dismal	1
dishes	1
dish	1
disedified	1
disdain	1
discover	1
discoloured	1
disburdened	1
disbelieve	1
disappointed	1
disappearing	1
disagreeable	1
directions	1
dipped	1
dip	1
dinner	1
din	1
dilemma	1
dig	1
difficult	1
dies	1
didst	1
devout	1
devotion	1
devils	1
detail	1
desperation	1
despair	1
desisted	1
deserves	1
descended	1
deprived	1
dependence	1
dependable	1
departure	1
depart	1
demented	1
deliverance	1
delayed	1
deeply	1
declaring	1
deck	1
decide	1
decayed	1
decapitated	1
debt	1
dears	1
dearly	1
dazed	1
daytime	1
dawning	1
daughters	1
dated	1
dashed	1
dart	1
daring	1
dank	1
danger	1
dancers	1
da	1
d4	1
customhouse	1
customers	1
customary	1
curses	1
cursed	1
curious	1
curiosity	1
cured	1
curates	1
cupboard	1
crucifix	1
crowns	1
crowing	1
crowbar	1
crosses	1
crossbearer	1
croaker	1
cries	1
crevices	1
crec	1
creature	1
creak	1
creac'hcardic	1
creac'hcadic	1
covetous	1
cover	1
cousin	1
courtyard	1
court	1
courageous	1
couple	1
coupaia	1
countries	1
countless	1
countess	1
counter	1
counted	1
coughing	1
cou	1
cotta	1
cortege	1
corns	1
corfec	1
coray	1
cope	1
conveyed	1
conveyance	1
convey	1
conversed	1
continuing	1
continual	1
contest	1
content	1
contained	1
consulted	1
constrained	1
consisted	1
consigned	1
consideration	1
consequently	1
consent	1
consecrated	1
consciences	1
confound	1
confessions	1
confessed	1
condition	1
condemned	1
conclusion	1
concluded	1
concerning	1
concern	1
comrades	1
comrade	1
completely	1
compared	1
communion	1
communicative	1
communicate	1
commuicated	1
committed	1
commissioner	1
commanded	1
comforted	1
comfortably	1
comest	1
coloured	1
colour	1
college	1
coincidence	1
coin	1
coffins	1
coastguards	1
clung	1
clouds	1
clothing	1
cloth	1
closing	1
closer	1
closed	1
clocks	1
climbed	1
climb	1
clever	1
clergy	1
clearly	1
cleared	1
class	1
clamoured	1
claim	1
clad	1
ckypt	1
cities	1
cistern	1
circumstance	1
circle	1
ciborium	1
christopher	1
christians	1
christ	1
chorus	1
choose	1
chimed	1
chief	1
chestnut	1
cheerily	1
cheer	1
cheeks	1
chatter	1
chary	1
charnel	1
charles	1
charitably	1
chanting	1
changes	1
changed	1
chanced	1
chamber	1
cemetery	1
cellar	1
celebration	1
ceiling	1
cdtes	1
cautiously	1
caught	1
catholic	1
catherine	1
casting	1
cast	1
casks	1
cases	1
carvenec	1
carrier	1
carre	1
carrd	1
caring	1
carelessness	1
careless	1
carefully	1
careful	1
captain	1
capricious	1
capital	1
cap	1
can't	1
calvary	1
calmer	1
calm	1
buying	1
buy	1
buuneu	1
buttoned	1
bushes	1
bush	1
burnt	1
built	1
buguelez	1
buckets	1
bruised	1
broad	1
bringing	1
bridle	1
brehat	1
breeze	1
breed	1
breathed	1
breasts	1
breast	1
bre"hat	1
brawling	1
brave	1
brass	1
brambles	1
bramble	1
bragging	1
brabant	1
br^hat	1
br	1
boxwood	1
box	1
bow	1
boundary	1
boughs	1
born	1
books	1
bony	1
bonfire	1
bom	1
bolted	1
bogs	1
bog	1
bodies	1
bodes	1
boast	1
boards	1
blue	1
blockhead	1
bliss	1
bless	1
bleeding	1
blanche	1
blame	1
bitter	1
bit	1
birds	1
bills	1
bike	1
bigger	1
bigard	1
big	1
bier	1
bids	1
bewilderment	1
bewildered	1
betimes	1
benn	1
bene	1
bending	1
belong	1
bellow	1
believed	1
belief	1
beings	1
beholds	1
behaviour	1
beginning	1
begging	1
beg	1
bee	1
bedstead	1
bedfellow	1
beckoned	1
beating	1
bears	1
bear	1
baz	1
bathed	1
basin	1
bars	1
barrows	1
barrier	1
barking	1
bargains	1
bargain	1
bareheaded	1
barefooted	1
bar	1
baptiste	1
banks	1
ballad	1
badly	1
badger	1
backwards	1
bachelor	1
baby	1
awkwardly	1
aware	1
awaking	1
avel	1
auw	1
autumn	1
author	1
august	1
aught	1
audierne	1
audible	1
audacity	1
attractive	1
attention	1
attendance	1
attend	1
attempt	1
attacked	1
astonishment	1
assumed	1
assist	1
assigned	1
assembly	1
ass	1
askest	1
ashes	1
ashamed	1
ascertained	1
ascending	1
ascended	1
ascend	1
articulate	1
arriving	1
arranging	1
arrange	1
aroused	1
armchair	1
arising	1
arise	1
approached	1
approach	1
appointed	1
apple	1
appetite	1
appellation	1
appears	1
appearing	1
appeal	1
apparitions	1
anywhere	1
anxiously	1
antici	1
answering	1
announce	1
animal	1
angrily	1
angels	1
anchored	1
ancestor	1
anaon	1
anadun	1
amusing	1
amply	1
altogether	1
altered	1
aloud	1
allowing	1
alike	1
alarmed	1
aki>	1
aid	1
agricultural	1
agreeing	1
aglow	1
ages	1
aged	1
afoot	1
affairs	1
afar	1
adviser	1
advise	1
advanced	1
admitted	1
admiring	1
adjoins	1
adjoined	1
adieu	1
adam	1
actually	1
active	1
acted	1
act	1
acquitted	1
acknowledged	1
accused	1
accompany	1
accident	1
accepts	1
accepted	1
abundant	1
absolve	1
absent	1
abide	1
abated	1
abandon	1
^tself	1
^?c*~*j^	1
\"	1
?'	1
6t	1
...	1
.,	1
.'"	1
)"	1
%"	1
%	1
",	1
").	1
"),	1
!'"	1
!!!	1
