,	5550
"	3157
the	3066
.	2771
to	1982
and	1769
a	1437
of	1428
i	1330
you	1199
in	1045
that	943
her	893
was	824
he	787
she	743
it	699
is	659
;	649
with	607
."	593
—	591
his	590
not	565
for	537
at	514
but	513
ratier	500
said	482
have	478
had	452
this	432
as	416
madame	396
my	394
!"	379
be	371
me	349
!	345
?"	341
on	338
colonel	319
which	305
?	303
will	294
all	289
by	283
no	264
what	262
who	260
your	257
him	257
one	255
slavsky	247
are	246
do	244
|'s|	227
from	226
an	220
josia	208
would	207
then	188
so	187
we	185
young	181
very	176
if	173
were	169
they	169
barbe	166
am	158
did	156
when	155
man	154
katia	151
there	147
them	143
or	142
:	141
out	138
catherine	138
now	137
been	134
know	133
has	130
see	129
little	129
could	127
some	124
francs	124
boleslas	120
never	119
say	118
time	117
should	117
how	116
well	114
more	114
answered	114
friend	112
money	111
asked	109
any	108
mother	107
where	104
upon	101
than	100
such	100
like	99
good	99
up	98
two	97
much	97
daughter	97
their	95
into	95
remisoff	94
most	94
looked	94
thousand	93
girl	93
d'haupelles	93
come	93
go	92
shall	89
here	87
too	86
can	85
yes	83
hand	83
think	82
take	82
must	82
after	82
without	81
these	81
made	81
eyes	81
took	80
about	80
just	78
'	78
way	77
went	76
once	74
nothing	73
himself	73
thought	72
room	71
other	71
why	70
great	70
dear	68
away	67
only	66
marry	66
going	66
day	66
door	65
came	64
make	63
r6misoff	62
cried	62
tell	61
face	61
poor	60
our	60
before	60
off	59
life	59
voice	58
give	57
every	57
while	56
mademoiselle	56
those	55
moment	55
look	55
first	55
woman	54
over	54
may	54
back	54
whom	53
herself	53
because	52
hundred	51
find	51
ah	51
three	50
found	50
another	50
quite	49
left	48
lady	48
exclaimed	47
us	46
old	46
general	46
friends	46
child	46
again	46
saw	45
monsieur	45
carriage	45
turned	44
therefore	44
five	44
course	44
always	44
yet	43
paris	43
long	43
hotel	43
air	43
sure	42
heard	42
word	41
wish	41
place	41
last	41
world	40
told	40
words	39
suddenly	39
people	39
miss	39
hands	39
de	39
continued	39
still	38
pay	38
opened	38
hour	38
head	38
morning	37
means	37
half	37
gave	37
few	37
enough	37
down	37
ask	37
table	36
sir	36
since	36
same	36
possible	36
own	36
idea	36
something	35
replied	35
lost	35
however	35
best	35
toward	34
thing	34
right	34
let	34
heart	34
ever	34
amroth	34
until	33
soon	33
saxon	33
play	33
marriage	33
many	33
certain	33
whole	32
seen	32
received	32
myself	32
lips	32
done	32
does	32
chair	32
speak	31
mean	31
leave	31
its	31
evening	31
things	30
really	30
put	30
pretty	30
hours	30
tone	29
least	29
knew	29
even	29
through	28
tears	28
taken	28
seeing	28
remember	28
rather	28
persons	28
love	28
full	28
consent	28
appeared	28
alone	28
yourself	27
sum	27
might	27
men	27
four	27
fellow	27
broken	27
better	27
small	26
return	26
present	26
new	26
mind	26
gone	26
fortune	26
felt	26
care	26
being	26
white	25
under	25
turn	25
lend	25
home	25
finally	25
each	25
days	25
coming	25
years	24
six	24
shoulders	24
seems	24
secretary	24
salon	24
repeated	24
possibly	24
paid	24
open	24
name	24
indeed	24
call	24
wished	23
watch	23
utterly	23
thus	23
smile	23
side	23
sent	23
russian	23
returned	23
ready	23
pocket	23
nor	23
mamma	23
low	23
la	23
husband	23
having	23
entirely	23
entered	23
both	23
ten	22
stood	22
resumed	22
quietly	22
position	22
pale	22
ladies	22
interrupted	22
hope	22
happy	22
fact	22
disturbed	22
certainly	22
case	22
amount	22
almost	22
added	22
window	21
whose	21
send	21
seemed	21
question	21
precisely	21
point	21
perhaps	21
night	21
next	21
murmured	21
matter	21
light	21
hear	21
far	21
dinner	21
business	21
between	21
beautiful	21
around	21
wait	20
truth	20
tomorrow	20
themselves	20
sighed	20
seated	20
reply	20
receive	20
placed	20
impossible	20
get	20
drew	20
comtesse	20
charming	20
cannot	20
breakfast	20
black	20
walked	19
suppose	19
smiled	19
simply	19
rooms	19
passed	19
o'clock	19
monaco	19
married	19
looking	19
laughed	19
kind	19
gold	19
events	19
earth	19
disappeared	19
brought	19
bring	19
believe	19
began	19
age	19
against	19
youth	18
wife	18
understand	18
twenty	18
train	18
tonight	18
started	18
somewhat	18
rich	18
necessary	18
lose	18
keep	18
house	18
feel	18
extraordinary	18
don't	18
decided	18
cafe	18
beg	18
anything	18
among	18
women	17
want	17
story	17
slowly	17
simple	17
shrugged	17
servant	17
seat	17
rue	17
rose	17
ought	17
need	17
huge	17
hostess	17
feeling	17
considerable	17
aside	17
absolutely	17
worth	16
today	16
street	16
second	16
respect	16
please	16
muttered	16
manner	16
making	16
happened	16
given	16
finding	16
dress	16
coachman	16
called	16
bed	16
.'	16
umbrella	15
thomine	15
talk	15
strange	15
short	15
serious	15
sat	15
reason	15
quickly	15
person	15
past	15
owe	15
known	15
jacques	15
forgotten	15
fault	15
conversation	15
bowed	15
aloud	15
able	15
|arabic2digit|	14
water	14
waiting	14
together	14
stopped	14
sixty	14
service	14
refuse	14
reached	14
paper	14
oh	14
nevertheless	14
neither	14
nature	14
music	14
mechanically	14
letter	14
heavens	14
hat	14
hardly	14
glad	14
frenchman	14
feraud	14
feet	14
family	14
early	14
departed	14
covered	14
bill	14
besides	14
bade	14
arms	14
arm	14
angry	14
affair	14
work	13
utter	13
use	13
try	13
superb	13
silence	13
securities	13
run	13
round	13
probably	13
near	13
met	13
leaving	13
lay	13
instead	13
hesitated	13
governess	13
garden	13
future	13
fell	13
father	13
fashion	13
fancy	13
either	13
easily	13
closed	13
close	13
choose	13
chocolate	13
change	13
apartment	13
wine	12
win	12
waiter	12
uttered	12
understood	12
twelve	12
trust	12
toilette	12
taking	12
succeeded	12
struck	12
speaking	12
sigh	12
seem	12
saying	12
read	12
promised	12
previous	12
presume	12
presence	12
pleasure	12
piece	12
perfectly	12
pardon	12
pair	12
others	12
order	12
often	12
offered	12
marrying	12
lightly	12
hurry	12
hurried	12
honour	12
held	12
gentlemen	12
gay	12
followed	12
finished	12
fair	12
extremely	12
excellent	12
eight	12
drove	12
doubt	12
diningroom	12
countess	12
consequence	12
compelled	12
carefully	12
calmly	12
also	12
allow	12
|arabic1digit|	11
won	11
wise	11
uncle	11
twenty-four	11
turning	11
trouble	11
thinking	11
stammered	11
sight	11
profound	11
prefer	11
penny	11
otherwise	11
orange	11
opinion	11
offer	11
minutes	11
mere	11
matters	11
marquis	11
louis	11
longer	11
live	11
less	11
kept	11
innocent	11
ill	11
honest	11
hastily	11
hard	11
happiness	11
handed	11
greatest	11
gentleman	11
fresh	11
flowers	11
filled	11
fear	11
everything	11
end	11
dog	11
direction	11
dine	11
curtains	11
cup	11
become	11
amuse	11
allowed	11
affection	11
within	10
vest	10
thank	10
sympathy	10
strong	10
start	10
stand	10
stairs	10
sing	10
sign	10
several	10
scene	10
rushed	10
roulette	10
red	10
ran	10
railroad	10
quarrel	10
presented	10
pray	10
paying	10
party	10
papers	10
opposite	10
none	10
meet	10
listened	10
law	10
laugh	10
later	10
horses	10
handkerchief	10
hair	10
glass	10
glance	10
gesture	10
fool	10
floor	10
fingers	10
favour	10
expected	10
equally	10
eat	10
eagerly	10
duties	10
doors	10
difficult	10
corner	10
comes	10
chance	10
centimes	10
burst	10
bolivia	10
behind	10
beauty	10
bag	10
attention	10
astonishment	10
astonished	10
appearance	10
altogether	10
address	10
account	10
absolute	10
wishes	9
watching	9
watched	9
venture	9
unfortunate	9
travelling	9
thrown	9
threw	9
threshold	9
telegram	9
tea	9
sweet	9
sudden	9
success	9
sou	9
society	9
singular	9
silk	9
severe	9
seven	9
self	9
sadly	9
regret	9
plenty	9
pang	9
occasion	9
obtained	9
notwithstanding	9
naturally	9
moved	9
mine	9
master	9
mail	9
luck	9
lived	9
lifted	9
leaned	9
late	9
large	9
knows	9
jeffsohn	9
intend	9
heaven	9
heartily	9
grave	9
grace	9
follow	9
fine	9
empty	9
eleven	9
during	9
due	9
dropped	9
delightful	9
dead	9
concluded	9
coloured	9
clock	9
boy	9
bois	9
blue	9
bank	9
ashamed	9
answer	9
anger	9
amusement	9
amiable	9
agreeable	9
yesterday	8
write	8
wonder	8
wisdom	8
wealth	8
true	8
tried	8
translated	8
tired	8
timidly	8
thirteen	8
surprise	8
supposed	8
succession	8
subject	8
state	8
standing	8
spend	8
soul	8
sort	8
sitting	8
shoulder	8
shop	8
sherwood	8
secret	8
sank	8
rest	8
remain	8
regard	8
refused	8
reflection	8
rang	8
quiet	8
putting	8
prospect	8
procession	8
pleased	8
peel	8
note	8
nodded	8
months	8
mistake	8
lovely	8
led	8
laughing	8
kissed	8
kindly	8
inspired	8
informed	8
honourable	8
heavy	8
haste	8
handsome	8
green	8
gentle	8
gaily	8
funds	8
front	8
french	8
fraud	8
fit	8
excuse	8
europe	8
enterprise	8
enter	8
else	8
drawn	8
drank	8
doing	8
disagreeable	8
different	8
desirable	8
deal	8
concierge	8
cold	8
coffee	8
caught	8
cards	8
buy	8
braccioli	8
borrow	8
bit	8
banknotes	8
bad	8
assistance	8
asleep	8
armchair	8
anxious	8
agreed	8
agree	8
ago	8
affairs	8
accept	8
"'	8
!'	8
yours	7
year	7
worn	7
won't	7
winning	7
willing	7
whatever	7
wedding	7
wealthy	7
waited	7
visitor	7
usual	7
trunk	7
trifle	7
totally	7
thrust	7
thanks	7
terms	7
teeth	7
suit	7
step	7
station	7
spoke	7
soup	7
sound	7
situation	7
shook	7
settled	7
seriously	7
sacrifice	7
restaurant	7
reproof	7
reporter	7
rendered	7
remembering	7
relief	7
refuge	7
real	7
rain	7
promise	7
profoundly	7
prevent	7
possession	7
playing	7
plans	7
pity	7
pieces	7
part	7
overwhelmed	7
office	7
obtain	7
obliged	7
objection	7
number	7
news	7
moreover	7
miserable	7
magnificent	7
loves	7
lover	7
louise	7
loud	7
losing	7
joy	7
journey	7
interest	7
intended	7
infinitely	7
income	7
importance	7
immediately	7
imagine	7
ideas	7
hers	7
hero	7
help	7
habit	7
grow	7
gravely	7
got	7
goodnight	7
goes	7
glanced	7
girls	7
gaiety	7
further	7
furniture	7
forgive	7
forget	7
foolish	7
following	7
fire	7
faithful	7
expression	7
evidently	7
everywhere	7
eatier	7
duty	7
dowry	7
disgust	7
dignified	7
difficulty	7
desire	7
delicacy	7
degree	7
dared	7
daily	7
curiosity	7
consequently	7
confidence	7
conduct	7
condition	7
colour	7
clearly	7
clear	7
city	7
china	7
character	7
chairs	7
carriages	7
cared	7
brilliant	7
bottle	7
born	7
book	7
bewildered	7
becoming	7
bear	7
aware	7
arrived	7
already	7
aid	7
advice	7
accounts	7
|romannumeral|	6
wrote	6
wounded	6
wonderful	6
week	6
weary	6
ventured	6
vain	6
useless	6
unless	6
unexpected	6
trees	6
touch	6
timid	6
ticket	6
throw	6
thirty	6
thin	6
terror	6
tenor	6
taste	6
task	6
surely	6
sun	6
sulky	6
suggestion	6
suffered	6
stop	6
steps	6
staircase	6
spite	6
sorry	6
son-in-law	6
slender	6
sleeve	6
singing	6
silent	6
signified	6
shut	6
shrug	6
share	6
set	6
services	6
selected	6
search	6
safety	6
russia	6
romance	6
rising	6
reproach	6
remembered	6
remark	6
reality	6
realised	6
re'misoff	6
re"misoff	6
quick	6
pushed	6
protection	6
proceeded	6
pride	6
permission	6
perfect	6
peace	6
ordered	6
opera	6
opening	6
ones	6
obeyed	6
nine	6
nice	6
names	6
merely	6
mentally	6
memory	6
mary	6
marked	6
marievitch	6
makes	6
loved	6
locked	6
listen	6
lighted	6
lie	6
kiss	6
key	6
keeping	6
joke	6
irish	6
interesting	6
intensely	6
intense	6
idiot	6
human	6
haughtily	6
growing	6
ground	6
gratitude	6
goodness	6
giving	6
getting	6
gently	6
geneva	6
game	6
gain	6
frown	6
frame	6
form	6
forever	6
fixed	6
fifty	6
extended	6
expenses	6
existence	6
excessive	6
except	6
example	6
examined	6
envelope	6
enormous	6
english	6
embassy	6
dressed	6
dream	6
drawer	6
dismissed	6
discovered	6
dignity	6
deuce	6
desk	6
depart	6
delighted	6
delight	6
deep	6
debts	6
debt	6
deadly	6
dark	6
crushed	6
cruel	6
crossed	6
count	6
consideration	6
confusion	6
concert	6
completed	6
coat	6
chicken	6
chain	6
casino	6
carry	6
car	6
buttons	6
bright	6
breathed	6
breath	6
box	6
bought	6
borrowed	6
bore	6
birth	6
bills	6
beginning	6
became	6
assure	6
april	6
approached	6
appear	6
anxiety	6
amusing	6
amid	6
although	6
afraid	6
advance	6
admiration	6
addressed	6
accepted	6
abruptly	6
yield	5
wrong	5
wore	5
windows	5
whiskers	5
warm	5
visit	5
virtuous	5
view	5
value	5
utmost	5
usually	5
treated	5
tones	5
tiny	5
times	5
thoughts	5
though	5
thick	5
temper	5
telling	5
talked	5
tale	5
suspected	5
surrounded	5
surprised	5
succeed	5
strongest	5
stock	5
stepped	5
startled	5
stage	5
spirit	5
sooner	5
sonia	5
sometimes	5
soff	5
snatched	5
slipped	5
slightly	5
silver	5
shown	5
showed	5
shame	5
serve	5
sense	5
sell	5
seized	5
save	5
satisfied	5
satisfactory	5
salary	5
saint	5
running	5
rolled	5
road	5
rid	5
returning	5
retired	5
result	5
restrained	5
respects	5
resources	5
remained	5
receipt	5
rare	5
rapidly	5
rage	5
questioned	5
quarter	5
purse	5
purpose	5
preserved	5
prepared	5
preferred	5
precious	5
portemonnaie	5
polish	5
pockets	5
pocketbook	5
plate	5
places	5
pawnbroker	5
path	5
passion	5
pass	5
owner	5
ourselves	5
occasionally	5
notion	5
noticed	5
nerves	5
neal	5
mysterious	5
mouth	5
montmartre	5
month	5
moments	5
mistress	5
mistaken	5
merosmesnil	5
melancholy	5
marriages	5
manners	5
mad	5
lives	5
liked	5
liberty	5
lest	5
lent	5
leaves	5
landau	5
laid	5
knowledge	5
knowing	5
kitchen	5
italian	5
intention	5
indignation	5
important	5
humour	5
hot	5
horse	5
hopeless	5
honesty	5
honestly	5
high	5
hesitation	5
henry	5
hearing	5
headache	5
hasten	5
happen	5
h6tel	5
guest	5
grumbled	5
grown	5
granted	5
generally	5
gambling	5
frowned	5
frank	5
franc	5
fortunate	5
forth	5
formed	5
foot	5
fiacre	5
fastened	5
fan	5
faith	5
experience	5
expect	5
exhausted	5
everybody	5
escape	5
enjoyed	5
energy	5
effect	5
eating	5
easy	5
dust	5
disposed	5
dispatched	5
dishes	5
directly	5
devote	5
delicious	5
dare	5
dangerous	5
cream	5
cost	5
convent	5
contempt	5
conclusion	5
circus	5
circumstances	5
circle	5
cigar	5
chevalier	5
card	5
calm	5
brow	5
brings	5
breakfasted	5
bow	5
boulevard	5
blow	5
blame	5
bird	5
bell	5
behold	5
basket	5
baby	5
aud	5
attempt	5
attack	5
association	5
ascertain	5
arrival	5
arrangements	5
arranged	5
arrange	5
approaching	5
apparently	5
anxiously	5
annoyed	5
angrily	5
amusements	5
along	5
alas	5
adore	5
acknowledge	5
absorbed	5
absence	5
.'"	5
|arabic3digit|	4
younger	4
written	4
worthy	4
worthless	4
worse	4
whence	4
weeks	4
walking	4
vulgar	4
visits	4
veil	4
various	4
vanished	4
vaguely	4
urgent	4
unfortunately	4
undisturbed	4
unable	4
twice	4
twenty-seven	4
trying	4
troubled	4
treat	4
travel	4
towards	4
touched	4
throwing	4
theatre	4
thankful	4
telegraph	4
tall	4
tables	4
t	4
sweetness	4
support	4
summoned	4
suggested	4
sufficiently	4
sufficient	4
style	4
stupid	4
struggling	4
strength	4
store	4
starting	4
stamp	4
spot	4
solemnly	4
soft	4
sofa	4
social	4
snuffbox	4
smoke	4
smiling	4
smiles	4
slight	4
skin	4
single	4
sincerity	4
sincere	4
signature	4
shuddered	4
showing	4
show	4
sheltered	4
severely	4
seventy	4
seventeen	4
settle	4
sentence	4
sees	4
seats	4
season	4
sealed	4
satisfaction	4
saddened	4
sad	4
rupture	4
rules	4
ruin	4
ring	4
rewarded	4
reward	4
residence	4
repose	4
repeat	4
remise	4
remarkable	4
remaining	4
release	4
relatives	4
recalled	4
reasons	4
realise	4
rapid	4
raised	4
r&nisoff	4
quarters	4
pure	4
provide	4
prove	4
proud	4
protest	4
protect	4
proposed	4
procure	4
privilege	4
pressed	4
presently	4
preposterous	4
preparations	4
practical	4
poissy	4
played	4
plan	4
placing	4
pietro	4
picture	4
permit	4
peculiar	4
parti	4
parasol	4
palais	4
pain	4
package	4
outside	4
occupied	4
objected	4
object	4
numbers	4
nought	4
notes	4
nonsense	4
needed	4
necessity	4
necessarily	4
nearly	4
natural	4
mutton	4
moustache	4
motives	4
mothers	4
mortal	4
modest	4
merits	4
merentzof	4
mention	4
meeting	4
meantime	4
meaning	4
looks	4
living	4
line	4
lender	4
learned	4
laying	4
language	4
lad	4
katier	4
italy	4
insulted	4
instantly	4
inspiration	4
inquiries	4
innocence	4
inferior	4
infamous	4
hush	4
host	4
hoped	4
highly	4
heavily	4
haughty	4
hate	4
happens	4
haggard	4
habitual	4
guests	4
groom	4
grew	4
grass	4
graceful	4
girlish	4
german	4
gabrielle	4
frightfully	4
frightful	4
friendship	4
free	4
france	4
fortunately	4
forehead	4
fond	4
folly	4
fixing	4
finds	4
figure	4
fifteen	4
fiance	4
fate	4
familiar	4
falsehood	4
falling	4
faint	4
faded	4
extending	4
explain	4
experienced	4
exclamation	4
excitement	4
everyday	4
etc	4
essential	4
entire	4
enthusiastic	4
engaged	4
endure	4
emergency	4
elevated	4
ease	4
ear	4
drop	4
drive	4
drawing	4
doubtful	4
document	4
disturb	4
distinctly	4
dispatch	4
difficulties	4
difference	4
diamonds	4
detestable	4
determined	4
details	4
despising	4
despair	4
desired	4
desert	4
departure	4
delicate	4
degrees	4
deeply	4
deaf	4
danger	4
dainty	4
cry	4
crisp	4
credit	4
convinced	4
contrary	4
consult	4
constantly	4
constant	4
conquered	4
compressed	4
completely	4
compassion	4
company	4
common	4
combinations	4
clever	4
class	4
chin	4
cheated	4
carried	4
capable	4
can't	4
bundle	4
broke	4
brief	4
bride	4
breast	4
break	4
bouquet	4
blushes	4
bitter	4
begin	4
beat	4
bearing	4
battle	4
banknote	4
author	4
au	4
attend	4
assuredly	4
assist	4
arranging	4
arrangement	4
approval	4
applied	4
anteroom	4
ample	4
amazed	4
afternoon	4
admonition	4
admitted	4
actually	4
act	4
across	4
acquaintance	4
above	4
'"	4
".	4
wreath	3
wound	3
worst	3
witnesses	3
winter	3
wild	3
whether	3
whenever	3
wheel	3
wearisome	3
ways	3
wave	3
warn	3
wandering	3
wall	3
volcanoes	3
voices	3
virtue	3
verge	3
veneration	3
valise	3
valet	3
vague	3
uttering	3
useful	3
unusual	3
unquestionably	3
unknown	3
unhappy	3
ungraciously	3
undoubtedly	3
uncomfortable	3
twenty-eight	3
tuileries	3
trousseau	3
trivial	3
trifling	3
trifles	3
trembling	3
trembled	3
treize	3
tree	3
travels	3
travellers	3
travelled	3
tossed	3
torment	3
title	3
ties	3
throat	3
terrible	3
tender	3
talking	3
takes	3
swept	3
swans	3
swallowed	3
suspicions	3
superstitious	3
superiority	3
sunshine	3
sulkily	3
suffice	3
stuff	3
struggle	3
stronger	3
strike	3
stretched	3
strangely	3
stout	3
storm	3
stay	3
statement	3
stately	3
stated	3
stain	3
spring	3
spoken	3
spirits	3
spent	3
sparkling	3
sous	3
soothed	3
softly	3
sleeping	3
sixty-five	3
sister	3
simpleton	3
similar	3
silly	3
signed	3
shops	3
shocked	3
shelter	3
sheep	3
shawl	3
served	3
senseless	3
sending	3
select	3
scala	3
says	3
sale	3
runs	3
ruined	3
royal	3
roubles	3
rise	3
restrain	3
responsible	3
respectful	3
respectable	3
required	3
render	3
remains	3
rely	3
relinquished	3
relations	3
relapsed	3
regained	3
recovered	3
reception	3
reappeared	3
readers	3
reaching	3
rarely	3
raising	3
railway	3
pushing	3
purchased	3
purchase	3
pulled	3
public	3
pshaw	3
prudence	3
providence	3
provided	3
protestations	3
propose	3
proposals	3
properly	3
proper	3
profiting	3
produced	3
proceedings	3
proceed	3
pretext	3
pretended	3
prejudices	3
precaution	3
power	3
powder	3
poured	3
politeness	3
polite	3
plot	3
pleasant	3
plays	3
pitied	3
pink	3
pin	3
pile	3
pignotti	3
phrase	3
per	3
penniless	3
pen	3
pelles	3
paternal	3
parted	3
packed	3
packages	3
owed	3
original	3
ordinary	3
older	3
offended	3
occasional	3
obstinacy	3
notice	3
noise	3
nod	3
nineteen	3
nearer	3
native	3
moving	3
movement	3
mountain	3
moon	3
mood	3
monte	3
mixture	3
mission	3
misfortune	3
mischief	3
mirror	3
message	3
merry	3
merit	3
menagerie	3
measure	3
maternal	3
marvellous	3
managed	3
malicious	3
lovers	3
louvre	3
lot	3
loss	3
longed	3
loftily	3
loaded	3
literally	3
likes	3
lifting	3
les	3
lengthy	3
legal	3
leg	3
learn	3
larger	3
lamp	3
lacking	3
knife	3
knees	3
knee	3
joyous	3
joined	3
jewels	3
jewellery	3
jest	3
jealousy	3
iu	3
itself	3
irresistible	3
irreproachable	3
involuntarily	3
invite	3
intolerable	3
interposed	3
interests	3
intelligent	3
intelligence	3
insult	3
insolent	3
insisted	3
innumerable	3
infinite	3
inevitable	3
induced	3
indifferent	3
indifference	3
indication	3
indicated	3
india	3
incident	3
inch	3
impulse	3
impatiently	3
imbecile	3
il	3
ignorant	3
hyacinths	3
humiliated	3
hotels	3
horror	3
horrid	3
hold	3
higher	3
hide	3
heed	3
hearty	3
hatred	3
hastened	3
harm	3
guilty	3
growled	3
grey	3
gravity	3
grasped	3
grand	3
graciously	3
golden	3
god	3
glory	3
glorious	3
glittered	3
glasses	3
gladly	3
gift	3
germany	3
gathered	3
gas	3
gambler	3
fury	3
furnished	3
furiously	3
fully	3
fruiterer	3
frankness	3
frankly	3
fourteen	3
forward	3
forty-two	3
former	3
forgot	3
forbade	3
folds	3
folded	3
flesh	3
flat	3
firmly	3
finger	3
figures	3
fight	3
fiercely	3
fetish	3
feared	3
faults	3
farewell	3
fancied	3
famous	3
families	3
fallen	3
fall	3
faintly	3
fail	3
expressed	3
express	3
explanation	3
expiation	3
expensive	3
expense	3
examination	3
evil	3
eugene	3
esteem	3
established	3
establish	3
especially	3
especial	3
entitled	3
enterprises	3
entering	3
enjoyment	3
enjoy	3
ends	3
employed	3
emotion	3
embarrassing	3
embarrassed	3
ears	3
earnestly	3
earnest	3
duprez	3
dull	3
dry	3
drooped	3
droll	3
driven	3
drinking	3
dressmaker	3
dressing	3
dreaming	3
drapery	3
dozen	3
downstairs	3
domestic	3
distinguishes	3
displeased	3
displayed	3
disdainfully	3
disdain	3
discussing	3
discover	3
disaster	3
dined	3
devotion	3
devil	3
developed	3
despairingly	3
deserve	3
describe	3
depths	3
deference	3
decorated	3
declared	3
debut	3
daughters	3
dashed	3
darted	3
daring	3
d'hau	3
cutting	3
cut	3
customary	3
crowded	3
crowd	3
croupier	3
creatures	3
creature	3
courtesy	3
court	3
courage	3
couple	3
coupe	3
countenance	3
costume	3
corridor	3
correct	3
corners	3
control	3
continue	3
contest	3
content	3
contemplated	3
consciousness	3
conscience	3
congratulate	3
confidential	3
conditions	3
concern	3
concealment	3
concealing	3
comprehended	3
complete	3
compartment	3
comparatively	3
companions	3
companion	3
committed	3
comfortable	3
college	3
coldly	3
cloud	3
closing	3
closer	3
chosen	3
chimney	3
chef	3
checked	3
changed	3
ceremonious	3
ceiling	3
cautiously	3
caused	3
cause	3
cattle	3
cat	3
cast	3
carlo	3
cares	3
carelessness	3
buttonhole	3
busy	3
burning	3
burned	3
buried	3
bunch	3
bridal	3
branch	3
brains	3
bowl	3
bone	3
bold	3
body	3
blind	3
bits	3
big	3
beyond	3
benefit	3
belonged	3
beheld	3
begun	3
beast	3
bargain	3
awaiting	3
audacious	3
attitude	3
attached	3
ate	3
assured	3
assent	3
asking	3
article	3
arrow	3
arduous	3
appetite	3
apartments	3
apart	3
anxieties	3
annum	3
annoying	3
annoyance	3
announced	3
amused	3
amiably	3
ally	3
alliance	3
alive	3
agitation	3
aghast	3
affected	3
advise	3
advantage	3
admit	3
add	3
acquaintances	3
accompanied	3
ability	3
\	3
',	3
•	2
|arabic5+digit|	2
youthful	2
yielding	2
yawn	2
wrongs	2
writing	2
wretch	2
wraps	2
wrapped	2
woven	2
worked	2
wood	2
wonderfully	2
womanly	2
woke	2
wives	2
witticism	2
wit	2
wishing	2
wiser	2
wins	2
winking	2
wide	2
wicker	2
whistling	2
whistled	2
whist	2
whirlwind	2
whipped	2
wherein	2
wheels	2
wet	2
well-known	2
welcome	2
weeping	2
weep	2
weapons	2
weaken	2
waved	2
wasted	2
waste	2
washing	2
war	2
wanted	2
wan	2
walls	2
wake	2
waiters	2
wager	2
wafted	2
volhynia	2
void	2
vociferously	2
vivienne	2
visiting	2
virtues	2
violent	2
verdi	2
venturing	2
velvet	2
veiled	2
vehicle	2
vanish	2
valuable	2
valley	2
used	2
unwilling	2
unto	2
unsatisfactory	2
unnecessary	2
unmoved	2
unlike	2
unendurable	2
undertake	2
understanding	2
umbrellas	2
twenty-one	2
twenty-five	2
trunks	2
trouville	2
troubles	2
triumph	2
triomphe	2
trente	2
traveller	2
translation	2
tragic	2
trace	2
touching	2
tossing	2
top	2
tongue	2
tolerable	2
toil	2
tinkling	2
tightly	2
tie	2
thursday	2
thumped	2
thrusting	2
thrushes	2
threat	2
thread	2
thoughtfully	2
thoroughly	2
thorough	2
thirty-five	2
thinks	2
thief	2
theatrical	2
thanked	2
terminated	2
tenors	2
tenderly	2
tenacious	2
temporary	2
temperance	2
telegraphed	2
tease	2
tear	2
teach	2
tastes	2
tapestries	2
tap	2
switzerland	2
sweeping	2
swear	2
supper	2
sup	2
summons	2
suitors	2
suitably	2
suffering	2
submit	2
submissively	2
submissive	2
submission	2
suave	2
studies	2
struggled	2
strolling	2
striking	2
streets	2
stream	2
straw	2
storage	2
stockholders	2
stations	2
stars	2
squarely	2
splendid	2
speculator	2
speculation	2
speck	2
south	2
sour	2
soubrette	2
sorts	2
song	2
somehow	2
solitude	2
solitary	2
sole	2
smoothly	2
smell	2
smallest	2
slumbering	2
slips	2
sleepless	2
sleep	2
sky	2
skilful	2
skies	2
sixty-three	2
sit	2
simplest	2
silks	2
silently	2
signs	2
sidewalk	2
sick	2
shrewdly	2
shower	2
shouting	2
shiver	2
shirts	2
shining	2
sheets	2
shed	2
shaven	2
shapes	2
shaken	2
shake	2
shaded	2
setting	2
serving	2
servants	2
sermon	2
series	2
serenity	2
separated	2
sentiments	2
self-possession	2
selecting	2
seek	2
secondhand	2
scrutinising	2
school	2
scenes	2
scandal	2
saved	2
sauntered	2
saturday	2
satof	2
satisfactorily	2
sarcastic	2
sarcasm	2
sapphire	2
sang	2
safe	2
sabre	2
sa	2
rustling	2
rustle	2
russians	2
russ	2
rushing	2
rushes	2
rush	2
rule	2
rudely	2
rude	2
rows	2
row	2
routine	2
rotonde	2
rosy	2
roof	2
rome	2
role	2
risen	2
ringing	2
ridicule	2
ribbon	2
retreat	2
retiring	2
resuming	2
restrictions	2
restraint	2
restored	2
restore	2
resting	2
responsibility	2
respectfully	2
respected	2
residing	2
reside	2
reserve	2
require	2
reproachful	2
represented	2
reprehensible	2
repay	2
repaired	2
remove	2
remorse	2
remittances	2
remembrance	2
remedy	2
remarked	2
religion	2
relieve	2
regular	2
regarded	2
regain	2
refuses	2
reflected	2
refined	2
reduced	2
reddened	2
recklessness	2
recently	2
receiving	2
recall	2
realities	2
reach	2
rate	2
rascals	2
rascal	2
rap	2
rank	2
rake	2
raise	2
rainy	2
radiant	2
r6mi	2
quoted	2
quivering	2
questions	2
queenly	2
quartier	2
quarrels	2
quarrelled	2
quarante	2
pursued	2
purchases	2
pupil	2
punished	2
punish	2
punch	2
pulling	2
protectress	2
prospectus	2
propriety	2
proposition	2
proposal	2
proportions	2
proof	2
promptly	2
processions	2
proceeds	2
proceeding	2
probable	2
price	2
previously	2
prevented	2
pretension	2
pretend	2
presumed	2
pressure	2
pressing	2
preach	2
prayers	2
practised	2
poverty	2
post	2
portion	2
porters	2
popular	2
poland	2
points	2
plush	2
pledge	2
pleasures	2
pleasing	2
player	2
placid	2
pitiless	2
piteously	2
piteous	2
piles	2
picked	2
pick	2
phrases	2
philosophical	2
perverted	2
pervaded	2
permitted	2
perfumed	2
percent	2
peer	2
pays	2
payment	2
paths	2
passing	2
parting	2
particularly	2
parsimonious	2
palm	2
pains	2
pained	2
page	2
packing	2
overwhelm	2
overcoat	2
oven	2
outraged	2
ouchy	2
ornaments	2
originally	2
orchestra	2
omnibuses	2
omitted	2
omit	2
olive	2
official	2
offensive	2
odour	2
occupation	2
obstacle	2
observer	2
observed	2
observatory	2
obnoxious	2
oblige	2
objects	2
obey	2
o	2
nurse	2
novel	2
notions	2
nose	2
noon	2
nobly	2
noble	2
newspapers	2
newcomer	2
newborn	2
net	2
nest	2
nervously	2
neophyte	2
negligence	2
negative	2
neck	2
nearest	2
narrow	2
narcissi	2
naples	2
nap	2
mystery	2
mysteriously	2
muslin	2
museum	2
mrs	2
movements	2
move	2
moutons	2
moutmartre	2
mouthful	2
mournfully	2
mounted	2
motive	2
morgue	2
moral	2
moods	2
monogram	2
mon	2
modesty	2
misunderstandings	2
misfortunes	2
misery	2
mischievous	2
mighty	2
meshes	2
merrily	2
mending	2
melody	2
meekly	2
meant	2
mayor	2
mau	2
matches	2
marriageable	2
marquise	2
marketing	2
mark	2
manshauschen	2
manage	2
malice	2
majestic	2
maid	2
madeira	2
lyons	2
lying	2
luxury	2
luxuries	2
luggage	2
lower	2
loudly	2
losers	2
longing	2
lonely	2
loitering	2
lodged	2
locks	2
list	2
limited	2
lilacs	2
lights	2
library	2
liberality	2
liberal	2
letting	2
letters	2
lessons	2
lectured	2
lecture	2
leather	2
leaning	2
lead	2
latter	2
lark	2
largest	2
lap	2
lamentations	2
lamb	2
lake	2
laces	2
knocked	2
knaves	2
knave	2
kitten	2
kissingen	2
king	2
kindness	2
kindling	2
killed	2
kill	2
keen	2
justify	2
july	2
judge	2
jokes	2
join	2
irritated	2
involuntary	2
invited	2
inventor	2
invention	2
invariably	2
intruder	2
intolerably	2
interview	2
interrupt	2
interrogating	2
interrogated	2
interfere	2
intentions	2
intellect	2
instruction	2
instinct	2
inspire	2
inspect	2
insist	2
insinuated	2
injustice	2
injunction	2
initiative	2
information	2
influence	2
infallible	2
indulge	2
induce	2
indicate	2
incurred	2
inconvenient	2
inconveniences	2
inconvenience	2
inclination	2
inasmuch	2
impudence	2
impressed	2
imploringly	2
impertinent	2
impertinences	2
impending	2
impatient	2
impatience	2
immorality	2
immediate	2
imagination	2
illuminated	2
ignored	2
idiots	2
ices	2
ice	2
ia	2
hung	2
humble	2
hound	2
hospitable	2
holds	2
holding	2
highest	2
height	2
heated	2
health	2
happiest	2
happier	2
hangings	2
hanging	2
handle	2
ha	2
greville	2
greek	2
greasy	2
gratify	2
gratefully	2
grateful	2
gradually	2
gracious	2
gracefully	2
gown	2
government	2
gossip	2
goose	2
goodbye	2
good-looking	2
gnawed	2
gloves	2
glossy	2
gloomy	2
glittering	2
glimpse	2
gleam	2
gladdened	2
gives	2
gigantic	2
genius	2
genial	2
geese	2
gazed	2
gamble	2
gallant	2
galette	2
furious	2
funereal	2
fulfil	2
frowning	2
frivolous	2
frightened	2
friendships	2
friendly	2
freshness	2
freshly	2
frequented	2
frauds	2
fragrance	2
forty-eight	2
forty	2
forest	2
foreseen	2
foolishly	2
food	2
folding	2
florence	2
flattered	2
fish	2
finish	2
financial	2
finances	2
filling	2
fillet	2
fifty-seven	2
ferocious	2
fender	2
fed	2
feather	2
fearing	2
fearful	2
fatuity	2
fatal	2
fat	2
fascinating	2
fame	2
false	2
fairy	2
fairly	2
faces	2
faced	2
eyelids	2
eyed	2
eyebrows	2
eye	2
extreme	2
extent	2
expended	2
expecting	2
exerted	2
execution	2
exclaim	2
excesses	2
exceptional	2
exception	2
examples	2
examining	2
examine	2
ex	2
evident	2
event	2
evenings	2
eternal	2
error	2
equanimity	2
equal	2
entreaties	2
enjoying	2
engagement	2
encouraged	2
enchanted	2
embraced	2
embarrassments	2
embarrassment	2
elysees	2
elsewhere	2
elicited	2
elbow	2
eighty	2
eggs	2
effort	2
education	2
eden	2
economies	2
economical	2
echoed	2
eaten	2
earlier	2
eagerness	2
dwelling	2
duel	2
du	2
driver	2
drink	2
dried	2
dreamed	2
dragging	2
double	2
divorced	2
divorce	2
divined	2
distrustfully	2
distress	2
distraction	2
distinguished	2
distinct	2
distance	2
dissipation	2
disrespectful	2
dispose	2
displeasing	2
displays	2
displaying	2
dismal	2
dislike	2
disgraceful	2
disdainful	2
discussion	2
discussed	2
discretion	2
discovery	2
discourse	2
discouraged	2
discontented	2
discomfited	2
disclosed	2
disastrous	2
disabused	2
dis	2
directed	2
dinners	2
dining	2
died	2
die	2
diamond	2
devoted	2
detected	2
destitute	2
destiny	2
despise	2
despairing	2
desirous	2
deserted	2
description	2
described	2
descended	2
des	2
derogatory	2
deranged	2
depends	2
deny	2
demand	2
deliberately	2
delay	2
deficiency	2
deferentially	2
declined	2
decision	2
decide	2
deceived	2
deceive	2
deceitful	2
date	2
darkness	2
dame	2
cutlets	2
current	2
curls	2
cultivation	2
cultivate	2
cuisine	2
cruelty	2
crowning	2
creation	2
created	2
create	2
crazy	2
cravat	2
cowardly	2
courts	2
courteously	2
country	2
counted	2
costs	2
corruption	2
cordially	2
coquette	2
coolness	2
cook	2
contrast	2
contingency	2
contents	2
contented	2
contain	2
construction	2
consolation	2
considerably	2
conqueror	2
confidentially	2
confidences	2
confide	2
conducted	2
condescended	2
condescend	2
condemn	2
concocted	2
concerned	2
conceal	2
comprehension	2
compliment	2
complexion	2
complain	2
communication	2
commonplaces	2
commodious	2
commissions	2
commissionaire	2
commiseration	2
comme	2
comer	2
combination	2
comb	2
colouring	2
colossal	2
cloth	2
closely	2
climate	2
clean	2
clasped	2
claim	2
civilization	2
cigarettes	2
cigarette	2
church	2
choice	2
chimney-piece	2
children	2
chestnut	2
cherry	2
cheese	2
cheeks	2
cheek	2
chateau	2
charms	2
charmed	2
charitable	2
charges	2
charge	2
characters	2
champs	2
champagne	2
chamber	2
ceremony	2
ceremoniously	2
cents	2
celebrated	2
ceased	2
cease	2
cautious	2
caterpillar	2
cascades	2
carved	2
cart	2
caress	2
carelessly	2
careful	2
career	2
capital	2
capacious	2
cane	2
calumny	2
calls	2
buying	2
brute	2
brown	2
brilliantly	2
brevity	2
bread	2
bravo	2
brain	2
boxes	2
bowing	2
bourse	2
bouquets	2
bounds	2
boulogne	2
boots	2
books	2
bohemian	2
blunder	2
blossoms	2
blood	2
blonde	2
blank	2
blandly	2
blackbirds	2
bitterly	2
biscuit	2
besieged	2
below	2
beloved	2
believed	2
belief	2
behaved	2
behave	2
begins	2
befallen	2
becomes	2
beating	2
baths	2
basin	2
ball	2
bains	2
bags	2
badly	2
awkward	2
awaken	2
awake	2
awaited	2
avoid	2
austere	2
audacity	2
auction	2
attentive	2
attended	2
attacked	2
atrocious	2
atmosphere	2
asylum	2
astonish	2
assuring	2
assurance	2
assumed	2
assertion	2
aspect	2
ascended	2
artlessly	2
artificial	2
articles	2
art	2
arrives	2
arousing	2
aroused	2
arise	2
arc	2
apply	2
apparent	2
apologetic	2
animated	2
angel	2
amounts	2
amazement	2
amateurs	2
allusion	2
alluded	2
agony	2
agitated	2
afterward	2
afforded	2
affectionately	2
afar	2
adventuress	2
adventures	2
adventure	2
adroitly	2
adroit	2
adored	2
admirably	2
admirable	2
administer	2
addressing	2
adding	2
activity	2
accustomed	2
according	2
accord	2
accent	2
absurdities	2
absurd	2
abominable	2
abode	2
^	2
?'"	2
?'	2
.,	2
-	2
''	2
&	2
!'"	2
•whom	1
«	1
~tt7~hen	1
|arabic4digit|	1
|	1
zounds	1
zeal	1
yon	1
yellow	1
yawned	1
xmas	1
wrung	1
wrought	1
writes	1
writers	1
writer	1
wrinkles	1
wring	1
wriggle	1
wretches	1
wretched	1
wreck	1
wounds	1
worthlessness	1
worshipped	1
worldly	1
works	1
working	1
woollen	1
wondered	1
woes	1
woe	1
wnicii	1
witness	1
withstand	1
withheld	1
witheringly	1
withering	1
withered	1
withdrew	1
withdraw	1
wiped	1
winked	1
wink	1
wings	1
wines	1
willows	1
willingness	1
william	1
wilderness	1
widowers	1
widower	1
widow	1
widespread	1
widely	1
wickedness	1
whomsoever	1
wholly	1
whither	1
whiteness	1
whit	1
whispers	1
whispered	1
whiff	1
whet	1
wherewithal	1
whereas	1
whereabouts	1
wheii	1
wept	1
weight	1
weighs	1
weaving	1
weather	1
wears	1
wearing	1
wear	1
weapon	1
weakness	1
weakening	1
weakened	1
wav	1
watoh	1
waters	1
watering	1
wasn't	1
washwoman	1
washstand	1
washed	1
warrant	1
warning	1
warned	1
warmth	1
warmly	1
warming	1
warmer	1
warehouse	1
wardrobe	1
ward	1
wanting	1
walk	1
waist	1
wagon	1
wages	1
w	1
vow	1
volumes	1
vocation	1
vocal	1
vividly	1
vive	1
vivacity	1
vituperation	1
vituperated	1
violoncellos	1
violet	1
violently	1
violence	1
violation	1
villainy	1
village	1
vile	1
vigorous	1
vigilance	1
victorious	1
victim	1
vicious	1
vexed	1
vexation	1
version	1
verses	1
vermiral	1
verified	1
veracity	1
venite	1
venal	1
vein	1
vault	1
vastly	1
vast	1
vas	1
varsovei	1
vari6t6s	1
vapour	1
vanquished	1
vanities	1
valueless	1
valuables	1
valenciennes	1
vainly	1
vailed	1
vacation	1
vacant	1
utters	1
utterance	1
ut	1
usury	1
usurer	1
ushered	1
usher	1
uselessly	1
urged	1
urbanity	1
uproar	1
upou	1
uphold	1
uo	1
unworthy	1
unwary	1
unwarily	1
unutterable	1
untouched	1
unsuspicious	1
unsuccessful	1
unstrung	1
unsettled	1
unsealed	1
unreceipted	1
unpleasant	1
unperverted	1
unpaid	1
unopened	1
unnatural	1
unmistakable	1
unmanageable	1
unlooked-for	1
unlocked	1
unknotted	1
unkind	1
united	1
uniform	1
unheard	1
unharmed	1
unhappiness	1
ungratified	1
ungovernable	1
ungenerous	1
unfulfilled	1
unforeseen	1
unfolded	1
uneventful	1
uneasily	1
unearth	1
undeserving	1
undeserved	1
undertaken	1
understocd	1
understands	1
underneath	1
undergo	1
undeliled	1
undejiled	1
unconvinced	1
unconsciously	1
unconscious	1
unconscionable	1
uncon	1
uncommon	1
unchanged	1
unbounded	1
unaware	1
unappreciated	1
unabashed	1
un	1
ultimate	1
ugly	1
ughennotti	1
type	1
twisted	1
twenty-three	1
turnout	1
turf	1
turbed	1
tune	1
tumultuously	1
tumble	1
tulle	1
tuld	1
tuft	1
tu	1
trusted	1
truly	1
truest	1
trovatore	1
troublesome	1
trooper	1
triumphantly	1
triton	1
trip	1
trimmed	1
trickery	1
trick	1
tremendously	1
tremble	1
treats	1
treasure	1
treading	1
tread	1
treachery	1
treacherous	1
tray	1
trash	1
transparent	1
translator	1
translations	1
transgressing	1
transformed	1
tranquillized	1
tranquillity	1
tranquil	1
traitor	1
traditions	1
town	1
towels	1
towel	1
touches	1
total	1
toque	1
tombstone	1
toilettes	1
toes	1
to^sit	1
tirade	1
tips	1
tinkle	1
timidity	1
timed	1
tight	1
tiful	1
tier	1
tied	1
tickets	1
ti	1
throughout	1
thrilling	1
thrilled	1
thrill	1
threats	1
threatened	1
thousands	1
thoughtlessness	1
thorn	1
thomine/	1
thomasine	1
thither	1
thirty-eight	1
thirteenth	1
thirsty	1
third	1
thereon	1
theories	1
thence	1
theirs	1
theatres	1
thaw	1
thabor	1
tete-a-tete	1
tested	1
terrifies	1
termination	1
terminate	1
tenderness	1
tended	1
tenacity	1
tempting	1
tempted	1
temptations	1
temptation	1
temporarily	1
tells	1
tedium	1
teachers	1
tavern	1
tatter	1
tasteless	1
tarnish	1
taps	1
tapped	1
tamberlick	1
talent	1
tained	1
tactics	1
tact	1
tacitly	1
tableau	1
t"you	1
systematic	1
system	1
syrup	1
sympathetically	1
sympathetic	1
symbolic	1
syllable	1
swore	1
swollen	1
swing	1
swiftly	1
sweetly	1
swearing	1
swan	1
swallowing	1
suspicious	1
suspense	1
survived	1
surrounds	1
surprising	1
surmounted	1
surly	1
suppressed	1
supposing	1
supported	1
supply	1
suppers	1
supervision	1
superiors	1
superior	1
superintend	1
supercilious	1
sung	1
sunday	1
summon	1
summer	1
sullen	1
sulkiness	1
suited	1
suitable	1
suggestive	1
suffers	1
suffer	1
successful	1
succeeding	1
substituted	1
substance	1
subscribers	1
subjected	1
suavity	1
suavely	1
styles	1
stupefaction	1
stumbled	1
studying	1
study	1
structure	1
stroke	1
strode	1
striped	1
string	1
strikes	1
striding	1
strides	1
strictly	1
stretch	1
streak	1
strangers	1
stranger	1
strait	1
straight	1
stowed	1
stooped	1
stony	1
stomachs	1
stockings	1
stocking	1
stigmatise	1
stifling	1
stifled	1
stiffness	1
stiffly	1
stiff	1
stick	1
sternly	1
stern	1
steep	1
steeds	1
steam	1
stealthily	1
steady	1
stayed	1
statue	1
statements	1
starving	1
starts	1
starch	1
stands	1
standard	1
stamped	1
staggered	1
stable	1
st	1
squeezed	1
square	1
squandered	1
spur	1
spun	1
spray	1
sprained	1
spoonful	1
spoon	1
spontaneous	1
spongeful	1
splendour	1
splashed	1
spirited	1
spheres	1
spendthrift	1
spends	1
spending	1
speedily	1
speech	1
speculators	1
speculations	1
specimens	1
specimen	1
speaks	1
spattered	1
spasmodic	1
sparrows	1
sparkle	1
spanish	1
space	1
sowing	1
source	1
souls	1
sought	1
soufflet	1
sore	1
sorbonne	1
soothing	1
soothe	1
sons	1
songs	1
son	1
somnambulism	1
somewhere	1
sombre	1
solution	1
solid	1
solicitude	1
solemn	1
soled	1
sold	1
sojourn	1
soften	1
sobs	1
sobbed	1
sob	1
snubbed	1
snows	1
snowdrops	1
snorting	1
sniffed	1
sniff	1
sneered	1
snatch	1
snares	1
snare	1
smutch	1
smouldered	1
smoothing	1
smoothed	1
smoking	1
smoked	1
smirched	1
smelling	1
smaller	1
slyly	1
slipping	1
slippers	1
slip	1
slightest	1
slices	1
slept	1
sleeves	1
sleepy	1
sleek	1
slavskys	1
slavery	1
slav	1
slapped	1
slap	1
slamming	1
skirt	1
sketched	1
sizes	1
size	1
sixty-six	1
sinner	1
sinking	1
sink	1
singers	1
singer	1
sincerest	1
sincerely	1
simultaneously	1
silky	1
silken	1
signor	1
signify	1
signifies	1
significantly	1
significance	1
signer	1
signal	1
sighs	1
sides	1
si	1
shutting	1
shuddering	1
shrugging	1
shrinking	1
shrewd	1
shrank	1
shows	1
shouted	1
shout	1
shot	1
shortly	1
shorthand	1
shopping	1
shone	1
shocks	1
shocking	1
shock	1
shivered	1
shirt	1
shielded	1
shield	1
sheet	1
sheer	1
shearer	1
shaving	1
shattered	1
sharp	1
sharon	1
sharing	1
shared	1
shamefully	1
shameful	1
shaking	1
shadows	1
shadow	1
shade	1
shabby	1
sewing	1
sevres	1
severity	1
seventy-five	1
seventh	1
settling	1
settles	1
serleux	1
serieux	1
serene	1
seraglio	1
ser	1
sepulchral	1
separate	1
senting	1
sentimentality	1
sentiment	1
sententiously	1
sententious	1
sentences	1
sensible	1
seltzer	1
seltz	1
sells	1
selling	1
self-defence	1
selection	1
seine	1
seeming	1
seemeth	1
seeking	1
seeds	1
sedative	1
security	1
securing	1
securi	1
securely	1
secure	1
secrets	1
secretly	1
seashore	1
seals	1
sea	1
scrupulous	1
scream	1
scratched	1
scrape	1
scrap	1
scorned	1
scorn	1
scolding	1
sciously	1
schoolboy	1
scenting	1
scarcely	1
scale	1
scaffold	1
savell	1
sav6li	1
sav6ii	1
sausage	1
saucer	1
satisfying	1
satirical	1
satier	1
sarcasms	1
santa	1
sanguine	1
sangfroid	1
sandwiches	1
sample	1
salver	1
salle	1
sales	1
salad	1
sake	1
sais	1
sail	1
said.barbe	1
sagely	1
sagaciously	1
sagacious	1
sadness	1
saddled	1
sadder	1
s	1
rust	1
russe	1
runiversite	1
ruminating	1
rubbing	1
rubber	1
rubbed	1
rsmisoff	1
routed	1
rouen	1
roth	1
roses	1
rope	1
rooui	1
roots	1
romp	1
romisoff	1
romeo	1
romanist	1
roll	1
rocky	1
rocks	1
robe	1
robbing	1
robbery	1
rob	1
roasted	1
roads	1
riz	1
rivoli	1
rivers	1
rival	1
risk	1
rises	1
rigorous	1
rightful	1
righteous	1
riddle	1
riches	1
ribbons	1
riage	1
rhone	1
rhinoceros	1
rfimisoff	1
revolted	1
reverse	1
reverie	1
retreated	1
retract	1
retied	1
results	1
restricted	1
restores	1
restful	1
rested	1
resource	1
resolved	1
resolution	1
resist	1
resinous	1
resigned	1
resides	1
resided	1
reset	1
reserved	1
resentment	1
resembles	1
rescued	1
rescue	1
reruisoff	1
rernisoff	1
rerni	1
reraisoff	1
requisite	1
requires	1
requested	1
request	1
reputation	1
reproved	1
reproachfully	1
repressed	1
reposing	1
replying	1
replaced	1
repentant	1
repentance	1
repeatj	1
repeater	1
repair	1
rent	1
renounced	1
renes	1
rendtred	1
removed	1
remote	1
remonstrance	1
remiss	1
remisofl7	1
remiso	1
reminds	1
remi	1
remarkably	1
remainder	1
reluctantly	1
religiously	1
relieving	1
relative	1
relate	1
rejoiced	1
rejecting	1
rejected	1
reigned	1
regularly	1
regretting	1
regretted	1
regretfully	1
regiment	1
regime	1
regarding	1
regaining	1
refrigerator	1
refreshments	1
refresh	1
refrain	1
refractory	1
reflections	1
reentered	1
redeeming	1
redeem	1
recounting	1
recounted	1
record	1
recommended	1
recommenced	1
recollection	1
recognising	1
recognised	1
reclaim	1
recital	1
recipient	1
recent	1
receipts	1
recede	1
rebuild	1
rebuff	1
rebelled	1
reassuring	1
reassured	1
reasoning	1
reasonable	1
rear	1
reappearing	1
reading	1
readily	1
reader	1
rcdiero	1
ray	1
raving	1
ratify	1
rates	1
raspberry	1
rapidity	1
ramrod	1
rains	1
raining	1
raillery	1
railing	1
rail	1
raiiero	1
radish	1
race	1
raadame	1
ra	1
r\'f}ne4.an'l	1
r<3misoff	1
r6ruisoff	1
r6rnisoff	1
r6rni	1
r6niisoff	1
r6misoft	1
r6misofi0	1
r&le	1
r	1
quixote	1
quinze	1
quicker	1
quickened	1
questioner	1
questionable	1
quench	1
queens	1
quarrelling	1
puzzled	1
push	1
pursuit	1
purity	1
purified	1
purely	1
punctuality	1
punctual	1
punctilious	1
pun	1
puffed	1
published	1
publicly	1
publicity	1
prudently	1
prude	1
proves	1
proverb	1
proudly	1
protesting	1
protested	1
protected	1
prospects	1
prospective	1
proprietor	1
proprieties	1
proposes	1
prophetic	1
propagation	1
prone	1
promotion	1
promoter	1
prolonged	1
projects	1
progress	1
programme	1
profouud	1
profits	1
profile	1
professorship	1
professor	1
profession	1
profane	1
problems	1
problematical	1
probity	1
probability	1
prize	1
private	1
prisoner	1
printed	1
principled	1
principle	1
principal	1
princess	1
primaeval	1
prima	1
priest	1
prided	1
pricked	1
priceless	1
prettiness	1
pretensions	1
pretendants	1
pretences	1
pretence	1
press	1
preserving	1
preserve	1
presentiment	1
presentation	1
pres	1
prerogative	1
preparing	1
prepare	1
preparation	1
premium	1
preference	1
predilection	1
predictions	1
predict	1
preconceived	1
precise	1
precipitate	1
preceded	1
precautions	1
pre	1
prayer	1
praising	1
praiseworthy	1
praises	1
practice	1
practicalities	1
powers	1
powerful	1
pour	1
pounds	1
pounce	1
poudre	1
pots	1
pot	1
postponed	1
postpone	1
postoffice	1
postmarked	1
postage	1
possibility	1
possessor	1
possess	1
portrait	1
portieres	1
portfolio	1
porter	1
populate	1
poppy	1
poorly	1
poorest	1
poorer	1
pomps	1
politely	1
polished	1
police	1
poles	1
pole	1
poisons	1
pointed	1
poets	1
plunge	1
pledged	1
plebeian	1
pleases	1
pleasantry	1
plead	1
players	1
planted	1
plank	1
plaintive	1
plain	1
plague	1
pityingly	1
pitying	1
pitr	1
piqued	1
pillows	1
piguotti	1
picturesque	1
picking	1
piano	1
physical	1
phraseology	1
philosophically	1
philadelphia	1
phantasmagoria	1
petty	1
peterson	1
petersburg	1
peters	1
perverting	1
pervert	1
perusal	1
perturbed	1
pertinacity	1
persuaded	1
personification	1
personages	1
persisted	1
persecutor	1
period	1
perils	1
peril	1
performed	1
performances	1
perform	1
perdition	1
perceptions	1
perceptibly	1
perceived	1
peppered	1
penetrated	1
pencil	1
penalty	1
pedantic	1
pecuniary	1
peccadilloes	1
peasants	1
peal	1
peacemaker	1
peacefully	1
peaceful	1
pea	1
pclles	1
payments	1
pawn	1
pavement	1
paused	1
pause	1
patting	1
patti	1
pattern	1
patted	1
patronisingly	1
patronising	1
patronise	1
patronesses	1
patience	1
patents	1
passionately	1
passers	1
passage	1
passably	1
passable	1
parture	1
partner	1
parties	1
particle	1
partially	1
paroxysm	1
parodying	1
parlour	1
parisian	1
parents	1
pardons	1
pardoned	1
parcel	1
paraphernalia	1
paradise	1
parade	1
panting	1
pansy	1
panes	1
paint	1
painfully	1
painful	1
paille	1
pace	1
owners	1
owl	1
owing	1
owes	1
overwhelming	1
overtook	1
overtake	1
overjoyed	1
overflowed	1
outright	1
outrageous	1
outer	1
ously	1
ours	1
oue	1
oucliy	1
othello	1
orphan	1
ornamented	1
originality	1
oriental	1
orders	1
oratorical	1
oracularly	1
opposed	1
opportunity	1
opportunities	1
opinions	1
opinionated	1
operation	1
operandi	1
openmouthed	1
openly	1
op	1
oote	1
oneself	1
one!"said	1
omnibus	1
omelette	1
oldest	1
ofta	1
offers	1
offender	1
offend	1
offence	1
odious	1
oddly	1
odd	1
oceans	1
occurrences	1
occurrence	1
occurred	1
occupations	1
occasions	1
obtaining	1
obstinately	1
obstinate	1
observing	1
observe	1
observation	1
obliging	1
objections	1
objectionable	1
objecting	1
obese	1
obedience	1
oasis	1
oak	1
nurses	1
nursery	1
numbering	1
nowhere	1
nowadays	1
november	1
novelty	1
nouvelle	1
notifying	1
notify	1
notebook	1
nostrils	1
north	1
noonday	1
nooks	1
nonce	1
noisily	1
noiselessly	1
noire	1
nodding	1
nobody	1
nines	1
nights	1
nibbled	1
newly	1
newfoundland	1
neutral	1
nervous	1
negotiation	1
negligent	1
neglecting	1
neglect	1
needlework	1
needless	1
needle	1
necks	1
neapolitan	1
nay	1
natures	1
natured	1
natives	1
nations	1
nation	1
nastily	1
narrower	1
napoleon	1
napkin	1
named	1
nabob	1
n	1
mystified	1
mysteries	1
muwtriui	1
mutually	1
mutual	1
mute	1
musical	1
murder	1
mummy	1
muddy	1
mouthfuls	1
mournful	1
mounting	1
moulin	1
motionless	1
motherly	1
mostly	1
morose	1
morof	1
morocco	1
morn	1
morals	1
morality	1
moonlight	1
monument	1
mont	1
monster	1
monotonous	1
monopolised	1
monday	1
momeut	1
momentarily	1
modus	1
modifies	1
model	1
mocked	1
mistakes	1
missive	1
missing	1
misplaced	1
miserably	1
misconstructions	1
mis	1
mirrors	1
miraculously	1
miracle	1
minute	1
minister	1
mingled	1
minette	1
minds	1
mincing	1
mimesi	1
millions	1
milliners	1
milkmaids	1
milk	1
miles	1
mile	1
mild	1
milaredsk6vitch	1
midst	1
midnight	1
middle	1
methodically	1
method	1
mes	1
merciless	1
mercifully	1
mercies	1
mental	1
menial	1
mend	1
menaces	1
memorandum	1
melting	1
melted	1
melodramatic	1
melan	1
meets	1
medusa	1
meditatively	1
meditation	1
meddling	1
measures	1
meaningly	1
meals	1
meagre	1
maurvau*	1
maureze	1
matutinal	1
mattered	1
matrimony	1
matrimonial	1
mathilde	1
mathematics	1
materially	1
match	1
mask	1
maschero	1
marvellously	1
marseilles	1
marries	1
market	1
mario	1
marier	1
mari^vitch	1
marble	1
mar	1
manufacturer	1
manufacture	1
mantel	1
mans	1
manoeuvrer	1
mannered	1
manly	1
manliness	1
manifold	1
manifested	1
management	1
maledictions	1
male	1
majestically	1
maintained	1
main	1
magnificently	1
magnetism	1
madiime	1
madam	1
macbeth	1
ma	1
m'est	1
lynx	1
luxuriant	1
luxembourg	1
luterlachen	1
lunatic	1
lucrative	1
lucid	1
lucia	1
loyalty	1
lowering	1
lowered	1
loving	1
lovableness	1
lounged	1
lottery	1
losses	1
lophophorcs	1
loosened	1
loose	1
loitered	1
loiter	1
loins	1
loge	1
log	1
lofty	1
locomotives	1
locomotive	1
locksmith	1
locality	1
loathsome	1
loath	1
loans	1
livery	1
lithuania	1
literature	1
lists	1
listening	1
lisbonne	1
liquid	1
lip	1
lion	1
linger	1
lines	1
linen	1
limpid	1
limp	1
lily	1
lilt	1
lilac	1
liis	1
lighting	1
lighthearted	1
lift	1
lies	1
lied	1
lids	1
liatier	1
liason	1
lias	1
liar	1
lesson	1
lengthened	1
length	1
lending	1
leisure	1
legs	1
lecturing	1
learning	1
leaner	1
lean	1
leader	1
le	1
laws	1
lawful	1
lavished	1
lavish	1
laundresses	1
launched	1
laughter	1
lashes	1
lapping	1
lanterns	1
languid	1
landlord	1
lances	1
lamps	1
lamentable	1
lakes	1
laisser	1
laferriere	1
ladylove	1
ladder	1
laconically	1
lack	1
lace	1
labours	1
laboured	1
laborious	1
l'universit6	1
kreuznach	1
knots	1
knocking	1
knock	1
kiquet	1
kinds	1
kindest	1
kicked	1
kespect	1
kerf	1
keeps	1
jumping	1
jump	1
judging	1
judgement	1
judged	1
journal	1
joseph	1
joking	1
joining	1
joie	1
jo	1
jliss	1
jingle	1
ji	1
jewellers	1
jeweller	1
jeu	1
jests	1
jesting	1
jerking	1
jealous	1
jar	1
japanese	1
jacket	1
j	1
iuduce	1
iu^^	1
items	1
issued	1
isr	1
isola	1
ischia	1
irrevocable	1
irreverently	1
irreverence	1
irreparable	1
irremediable	1
irregular	1
irony	1
irly	1
irishwoman	1
involved	1
invoking	1
investigation	1
invest	1
invented	1
invariable	1
invaluable	1
intruding	1
introduced	1
intrigue	1
intimidated	1
intimate	1
interviews	1
interviewed	1
intervals	1
interruptions	1
interrupting	1
interpretation	1
interfering	1
interfered	1
interested	1
intercourse	1
interchanged	1
interchange	1
intentioned	1
intentionally	1
intends	1
intendant	1
integrity	1
insults	1
insulting	1
insufferable	1
instruments	1
instructions	1
instinctively	1
instantaneous	1
installed	1
installation	1
instal	1
inspection	1
inspected	1
insolently	1
insolence	1
insinuating	1
insignificant	1
inside	1
inserted	1
inscrutable	1
inscribed	1
insanity	1
inquiringly	1
inquired	1
inquire	1
innocently	1
inlaw	1
injury	1
inimical	1
inherited	1
inhaled	1
inhabited	1
ingratitude	1
ingenuous	1
ingenuity	1
inform	1
influential	1
inflicted	1
inflict	1
inflexible	1
inflamed	1
inferno	1
infer	1
infamy	1
infamies	1
inexperienced	1
inexpensive	1
inexcusable	1
industry	1
indulging	1
indulgent	1
indulged	1
inducing	1
individuality	1
individualitv	1
indispensable	1
indiscretion	1
indiscreet	1
indirectly	1
indignant	1
indigestion	1
indifferently	1
indicative	1
indefinite	1
indecision	1
indecency	1
indebtedness	1
incumbent	1
increased	1
incorrigible	1
incontestable	1
inconsolable	1
incompatible	1
incomparable	1
incognito	1
including	1
inclined	1
incensed	1
incarnation	1
incapable	1
inaudibly	1
inarticulate	1
inadame	1
inability	1
impure	1
impulsively	1
impudent	1
improved	1
improve	1
imprisonment	1
impressive	1
impotent	1
impossibility	1
imploring	1
implores	1
implies	1
implanted	1
imperturbable	1
impertinence	1
imperiously	1
imperfect	1
imperceptible	1
imperative	1
impenetrable	1
impartial	1
imparted	1
immovable	1
immensely	1
immense	1
imitation	1
imbecility	1
imagined	1
imaginative	1
imaginary	1
illusions	1
illusion	1
ilfaut	1
iguominiously	1
ignorance	1
ignominious	1
idle	1
idiomatic	1
ibowandt	1
i>ang1iter	1
hypocrite	1
hustled	1
husbands	1
hurt	1
hurriedly	1
huntsman	1
hunting	1
hunted	1
hunger	1
hundreds	1
humming	1
humility	1
humiliations	1
humiliate	1
huguenots	1
htnry	1
howled	1
houses	1
housekeeping	1
household	1
hotbed	1
hospitality	1
horribly	1
horrible	1
horizon	1
hoping	1
hopes	1
honours	1
honore	1
honor6	1
homoeopathic	1
homeward	1
homerian	1
hombourg	1
hole	1
hobbyhorse	1
hobbled	1
hoard	1
hive	1
hitherto	1
history	1
him!"and	1
hill	1
hidden	1
hesitate	1
heroine	1
hernani	1
heralded	1
helplessly	1
helpless	1
helping	1
helped	1
heels	1
heel	1
heeding	1
heeded	1
heat	1
heartlessness	1
heartfelt	1
heartbreaking	1
heartache	1
healthy	1
headstrong	1
heads	1
headlong	1
haven't	1
hauschen	1
haunt	1
haughtiness	1
hats	1
hates	1
hated	1
hasty	1
hastening	1
harsh	1
harpists	1
harmony	1
harmonious	1
harmless	1
hark	1
hardhearted	1
harder	1
hardened	1
harboured	1
harbinger	1
harassed	1
harass	1
happily	1
hang	1
handsomest	1
handsomer	1
handled	1
handful	1
hammer	1
hall	1
hailed	1
habits	1
h&tel	1
gutter	1
guinguette	1
guillaume	1
guess	1
guarded	1
gréville	1
grtvilu	1
growl	1
group	1
grossly	1
groomsmen	1
grocer	1
groaned	1
grinding	1
grimly	1
grieved	1
grief	1
grfoille	1
grevillo	1
greeting	1
greeted	1
greedy	1
greater	1
grcvtile	1
gratified	1
gratification	1
grasp	1
grant	1
grande	1
grain	1
governments	1
governed	1
gotten	1
gothard	1
gorgeousness	1
gorgeous	1
goodly	1
goodhearted	1
good-natured	1
good-humour	1
goings	1
gobelin	1
goaded	1
gloved	1
glove	1
gloomily	1
glitter	1
gli	1
glared	1
glare	1
glancing	1
girded	1
girardon	1
ghastly	1
germains	1
germain	1
gentleness	1
generous	1
gazelle	1
gaze	1
gavarni	1
gathering	1
gates	1
gate	1
gasping	1
gasped	1
gasp	1
garnet	1
garments	1
gardens	1
gamblers	1
gallantly	1
gained	1
gaieties	1
gae'ten	1
f§tes	1
furnishing	1
furnishes	1
furnisher	1
furnish	1
funny	1
fun	1
fumbling	1
fuller	1
fugitives	1
frogs	1
frivolity	1
fringe	1
frightens	1
frequent	1
freaks	1
frail	1
fragrant	1
fraction	1
fox	1
fourth	1
fountain	1
forza	1
fortyfive	1
fortuue	1
fort	1
formerly	1
forlorn	1
forks	1
fork	1
forgiveness	1
forewarned	1
forevermore	1
forests	1
foreigner	1
foreign	1
forefathers	1
fore	1
forced	1
force	1
forbidding	1
forbid	1
footstool	1
footing	1
fools	1
follows	1
follies	1
folk	1
foliage	1
fog	1
foe	1
fodder	1
foam	1
fly	1
fluttering	1
flutelike	1
flown	1
flowing	1
flower	1
flourished	1
flood	1
flitting	1
flights	1
flight	1
flickering	1
flew	1
fleetness	1
fleece	1
flecked	1
flayed	1
flavour	1
flashing	1
flashes	1
flashed	1
flamed	1
flame	1
fix	1
fitting	1
fist	1
fished	1
finishing	1
fille	1
figured	1
fighting	1
fifty-five	1
fiery	1
fictitious	1
fiancgs	1
fiances	1
fiancee	1
ff	1
feyaud	1
feverish	1
fevaud	1
fetes	1
fertile	1
ferauds	1
female	1
fellow-creatures	1
fellow-creature	1
feline	1
feigned	1
feed	1
fee	1
feature	1
fears	1
fe"raud	1
favourite	1
favourably	1
favourable	1
fauteuils	1
fauteuil	1
faut	1
faultless	1
faubourg	1
fattening	1
fatigue	1
fastening	1
fast	1
fashionable	1
fare	1
familiarly	1
faithless	1
faithfully	1
fairest	1
fails	1
faille	1
failing	1
failed	1
fading	1
fade	1
faculties	1
facility	1
fabulous	1
f	1
eying	1
eyeglass	1
extremity	1
extravagances	1
extraordinarily	1
extracted	1
extract	1
extra	1
extinguishing	1
extend	1
exquisitely	1
expressly	1
expressive	1
expressing	1
exposition	1
exposed	1
expose	1
explore	1
explained	1
expend	1
expelled	1
expedition	1
expedients	1
expedient	1
expects	1
expectations	1
expectation	1
exists	1
exist	1
exigencies	1
exhilarated	1
exhibited	1
exertions	1
exert	1
exercising	1
exercises	1
exercise	1
execute	1
excuses	1
excused	1
exclusiveness	1
exciting	1
excites	1
excited	1
exchanged	1
exchange	1
excess	1
exceeding	1
exc(xrli	1
exasperated	1
exaggeration	1
exacting	1
exacted	1
exact	1
evoh6	1
eveuts	1
everlasting	1
eventful	1
eve	1
evasively	1
eulogium	1
eugfene	1
eternally	1
et	1
estimated	1
estimate	1
esprit	1
espouses	1
espouse	1
escritoire	1
escorting	1
escaping	1
escapes	1
escapade	1
eruption	1
erect	1
equivocal	1
equipages	1
equipage	1
epithets	1
episode	1
enveloped	1
enumeration	1
entrusted	1
entrez	1
entrenched	1
entrees	1
entreaty	1
entreated	1
entreat	1
entranced	1
entrance	1
entr'acte	1
enthusiasts	1
enthusiastically	1
enthusiasm	1
entertain	1
enters	1
entailed	1
ensure	1
enraged	1
enjoys	1
enjoyable	1
enjoined	1
englishman	1
engage	1
energetically	1
energetic	1
enemy	1
enemies	1
endured	1
endowed	1
ended	1
endeavoured	1
endeavour	1
encumbered	1
encouragingly	1
encouraging	1
encountered	1
enchanting	1
ence	1
enable	1
en	1
empressement	1
employment	1
employes	1
employers	1
emotions	1
emergencies	1
embroidery	1
embroidered	1
embonpoint	1
emboldened	1
embarked	1
email	1
emaciation	1
elys6e	1
elope	1
eligible	1
elevating	1
element	1
elegant	1
electric	1
elbows	1
elbowing	1
elated	1
elapsed	1
eighty-four	1
eighteen	1
eighed	1
effrontery	1
efforts	1
effects	1
een	1
eee	1
editor	1
edifice	1
edge	1
ecrevisses	1
economy	1
economising	1
eccentric	1
eau	1
eatable	1
easter	1
easier	1
easels	1
earnestness	1
earned	1
eager	1
dying	1
dyes	1
dwell	1
dummy	1
drunk	1
drowned	1
dropsical	1
dropping	1
driving	1
drivers	1
dripping	1
drinks	1
dressmakers	1
dressing-room	1
dresses	1
dreary	1
drearily	1
dreads	1
dreaded	1
dread	1
drawled	1
drawing-room	1
drawers	1
draw	1
draperies	1
draped	1
drama	1
dragged	1
dozens	1
downcast	1
dove	1
doubtless	1
doubtfully	1
doubled	1
dotted	1
dots	1
doses	1
donning	1
donna	1
don	1
domesticity	1
doleful	1
doit	1
dogs	1
doggedly	1
docile	1
divulged	1
division	1
divine	1
divided	1
diverse	1
disturbing	1
distrust	1
distributed	1
distinguish	1
distinction	1
dissipate	1
disrespectfully	1
disrespect	1
disregarded	1
disregard	1
disposition	1
disposal	1
disorganised	1
disorder	1
dismiss	1
dismay	1
disliked	1
disinterested	1
dish	1
disgusted	1
disgrace	1
discreet	1
discovers	1
discourtesy	1
discontentedly	1
disconcerted	1
discomposure	1
discomfort	1
discomfiture	1
disclosure	1
discharging	1
discarded	1
disasters	1
disapprove	1
disappointment	1
disappear	1
directions	1
direct	1
dipped	1
dimpled	1
diminishing	1
diligence	1
dilated	1
dijon	1
differs	1
differently	1
differences	1
dictatorial	1
dictate	1
di	1
dewy	1
devoured	1
devotee	1
devotedly	1
developments	1
detest	1
deterred	1
detain	1
destroying	1
destinies	1
destined	1
dessert	1
despised	1
desperate	1
desolate	1
desks	1
desires	1
designated	1
deserving	1
deserves	1
deserved	1
describing	1
descend	1
deprive	1
deprivation	1
depression	1
depressing	1
depressed	1
deplore	1
deplorable	1
depicted	1
dependent	1
depended	1
denying	1
denoument	1
demoralised	1
demon	1
democratic	1
demands	1
deluge	1
delivered	1
deliverance	1
deliracy	1
deliciously	1
deliberating	1
deliberate	1
deigned	1
degradation	1
define	1
deficit	1
deficient	1
deferential	1
defensive	1
defects	1
defeat	1
deer	1
deduct	1
decorum	1
declares	1
decisive	1
deciding	1
decidedly	1
deception	1
decently	1
debauched	1
death	1
dearest	1
deals	1
dazzling	1
dazzled	1
dazzle	1
daylight	1
daybreak	1
davenport	1
daughterhenry	1
dash	1
darning	1
dares	1
dancers	1
dampness	1
damp	1
d'ltalie	1
d'llau	1
d'haupellcs	1
d	1
cypher	1
cutlet	1
cuticle	1
curious	1
cure	1
curative	1
cunning	1
culprit	1
culpable	1
cuffs	1
cudgelling	1
cub	1
csesar	1
crushing	1
cruelly	1
crowns	1
crown	1
crowds	1
crow	1
crossly	1
crosses	1
cross	1
crockery	1
crimson	1
crimped	1
crimp	1
crime	1
cricket	1
crept	1
creditors	1
creating	1
creamy	1
crash	1
cramped	1
cramp	1
crackling	1
cracked	1
cowards	1
coward	1
coverlid	1
coverings	1
covering	1
cover	1
cousin	1
courtyard	1
courtly	1
courant	1
courageously	1
coup	1
counting	1
cough	1
cotton	1
coterie	1
cosmetics	1
corrupt	1
correspondent	1
corrects	1
cordiality	1
cordial	1
copyright	1
coolly	1
cooled	1
cool	1
cooking	1
convulsively	1
convictions	1
conviction	1
conventional	1
convenient	1
convenances	1
controlled	1
contrive	1
contradictory	1
contradiction	1
contradict	1
continuing	1
continues	1
contentment	1
contention	1
contemptuous	1
contemptu	1
contemptible	1
contemplatively	1
conte	1
containing	1
contained	1
contact	1
consulting	1
constructed	1
constituting	1
constituted	1
consternation	1
conspicuously	1
conspicuous	1
consoles	1
consoled	1
consists	1
considering	1
considered	1
considerations	1
considerate	1
consider	1
conservatoire	1
consented	1
conquering	1
connexion	1
confinement	1
confined	1
confiding	1
confident	1
confided	1
confidant	1
confession	1
conference	1
concocting	1
concession	1
concerns	1
concerning	1
conception	1
concentrated	1
concealed	1
comrade	1
comprehensive	1
compose	1
compliments	1
complimenting	1
complications	1
complicated	1
complaints	1
compelling	1
compel	1
compatible	1
compassionately	1
compartments	1
compared	1
commonplace	1
commit	1
commissioned	1
commercial	1
commendable	1
commencement	1
commenced	1
commanding	1
comings	1
comforted	1
comedy	1
combing	1
combat	1
columns	1
column	1
colours	1
colourless	1
colloquy	1
collect	1
collar	1
coldness	1
coincided	1
cognomen	1
coffin	1
cocks	1
coaxingly	1
coarse	1
coachmen	1
coaching	1
cn	1
clutching	1
clue	1
clothe	1
closes	1
cloak	1
clinking	1
climbing	1
climbed	1
climax	1
cleverer	1
clerk	1
clearness	1
clearer	1
cleaned	1
claws	1
civility	1
civil	1
cities	1
circumspection	1
circumlocution	1
circles	1
cigars	1
ciel	1
chuckling	1
chsre	1
chronicles	1
christofle	1
christmas	1
chose	1
choly	1
chimerical	1
childish	1
chiffons	1
chief	1
chiccory	1
chest	1
cherie	1
cheerily	1
cheerfully	1
cheerful	1
cheer	1
checking	1
cheaply	1
chateaubriand	1
chartreuse	1
charmingly	1
charm	1
charity	1
charger	1
characteristics	1
characteristic	1
chaperon	1
chapeau	1
changing	1
chances	1
chanced	1
champing	1
chamois	1
chambermaid	1
ch&teau	1
certainty	1
centred	1
centre	1
centime	1
celebrity	1
cavalcade	1
caution	1
catherines	1
category	1
catching	1
catastrophe	1
cataracts	1
cash	1
cases	1
cascade	1
carts	1
carne	1
careless	1
capturing	1
captive	1
caps	1
capricious	1
capitalist	1
candles	1
candid	1
candelabras	1
candelabra	1
camp	1
calumniate	1
calmest	1
calling	1
calculations	1
calculation	1
calamity	1
cakes	1
cake	1
cajolery	1
caf	1
buts	1
butcher	1
bustling	1
busily	1
busiest	1
bus	1
bursting	1
burn	1
burial	1
bureau	1
burdens	1
bundles	1
bump	1
built	1
building	1
build	1
bug	1
budding	1
buckler	1
brutalised	1
brushes	1
brushed	1
brunoy	1
bruited	1
bruised	1
brows	1
brouillards	1
brouillard	1
brothers	1
brooks	1
broad	1
bristling	1
briskly	1
brilliancy	1
brightness	1
brightly	1
brighter	1
brightened	1
brigands	1
briefly	1
bridled	1
bribing	1
brewing	1
breeze	1
breeding	1
breed	1
breeches	1
breathing	1
breathe	1
breaks	1
breaking	1
bravely	1
brave	1
brass	1
braquenie	1
braids	1
boyish	1
boyhood	1
boxed	1
bourgeois	1
bound	1
bouffe	1
bottom	1
bottles	1
bordeaux	1
boon	1
bonnet	1
bonne	1
bonds	1
bonbons	1
bolt	1
boldly	1
boires	1
boats	1
boast	1
boards	1
blush	1
blows	1
blowing	1
blossoming	1
blossom	1
blinds	1
blindness	1
blighted	1
blessing	1
bless	1
blase	1
blanks	1
blanche	1
blamed	1
blade	1
bitterness	1
biting	1
bite	1
bisque	1
bismuth	1
biscuits	1
bis	1
bidding	1
bidden	1
bewitchingly	1
bewitched	1
betrothed	1
betrayed	1
betray	1
betimes	1
bethought	1
bete	1
betake	1
bestowed	1
bestow	1
berne	1
berlins	1
berlin	1
ber	1
benefactor	1
benediction	1
belongs	1
belongings	1
belonging	1
belong	1
bells	1
belle	1
bella	1
believing	1
behaviour	1
behalf	1
begged	1
bee	1
bedroom	1
bedclothes	1
beautifully	1
beau	1
bears	1
beamingly	1
beaming	1
beam	1
beads	1
bavarian	1
bavaria	1
baubles	1
bathed	1
bassoon	1
basso	1
basked	1
barrier	1
barouche	1
baron	1
baritone	1
bargained	1
barcarole	1
bar	1
banting	1
banque	1
banns	1
banished	1
bangles	1
band	1
ballo	1
bald	1
balance	1
baggage	1
baden	1
backs	1
backed	1
bachelors	1
bachelor	1
bacchus	1
baccalaureat	1
b6rendief	1
b	1
axiom	1
awoke	1
awakening	1
awakened	1
await	1
avowal	1
avoided	1
avidity	1
average	1
avenue	1
avarice	1
avalanche	1
available	1
auy	1
auxiliary	1
aux	1
authority	1
authorises	1
authorised	1
authorise	1
austerlitz	1
austerity	1
august	1
aufond	1
audaciously	1
attributed	1
attraction	1
attracted	1
attire	1
attic	1
attentions	1
attending	1
attendant	1
attempted	1
attacks	1
attach	1
astute	1
astounding	1
astonishing	1
asthmatic	1
assures	1
assumes	1
assume	1
assorted	1
associations	1
associates	1
assiduity	1
assembly	1
assembles	1
assembled	1
assemble	1
assailed	1
ascertained	1
ascend	1
artists	1
artist	1
artful	1
arrive	1
arrested	1
arrears	1
arose	1
arnroth	1
aristocratic	1
arising	1
arid	1
aria	1
arguments	1
argued	1
aren't	1
architectural	1
arcade	1
arbiter	1
aquarium	1
aproposal	1
approved	1
approve	1
approbation	1
approach	1
appreciation	1
appreciated	1
applications	1
application	1
applause	1
appetites	1
appeased	1
appearing	1
appearances	1
apparition	1
appalling	1
appalled	1
apostrophized	1
apoplexy	1
apologised	1
apologise	1
apologies	1
apologetically	1
aplomb	1
aphorism	1
anywhere	1
antipathy	1
anti	1
antecedents	1
answering	1
anomaly	1
annihilates	1
ankle	1
animation	1
animals	1
animal	1
anguish	1
angered	1
angelic	1
andkatia	1
ancient	1
ancestors	1
amounted	1
amicable	1
american	1
ambitious	1
ambassadress	1
amateur	1
alternatives	1
alteration	1
altar	1
alps	1
allusions	1
allows	1
allowing	1
allowance	1
allied	1
aller	1
alleging	1
allege	1
alacrity	1
airs	1
aiming	1
aim	1
agreement	1
agreeably	1
agonies	1
afford	1
affirmed	1
affinities	1
affianced	1
affections	1
affectionate	1
affect	1
advisable	1
adventurers	1
advantages	1
advancing	1
adorers	1
adoremus	1
adorable	1
adopted	1
admiringly	1
admiring	1
admire	1
adjourned	1
adieu	1
adhere	1
adelina	1
addresses	1
additions	1
additional	1
addition	1
adaiirabty	1
acutely	1
acute	1
acts	1
actor	1
active	1
acquiring	1
acquiescent	1
acquainted	1
acknowledged	1
ached	1
acerbity	1
accustom	1
accused	1
accuse	1
accurately	1
accurate	1
accordingly	1
accorded	1
accomplishment	1
accomplishing	1
accomplished	1
accompaniment	1
accommodated	1
abyss	1
absurdly	1
absurdity	1
absinthe	1
abruptness	1
abrupt	1
abominably	1
abolished	1
ablutions	1
abandoning	1
a'eul	1
\t.'.nh?lafrd	1
?.	1
?"?	1
1'universite	1
..	1
.)	1
*'	1
)	1
(	1
'"'	1
'!"	1
