obscurity	1
stool	1
sank	3
gasped	5
asunder	1
mayor	1
stood	4
sort	1
sand	1
sang	2
existence	1
strange	6
galloping	1
garden	2
busied	1
hotel	3
begun	2
reaction	1
no	26
unassuming	1
but	41
behold	1
opalescence	1
assassination	2
exaggerated	1
renewed	1
added	2
giant	2
faintest	1
shall	1
multitude	1
restless	1
^vyill	1
descended	2
prepare	1
give	4
force	5
outcome	1
voices	1
renders	1
methodically	1
open	4
had	97
trembling	8
empurpled	2
vision	9
already	8
pier	3
restraint	1
windows	1
paintings	1
has	4
love	14
hat	4
re	1
song	1
showing	1
invisible	1
excitation	1
suffocate	1
sighed	1
accompanied	1
steps	5
outstretched	2
atrocious	1
popular	1
disconnected	1
us	8
up	18
obeyed	1
line	1
recall	1
ironically	1
tongues	1
entire	5
reality	2
practically	2
according	2
nose	1
use	1
landscape	1
deathly	1
suggested	4
knees	5
magnificent	1
remain	1
change	1
blond	1
forced	1
wood	1
clenching	2
dinner	3
drank	3
howling	1
demanded	5
white	5
yet	10
ask	3
sunshine	3
clasped	3
company	1
flashes	2
r.ptftj	1
pause	2
development	1
blown	1
vacant	1
brutally	1
flashed	2
city	3
note	1
grasps	1
fall	2
control	1
sweeps	1
violently	5
years	2
breaking	4
invincible	2
reproduction	1
peopled	1
sitting	2
can	8
posture	1
strangers	1
pencil	1
effort	3
sheet	1
legs	1
four	1
lines	1
dazzling	1
grip	2
kisses	2
simultaneously	2
duties	1
risen	1
armour	1
run	2
during	2
quivered	2
inadvertently	1
degree	1
laughter	3
issued	2
seating	1
eyes	29
breathing	1
tragic	1
lingeringly	1
each	3
tremor	1
symphony	1
brave	1
better	1
haggard	1
assure	1
stunned	2
secluded	1
home	1
lives	1
move	4
where	6
lolling	1
arrive	1
chieri	4
hands	29
depressing	1
thoughts	7
azaleas	1
flowed	1
alvise	1
stand	1
eleven	2
smiling	2
would	16
overwhelmed	1
dress	1
loathe	1
apart	2
torture	2
kiss	1
imagined	1
sir	3
left	6
murder	1
joyousness	1
gradually	2
torturing	1
jessamines	1
pass	2
lamps	4
recalled	1
room	13
deserted	2
rejoined	1
dominant	1
reached	2
lived	1
form	6
childhood	1
arabic2digit	23
woman	18
faces	2
paolo	1
every	17
chill	2
faith	1
fear	5
dipped	1
undaunted	1
details	2
prepared	2
dream	5
dismal	2
cries	1
phenomenon	1
coverlid	1
troubled	1
snatching	1
horizon	2
hugged	1
muscles	1
inspired	1
touching	1
cried	4
purplish	1
whole	8
fever	2
almost	13
sounded	2
nearer	3
hatred	1
press	2
means	2
closed	4
flung	9
writing	1
spasmodic	2
tenderly	1
silently	1
detail	2
ablaze	1
cowardly	1
frowning	1
never	11
spur	1
although	1
husband	3
surrounding	2
have	38
living	1
surrendered	1
red	3
candlestick	2
rumbling	1
could	34
fresh	1
bower	1
nightmares	2
whether	2
irresistible	1
went	5
justified	1
furious	1
planking	1
united	1
leave	3
praising	1
strained	2
carry	1
fascinated	1
more	17
fixed	4
waiter	10
access	4
want	1
drove	1
length	1
agitation	2
violence	3
confession	1
streets	2
duty	1
he	226
believe	3
face	20
passing	2
extinguished	1
make	6
camellias	1
i	104
weariness	1
jealousy	1
personalname	99
erect	1
restfulness	1
same	7
voice	6
sparks	1
distance	1
frightful	1
wrench	1
privilege	1
setting	1
accordingly	2
outpour	1
subtleties	1
supposing	2
knew	2
summoned	1
o'clock	1
tempest	3
mighty	1
flaminia	1
cadaverous	1
cloud	1
sting	1
world	3
managed	1
knee	1
handiwork	1
murmured	4
margin	1
wandered	1
sooner	4
hardly	1
towards	13
moment	10
seat	2
lungs	1
friend	3
wind	6
learn	1
carpets	1
account	1
fairly	2
dimly	1
stroke	1
offices	1
impulse	2
coat	2
dawned	1
hour	6
encircled	3
ardently	1
worked	1
ascending	1
repeated	3
bulwarks	1
incontrovertible	1
start	3
particulars	1
courage	4
dry	1
with	118
solely	1
whispering	1
foam	1
chatter	1
vulgar	1
did	10
porcelain	2
companion	1
visits	1
obstacle	1
fascination	1
exclaimed	6
freed	2
laughing	1
aroused	2
gave	2
thus	1
crime	1
pushed	2
spencerian	1
vaschiei	1
fragment	2
tenderness	1
throbbing	1
marvelling	1
cause	2
laid	1
sensations	1
possessed	1
keep	2
ray	2
mud	1
tips	1
richness	1
side	7
became	4
outburst	2
whom	1
sketches	2
brain	3
superior	1
suddenly	15
around	10
transgressed	1
conceive	2
faint	3
an	30
lighted	1
al	1
am	16
ah	2
neck	4
high	1
myself	4
only	16
tall	3
washed	1
torn	1
talk	1
said	11
at	63
as	59
reseda	1
materialism	3
slender	2
turn	3
key	1
enveloped	1
drew	5
sun	3
obedient	1
folds	1
take	5
slowly	1
obsession	2
entreated	1
letting	1
battle	1
overseen	1
materialist	1
blast	1
echo	2
understanding	1
upward	2
lips	10
other	6
filled	4
followed	7
their	12
before	16
swollen	2
repositories	1
gladdened	1
features	5
baroness	3
energy	1
upstairs	1
clothing	1
distinctness	1
girl	2
tormented	1
buried	1
doorway	1
started	2
group	1
her	66
unexpected	2
growing	1
serene	2
become	7
portraits	1
brought	2
sunk	1
vivid	4
longing	1
muffled	1
raising	1
sobbed	2
dolphins	1
weakness	2
placing	1
science	3
present	1
bed	15
outline	1
controlling	1
persisted	1
thing	9
whither	1
glutinous	1
think	7
go	10
successive	1
claim	1
laughed	1
word	2
beaten	1
answered	2
told	2
shape	1
shaken	1
sad	2
frightened	1
frequently	1
say	3
your	10
aside	4
impassively	1
answer	1
saw	8
uncertainly	2
companions	1
billows	1
pendent	2
studying	3
forget	3
late	1
peal	1
arrived	1
speech	1
divan	1
live	2
armchair	2
appropriate	1
floats	1
friends	1
discerned	1
its	12
was	101
complied	1
doors	1
hinges	1
ear	3
instinctive	2
goodness	1
baron	9
cowardice	1
who	13
even	15
rent	2
sufferings	1
going	6
eagerness	2
ever	3
drawing	2
tore	1
why	11
hounded	1
cease	1
defective	1
part	4
reversal	1
artist	2
contracted	2
adjusted	1
heaped	1
discover	1
occupied	1
edge	1
corpse	2
diverted	1
solemn	1
ideas	2
fading	1
yes	6
maternally	1
sob	1
admitted	1
held	2
sluggish	1
nature	4
opening	1
instant	4
found	10
eagerly	3
vigilant	1
onward	1
sense	7
help	5
impressed	2
denounce	1
tells	1
along	7
tremble	1
overlooked	1
extremity	1
know	16
ruined	1
tinkle	1
shrouded	1
blush	2
itself	5
lasted	1
caressing	1
something	3
grey	2
surf	2
sarcasm	1
vividness	1
weary	1
relapse	1
pains	1
paint	5
alight	1
crimson	1
one	21
blackened	1
repulsive	1
stealthily	1
small	2
size	1
a	200
soul	7
transferred	1
swept	1
outlines	1
moths	1
illusions	1
extensive	1
young	21
last	10
barely	1
outlined	1
joys	1
read	2
how	19
suit	1
treats	1
real	1
adjoining	1
window	7
afterglow	1
electric	1
paused	5
girlish	1
yourself	1
rustlings	1
temperament	2
loss	1
lay	9
attention	2
suggestion	2
shook	1
accent	1
awhirl	1
alarm	1
morning	5
extreme	2
nostrils	1
flickering	1
momentarily	1
assailed	3
horrible	4
slept	1
were	24
persuaded	1
suffering	2
despair	2
lock	1
countenance	1
voyage	1
assumed	2
del	1
justice	3
carriage	1
chair	4
magistrate	1
transmuted	1
anxiety	1
painting	5
resumed	6
porta	1
also	5
attentively	2
unknowable	1
toes	1
waves	4
reasonable	1
scant	1
orders	1
absorbed	3
grasped	2
sealed	1
creaking	1
any	3
seems	4
storm	2
repulsion	4
malignant	1
azure	1
back	10
rough	1
blew	1
it	97
intensity	2
made	13
is	39
forgotten	1
wooden	1
brood	2
hundred	1
lashed	2
else	3
dilated	1
closing	2
scene	8
aimlessly	1
fixity	1
gradations	1
in	125
dim	1
sleep	9
dispel	1
forehead	3
narrow	2
groaned	1
echoed	1
check	1
abundant	1
come	13
sockets	1
sorrow	1
ing	1
others	2
encircling	1
prudent	1
hovering	1
feeble	2
strong	4
north	1
dreadful	2
cost	1
been	20
walked	1
trembled	2
portiere	1
looking	1
proud	1
chatting	1
unsystematic	1
chalky	1
proceeded	1
wish	1
brush	3
supporting	2
impulsively	1
evidence	1
whose	8
impelled	1
wholly	3
into	17
door	16
few	11
treasured	1
urged	1
moving	1
cigars	1
distract	1
pictures	1
dwarf	1
violent	1
if	19
slumbering	1
turns	1
strokes	2
yellow	1
charm	1
pretence	1
omitting	1
tears	3
visible	1
silent	2
observed	1
crowded	2
stealthy	1
strewn	1
or	7
code	2
sneers	1
on	52
dangling	1
work	11
of	274
true	3
activity	1
darkness	9
single	2
away	13
occasion	1
agonised	2
money	2
pavement	1
looked	4
lingering	1
really	4
keyhole	1
sofa	7
didn't	3
pressing	1
veiled	1
blue	1
pungent	1
calmed	1
suffused	1
soft	1
strangling	1
try	2
and	218
shade	1
shortly	1
corner	5
truth	2
deck	3
devoted	1
utterly	4
convinced	1
band	2
inferno	2
stiffly	1
poured	1
tongue	2
intended	1
particularised	1
veins	1
don't	18
shattered	1
frequent	2
impetuous	1
caused	1
right	8
reason	2
artistic	4
shed	2
swear	2
hit	1
his	234
heavy	5
appear	1
above	5
trifled	1
clasp	1
inaction	1
tablets	1
ardour	2
wrapped	1
victor	1
clothes	2
winds	1
murmuring	2
livid	3
the	591
him	84
turning	1
bloodred	1
willingly	1
heaviest	1
which	33
times	5
amputated	1
too	2
off	5
many	3
plants	1
directly	1
west	1
losing	1
fade	1
callers	1
top	1
favour	1
apparently	1
m	14
dark	4
divorce	1
they	14
tables	1
while	4
restaurant	1
stopped	1
hushed	1
shadowy	1
sunday	1
flowers	4
shadows	5
endure	3
burning	3
earnestness	1
days	9
pictorial	1
them	18
then	36
instinctively	1
grows	1
gleaming	1
particles	1
fled	2
curtain	1
forward	1
flinging	2
changed	3
lit	2
indeed	1
soon	3
wearied	2
final	2
owning	1
acrid	1
shouted	1
admit	2
mourning	1
halting	1
air	3
accept	1
convulsively	1
promenade	1
minded	1
profoundly	1
close	5
belongings	1
aid	1
misfortune	1
certainty	1
delicate	1
dashed	1
acted	1
moist	1
feverish	1
except	1
tremendous	2
choicest	1
profound	3
devotion	1
feel	9
resting	4
alarmed	1
doze	1
strode	1
struggling	1
caresses	1
shrieks	1
testify	1
later	2
end	2
geranium	1
insistent	1
building	1
insult	1
cut	1
cleft	1
parents	1
point	2
paradise	2
recoiled	2
you	84
just	13
spying	1
condole	1
rising	6
romannumeral	5
morrows	1
hopeless	1
flames	2
foot	5
memory	6
hd^jfaajij	1
sufficed	1
speak	7
mine	3
mind	15
tragically	1
state	2
full	4
food	1
concrete	1
bitterly	1
can't	3
planning	1
questioning	1
wait	3
art	3
vileness	1
children	2
trouble	1
several	1
searched	1
thrill	1
daily	1
are	21
fallacy	1
social	1
mechanically	1
arm	8
pressed	5
through	16
resist	1
flash	3
straightway	1
jump	1
despise	1
theories	1
moaning	1
from	43
be	28
waist	1
innocent	4
first	10
realised	1
habit	1
easy	1
scrap	1
stricken	2
taking	1
desperation	2
relinquish	1
assassin	4
listened	1
candle	8
meanwhile	1
loved	4
possession	2
expiring	1
freedom	1
fathom	1
besides	1
hastily	1
politeness	1
ready	2
liberation	1
need	4
quiet	1
measureless	1
because	5
intelligent	1
shiver	1
cold	3
material	1
placed	1
put	5
blaze	1
self	1
perceive	1
gloomy	1
threatening	2
inexorably	1
focused	1
about	3
curving	1
cowering	2
shreds	1
between	6
slanting	1
not	38
now	18
memories	1
demonstration	1
out	29
giving	1
cattle	1
sat	1
such	9
tenderhearted	1
always	1
realise	1
conscious	1
propernoun	67
cannot	4
unable	3
flattering	1
sudden	3
limitations	1
strangled	4
place	2
rible	1
unforeseen	2
eloquent	1
lamp	1
stared	2
emphatically	1
spasmodically	1
fire	2
boxes	1
easel	2
life	14
suspicions	1
convince	1
diseased	1
r	1
upon	47
wretch	1
lands	1
source	1
pair	1
pain	1
creative	1
earth	1
paid	1
ideals	1
spiritualism	1
planned	1
beings	1
loathsomely	1
velour	1
wrist	1
crisis	3
manifestation	1
bolted	1
hothouse	1
evening	1
usurp	1
taken	1
doubt	2
seemed	24
breast	2
dared	2
wave	1
done	7
sullen	3
married	1
different	1
brandishing	2
gazing	2
covered	5
carpet	1
fitted	1
transformation	1
being	5
assertive	1
studied	3
investigate	1
anger	1
both	6
applied	1
handle	5
moments	6
wedding	1
studies	1
tremblingly	1
passionate	1
funereal	1
following	1
strength	2
working	1
opened	6
gesticulating	1
mouthed	1
wrists	1
pasteboard	1
groans	1
uttered	3
fitful	1
again	19
sunken	1
persons	1
accompany	1
death	7
schiei	1
returning	1
suppose	1
efforts	1
thunder	3
draught	1
visions	1
cover	2
creation	1
begged	1
should	7
mystery	1
lacked	1
occasions	1
there	22
shoulders	1
shudder	2
changing	1
colours	4
transformations	1
proofs	1
remembered	1
unequal	1
dragging	1
bad	1
bedroom	6
shut	2
sobs	2
languid	1
awaited	1
ponderous	1
our	7
disturbances	1
floor	6
evil	1
impetuously	3
review	1
tried	2
interrupt	1
fallen	1
flood	1
stricture	1
trying	1
to	232
superhuman	1
arranged	1
waited	1
perspiration	1
j	1
lower	3
serious	1
unerringly	1
old	5
quiver	1
tomorrow	1
piles	1
sign	2
wanted	1
past	4
heard	4
lacks	1
spurred	3
thumb	2
women	2
mysterious	3
shots	1
certain	2
hasty	1
heart	9
stretching	3
athwart	1
consciousness	2
burial	1
unfamiliar	1
eager	2
voluntarily	1
base	1
materially	1
placename	3
owing	1
bright	1
another	3
photograph	1
roused	1
franc	1
weight	1
vague	1
youth	1
abandoned	1
than	11
conviction	1
well	6
upper	2
motionless	4
driven	1
button	1
person	2
hurling	1
that	153
together	2
intervals	1
gone	6
bench	3
wall	1
showering	1
tempestuous	2
scared	1
conversation	1
diagonally	2
carnal	1
ajar	1
listening	2
indian	1
request	1
you're	1
tortured	3
dawn	2
slightly	1
surgical	1
graceful	1
occurred	1
themselves	2
still	16
simply	1
vicious	1
mental	1
desire	1
badly	1
simple	1
stretched	1
attacked	1
pile	1
nothing	5
deeply	1
terrible	3
screamed	1
lying	4
whispered	1
relief	2
waters	1
guidance	1
rearranging	1
tender	3
swelled	1
against	14
she	36
terribly	1
due	1
defence	2
great	4
chattering	1
springs	1
muttering	1
blackness	2
over	15
blamelessness	1
gather	1
urge	1
club	1
good	2
artists	1
ruddy	1
coffin	1
excitement	3
sending	1
booming	1
coming	1
overcomes	1
human	2
often	1
faintly	1
congested	1
handfuls	1
stammered	1
wasted	1
jet	1
someone	2
sistine	1
needed	1
dressed	3
observing	1
saltwater	1
since	7
wrap	1
street	3
oiled	1
exhausted	3
momentary	1
unmistakable	1
school	1
when	35
completely	1
progressive	1
extraordinary	2
taste	1
guests	1
happened	1
draw	1
melancholy	1
beautiful	3
fearful	1
amid	1
congealed	1
hatchways	1
questioned	5
lights	1
boy	2
longer	4
menacing	1
respectably	1
bow	1
continued	9
nerveless	2
eyeballs	1
cramping	1
desperate	1
shaking	5
entrance	1
shows	1
question	3
kitchen	1
tones	4
forcing	1
so	29
vice	1
floating	2
phantoms	1
having	3
disordered	1
landscapes	2
absence	1
nervously	1
ethical	1
number	2
pale	5
mantle	2
conception	1
dread	1
clock	1
concentrated	1
god	7
authorities	1
hurts	1
volunteered	1
space	1
agitated	1
ethics	1
staring	6
distant	3
very	11
piercing	1
unused	1
joy	3
fainted	1
meet	1
portrait	1
feelings	2
labour	1
disobedient	1
shuddering	2
seated	2
tell	11
might	5
rigorous	1
moved	3
set	5
standing	1
feeling	1
objective	1
throat	8
fibre	2
gentle	1
bathing	2
gently	1
see	21
ushered	1
large	1
await	1
sea	14
medium	1
forms	3
intimate	1
characters	2
temples	2
enormous	1
murdered	1
aloud	2
behind	2
unaccustomed	1
principal	1
snatches	1
bureau	2
increasing	1
glorious	1
perceived	1
rendering	1
augmented	2
model	1
yours	3
colour	5
triumph	1
crossed	2
received	2
glimmer	1
bristled	1
ears	2
preparatory	1
branched	1
consternation	1
quite	3
experiment	1
revive	1
hair	6
fair	1
talking	1
suffocation	1
satisfactorily	1
innumerable	1
night	18
marriage	1
arteries	1
consumed	1
notwithstanding	1
freely	1
tower	1
function	1
dear	3
halfway	1
burned	1
clasping	2
prostration	1
hem	1
dead	2
some	5
removed	2
phenomena	1
call	2
helpless	1
began	2
written	3
low	1
impatiently	1
beside	4
bewildered	2
position	2
inexperienced	1
stammering	1
short	3
palpable	2
action	1
everyone	3
dripping	1
convulsive	2
movement	6
servant	11
ashy	1
running	1
thirty	1
defensively	1
sounds	2
hopes	2
formalities	2
bursts	1
gasp	1
comes	1
bathed	1
mere	2
sought	1
ringed	1
hoped	2
mass	1
figures	2
approached	2
temporary	1
contrary	2
gives	1
september	1
committed	1
gladness	1
chance	1
hand	17
recognise	1
personally	1
friction	1
took	6
burden	1
for	48
darker	1
tranquillised	1
seen	4
asleep	2
amazement	1
greatest	2
feet	4
listen	3
softly	2
vividly	1
destroyed	2
return	1
must	12
lightheartedness	1
picture	8
related	1
skin	1
sobbing	1
gathering	1
alone	7
hung	1
locks	1
somewhere	1
distorted	1
existences	1
gaze	2
peace	2
wake	1
freak	1
seeking	3
temptation	1
prolonged	3
kindly	1
able	1
equal	1
all	31
kill	4
everything	8
volume	1
dreamed	2
teeth	3
ghastly	3
veranda	1
wide	6
complex	3
produces	1
stride	1
sight	4
tne	1
sombre	3
founded	1
produced	1
paroxysm	3
second	2
time	16
hiding	1
dreams	1
hall	2
pursuit	1
half	5
boyhood	1
hideous	1
far	8
history	1
pallid	1
dull	3
stairs	5
relaxed	1
those	12
figure	1
little	22
ascended	2
words	11
confess	1
cosmos	1
dusky	2
inaudible	1
enormity	1
surface	1
transfigured	1
steadily	3
sigh	1
sides	1
way	6
stifled	2
kindhearted	1
fingers	7
ails	3
parapet	1
corridor	2
down	8
example	1
kind	2
occurrence	1
horses	1
among	3
magic	1
broke	2
table	1
came	9
depths	3
germinate	1
grow	1
below	3
grasp	2
light	11
burst	2
wherever	2
wrath	1
rooms	1
surely	1
terrified	1
nearest	2
touch	2
positivism	2
trance	1
contraction	1
hers	1
idiotic	1
miserably	1
creaked	1
least	2
buttonhole	2
herd	2
here	6
glanced	1
parlour	3
terror	5
broken	1
afraid	1
cardboard	1
finished	3
two	5
mortally	1
though	22
regarded	1
proof	1
cast	3
hypotheses	1
chills	1
drawn	2
fantastic	1
silence	10
mist	1
these	9
crept	1
overwhelming	1
disguised	1
thuds	1
suspicion	1
man	42
hor	1
lowing	1
mad	8
smiled	1
dazed	1
notes	1
twisting	1
may	3
inevitably	1
wound	1
discern	2
pure	1
noted	1
elbows	1
mar	1
ice	1
mark	1
served	2
sky	3
summer	1
pocketbook	1
rest	1
imperceptible	1
everybody	1
scratch	3
do	21
power	2
desperately	2
flame	3
grasping	2
tearing	1
free	2
understand	7
bridge	2
interrupted	3
overgrown	1
beyond	2
churning	1
profuse	1
matter	5
stones	1
future	1
without	7
vain	3
glance	7
tranquillity	1
tightly	1
lie	1
breathless	1
today	1
body	6
anything	2
unseen	2
possessions	1
bell	2
curiosity	1
cafe	2
stream	1
investigation	1
awning	1
new	8
usual	1
meaning	2
possibility	1
what	35
enough	1
passed	4
object	3
green	4
hours	2
opposite	1
venetian	2
by	38
rainy	2
radiance	1
disputant	1
ladies	1
cap	1
find	3
uplifted	1
house	1
within	5
happy	1
bring	1
reaching	1
unknown	2
compressed	1
recurrence	1
tiptoe	1
day	5
rid	1
own	19
after	7
beheld	2
quietest	1
finds	1
antique	1
under	1
unveiling	1
separated	1
tormenting	1
himself	33
wasn't	2
natural	1
soil	1
long	10
raised	8
bald	1
betray	3
sparse	1
seized	7
across	5
lost	2
issue	1
uneasiness	2
get	1
confused	1
lethargy	1
flesh	2
lover	10
questions	1
keen	2
somewhat	1
involuntarily	1
remotest	1
walls	1
law	1
arms	15
presently	2
impossible	1
students	1
experienced	1
patience	1
fact	1
fellow	1
incoherently	1
stirred	1
horrid	2
submits	1
insisted	1
let	5
flared	1
worry	1
shore	2
flare	1
midst	3
humidity	1
goes	1
homeward	1
most	7
gusty	1
beneath	4
hope	8
sound	4
gusts	1
abject	1
twilight	2
crash	1
feeding	1
waking	2
shivering	1
rested	2
gloom	1
harder	1
water	5
unsullied	1
thousand	2
definite	2
tense	1
cheek	2
breath	6
mean	3
canvas	8
inebriating	1
limbs	3
once	8
faded	1
idea	4
anguish	6
operation	1
harmed	1
me	49
hush	3
damaged	1
oh	12
absently	1
trepidation	1
save	2
forth	2
pined	1
my	34
intently	1
woke	1
flapped	1
feared	2
orchid	1
clear	2
illuminated	1
threw	4
appeared	4
grown	1
via	1
will	13
spirit	5
studio	8
heartedness	1
dreamless	1
three	1
step	2
cry	5
order	1
di	1
old-fashioned	1
remaining	1
floated	1
unwearying	1
breeze	1
keenly	1
decided	4
beauty	3
revelation	1
ten	1
increased	1
struggle	2
rose	6
jubilant	1
yielding	1
commanded	3
reflection	1
called	2
shivered	1
pronounced	1
awoke	1
die	1
poisoned	1
deceptive	1
glistening	2
singing	1
cowered	1
seizing	2
thought	6
deep	4
ominous	1
familiar	1
sprang	8
thinking	5
enchantment	2
bent	1
marchesa	1
progress	1
does	1
health	1
calm	2
nevertheless	1
asked	5
idly	1
sparsely	1
empty	1
mix	1
formed	1
bind	1
shrank	2
grief	4
italian	1
neat	1
big	1
ran	1
neither	1
spray	2
secretly	1
springing	1
examined	1
hurried	2
hard	1
eye	3
lightning	2
turned	11
next	4
blame	2
clinging	1
bit	1
helplessly	1
challenge	1
carried	1
week	2
invaded	2
despite	1
howl	1
near	5
inner	2
french	1
brow	1
imagination	3
nervous	1
horror	5
becoming	1
hesitates	1
born	2
please	3
bluish	1
drowned	1
faster	2
poor	2
awake	1
choking	2
malevolent	1
presence	4
bewilderment	1
beating	3
undermine	1
college	1
utter	1
starting	2
show	1
former	1
leaning	2
clung	2
hangings	1
unexpectedly	2
sustained	1
dreaded	1
entered	2
watched	1
refreshed	1
showed	2
scattered	1
remorse	3
supper	2
labouring	1
conjectured	1
hear	6
searching	1
like	9
backward	2
black	9
series	1
nor	1
bear	1
gazed	6
spot	1
visual	1
somnambulistic	1
remained	6
head	10
speaking	2
likely	1
inquired	1
roar	1
fell	8
merely	4
raging	1
bulged	1
repeat	1
gladly	1
wrote	1
hastened	1
alive	1
constantly	2
road	1
mouth	5
spacious	1
felt	10
returned	4
tear	1
eyed	1
blustered	1
until	2
replied	3
glowing	1
sensation	3
shadow	4
carnations	1
lighthouse	1
expect	1
bade	2
current	1
distinctly	1
holes	1
much	4
revolution	1
banished	1
flat	1
arose	2
widely	1
reading	1
this	25
creak	1
flaring	1
withdrew	2
opposing	1
recalling	1
dashing	1
hisses	1
perhaps	4
cloth	2
thin	1
fearing	1
prove	1
panting	2
fathoming	1
warmth	1
howls	1
apartments	1
staggered	1
rather	1
spread	1
hateful	1
aware	1
pity	1
centre	1
men	1
finer	1
we	10
float	1
strike	1
pulsing	2
herself	5
convulsion	1
secret	3
closet	2
wails	1
impatience	2
quicker	1
definitely	1
entering	1
goal	1
despairingly	1
look	2
