stumbling	1
except	4
retired	3
remnant	1
task	1
embarrassed	1
pitied	1
i	199
penning	1
flesh	2
paroxysms	1
singularly	3
glance	3
nail	12
considerable	1
agony	2
theory	2
wedged	1
noble	1
chimney	8
your	21
vigorous	1
excursion	1
would	21
both	13
exclusive	1
laugh	1
fail	2
perplexed	1
powerfully	1
gave	1
lyons	1
ceased	5
positive	2
wielded	1
naturally	3
pistols	3
conquers	1
comprehension	4
investigation	2
expostulation	1
bestir	1
on	27
arose	1
ankle	1
cat	1
have	116
rarely	1
things	3
tongue	2
excoriated	1
bizarrerie	1
can	11
enkindled	1
excepting	1
sir	2
about	30
discoursed	1
sprang	1
stood	3
essence	1
gathering	2
more	23
fireplace	1
brink	1
trace	2
evinced	1
must	20
judge	1
gross	1
so	48
suddenly	2
henri	1
elicited	3
multiplied	1
brutal	2
advent	1
mon	3
paper	8
rounds	1
vexed	1
crimes	1
all	52
chafed	1
activity	7
bedroom	1
analysis	4
conclusions	1
escaped	10
washed	1
tearing	1
christendom	1
shell	1
illustration	1
maniac	1
feels	1
reclosed	2
wore	1
startling	2
crime	1
enamoured	1
minutely	1
brought	7
appears	2
eaten	1
bordered	1
animal	9
floors	1
but	81
tottering	1
fruitless	1
st	6
triumph	1
habiliment	1
inquire	2
indeed	10
agility	4
difference	3
shall	7
foreigner	2
desirous	1
partner	1
advanced	2
property	4
santé	1
anticipated	1
kicked	1
connexions	1
reasoners	1
dare	1
upstairs	5
barely	1
overlapping	1
said	35
best	6
top	2
manner	12
impossibilities	3
apparent	6
bitten	1
impossible	2
sidelong	1
box	1
fifteen	2
treble	1
counting	2
affairs	3
money	5
bitter	1
absurd	1
dawn	1
too	14
innocent	8
retrace	1
boldness	1
topics	1
putting	1
trembling	1
articles	3
complex	1
unfrequently	3
murderer	1
pierced	1
intelligence	1
had	103
evening	3
burden	2
evidently	5
excessively	1
papers	3
price	1
dangerous	1
feeling	1
passage	6
principle	1
which	96
inadvertence	1
card	1
care	1
become	2
reflected	2
beds	1
fulvous	1
morgue	8
prefect	3
vessel	3
anything	4
daily	1
taking	1
voices	14
intelligible	2
recollected	1
wheeled	1
remarking	2
routine	1
piece	1
assert	1
confess	2
notice	4
razor	6
trepidation	1
result	6
paralyse	1
accustomed	1
willing	2
reached	4
themselves	9
visiter	1
clock	1
injury	2
proceed	3
spreading	1
teeth	1
end	2
admiring	1
credit	1
deny	1
delay	1
into	39
asked	5
observed	5
tobacconist	1
fault	4
witness	9
additional	1
equivalent	1
impressed	1
manual	1
quarter	4
contemplation	1
de	6
four	9
they	29
pungencies	1
meanwhile	1
do	18
chances	1
expectation	1
countenance	4
succumbed	1
residence	3
concentrated	1
undertaker	1
them	27
dr	1
fixture	1
our	25
fantastic	1
discovery	2
gentleman	2
streets	2
moment	8
maison	1
spaniard	4
glories	1
invigorated	1
tell	4
litera	1
full	6
height	2
tirade	1
remark	2
includes	1
rejoiced	1
flag	1
sacré	3
ce	2
nichols	1
eyeballs	1
courage	1
branch	1
estimation	1
exults	1
flaw	1
harmless	1
therein	1
assassinated	1
perceiving	1
defeat	1
absorbed	1
considerations	1
ungrateful	1
involute	1
glances	3
n'est	1
history	1
paragraphs	1
conveniences	1
prostrate	1
gloom	1
imply	1
solicitude	1
distressing	1
announcement	1
materially	1
knowing	2
rendered	1
doubt	10
language	6
something	6
saying	1
eye	1
indications	2
stage	1
abstract	3
daybreak	1
dwelling	1
brushes	2
trial	1
sometimes	1
descent	1
horses	1
shadow	1
strength	6
mentioned	7
admitted	2
ghastliest	1
pas	1
accident	2
guesses	3
make	11
progresses	1
clothes	2
angles	1
guesser	1
abuse	1
cosmogony	1
suicide	1
was	209
fall	2
fanciful	1
fortunately	1
probability	1
occasioned	3
keyhole	1
attempted	3
rather	6
absurdly	1
native	4
heavenly	1
chimed	1
comparing	1
id	1
fact	10
if	27
crowd	2
necessaries	1
frequenting	1
arrested	3
everything	3
becoming	1
in	321
who	19
necessary	5
it	203
face	7
musique	1
besmeared	1
suited	1
nature	5
unnerved	1
landed	1
bloody	2
fragments	2
key	4
matters	1
fastened	6
ascertain	1
intellect	5
jourdain	1
explanation	1
belonged	1
fathom	1
ratio	1
trellis	2
stones	3
particulars	3
prefacing	1
grasped	2
nothing	17
obtuse	3
accompanied	2
rue	17
flue	1
est	1
expostulating	1
table	3
troisiême	1
certainty	1
misunderstood	2
again	11
methods	1
hour	3
liveliest	1
determined	1
possessor	2
combine	3
important	2
suspicion	4
bring	1
riddle	3
other	18
inductions	1
respects	1
recognises	1
expected	2
cries	1
outré	2
punishment	1
bound	1
part	7
securely	5
one	46
erroneously	1
observation	4
powers	2
communion	1
now	36
slipped	1
attract	2
ground	1
bureau	3
run	1
cheerful	1
distinct	1
indulges	1
entire	2
butcheries	1
or	54
let	15
interested	2
pile	2
les	1
accidental	1
plain	1
rôle	1
oh	2
nails	6
writing	2
habit	1
leg	1
led	1
starting	1
of	602
limit	1
muttered	1
inmates	1
conversed	4
bon	5
temper	1
just	14
concealed	1
low	2
women	1
capture	1
indicative	1
mother	1
therefrom	1
deeds	2
advantages	1
back	11
three	13
gazette	3
experiment	2
preclude	1
half	9
smith	1
nine	1
commingled	1
shutters	6
imaginative	1
third	3
clotted	1
cognizance	1
corroboration	1
greatly	5
almost	3
asiatics	1
talent	1
add	1
companions	1
identical	2
opinion	3
operations	1
peculiarity	2
perception	1
employ	2
hieroglyphics	1
withdrew	1
its	45
intolerable	1
absolute	3
occupancy	1
mean	6
external	1
palais	1
hope	1
volume	1
coadjutor	1
air	3
amusement	1
mountain	1
gain	1
shattered	2
surgeon	1
charges	1
coincidences	2
chain	2
well	14
valuable	1
snuff	1
policy	1
express	1
examine	1
gesticulate	1
from	75
long	11
uprooting	1
two	21
scrutinised	1
forcibly	1
laid	1
precision	1
trick	1
links	1
perfect	4
anatomical	1
chair	2
bosoms	1
steps	4
procure	3
library	1
method	6
retrograde	1
regarded	5
throw	1
side	3
charge	1
sliding	1
corpse	8
skipped	1
police	14
family	2
imitation	1
ordinary	8
undergoing	1
ensued	2
gendarmes	1
lighting	1
crowbar	2
springs	1
street	9
instituted	1
assuming	1
recognise	1
ingenious	3
shrill	14
scratches	2
strangely	1
keeping	3
asserted	1
been	87
walk	1
wall	5
reader	1
coming	1
forcible	1
taken	4
once	10
lateness	1
freshness	1
former	5
suffocation	1
atomies	1
renders	1
secondly	1
fracture	1
flight	1
induction	1
always	7
unemployed	1
superfluities	1
portion	12
pavement	3
lies	2
indulge	1
hairs	2
issuing	1
profound	4
fissure	1
render	1
order	2
coincidence	1
accordance	1
bizarre	1
maltese	4
following	1
indentation	1
front	7
sallied	1
total	1
fortunes	3
stated	7
fresh	1
subject	4
servant	1
first	16
apples	1
little	13
large	13
investigations	3
excellence	1
entendre	1
robber	1
society	1
career	1
earring	1
primitive	1
prove	2
possibly	6
robbed	1
dupin	29
relation	1
dutchman	1
forth	3
inch	2
arrived	2
commonly	2
moods	2
nebular	1
sweeps	2
shadows	1
greek	1
digits	1
observing	2
possible	9
occupied	5
hideous	2
interrupted	1
madman	2
consequence	1
lights	1
untoward	1
muscles	1
cant	1
study	1
french	4
decision	2
unequal	4
together	4
purposely	1
forced	5
testified	1
boxes	1
incoherence	1
deceased	7
gives	1
bolted	1
either	4
given	1
blow	1
pit	1
dropping	2
romance	1
carrying	1
cut	3
furniture	4
usefully	1
jardin	1
islands	1
considered	2
delight	2
attracting	1
unwittingly	1
spoke	4
unevenly	1
divinity	1
allusions	1
picked	1
examining	3
incoherent	1
thoroughfare	1
perpetrator	3
followed	2
tenant	1
previous	1
soul	4
troubling	1
throwing	1
identifying	1
nationality	1
thrown	5
man	17
remained	4
examines	1
turning	3
much	16
absence	2
warned	1
springing	1
mad	1
go	2
folding	2
knew	5
grey	2
sarcasm	1
talking	1
better	2
prodigious	2
may	13
spectacle	1
breaking	3
depth	2
throws	1
character	9
unarmed	1
heart	1
body	15
unobstructed	2
hermetically	1
indentations	3
aperture	2
six	3
wood	2
readily	2
quality	2
heard	17
facts	2
gruff	9
gravely	1
amid	1
suppose	8
ferrades	2
neighbours	4
sharp	1
light	5
treatise	1
placing	1
mutilation	1
service	1
off	5
although	11
tuft	2
stomach	1
motionless	1
small	7
objects	3
born	1
likens	1
reading	4
creeping	1
fire	1
thence	1
accents	1
over	7
denying	1
finding	1
muscular	2
himself	11
horror	6
exhibiting	1
around	2
utterance	1
adolphe	2
original	1
manifested	1
unfortunately	1
elder	1
especially	4
arises	1
complete	1
several	9
smile	1
past	1
ready	1
invariably	1
surprising	1
sweep	1
disgraceful	1
unostentatious	1
those	15
imprisoned	3
royal	1
appreciable	1
staircase	2
appreciate	1
yet	7
clambering	1
shaving	1
et	4
pleasure	3
skill	1
bare	1
pasquinaded	1
every	11
nebula	1
pursue	1
various	2
murmured	1
give	4
slightest	2
agitating	1
whisker	1
changing	1
murderers	3
acute	1
idiocy	1
g	1
moreau	1
series	2
ten	6
lived	3
attempting	1
sum	5
pursuer	1
moments	2
wandering	1
reasoning	1
dwelled	1
cursory	1
sashes	2
dragged	1
calling	1
years	9
lives	2
restaurateur	1
separate	1
voice	42
detailing	1
grotesquerie	1
des	5
exercise	1
pieces	2
monde	1
mere	6
heaven	1
splintered	1
death	6
bade	1
upper	2
when	21
multiform	1
does	5
rifled	2
creature	2
phrase	2
before	12
conversing	1
applied	2
most	10
astonished	2
requisite	1
therewith	1
obtaining	1
lasted	1
measure	3
spread	2
precisely	1
embarrassment	1
style	1
grasp	4
words	18
immolation	1
down	17
bird	1
rencontre	1
importance	1
descending	1
outang	13
time	13
dreams	1
struggles	2
interior	4
riveted	1
tribunaux	2
whether	5
whist	3
recesses	1
different	1
scarcely	6
alone	1
great	14
iron	3
certain	4
crossed	1
notions	1
represented	1
tragedy	3
forbore	1
carelessness	1
revert	1
secluded	1
guilt	1
syllable	1
confectioner	2
rigid	1
attained	3
germain	2
gold	7
firm	4
locked	6
deprived	1
unriddled	1
couple	1
latin	1
goddess	1
frivolity	1
properly	1
circumference	1
generally	2
close	4
occupations	1
misled	1
valleys	1
late	4
bedstead	6
theories	1
distinctness	1
poor	2
illimitable	1
sufficed	1
motions	2
spanish	2
feat	2
to	275
clambered	1
affectedly	1
visitors	1
fear	3
dreamed	1
minuteness	1
deed	3
unique	1
am	19
collected	2
combining	1
arabic2digit	1
intonation	5
mustachio	1
tobacco	1
mistaken	2
build	1
deep	3
glimpse	2
as	117
banking	1
au	1
at	100
rod	11
incapable	1
opinions	2
impressions	2
reflection	3
demanding	1
boasted	2
frightful	3
force	2
ourselves	3
correctly	1
number	1
latter	4
gateway	3
account	7
dumas	6
while	10
expressed	1
print	1
thus	18
same	8
humour	1
reaching	2
after	8
appearances	2
mystery	8
presence	2
pursuing	1
hearing	1
days	2
failed	4
greater	2
relate	1
fast	1
glancing	1
loose	2
shriller	1
excellent	3
awaiting	2
fugitive	2
believed	2
murdered	1
doors	1
word	7
view	4
attention	8
inconceivable	1
inst	1
silver	2
search	4
believes	1
myself	9
childish	1
attentively	2
instrument	4
proposed	1
retention	1
named	1
opened	6
doers	1
imagination	2
twice	1
released	1
presently	1
beside	1
affording	1
scrutiny	2
caused	1
quiet	4
justly	1
signal	1
pressing	1
ménagais	1
observe	3
ideality	1
shades	1
auguste	1
telling	1
paving	1
based	2
within	8
darkness	1
toward	5
resemblance	1
ran	1
unnecessary	1
transport	1
by	116
pay	2
par	1
demands	1
vanish	1
premises	4
humanity	2
stamen	1
be	56
received	1
cognizant	4
bi	1
egress	7
hesitation	1
breast	1
species	4
evident	1
there	39
that	188
come	3
lustre	2
bowed	2
murder	15
minute	2
remarks	1
bruised	2
inflicted	3
calculating	1
incrusted	1
landing	2
admission	1
than	20
pronounced	1
spoken	8
basket	2
told	3
particular	2
flapping	1
devoid	1
east	1
discourse	3
captured	1
got	2
continued	7
repeatedly	1
unknown	1
variation	2
times	6
beast	7
rushed	1
until	15
god	1
floor	4
horribly	1
letting	1
tasking	1
sonum	1
unusual	12
tresses	3
eagerness	1
results	3
since	4
excess	1
swooned	1
get	2
chiefly	2
ascending	1
periods	1
read	2
individual	2
undertakings	1
aware	2
unnecessarily	1
nailed	1
broken	4
superficial	1
books	1
conundrums	1
higher	1
greatest	1
fingers	5
guilty	1
castle	1
fond	2
knowledge	5
chin	1
volunteered	1
inflamed	1
assured	2
know	15
knot	1
decided	1
goal	1
epicurus	2
blocks	2
and	276
gladly	1
very	42
chagrin	2
traces	1
headboard	1
downward	3
retentive	1
sufficiently	5
ringing	1
d'alger	1
bruises	3
happen	1
any	20
sacking	2
avoided	1
schemes	1
rang	1
edition	2
disorders	1
reconciling	1
reach	3
ability	3
perceived	3
single	2
tones	1
seized	2
unjustly	1
stop	1
means	13
fervour	1
conclusion	6
expect	3
suffered	1
careful	1
arriving	1
glazed	1
lodging	1
particularly	1
stroke	1
leading	2
safely	1
life	4
head	25
pretend	1
driven	1
middle	2
bar	1
equal	1
only	12
required	1
mind	9
usual	2
oversight	2
imitative	1
brightened	1
profundity	1
raised	1
throttled	2
avoid	2
francs	4
decide	1
proofs	1
proceedings	1
sealed	1
detain	1
shown	1
degree	3
whose	5
design	3
panel	1
atrocious	1
comprehensible	1
quantities	1
worked	1
undervalue	1
concierge	1
intimate	1
action	2
walked	2
meditatively	1
trivial	1
firmanent	1
doing	1
often	5
pledge	1
bags	4
clearly	2
has	29
hurry	1
spots	2
particle	1
scent	1
mansions	1
practice	1
métal	1
friend	10
manifold	3
refusing	1
conversant	1
wont	1
comparatively	1
purpose	3
already	5
pour	1
codfish	1
identify	1
flashing	1
directions	2
termed	3
amused	2
disorder	3
lamartine	1
rooms	5
employment	1
ones	2
assigned	1
assertions	1
owner	2
tendency	1
causeway	1
strolling	1
horrors	1
bestow	1
sable	1
permitted	1
sought	2
confided	1
look	6
information	3
addition	1
africans	1
expression	8
called	10
horrible	2
right	5
blood	3
consideration	3
belonging	4
worldly	1
outrage	1
steadily	1
repair	1
sporting	1
believe	6
retracing	2
théâtre	2
aroused	1
reject	2
identifies	1
truth	5
matter	8
analyse	1
eager	1
infinity	1
soot	1
nullity	1
testimony	10
morals	1
beyond	9
shank	2
soon	2
acknowledging	1
lathered	1
etienne	3
exclaimed	1
deviations	1
analyst	4
operation	1
easy	1
letters	1
retirement	1
gazing	1
unprepossessing	1
extent	4
guess	1
affair	5
person	12
question	12
lie	1
lying	1
a	296
rest	2
getting	2
extend	1
seemed	8
fearfully	2
syllabification	3
trouble	3
impression	4
respecting	4
busied	1
makes	1
spring	9
the	1171
dispose	1
wisdom	1
length	3
ajar	1
dieu	3
effected	2
pressure	1
whence	2
example	3
double	2
exclamations	1
terror	1
raise	4
contrary	1
persevering	1
energy	1
feeble	1
xerxes	2
narrow	2
tally	1
shutter	6
whomsoever	1
power	7
fate	1
delighting	1
dissatisfied	1
ease	1
instant	3
necessity	1
discoloured	2
reputed	2
accord	1
modes	3
dying	1
thirty	2
describe	1
apprehension	1
twenty	2
descriptive	1
remembered	1
deserved	1
respect	3
dabbled	1
bear	2
continually	1
neighbour	2
implicated	2
functionary	1
adjoining	2
keys	1
necessarily	2
object	4
can't	1
fury	1
passed	7
arm	4
we	66
selling	1
depraved	1
started	1
apprehensive	1
expense	1
unanimous	1
cannot	2
occasion	2
idle	2
formed	4
noted	1
an	63
distinctly	3
altogether	5
resolvent	1
partially	2
familiar	1
wild	6
retain	1
gimlet	2
rigidly	1
this	106
making	1
senses	1
will	35
rust	1
however	13
hidden	3
breadth	3
sounded	1
supposition	1
warm	1
returning	1
billet	1
parisian	4
yesterday	2
fiercest	1
enunciation	1
building	7
stared	1
insoluble	2
originally	2
description	1
party	19
violently	1
notoriously	1
directly	1
recherche	1
strong	3
wrong	2
attracted	1
remembrance	1
using	1
soliloquy	1
perfectly	3
bodies	5
possessed	2
gentlemen	1
fastening	1
distance	6
exertion	2
danger	1
leaving	1
enfeeble	1
messrs	1
cases	1
with	108
lips	2
ears	1
understand	4
mansion	1
he	98
impossibility	2
puzzled	2
idea	9
windows	8
broke	1
withdraw	1
occupation	1
caught	3
fund	1
casual	1
oaken	1
fellow	3
inquiries	1
correct	2
exact	1
petulantly	1
loss	1
made	12
definite	2
retrieval	1
stairs	8
might	15
reflections	1
vain	1
drawn	2
masonry	1
seclusion	1
agree	2
patrimony	1
behold	1
old	19
musée	1
opponents	1
feeblest	1
calculate	1
appear	2
sees	1
my	52
honour	4
acumen	4
fiendish	1
vigilance	1
remarkably	2
players	1
swung	4
tenement	1
lonely	1
diable	2
backs	1
agitation	2
remarkable	2
gnashing	1
me	25
simple	4
slipping	1
engendered	1
seen	8
seem	2
venus	1
continuing	1
butchery	4
answer	1
surprise	1
dim	1
keep	2
harm	2
ventured	1
ill	1
alley	3
scene	2
see	7
vacant	2
extolled	1
done	5
susceptible	2
jabberings	1
tall	1
disagreed	1
ascertained	1
momentary	1
talk	1
out	16
advert	1
clew	3
these	37
kings	1
discernible	1
inside	5
replied	7
abandoned	2
admit	3
try	1
understood	1
anxiety	2
departure	1
looked	5
clearness	1
move	1
deeply	1
attempts	1
him	22
attempt	5
immediately	2
turned	3
elaborate	1
poverty	1
linen	1
rays	2
robe	1
afterward	2
ape	2
agents	2
she	9
inevitably	1
show	2
ideas	2
bruise	1
pause	2
conveys	1
topaz	1
illustrious	1
reputation	1
envy	1
possess	1
step	1
bosom	1
secret	4
convey	2
his	79
bones	1
because	3
dark	3
proficiency	2
grotesque	1
effects	2
courtesy	1
searched	3
common	3
cards	2
remaining	1
analogous	1
diligence	1
inference	2
aright	1
forgotten	1
creative	1
reply	1
scalp	1
porter	1
fully	7
moral	1
excitement	2
inadvertent	1
origin	1
values	1
speaks	1
gate	2
confounded	2
chuckling	1
lady	11
like	4
minds	1
diminished	1
being	19
real	1
destruction	1
indicating	1
larger	1
rear	5
examined	6
fils	2
trap	1
quite	1
converse	1
despair	1
inferences	1
chamber	15
idiot	1
insist	1
talons	1
whip	2
wish	6
draw	1
frolic	1
barber	1
holding	1
superstitions	1
where	19
how	12
hammer	1
deductions	4
m	3
afford	3
exactly	1
drag	1
found	24
even	14
remember	5
residing	1
differences	1
shudder	1
open	17
seeming	3
re	2
what	36
whatever	2
richelieu	1
converted	1
far	10
knee	1
scuffling	1
foreign	1
exit	1
superior	1
agreed	2
seduce	1
murders	4
delivered	1
existed	1
last	3
advertiser	1
amazement	1
put	5
alien	1
mathematical	1
facility	1
roaming	1
draughts	3
safe	1
remonstrance	1
detected	1
felt	4
otherwise	3
human	8
vigour	2
form	3
examination	4
fell	6
pains	1
powerful	1
handed	1
spirits	1
descended	1
seek	3
comments	2
therefore	5
terms	1
impress	1
rule	1
whims	2
admittance	1
detailed	2
resorted	1
brushing	1
economy	1
some	33
spirit	1
herself	3
wonder	1
influence	1
elapsing	2
intensity	1
presented	1
considering	1
difficulty	6
mutilated	3
nearly	10
quickly	2
queues	1
each	14
wide	1
connected	1
je	1
kind	5
treasure	1
broad	2
prima	1
strangled	1
bayonet	1
through	19
affectionate	1
features	2
endeavouring	1
clear	3
sufficient	4
shifted	1
without	16
ingenuity	4
lose	1
robbery	1
conscious	1
cobbler	3
groans	1
moved	2
wrath	1
feet	7
severed	2
movement	1
clean	2
lost	2
violence	1
yard	3
narration	1
facsimile	1
circumstances	7
book	1
sash	6
unquestionably	1
attributed	2
placed	1
quoted	1
notes	1
enigmas	1
touched	1
effort	1
highest	2
quick	4
stature	1
previously	2
le	6
vague	2
cuvier	2
erred	1
exists	1
madmen	4
dwell	1
sound	2
were	68
use	7
curiosity	2
sulky	1
sit	1
refined	1
fitted	3
liable	1
excoriations	1
never	11
philosophy	1
spoons	1
many	9
intervene	1
endeavoured	1
arranged	1
import	1
freak	1
success	2
name	1
behind	1
used	1
high	1
place	4
frigid	1
sleep	1
credentials	1
survey	1
consequences	2
occupying	1
livery	1
eschewing	1
tenor	1
locality	1
finger	3
likely	1
italian	7
not	134
louder	1
nor	4
judges	3
reward	2
foot	2
numerous	1
under	6
stooping	1
recover	1
isidore	1
constructive	1
ingress	2
meant	1
meeting	1
german	4
girl	1
evidence	7
shrieks	4
carefully	7
parade	1
fool	1
mansardes	1
cause	2
obviousness	1
tops	1
tasked	1
speak	5
line	3
explain	1
sounds	2
formerly	2
peculiar	12
distinguished	3
paying	1
apprehensions	1
struck	1
state	2
obtain	1
ribbon	3
lay	6
orion	4
pictures	1
qui	2
rough	1
thinks	3
house	27
unfitted	1
succession	1
culpable	1
brains	1
resources	1
speaking	2
boldly	1
conclusive	1
thick	3
meaning	2
obvious	2
no	60
bore	1
startled	2
mechanism	1
awkwardly	1
marvellous	1
variety	1
eyes	8
mademoiselle	11
link	1
grows	1
tawny	2
fourth	8
second	4
analytical	2
judged	1
else	1
mainly	1
between	9
vast	3
throughout	2
characterised	1
exceedingly	2
montmartre	1
confounding	1
astonish	1
change	1
motive	7
door	22
fancy	5
watched	1
puts	1
business	1
scraping	1
concentrative	2
living	3
here	23
usage	1
perhaps	7
nation	2
irreconcilable	1
trade	1
dreaded	1
denizens	1
unaccountable	1
victim	2
played	2
splinter	1
accomplished	3
period	2
shipping	1
firmly	2
thinking	2
player	6
sailor	11
deposed	1
resembling	1
perceptions	1
discussed	2
vivid	1
writers	1
income	1
objectless	1
ultimate	3
screams	3
levity	1
educated	2
roots	3
imbedded	3
arising	2
victory	1
actors	1
holders	1
perpetration	1
tapers	1
flushed	1
forcing	1
bringing	1
game	7
nevertheless	1
legitimate	3
attending	1
woman	6
quantity	1
gone	3
apparently	11
day	6
roch	3
upward	1
hurled	1
diseased	1
vicinity	1
recapturing	1
pulled	1
examinations	2
chase	1
gendarme	2
uttered	2
sole	4
reason	8
deliberateness	1
compared	1
countrymen	1
besides	4
solutions	1
gleaming	1
distinctive	1
protruded	1
opposite	1
hole	2
hold	5
window	18
acquainted	3
hair	9
corroborates	2
ferocious	1
observations	2
usually	2
variously	1
oversights	1
perplex	1
purposes	1
discard	1
tie	1
reference	1
say	15
seat	1
follows	2
able	2
direct	3
corroborated	2
diminutive	2
creditors	1
watch	1
propensities	1
progress	2
enjoyment	1
advantage	1
hands	3
apparel	1
thought	11
atrocities	1
closed	7
certainly	2
actually	1
stable	1
passing	4
circumstance	1
closer	1
truly	1
quietly	3
closet	2
frequently	4
clerk	2
home	7
inches	1
visible	1
rare	1
don't	1
did	21
seeking	2
unpleasant	1
inquiry	2
year	1
sent	1
source	1
accompanying	2
concealment	2
corroborative	1
impunity	1
written	1
strange	1
figure	2
unwieldy	1
daughter	14
subsequently	1
general	4
occupy	1
dragging	1
implies	1
supererogation	1
obscure	1
gait	1
ladies	1
witnesses	7
deposits	1
englishman	6
sources	2
fine	1
find	2
thousand	2
summer	1
utmost	1
reality	2
decline	1
recalled	2
huge	1
unequivocal	1
intend	1
instance	2
enabled	1
criminate	1
desolate	1
livid	2
petulant	1
kept	3
superhuman	1
flourishing	1
true	6
understanding	5
exercises	1
corner	1
quondam	1
preternatural	3
resolutionis	1
rushing	1
effect	2
blundering	1
advertisement	4
way	10
measures	1
terrific	1
gently	1
bundle	1
substance	1
replaced	3
company	1
noon	2
locks	1
worst	1
genus	1
affright	1
anger	2
token	1
cudgel	2
ferocity	4
proved	2
furnishing	1
excited	1
stopped	1
instantly	2
silent	1
their	25
her	24
dreadfully	1
employed	4
ship	1
raving	1
rigorous	1
flurry	1
brief	1
thoughts	1
madame	18
utterly	1
mender	1
frankly	1
supposed	2
disposed	1
exerted	1
frenchman	21
perfection	1
regard	4
perfumed	1
hearths	1
points	4
populous	1
mention	1
transpired	1
indebted	1
charged	1
upraise	1
devil	1
derived	2
omne	1
up	32
gigantic	2
hand	9
similarly	1
hearth	2
why	6
efforts	1
posteriori	1
fallen	2
five	6
typified	1
sums	1
interest	2
strongly	1
changes	1
individuals	1
neither	5
notwithstanding	1
smaller	1
spot	1
whole	9
d'expliquer	1
deserted	1
struggling	2
memory	1
retaining	1
o'clock	3
live	1
voyage	2
supposes	2
walls	1
less	4
ceilings	1
turn	5
outward	1
then	26
own	19
heavy	2
bestowed	1
silence	2
merely	7
paused	1
mental	3
holes	1
atrocity	3
need	1
hesitate	5
faculty	3
aghast	1
inaccessible	1
amazed	1
fruiterer	7
confirmation	1
is	132
sweeping	1
play	3
suit	1
also	7
believing	1
carpenters	1
came	3
satirist	1
claiming	1
chantilly	8
corpses	1
city	2
you	85
convinced	3
young	2
proper	1
having	8
stereotomy	3
asiatic	1
variable	1
undue	1
clue	1
capacity	2
help	3
playing	1
antiquum	1
thoroughfares	1
opponent	1
intractable	1
laundress	1
point	10
sight	5
companion	3
narrowed	1
abstruse	1
sorry	1
fain	1
mieux	1
against	5
considers	1
sell	1
us	24
slumber	1
phrenologists	1
appreciation	1
self	2
physician	2
wildest	2
dirty	1
abandon	2
retina	1
organ	1
dismiss	1
material	2
regards	1
contents	3
permission	2
good	7
whom	1
solution	4
contained	1
miserable	1
bye	1
victims	2
pressed	2
beneath	1
paid	1
minutes	4
next	4
deposes	9
imagine	2
engender	1
sunburnt	1
satisfactorily	1
afternoon	1
gained	1
prepared	2
profoundly	1
ascended	2
conscience	1
eight	4
sure	15
juxtaposition	1
renting	1
farther	4
receiving	1
captive	1
pistol	1
edges	1
terrified	1
tone	5
russian	2
giving	2
lead	2
wound	1
board	3
postscript	1
built	1
derives	1
coherence	1
tying	1
law	2
display	1
ruts	1
yourself	4
lower	2
archipelago	1
aid	1
case	3
couldn't	1
described	4
simply	1
meantime	1
for	76
office	2
really	2
awful	1
itself	11
headlong	1
ribs	1
hearty	1
hopes	2
stay	1
tailor	1
sustained	1
entering	1
met	2
throat	9
feint	1
probably	3
validity	1
indian	2
course	3
appeared	9
surface	1
semblance	2
astonishment	3
term	2
lately	1
proportion	1
analytic	3
interpreter	2
somewhat	6
casting	1
unanimously	1
exist	2
assassins	3
random	1
entrance	2
easily	1
confined	1
take	7
looking-glass	1
arrangement	1
plantes	1
narrative	2
intuition	1
recaptured	1
exception	1
towards	1
wounds	1
should	17
possibility	1
rose	1
speaker	4
miscalculation	1
propriety	1
quartier	2
strictly	1
apartments	1
hurried	2
impaired	1
separated	1
apartment	2
thing	4
l'espanaye	1
wholly	1
entered	10
rich	2
mute	1
flitted	1
checked	1
research	1
worthy	1
above	4
sailors	4
theme	1
million	1
ago	2
luxuries	1
mark	1
whenever	1
maintains	1
respective	1
such	19
star	2
commentary	1
faces	1
weapon	3
rapped	1
jeweller	1
united	2
meditations	3
others	3
discovered	5
removed	2
thenceforward	1
sketch	1
completely	2
drawers	4
greasy	1
intercepted	1
reduced	3
portions	1
defeated	1
bearing	1
wrap	1
saw	10
stout	3
trump	2
master	3
thrust	8
tibia	1
occurrence	1
messy	1
accomplish	1
succeeded	1
african	1
disagreement	1
gliding	1
probable	5
associates	1
physical	1
are	55
issues	3
world	2
clutched	1
designed	1
thrusting	2
could	46
among	5
moving	1
difficult	1
arranging	1
garrets	1
inordinately	1
candour	1
relieves	1
hazardous	1
approached	1
emphasising	1
lightning	5
english	3
assassin	1
terminated	1
minding	1
shoulders	1
perplexing	1
short	2
placename	19
story	9
contention	9
ascend	2
charlatanerie	1
became	2
mysterious	2
morning	8
injuries	1
hollander	1
nations	1
probabilities	2
exterior	1
supposing	3
threw	1
noises	1
satisfied	5
neighbourhood	2
faubourg	2
moreover	2
due	1
resisted	2
cunning	2
combing	1
variétés	2
value	2
persons	12
reflective	1
neighbouring	1
direction	2
similar	2
abandoning	1
roof	1
night	6
frivolous	1
thinkers	1
cylindrical	2
comprehend	3
room	21
looking	4
perceive	2
upon	77
disentangled	1
odd	2
à	1
least	10
abound	1
expired	1
suspected	1
stepped	4
mammalia	1
differs	1
government	1
return	1
frequent	1
departed	1
astounding	1
counterfeit	1
fortune	1
wind	1
banker	2
sake	3
vision	2
nier	1
intuitive	1
angry	2
shrank	1
pocket	1
resulting	1
committed	7
paved	2
follow	2
escape	3
frame	1
entirely	5
class	1
verge	1
qualities	1
below	2
loud	6
encumber	1
invisible	1
chest	1
stands	1
designates	1
dreading	1
napoleons	1
chess	7
unavailing	1
die	1
runs	1
few	6
casement	4
ever	2
nervous	2
disengaged	1
devoted	1
left	8
obtained	6
crowded	1
loge	1
width	1
destroyed	2
took	6
trapdoor	1
flew	1
propositions	1
drew	2
early	1
participation	1
confines	1
during	6
vacillating	1
stopping	1
glorious	2
call	7
conception	1
romannumeral	11
club	1
latticed	1
appearance	2
error	5
extraordinary	4
possession	5
monsieur	5
retained	1
immediate	1
managed	1
fixed	1
implicate	1
severe	1
irrelevant	1
habited	1
seldom	2
disentangles	1
fair	2
decidedly	1
bottom	3
propernoun	55
containing	1
proceeded	4
absolutely	2
attentive	1
arrive	2
breath	1
still	16
resided	2
silly	1
torn	2
enter	2
thorough	1
produced	2
bois	2
seems	1
personalname	10
stone	1
remarked	1
souls	1
alarming	1
arabic4digit	2
bed	9
addressed	1
went	7
harsh	5
concealing	1
known	9
transactions	1
slightly	1
conversation	1
conceal	2
men	5
assorting	1
relieved	2
blows	1
insolubility	1
divisions	1
replying	1
sitting	2
tricks	1
delivery	2
chimneys	4
adapted	1
distinguishable	1
drawing	4
buskin	1
recovered	1
resides	1
mode	6
work	1
urged	1
plane	2
alexandre	1
present	4
field	1
blown	1
moves	2
events	3
think	5
rules	1
thief	1
strained	1
limits	1
traced	4
frenzy	1
hoyle	1
another	3
going	1
distinguish	5
occurred	3
occasionally	1
fearful	2
host	1
pacific	1
inhabitants	1
brute	3
trusting	1
soles	1
la	1
