,	3917
the	3572
.	2858
and	1950
of	1732
to	1527
a	1471
i	1457
"	1124
was	1022
that	957
in	936
it	756
he	669
had	616
as	517
her	516
with	505
she	503
my	461
his	446
you	441
not	410
at	406
for	403
on	392
but	364
me	318
."	299
this	291
is	284
be	276
by	261
him	256
from	255
there	247
|'s|	238
were	237
all	227
have	225
said	209
been	204
;	203
an	200
one	197
so	194
which	189
then	186
no	175
if	172
—	168
we	162
when	159
who	152
would	150
out	150
into	148
what	143
man	135
or	133
now	133
could	133
up	131
they	129
?"	124
before	121
more	113
will	110
did	108
time	105
them	102
:	100
than	98
|arabic3digit|	96
here	96
are	96
like	94
do	94
saw	93
over	91
see	89
only	88
some	87
know	87
well	86
'	86
has	85
very	84
!	84
came	83
upon	82
face	82
back	81
about	81
?	81
seemed	80
their	79
little	79
hand	79
any	79
made	77
woman	76
its	74
down	74
where	73
men	73
judge	73
us	72
looked	71
great	71
again	71
two	70
first	70
eyes	67
thought	66
go	66
|arabic2digit|	65
way	65
other	65
after	65
come	64
coleman	64
away	63
never	62
much	62
how	61
your	60
still	60
our	60
can	60
moment	59
day	59
gerald	58
too	57
such	57
went	56
through	56
should	55
once	55
john	55
turned	54
stood	54
something	54
night	54
must	54
life	54
good	54
young	53
while	53
morning	53
asked	53
am	53
old	52
head	51
found	51
helen	49
these	48
mrs	48
felt	48
uncle	47
place	47
mary	47
look	47
!"	47
side	46
right	46
nothing	46
left	46
half	46
going	46
almost	46
yes	45
why	45
say	45
room	45
long	45
last	45
just	45
let	44
girl	44
feet	44
without	43
took	42
ravelli	42
letter	42
yet	41
voice	41
under	41
take	41
may	41
love	41
got	41
get	41
remember	40
myself	40
might	40
heard	40
even	40
enough	40
being	40
think	39
strange	39
most	39
seen	38
own	38
off	38
knew	38
himself	38
deck	38
around	38
another	38
yellow	37
new	37
father	37
water	36
soon	36
every	36
black	36
those	35
tell	35
shall	35
house	35
hands	35
words	34
passed	34
de	34
between	34
began	34
against	34
small	33
quite	33
news	33
make	33
looking	33
far	33
dalrymple	33
though	32
judson	32
door	32
captain	32
until	31
street	31
same	31
mind	31
gone	31
give	31
few	31
ever	31
don't	31
world	30
heart	30
done	30
|arabic1digit|	29
whom	29
sea	29
matter	29
light	29
gave	29
days	29
years	28
told	28
read	28
open	28
name	28
evening	28
word	27
suddenly	27
set	27
people	27
many	27
cabin	27
became	27
air	27
rather	26
put	26
money	26
miss	26
lay	26
hour	26
body	26
above	26
together	25
taken	25
reached	25
perhaps	25
oh	25
lost	25
each	25
dark	25
arm	25
west	24
three	24
strength	24
silence	24
making	24
fell	24
end	24
else	24
drew	24
death	24
dead	24
course	24
caumartin	24
sort	23
slowly	23
sat	23
paper	23
overlook	23
met	23
held	23
heath	23
forward	23
business	23
answer	23
whose	22
whole	22
nor	22
known	22
instant	22
hours	22
hear	22
full	22
feel	22
eph	22
case	22
bound	22
able	22
window	21
table	21
sure	21
spoke	21
since	21
sent	21
past	21
opened	21
mystery	21
lion	21
hair	21
edge	21
work	20
women	20
wind	20
terrible	20
story	20
round	20
poor	20
part	20
next	20
mean	20
less	20
large	20
hotel	20
home	20
front	20
family	20
coming	20
awful	20
''	20
toward	19
question	19
near	19
minute	19
manner	19
lips	19
least	19
late	19
interest	19
indeed	19
i'm	19
herself	19
happened	19
force	19
evidently	19
dear	19
city	19
calm	19
call	19
both	19
behind	19
arthur	19
along	19
tried	18
thing	18
spirit	18
mine	18
million	18
however	18
happy	18
granite	18
friend	18
fire	18
dingee	18
country	18
boy	18
boat	18
better	18
best	18
because	18
beautiful	18
attention	18
anything	18
always	18
|romannumeral|	17
within	17
white	17
threw	17
taylor	17
storm	17
six	17
showed	17
short	17
ship	17
several	17
replied	17
power	17
lady	17
gentleman	17
followed	17
favart	17
entered	17
east	17
dispatch	17
detective	17
cried	17
book	17
beyond	17
below	17
answered	17
alone	17
year	16
writing	16
warriner	16
surely	16
shark	16
rooms	16
returned	16
received	16
reason	16
mr	16
mile	16
lying	16
low	16
kept	16
high	16
having	16
given	16
find	16
faces	16
daughter	16
cut	16
close	16
child	16
big	16
appeared	16
although	16
also	16
whether	15
want	15
sight	15
rest	15
present	15
possible	15
order	15
nearly	15
moon	15
lifted	15
italian	15
it's	15
hope	15
glad	15
fact	15
effect	15
club	15
brought	15
already	15
wire	14
wait	14
top	14
ten	14
telegraph	14
stand	14
speak	14
soul	14
sense	14
rose	14
ready	14
raymond	14
pretty	14
parlour	14
note	14
mother	14
months	14
meet	14
laid	14
journal	14
idea	14
hepworth	14
help	14
heavy	14
god	14
does	14
clear	14
cheyenne	14
chapter	14
.'	14
"'	14
zat	13
turn	13
tonight	13
thus	13
station	13
st	13
slab	13
single	13
seems	13
seem	13
sand	13
reply	13
mouth	13
instantly	13
i'll	13
huge	13
hold	13
hard	13
further	13
expected	13
excitement	13
events	13
direction	13
dinner	13
desire	13
courage	13
confidence	13
column	13
change	13
certain	13
carefully	13
bible	13
albatross	13
ago	13
winkletip	12
wild	12
walworth	12
wall	12
walked	12
usual	12
talk	12
suppose	12
strong	12
stopped	12
stepped	12
sprang	12
sir	12
silent	12
send	12
reach	12
rankine	12
quiet	12
point	12
plain	12
olympe	12
ocean	12
number	12
nobody	12
message	12
mate	12
knife	12
kind	12
key	12
immediately	12
ill	12
hall	12
furnace	12
five	12
filled	12
fear	12
except	12
ees	12
distance	12
died	12
deep	12
daws	12
crew	12
condition	12
company	12
caught	12
care	12
called	12
broken	12
bracelet	12
blood	12
write	11
wonder	11
wish	11
wide	11
weak	11
used	11
train	11
tone	11
times	11
thrust	11
taking	11
surprised	11
subject	11
standing	11
special	11
show	11
says	11
repeated	11
remarked	11
red	11
reading	11
ran	11
quietly	11
quick	11
person	11
peculiar	11
papers	11
others	11
often	11
minutes	11
medium	11
m	11
line	11
library	11
led	11
lamp	11
killed	11
instead	11
i've	11
forth	11
form	11
fish	11
fight	11
eye	11
expression	11
experience	11
either	11
earth	11
dropped	11
doubt	11
dim	11
die	11
curious	11
couldock	11
companion	11
cannot	11
can't	11
bodies	11
believe	11
apparently	11
york	10
whatever	10
understand	10
turning	10
true	10
town	10
touched	10
thoughts	10
third	10
sudden	10
sound	10
society	10
smile	10
shoulders	10
sank	10
sailors	10
remained	10
pulled	10
peter	10
persons	10
p	10
o'clock	10
need	10
nearer	10
murderer	10
looks	10
living	10
likely	10
length	10
leaving	10
leader	10
kate	10
human	10
ground	10
free	10
foot	10
floor	10
feeling	10
effort	10
early	10
during	10
cry	10
corner	10
cold	10
cause	10
breath	10
become	10
attempt	10
aside	10
appearance	10
affair	10
added	10
ze	9
yourself	9
wrote	9
written	9
week	9
wanted	9
vain	9
try	9
truth	9
trust	9
troubled	9
till	9
thrown	9
things	9
therefore	9
sweet	9
sun	9
struck	9
steady	9
startled	9
started	9
spot	9
son	9
sleep	9
situation	9
sitting	9
seized	9
second	9
saying	9
sailor	9
rich	9
rested	9
remarkable	9
remain	9
really	9
quickly	9
purpose	9
public	9
previous	9
powder	9
pocket	9
perfectly	9
pacific	9
outside	9
ought	9
o	9
newspaper	9
mysterious	9
miles	9
midnight	9
mental	9
means	9
marked	9
managed	9
loud	9
longer	9
lawyer	9
law	9
land	9
keep	9
jim	9
itself	9
intelligence	9
impossible	9
hundred	9
hole	9
holding	9
hate	9
handed	9
gently	9
four	9
forced	9
fellow	9
faint	9
explained	9
explain	9
exclaimed	9
excited	9
escape	9
england	9
ears	9
discovered	9
difficulty	9
desk	9
desert	9
delury	9
dare	9
curiosity	9
covered	9
count	9
continued	9
common	9
coast	9
clothes	9
chance	9
cabinet	9
bruce	9
brisbane	9
breeze	9
breakfast	9
bed	9
beauty	9
beast	9
awakened	9
ask	9
arms	9
among	9
age	9
afternoon	9
afraid	9
|arabic4digit|	8
yesterday	8
wished	8
wife	8
we'll	8
watchman	8
view	8
vague	8
use	8
trying	8
themselves	8
terror	8
telegraphic	8
tall	8
swallowed	8
surprise	8
startling	8
staring	8
spirits	8
space	8
somewhat	8
slight	8
sky	8
shut	8
shook	8
servant	8
self	8
sah	8
rushed	8
request	8
recovered	8
real	8
pushed	8
presence	8
pommereul	8
please	8
pistol	8
paused	8
passengers	8
parted	8
paris	8
pale	8
office	8
occasion	8
necessary	8
nature	8
movement	8
moved	8
merely	8
memory	8
meeting	8
marry	8
loved	8
leapt	8
ladder	8
knowledge	8
june	8
indicated	8
heads	8
hartley	8
giving	8
getting	8
fresh	8
finally	8
fast	8
familiar	8
facts	8
entirely	8
english	8
easy	8
dying	8
didn't	8
determined	8
danger	8
current	8
crowded	8
crowd	8
creature	8
convinced	8
consciousness	8
conscious	8
completely	8
communication	8
closely	8
closed	8
chicago	8
carried	8
carriage	8
broke	8
brave	8
brainerd	8
bottom	8
bottle	8
board	8
bit	8
bad	8
atmosphere	8
anxious	8
across	8
accent	8
)	8
watched	7
watch	7
walls	7
walk	7
waiting	7
waited	7
voyage	7
visible	7
utterly	7
usually	7
trees	7
timmins	7
tim	7
thoroughly	7
streets	7
start	7
spring	7
spread	7
spite	7
south	7
smiled	7
signora	7
signal	7
shoulder	7
shock	7
shed	7
sharp	7
serious	7
seeing	7
save	7
sash	7
sake	7
running	7
run	7
result	7
report	7
record	7
recognised	7
receive	7
railway	7
rail	7
queer	7
produced	7
proceeded	7
private	7
president	7
presently	7
powerful	7
pocatello	7
played	7
placed	7
piece	7
personal	7
party	7
panic	7
outer	7
orleans	7
ordinary	7
ordered	7
object	7
o'reagan	7
noticed	7
needed	7
nearest	7
moving	7
move	7
month	7
member	7
meant	7
matters	7
married	7
major	7
main	7
lover	7
louis	7
live	7
lines	7
letters	7
learned	7
leap	7
leaned	7
later	7
language	7
jones	7
joined	7
join	7
jewels	7
isn't	7
interrupted	7
instrument	7
innocent	7
imagination	7
hurry	7
hung	7
horrible	7
hat	7
hardly	7
haffner	7
growing	7
grew	7
grasped	7
government	7
glanced	7
glance	7
gazed	7
friends	7
fortunate	7
forgotten	7
flung	7
firm	7
fine	7
fate	7
fall	7
experiences	7
everybody	7
europe	7
eagerly	7
e	7
duty	7
doing	7
disappeared	7
directly	7
depths	7
denver	7
darkness	7
daisy	7
crossed	7
cross	7
creole	7
conditions	7
columns	7
coat	7
carry	7
calmly	7
buried	7
brother	7
broad	7
bright	7
brief	7
breast	7
bow	7
born	7
banker	7
attracted	7
art	7
afterward	7
(	7
yon	6
wrong	6
wrist	6
worth	6
worked	6
wooden	6
wine	6
weeks	6
wasn't	6
walking	6
vessels	6
trifle	6
tremendous	6
tree	6
travel	6
touch	6
tonio	6
tired	6
tin	6
thousand	6
teeth	6
task	6
talked	6
sword	6
suit	6
suggestion	6
stronger	6
strangely	6
straight	6
steadily	6
speedily	6
southern	6
sometimes	6
soft	6
slow	6
sign	6
shown	6
secret	6
scarcely	6
sands	6
san	6
rope	6
romance	6
roar	6
risk	6
rising	6
retired	6
response	6
resolved	6
realised	6
rapidly	6
rapid	6
railroad	6
race	6
r	6
post	6
possibly	6
position	6
points	6
pleasure	6
picked	6
physical	6
path	6
pass	6
paragraph	6
overboard	6
orders	6
ones	6
none	6
nile	6
murder	6
movements	6
motionless	6
mighty	6
mere	6
melted	6
masked	6
mane	6
lowered	6
lower	6
lose	6
listen	6
leave	6
krewe	6
knows	6
kiss	6
intently	6
intense	6
inquired	6
innocence	6
impressed	6
important	6
immediate	6
i'd	6
honour	6
heaven	6
greater	6
gramercy	6
gold	6
glass	6
gentle	6
general	6
french	6
francisco	6
fought	6
foolish	6
food	6
flush	6
floated	6
finished	6
figures	6
fearful	6
failed	6
extraordinary	6
explosive	6
expect	6
evidence	6
everything	6
engaged	6
editor	6
dull	6
drop	6
draught	6
doors	6
dollars	6
discover	6
different	6
delay	6
deal	6
curtains	6
couldn't	6
consider	6
consent	6
clothing	6
circumstances	6
cheeks	6
changed	6
certainty	6
certainly	6
catch	6
canvas	6
burning	6
brown	6
brothers	6
boatswain	6
blowing	6
besides	6
beside	6
believed	6
bearing	6
astonished	6
army	6
apt	6
anxiety	6
acquaintance	6
you're	5
wounded	5
worthless	5
working	5
won't	5
witch	5
wires	5
whispered	5
weather	5
weapon	5
waving	5
waters	5
watching	5
washington	5
warm	5
war	5
ventured	5
velli	5
vast	5
varee	5
useless	5
upward	5
unusual	5
twenty	5
trouble	5
treat	5
torn	5
tones	5
tomb	5
thinking	5
telegrams	5
telegram	5
talking	5
sympathy	5
swept	5
suspected	5
summerson	5
summer	5
struggle	5
strode	5
stranger	5
stop	5
step	5
steep	5
stately	5
state	5
speed	5
speaking	5
sought	5
somehow	5
smoke	5
slightest	5
slept	5
slender	5
slabs	5
sisters	5
shone	5
shining	5
service	5
sentence	5
sending	5
securing	5
search	5
scenes	5
salt	5
safe	5
roof	5
river	5
rise	5
revenge	5
returning	5
resting	5
residence	5
remark	5
recognise	5
reagan	5
rain	5
ra	5
quarters	5
quarter	5
pull	5
proof	5
pray	5
poured	5
port	5
pointing	5
pleased	5
planet	5
places	5
phipson	5
perfect	5
pen	5
paw	5
passages	5
palm	5
painted	5
opposite	5
opportunity	5
opening	5
observed	5
obduracy	5
notice	5
neither	5
negro	5
neck	5
narrow	5
moments	5
mins	5
meat	5
martha	5
marriage	5
march	5
mansion	5
mad	5
ma'am	5
locked	5
liverpool	5
lived	5
listened	5
lightly	5
lighted	5
lie	5
leading	5
lane	5
landscape	5
lad	5
keen	5
island	5
invisible	5
interesting	5
india	5
indescribable	5
incident	5
impulse	5
impression	5
hurried	5
huddled	5
horse	5
horizon	5
hoped	5
hook	5
hide	5
hers	5
hearse	5
health	5
headless	5
haste	5
h	5
guilty	5
grow	5
greatly	5
greatest	5
grave	5
gang	5
furniture	5
furnished	5
fully	5
frightened	5
frenzy	5
frankly	5
forever	5
fool	5
following	5
flew	5
flashed	5
flames	5
fixed	5
fingers	5
fifty	5
fever	5
features	5
favour	5
farthest	5
farther	5
fallen	5
extra	5
excuse	5
examined	5
everdell	5
erect	5
entire	5
ended	5
eight	5
dry	5
drove	5
driver	5
dressing	5
dream	5
drank	5
doubtless	5
disturbed	5
distinct	5
distant	5
dispatches	5
dismissed	5
details	5
delicate	5
degree	5
cowardly	5
conviction	5
control	5
connected	5
condemned	5
comprehended	5
compound	5
committee	5
coffee	5
claws	5
chest	5
cheek	5
character	5
centre	5
cavern	5
caused	5
cat	5
cast	5
cartwright	5
carpet	5
careless	5
cared	5
california	5
bring	5
brain	5
box	5
bowed	5
boats	5
blow	5
bent	5
beasts	5
bat	5
barely	5
bang	5
ball	5
badly	5
avenue	5
ashamed	5
ascent	5
ascended	5
arrived	5
arose	5
appear	5
angry	5
andrew	5
altogether	5
alongside	5
ah	5
affected	5
action	5
accounts	5
accident	5
?'	5
%	5
yuma	4
youth	4
yonder	4
yards	4
worst	4
wore	4
wonderful	4
wise	4
winter	4
widow	4
whispering	4
wet	4
wears	4
we're	4
ways	4
wave	4
wandering	4
voices	4
violently	4
views	4
victory	4
vessel	4
various	4
value	4
utterance	4
urged	4
unprecedented	4
unlike	4
union	4
undertaker	4
underground	4
unbroken	4
tunnel	4
tremor	4
treated	4
trains	4
track	4
tore	4
tomorrow	4
today	4
throughout	4
thick	4
telling	4
telegrapher	4
takes	4
swiftly	4
swift	4
superintendent	4
sunday	4
sum	4
sullen	4
sufficient	4
sudley	4
succeeded	4
study	4
struggled	4
structure	4
striking	4
strained	4
stone	4
steps	4
steam	4
stars	4
stared	4
star	4
square	4
spent	4
sparkle	4
solve	4
softly	4
sofa	4
slipped	4
skeletons	4
sixty	4
sister	4
simply	4
silently	4
signs	4
sidewise	4
shrank	4
sharply	4
sentences	4
seat	4
scream	4
saved	4
rushing	4
rolled	4
robe	4
ring	4
ride	4
responded	4
respectful	4
resolute	4
reported	4
remote	4
remains	4
relieve	4
regular	4
regarding	4
regard	4
reflection	4
reckless	4
receiving	4
rate	4
rare	4
rapier	4
rage	4
questioned	4
provided	4
propriety	4
pronounced	4
professional	4
probably	4
pressure	4
presented	4
prayer	4
polhemus	4
pleasant	4
pin	4
pieces	4
pictures	4
picture	4
passion	4
passing	4
pages	4
page	4
paces	4
otherwise	4
older	4
oil	4
officers	4
offended	4
occurred	4
noble	4
neighbours	4
n	4
mystic	4
muttered	4
murdered	4
mountain	4
motive	4
monster	4
monmouth	4
mob	4
mite	4
mistaken	4
millions	4
mersville	4
mentioned	4
mees	4
mass	4
manifestations	4
makes	4
lovely	4
loudly	4
lookout	4
london	4
log	4
liked	4
liberty	4
leaning	4
lead	4
laugh	4
latter	4
latest	4
ladies	4
knowing	4
knot	4
knee	4
kingly	4
kindly	4
kill	4
keenly	4
iron	4
investigate	4
introduction	4
intended	4
instinctively	4
instinct	4
insisted	4
inside	4
insensible	4
inhabitants	4
indifference	4
incomprehensible	4
inches	4
impulsively	4
import	4
ice	4
hurt	4
hurriedly	4
hungry	4
houses	4
hot	4
hospitality	4
horror	4
holds	4
history	4
hinder	4
higher	4
hid	4
henry	4
heed	4
heat	4
happiness	4
happen	4
hanging	4
halted	4
guess	4
grey	4
green	4
grateful	4
grasp	4
grand	4
grace	4
glowing	4
glory	4
gloom	4
ghastly	4
george	4
gaze	4
gathering	4
gathered	4
gas	4
garden	4
gambling	4
fury	4
frame	4
forming	4
forget	4
forest	4
folly	4
follow	4
foliage	4
flight	4
flash	4
finger	4
fears	4
feared	4
fancy	4
faintly	4
failing	4
experienced	4
excellent	4
establishment	4
equally	4
entrance	4
enormous	4
enjoy	4
engrossed	4
engagement	4
endurance	4
encountered	4
elegant	4
electrical	4
eh	4
eavelli	4
earliest	4
ear	4
dusky	4
duel	4
driven	4
drinking	4
drink	4
dreadful	4
drawn	4
drawing	4
doorway	4
dog	4
distinctly	4
dignity	4
diamond	4
despair	4
depth	4
departed	4
deny	4
delight	4
declared	4
decided	4
daylight	4
darling	4
damp	4
daily	4
cy	4
curtain	4
crushing	4
cries	4
crematory	4
cremation	4
countenance	4
couch	4
cool	4
contractor	4
considerable	4
consequently	4
confused	4
conduct	4
conclusion	4
concerning	4
concern	4
comprehend	4
composure	4
complete	4
command	4
clouds	4
choking	4
children	4
childish	4
chasm	4
charge	4
chair	4
cautiously	4
carrington	4
card	4
cap	4
calling	4
burst	4
burned	4
built	4
building	4
brilliant	4
bricksburg	4
break	4
boxes	4
boiler	4
blue	4
blown	4
blind	4
blade	4
bewildered	4
beating	4
beat	4
beard	4
authorities	4
attitude	4
atlantic	4
ate	4
assumed	4
aspect	4
asleep	4
asking	4
arrival	4
armed	4
arabs	4
april	4
approached	4
anybody	4
ann	4
animal	4
american	4
alive	4
ain't	4
ahead	4
aghast	4
affairs	4
act	4
account	4
absolutely	4
abner	4
?''	4
|arabic5+digit|	3
you'll	3
yell	3
wrought	3
wrists	3
wound	3
wood	3
winds	3
win	3
willing	3
william	3
wildly	3
wilderness	3
whisper	3
whence	3
weird	3
wear	3
wealthy	3
we've	3
waste	3
warri	3
wants	3
wander	3
vulture	3
visitor	3
visited	3
vision	3
visage	3
violence	3
victim	3
vest	3
velvet	3
vaguely	3
uttered	3
utter	3
unnaturally	3
unless	3
understood	3
unconsciously	3
unchanged	3
twice	3
twenty-four	3
twelve	3
trusted	3
treatment	3
translated	3
trance	3
tossed	3
tide	3
thrill	3
thirst	3
thinks	3
thank	3
tests	3
test	3
tension	3
tenement	3
temporarily	3
tells	3
tears	3
tea	3
taste	3
tail	3
swords	3
swinging	3
suspicion	3
suspect	3
surveyed	3
surface	3
supposed	3
sunshine	3
sunlight	3
sunda	3
summoned	3
suggested	3
success	3
subterranean	3
sub	3
strongest	3
strict	3
streams	3
straining	3
stowed	3
stool	3
stir	3
stern	3
stepping	3
steel	3
steamship	3
steamer	3
stay	3
stands	3
staggering	3
spoken	3
spare	3
spacious	3
sounded	3
sorry	3
sorr	3
solved	3
snow	3
snatched	3
smooth	3
smoking	3
smaller	3
sleeping	3
size	3
sit	3
sinking	3
sink	3
singularly	3
singular	3
simple	3
sill	3
silk	3
significance	3
signed	3
signature	3
showing	3
shot	3
shortly	3
shield	3
sheets	3
shapely	3
shame	3
shake	3
shadows	3
shade	3
seven	3
settled	3
servants	3
seriously	3
senses	3
seated	3
seas	3
seance	3
scrape	3
schooner	3
scene	3
scared	3
satisfy	3
sarah	3
sapling	3
sail	3
safely	3
sad	3
rush	3
rumbled	3
rudely	3
royal	3
rosy	3
rome	3
romantic	3
rocks	3
rock	3
rochita	3
road	3
risen	3
rice	3
return	3
resumed	3
restoring	3
restless	3
respectable	3
respect	3
reports	3
rent	3
removed	3
remove	3
remembers	3
remembered	3
religious	3
regarded	3
regained	3
reference	3
reeling	3
recollection	3
recollect	3
recognition	3
recall	3
reappeared	3
readers	3
reaching	3
ramsey	3
raised	3
raging	3
quickness	3
pure	3
purchased	3
pulse	3
provide	3
prove	3
proud	3
protested	3
protection	3
promise	3
produce	3
problem	3
probability	3
prisoner	3
prince	3
preserve	3
powers	3
possession	3
possess	3
ponderous	3
politely	3
polite	3
platform	3
plans	3
plainly	3
placid	3
pit	3
phantom	3
perplexed	3
pay	3
paul	3
patter	3
passive	3
passage	3
parts	3
pardon	3
painful	3
pain	3
paid	3
paddled	3
overcame	3
outstretched	3
opinion	3
operator	3
ogden	3
official	3
offer	3
odour	3
occurrence	3
occur	3
occupied	3
observer	3
obeyed	3
numerous	3
notions	3
normal	3
nonsense	3
non	3
noise	3
nodded	3
nine	3
newspapers	3
nerve	3
necessity	3
naturally	3
natural	3
names	3
murmured	3
motives	3
moods	3
monsieur	3
monomaniac	3
moaning	3
moaned	3
mistake	3
miserable	3
mirror	3
minidoka	3
midst	3
mexico	3
meteorological	3
meestu	3
mediums	3
medicine	3
mechanically	3
measure	3
meaning	3
master	3
mask	3
mark	3
majesty	3
maintained	3
maid	3
luck	3
lowering	3
lot	3
lofty	3
lives	3
limbs	3
likes	3
lightning	3
lifting	3
lies	3
level	3
letting	3
legs	3
leaves	3
le	3
laying	3
laughs	3
laughed	3
languid	3
landing	3
knees	3
king	3
juge	3
joy	3
job	3
jewel	3
jerusalem	3
jane	3
j	3
intrusion	3
interference	3
interested	3
intensity	3
instruments	3
inner	3
ing	3
informing	3
information	3
indistinct	3
indicate	3
importance	3
impetuously	3
impelled	3
impatient	3
impatience	3
imagined	3
illumined	3
ignorance	3
humanity	3
honest	3
hollow	3
hesitated	3
hero	3
helpless	3
helped	3
hell	3
heavily	3
healthy	3
headed	3
he's	3
handwriting	3
hadn't	3
habit	3
guard	3
growled	3
greeting	3
gradually	3
graceful	3
goodnight	3
good-humour	3
golden	3
glorious	3
glimpse	3
ghost	3
gesture	3
gertrude	3
genuine	3
gentlemen	3
gazing	3
game	3
gaining	3
gained	3
future	3
furious	3
fun	3
fright	3
friendship	3
freely	3
forty	3
fortress	3
forms	3
fly	3
flushed	3
flashing	3
fist	3
fin	3
file	3
figure	3
fibre	3
feebly	3
fascinating	3
fantastic	3
falling	3
fairly	3
fair	3
fainted	3
faded	3
facing	3
facial	3
faced	3
extracted	3
extinguish	3
expressed	3
express	3
exposed	3
explanation	3
expert	3
existence	3
executed	3
exactly	3
exact	3
evil	3
evident	3
everywhere	3
eternal	3
estate	3
especial	3
errand	3
enable	3
empty	3
employment	3
emotion	3
een	3
eef	3
easily	3
earnestness	3
earnest	3
earlier	3
dust	3
due	3
dressed	3
dreamy	3
dreams	3
dozen	3
dough	3
doesn't	3
doctors	3
diver	3
disturbance	3
disregarding	3
discussing	3
disaster	3
diningroom	3
dimpled	3
dimmersville	3
difficult	3
devoted	3
desperation	3
desolation	3
deserted	3
described	3
describe	3
departure	3
demand	3
delurys	3
deluded	3
deliver	3
definite	3
defiant	3
deeply	3
deef	3
decide	3
dearly	3
dearest	3
deadly	3
dawn	3
darted	3
cyrus	3
curses	3
curiously	3
crisis	3
crawl	3
crash	3
covering	3
corpse	3
cooper	3
cook	3
conversation	3
continue	3
content	3
contained	3
consequence	3
connexion	3
confusion	3
confess	3
concerned	3
concealed	3
compliment	3
commercial	3
comes	3
combat	3
coloured	3
clutched	3
clung	3
clock	3
clicks	3
click	3
clasp	3
claims	3
clad	3
civilization	3
citizens	3
church	3
chart	3
charm	3
chap	3
chamber	3
chain	3
cell	3
ceased	3
casks	3
cart	3
carelessly	3
careful	3
capable	3
candles	3
candle	3
butt	3
broadway	3
bringing	3
bride	3
breathless	3
breathed	3
breach	3
boughs	3
bosom	3
bore	3
boots	3
blushed	3
block	3
blessed	3
blankly	3
blanket	3
blackness	3
bitter	3
birchen	3
believes	3
beginning	3
begin	3
beg	3
beef	3
bedroom	3
becalmed	3
bear	3
battle	3
battery	3
bare	3
band	3
bachelor	3
b	3
awake	3
australian	3
attempts	3
assured	3
assemblage	3
apparent	3
appalling	3
aperture	3
apartments	3
apartment	3
anywhere	3
answering	3
announcement	3
announced	3
amount	3
ambition	3
allowed	3
alley	3
afforded	3
afford	3
adventure	3
advanced	3
admit	3
addressing	3
addressed	3
absolute	3
aboard	3
\"	3
.,	3
.''	3
&	3
•	2
»	2
zis	2
youthful	2
you've	2
wrung	2
wronged	2
wretched	2
wreckage	2
wounds	2
wouldn't	2
worse	2
worn	2
worded	2
woodshed	2
wondering	2
wondered	2
womanly	2
woke	2
wits	2
winkletips	2
wing	2
windows	2
willed	2
widower	2
wicked	2
wholly	2
whittled	2
whittle	2
whirl	2
whipped	2
whim	2
wherever	2
whenever	2
wheeled	2
wheel	2
well-known	2
welfare	2
wealth	2
warning	2
walks	2
wake	2
waist	2
wager	2
w	2
vowed	2
vivid	2
visit	2
violent	2
villains	2
vigour	2
vigorously	2
vigorous	2
veil	2
vehicles	2
vanished	2
using	2
urging	2
urgently	2
urge	2
upturned	2
upper	2
unworthy	2
unwittingly	2
unto	2
untenable	2
unseen	2
unreasonable	2
unprotected	2
unpleasant	2
unnatural	2
unknown	2
united	2
unheeded	2
unhappily	2
unexpected	2
undulating	2
undoubtedly	2
undertook	2
underneath	2
uncovered	2
unconcernedly	2
unable	2
ugly	2
type	2
twenty-five	2
twenty-first	2
turf	2
tumult	2
tumbled	2
tube	2
trustees	2
trousers	2
trot	2
triumphant	2
tricks	2
trick	2
trial	2
transpired	2
tragedy	2
trade	2
towering	2
towards	2
touching	2
tossing	2
torrent	2
torpeter	2
tongues	2
tips	2
tipped	2
tip	2
tiny	2
tightly	2
tied	2
thursday	2
thunder	2
throwing	2
throw	2
throat	2
thorough	2
thirty	2
thickly	2
thereupon	2
th	2
terrific	2
terribly	2
terrestrial	2
termed	2
terence	2
temporary	2
temple	2
temper	2
tearing	2
tawny	2
tarpaulin	2
t	2
system	2
swung	2
swim	2
swell	2
swear	2
suspension	2
suspense	2
suspended	2
survey	2
surrounded	2
supreme	2
suppression	2
supple	2
superstitious	2
superstition	2
superior	2
sunk	2
summit	2
suitor	2
suitable	2
suggest	2
sugar	2
sufferings	2
suffered	2
subtle	2
stupor	2
stupid	2
stupendous	2
stuck	2
struggling	2
strongly	2
strokes	2
strike	2
stricken	2
stretched	2
streaming	2
streak	2
stout	2
stored	2
stimulus	2
stiff	2
stick	2
stealthy	2
steadfast	2
stayed	2
states	2
statement	2
startlingly	2
stare	2
staggered	2
stagger	2
stab	2
squeezed	2
springs	2
spray	2
spoiled	2
splash	2
spiritualist	2
spiritualism	2
speculate	2
spectacles	2
spectacle	2
specimen	2
spark	2
sources	2
sounds	2
souls	2
soulless	2
sorrow	2
sooner	2
somewhere	2
somebody	2
sombre	2
solution	2
solemnly	2
solemn	2
solely	2
softened	2
social	2
soaked	2
snowy	2
sneered	2
smoothly	2
smith	2
smiling	2
smelled	2
smell	2
slope	2
slightly	2
sleeve	2
skurried	2
singing	2
similarly	2
silver	2
silly	2
silhouette	2
sighed	2
sides	2
shy	2
shuddered	2
shudder	2
shrieked	2
shrewd	2
shows	2
shouting	2
shots	2
shoshone	2
shirt	2
shimmering	2
shields	2
shelter	2
sheet	2
sheer	2
shaven	2
shan't	2
shaken	2
shadow	2
shabby	2
sex	2
settling	2
setting	2
services	2
separating	2
sentimental	2
sensations	2
selfish	2
seeming	2
seeking	2
seek	2
secure	2
section	2
secrecy	2
seconds	2
searched	2
seances	2
screen	2
screamed	2
scrap	2
scoundrel	2
scientific	2
science	2
scheme	2
scarlet	2
saturday	2
satisfied	2
satisfaction	2
sam	2
safety	2
s	2
russia	2
rule	2
ruins	2
rugs	2
rugged	2
ruffled	2
rude	2
routes	2
roughly	2
rouge	2
roses	2
roomy	2
roll	2
rode	2
rocky	2
robinson	2
roads	2
ripples	2
riner	2
rid	2
richly	2
richard	2
revolver	2
revolve	2
retorted	2
retain	2
restraint	2
responsible	2
respects	2
resist	2
reserve	2
rescued	2
requires	2
required	2
reputed	2
reproach	2
repeat	2
renewed	2
removing	2
remembering	2
remainder	2
relatives	2
rejoined	2
rejoinder	2
regards	2
refused	2
refuse	2
refuge	2
reflected	2
refer	2
recoiled	2
reclining	2
recent	2
receded	2
reasons	2
re	2
raving	2
rapidity	2
railroads	2
quote	2
quit	2
quicker	2
questions	2
quarrelled	2
quarrel	2
q	2
putting	2
push	2
punishment	2
pulling	2
puffs	2
prudence	2
provoked	2
provisions	2
protected	2
prospective	2
proportions	2
proportion	2
proper	2
promises	2
promised	2
projecting	2
progress	2
profound	2
proffered	2
profession	2
procure	2
proceedings	2
proceeding	2
proceed	2
prison	2
prima	2
prevent	2
preparing	2
preparations	2
preparation	2
preoccupied	2
precisely	2
prayson	2
practical	2
pout	2
pounded	2
portion	2
population	2
popular	2
poppies	2
police	2
pointed	2
plunged	2
playful	2
play	2
plate	2
plan	2
pity	2
pistols	2
pirate	2
pipe	2
pint	2
pierced	2
picturesque	2
physique	2
physicians	2
physically	2
phosphorus	2
phenomenon	2
perplexity	2
period	2
peril	2
perceive	2
paying	2
paws	2
pavart	2
paternal	2
pastime	2
paso	2
parting	2
particulars	2
particular	2
partially	2
park	2
par	2
panting	2
pang	2
painter	2
pahdon	2
packed	2
paced	2
pace	2
oxygen	2
owing	2
overhead	2
overdue	2
oval	2
outrage	2
outlines	2
outcry	2
outbreak	2
ourselves	2
original	2
origin	2
orient	2
opposed	2
opinions	2
oof	2
ominous	2
olive	2
officer	2
offensive	2
odd	2
obviously	2
obvious	2
observation	2
obliged	2
o'rea	2
nursing	2
numbers	2
nourishment	2
nose	2
northern	2
north	2
noon	2
nonchalantly	2
nod	2
nigh	2
nicknamed	2
nervous	2
nerves	2
ner	2
nay	2
narrator	2
narrative	2
named	2
mysteriously	2
mute	2
mustn't	2
musical	2
muffled	2
mud	2
moustache	2
motion	2
moses	2
morsel	2
moral	2
moonlight	2
mood	2
momentary	2
momentarily	2
mist	2
mississippi	2
missile	2
missed	2
misfortune	2
misery	2
ministry	2
miniature	2
mingled	2
minds	2
min	2
miller	2
mild	2
mightily	2
middle	2
metropolis	2
metallic	2
metal	2
messages	2
merson	2
merry	2
merest	2
mercy	2
mention	2
ment	2
members	2
melody	2
medical	2
meanwhile	2
meantime	2
meal	2
mayor	2
match	2
mastery	2
massive	2
maskers	2
marvellous	2
marks	2
mardi	2
maniac	2
malicious	2
malice	2
malady	2
mainly	2
magnificent	2
magnetic	2
madness	2
madam	2
luxuriously	2
lunatic	2
luckily	2
loving	2
loves	2
losing	2
lone	2
located	2
livid	2
literally	2
lit	2
listening	2
lip	2
limp	2
limited	2
lime	2
lift	2
lifetime	2
lifeless	2
levant	2
leg	2
lazily	2
lawyers	2
lawless	2
laughter	2
latitude	2
langworth	2
landed	2
lake	2
labourers	2
labourer	2
la	2
knobs	2
kletip	2
kindness	2
jumping	2
jumped	2
jules	2
judith	2
judgement	2
joke	2
jest	2
jealous	2
jam	2
issued	2
israel	2
isolated	2
isaiah	2
irresistible	2
irregular	2
involuntarily	2
intimate	2
interruption	2
interrupting	2
interfere	2
intercourse	2
intentional	2
intention	2
intensely	2
intend	2
intelligent	2
insulted	2
insulated	2
insecurity	2
inquiry	2
influential	2
induced	2
individuality	2
indicative	2
indication	2
indefinite	2
increasing	2
income	2
included	2
inclination	2
improvised	2
impertinent	2
imparted	2
impact	2
im	2
ignorant	2
idiot	2
husband	2
humoredly	2
humble	2
horses	2
horseback	2
hopes	2
honoured	2
homeless	2
holy	2
holes	2
hoff	2
ho	2
hitched	2
hint	2
hinges	2
hill	2
hideous	2
hidden	2
hetty	2
hello	2
height	2
heels	2
heavens	2
heated	2
heartless	2
hearing	2
heap	2
headlines	2
he'd	2
haven't	2
hatchet	2
hatch	2
hastily	2
hastened	2
harshness	2
harmless	2
harmed	2
happily	2
handsome	2
halls	2
guessed	2
gruesome	2
grossly	2
groans	2
groaning	2
gripped	2
gravely	2
gratitude	2
grate	2
grass	2
gras	2
gown	2
governing	2
gorgeous	2
goodbye	2
glow	2
glories	2
gloomy	2
globe	2
glimmered	2
glee	2
glaring	2
glared	2
glare	2
gladly	2
girls	2
gigantic	2
gestures	2
gee	2
gay	2
gather	2
gasping	2
garments	2
gardener	2
gan	2
gambler	2
gain	2
furtive	2
furnish	2
fumbling	2
fro	2
friendly	2
friday	2
frequent	2
fraud	2
frantically	2
frantic	2
frank	2
france	2
forwarded	2
fortunately	2
former	2
formed	2
forgot	2
forces	2
forbade	2
footsteps	2
fond	2
followers	2
folds	2
fo	2
fluttered	2
flow	2
flinched	2
fled	2
flank	2
fitting	2
fitful	2
fit	2
firmly	2
fired	2
finish	2
finer	2
final	2
fifth	2
fifteen	2
fierce	2
feverishly	2
feverish	2
fetch	2
fencing	2
fellows	2
feelings	2
feeble	2
favourite	2
favourable	2
fault	2
fatal	2
fat	2
fastened	2
fasten	2
fashionable	2
fascination	2
fancied	2
famous	2
families	2
false	2
faithful	2
faith	2
failure	2
fail	2
fading	2
extremely	2
extent	2
explosives	2
explore	2
exploded	2
expedition	2
expecting	2
expectation	2
exhibition	2
excite	2
excessively	2
evidences	2
eventful	2
event	2
euchre	2
estimation	2
estimate	2
especially	2
escaped	2
er	2
ephemeral	2
enthusiastically	2
enthusiasm	2
enter	2
enslaved	2
enjoyment	2
engineer	2
endure	2
endless	2
encouragement	2
encourage	2
empress	2
employed	2
emphasis	2
emerged	2
eleven	2
eldest	2
el	2
eighteen	2
egypt	2
efforts	2
effectually	2
ef	2
eet	2
editorial	2
echoed	2
eccentric	2
eat	2
eastward	2
eastern	2
easterly	2
easier	2
eager	2
duellist	2
drunken	2
drops	2
dropping	2
drooped	2
dripping	2
drifted	2
dried	2
dreaming	2
dread	2
draw	2
drag	2
doubts	2
doubtful	2
doomed	2
donna	2
doggedly	2
doctor	2
divided	2
distrust	2
district	2
distinguish	2
disregarded	2
disregard	2
displayed	2
disorderly	2
dismissing	2
dishevelled	2
discussed	2
discovery	2
discovering	2
disclosure	2
discharged	2
disappear	2
dis	2
directed	2
dire	2
dinners	2
din	2
dilate	2
diameter	2
dialogue	2
developed	2
detail	2
destroying	2
destroyed	2
deserving	2
descending	2
descend	2
depression	2
delighted	2
deliberately	2
defiance	2
defend	2
deemed	2
deeds	2
deckerman	2
dealers	2
dazed	2
daytime	2
dated	2
dashed	2
dangerous	2
d	2
cutting	2
cursed	2
currents	2
cup	2
crying	2
cruising	2
cruel	2
crowds	2
crouching	2
crouched	2
critical	2
crime	2
crazy	2
crazed	2
coward	2
cover	2
courts	2
court	2
couple	2
counterpart	2
counter	2
counsel	2
correspondent	2
correct	2
coroner	2
corners	2
corks	2
cork	2
copy	2
cooperation	2
continues	2
continually	2
contents	2
contemplated	2
containing	2
construction	2
consternation	2
constantly	2
constant	2
considered	2
consideration	2
consequences	2
conquest	2
congenial	2
confidently	2
condensed	2
comrades	2
compromised	2
composed	2
community	2
communications	2
commerce	2
comment	2
comic	2
comfortable	2
comfort	2
comely	2
combined	2
colour	2
colony	2
colonel	2
college	2
clumsy	2
clinging	2
climb	2
clicked	2
clergyman	2
clearly	2
clean	2
clasped	2
clapped	2
clang	2
clamber	2
civil	2
circumstantial	2
circles	2
cigar	2
chosen	2
chintz	2
chin	2
characterised	2
chaos	2
changing	2
chandeliers	2
chanced	2
chambers	2
ceremony	2
centuries	2
centres	2
centred	2
central	2
celebrated	2
cease	2
caverns	2
cave	2
cautious	2
carved	2
carrying	2
carnival	2
cans	2
canal	2
camps	2
camp	2
caesar	2
cable	2
cab	2
buy	2
busy	2
businesslike	2
burn	2
burly	2
burial	2
bunk	2
bulletins	2
brow	2
briskly	2
brisbanes	2
brick	2
breathing	2
breathe	2
bread	2
boyish	2
bought	2
bottomless	2
bottles	2
boldness	2
boarded	2
blush	2
bloody	2
blazing	2
blank	2
blame	2
bitterness	2
bitterly	2
birds	2
birch	2
bigger	2
bid	2
bewitched	2
betrothed	2
bestow	2
beneath	2
bend	2
bell	2
belief	2
behalf	2
begun	2
bedside	2
bediviled	2
battlements	2
bathed	2
barker	2
bankers	2
balmy	2
baited	2
bait	2
backward	2
awoke	2
awkward	2
awe	2
avoid	2
australia	2
august	2
attend	2
attempted	2
astonishment	2
astonishing	2
assuming	2
associate	2
assisting	2
assistance	2
assert	2
ascend	2
arrayed	2
arrangements	2
aroused	2
arouse	2
aristocratic	2
argued	2
ar	2
approach	2
apprehensions	2
appointed	2
appeal	2
apologise	2
apologies	2
anticipating	2
antagonist	2
annoyance	2
anniversary	2
annihilation	2
angered	2
amazed	2
allowance	2
allow	2
alexandria	2
alert	2
alarming	2
alarmed	2
aided	2
aid	2
ages	2
aged	2
aft	2
affectionate	2
affection	2
advised	2
adventures	2
advantage	2
advancing	2
adrift	2
admired	2
adequate	2
addresses	2
addition	2
adding	2
add	2
ad	2
acute	2
actually	2
acts	2
active	2
acting	2
acquire	2
acquainted	2
acknowledged	2
acknowledge	2
according	2
accompanied	2
accepting	2
absence	2
abode	2
abandoned	2
[	2
-"	2
-	2
',	2
%"	2
";	2
!'	2
■"	1
■	1
«	1
zig	1
zey	1
zephyrs	1
zare	1
zagged	1
yours	1
yourn	1
younger	1
you'd	1
yorkers	1
yo	1
yields	1
yielding	1
yield	1
yer	1
yelled	1
yankees	1
xxnite	1
writhe	1
writer	1
wrinkled	1
wringing	1
wring	1
wretchedness	1
wrenches	1
wrecks	1
wreathed	1
wrath	1
wraps	1
wrapped	1
wrangles	1
woulda	1
worrying	1
worry	1
worried	1
works	1
workers	1
wooing	1
wondrously	1
wondrous	1
wonders	1
wonderment	1
won	1
woman'was	1
wobbled	1
witted	1
witnessed	1
witness	1
withdrew	1
withdrawn	1
withdraw	1
wit	1
wistfully	1
wishes	1
wiser	1
wisdom	1
wiping	1
wiped	1
wipe	1
winsome	1
winning	1
winner	1
winkle	1
winding	1
wilson	1
wills	1
wildernesses	1
wilder	1
wight	1
wierdly	1
widowed	1
widespread	1
wider	1
widen	1
widely	1
wi	1
wholesome	1
whizzing	1
whittling	1
whither	1
whiter	1
whitening	1
whistle	1
whiskers	1
whisked	1
whirled	1
whereupon	1
whereabouts	1
westward	1
wept	1
weirdly	1
weights	1
weight	1
weighing	1
weigh	1
weez	1
weeping	1
wednesday	1
wedding	1
wearying	1
weary	1
wearing	1
wearily	1
weakness	1
weakly	1
weaker	1
weaken	1
waxen	1
wax	1
waves	1
wavered	1
waver	1
waterlogged	1
watered	1
watchfulness	1
watchful	1
watchers	1
wasteful	1
washerwoman	1
washed	1
warnings	1
warned	1
warn	1
warmly	1
warmed	1
wariness	1
warily	1
warehouse	1
ward	1
wanderings	1
wan	1
wallet	1
waking	1
wakened	1
waiter	1
waistcoat	1
wails	1
wailed	1
wail	1
waifs	1
wagons	1
wagon	1
vulnerable	1
vortex	1
voluntary	1
voluminously	1
voluble	1
voiced	1
vocalised	1
vitals	1
vital	1
vita	1
visits	1
visiting	1
visitations	1
visions	1
virtue	1
violets	1
vindication	1
vindicarvi	1
villain	1
vil	1
vieux	1
vicious	1
vial	1
vestibule	1
ves	1
vermont	1
veriest	1
verge	1
verdict	1
venture	1
venomous	1
vengeance	1
venerable	1
velocity	1
veins	1
vehicle	1
vegetables	1
vegetable	1
veence	1
ve	1
vaunted	1
varying	1
variations	1
variation	1
variance	1
vareeglad	1
vaporising	1
vanity	1
vanishing	1
vanderveer	1
valve	1
valuable	1
valley	1
validity	1
vagueness	1
vacant	1
uttering	1
utmost	1
utensils	1
ushered	1
urn	1
urgent	1
uptown	1
upstairs	1
upset	1
upright	1
upraised	1
upflaring	1
unwritten	1
unwisely	1
unwarranted	1
unvindictive	1
unusually	1
unused	1
untouched	1
untold	1
unsuspiciously	1
unsuspected	1
unsteadily	1
unsolved	1
unsheathed	1
unshaken	1
unscrewed	1
unsatisfactory	1
unsafe	1
unrolled	1
unresponsiveness	1
unresistant	1
unrelieved	1
unreliable	1
unreasonableness	1
unreality	1
unravel	1
unpretentious	1
unpretending	1
unpleasantness	1
unperceived	1
unpardonable	1
unparalleled	1
unofficial	1
unoccupied	1
unobstructed	1
unmixed	1
unmistakably	1
unmingled	1
unmeaningly	1
unmarried	1
unmanned	1
unloosing	1
unlocked	1
unknowable	1
unkindly	1
unkempt	1
university	1
universal	1
unintentionally	1
unintelligible	1
uninjured	1
unhurt	1
unharmed	1
ungovernable	1
ungentlemanliness	1
unfortunate	1
unfluttered	1
unfavourable	1
unfaithful	1
uneventful	1
unendurable	1
uneasy	1
uneasiness	1
unearthly	1
unearthed	1
undulations	1
undoing	1
undeveloped	1
undertone	1
undertakers	1
understanding	1
underglow	1
underfoot	1
uncommonly	1
uncommon	1
uncomfortable	1
uncles	1
uncertainty	1
uncertainties	1
uncanny	1
unbending	1
unbelieving	1
unbeliever	1
unaware	1
unavailing	1
unassailable	1
unaided	1
unaccustomed	1
unaccountable	1
umpire	1
uglier	1
u	1
typographical	1
typical	1
typhoid	1
twoscore	1
twitch	1
twisting	1
twinkling	1
twinkled	1
twin	1
twilight	1
twenty-two	1
twenty-third	1
twenty-second	1
twenty-one	1
twentieth	1
twas	1
twain	1
tutelage	1
tussled	1
turfed	1
turbulence	1
tunnelled	1
tumultuous	1
tumultous	1
tumbledown	1
tugging	1
tugged	1
tug	1
tuesday	1
ttyhen	1
tryin	1
truthful	1
trusty	1
trustworthy	1
trusting	1
trustful	1
trunks	1
troupe	1
trough	1
troubling	1
trophies	1
trivialities	1
trivial	1
triumph	1
tripped	1
trickster	1
trepidation	1
tremulously	1
tremulous	1
trembling	1
trembled	1
tremble	1
treatise	1
treating	1
treachery	1
tray	1
traversed	1
travelling	1
travellers	1
trap	1
transportation	1
transmit	1
transition	1
transit	1
transient	1
transformed	1
transfixed	1
tranquilly	1
trampling	1
trampled	1
tramping	1
trait	1
trail	1
tragical	1
tragedian	1
tradition	1
tract	1
tracks	1
traces	1
traced	1
towing	1
towered	1
tourists	1
touchy	1
total	1
toss	1
tortured	1
tormented	1
tor	1
tops	1
topped	1
topmost	1
tooth	1
tools	1
tongue	1
tombs	1
tom	1
toil	1
tobacco	1
title	1
tion	1
tinted	1
tint	1
tingled	1
ting	1
tinder	1
timmins'scab	1
timidity	1
timid	1
timed	1
timbers	1
timber	1
tile	1
tightened	1
tifu	1
tie	1
tided	1
ticking	1
tickets	1
thurbers	1
thunderstorm	1
thunderbolts	1
thunderbolt	1
thumb	1
throng	1
throbs	1
throbbing	1
thrilling	1
thrilled	1
thresholds	1
threshold	1
threatening	1
threatened	1
threat	1
thousands	1
thoughtless	1
thoroughfare	1
thongs	1
thompson	1
thirteen	1
thin	1
thickness	1
they've	1
thereby	1
there'll	1
theory	1
theme	1
thees	1
theenk	1
thee	1
thece	1
theatres	1
the'ook	1
that'll	1
thanks	1
thankful	1
texas	1
tester	1
testament	1
terrors	1
terms	1
terhune	1
ter	1
tensest	1
tenor	1
tennis	1
tending	1
tenderness	1
tenderly	1
tendered	1
tender	1
tended	1
tend	1
tenants	1
tempting	1
tempted	1
temptation	1
telled	1
telegraphy	1
telegraphing	1
tediously	1
tedious	1
tease	1
tear	1
teams	1
teamed	1
tc	1
taxed	1
taunting	1
taught	1
tattered	1
tastes	1
tar	1
tapestry	1
tapers	1
taper	1
tap	1
tance	1
talons	1
tallied	1
taller	1
talks	1
tales	1
talcing	1
tactics	1
tackle	1
tables	1
syria	1
synagogue	1
symptoms	1
sympathise	1
symmetry	1
symmetrical	1
syllable	1
swore	1
swooping	1
swoop	1
swirl	1
swiftness	1
sweetly	1
sweetheart	1
sweep	1
swaying	1
swayed	1
swarthy	1
swamped	1
swallows	1
swaggering	1
sustain	1
suspecting	1
survivor	1
surveillance	1
surroundings	1
surrounding	1
surrender	1
surpassing	1
surlily	1
surging	1
surgeons	1
surged	1
sur	1
suppress	1
supported	1
supply	1
supplemented	1
supernatural	1
superciliousness	1
superb	1
super	1
sunset	1
sunken	1
summon	1
sultry	1
sullenly	1
suits	1
suited	1
suicide	1
suggestive	1
suggestions	1
suffocation	1
suffocated	1
sufficiently	1
suffers	1
suffering	1
suffer	1
suddenness	1
suction	1
sucking	1
succumbed	1
succession	1
successful	1
succeed	1
substance	1
submitted	1
subjective	1
subdued	1
subcontractor	1
suave	1
sua	1
style	1
stupidly	1
stupefied	1
stumbling	1
stumble	1
stuff	1
studies	1
studded	1
stubbornness	1
stubbed	1
strutting	1
strove	1
strolled	1
stroked	1
strive	1
stripped	1
stringent	1
strikingly	1
strides	1
strictly	1
strewn	1
strewed	1
stretching	1
stretch	1
strenuously	1
streamed	1
stream	1
stray	1
stratagem	1
strangeness	1
stranded	1
strait	1
strain	1
straightening	1
storming	1
stories	1
stores	1
store	1
stopping	1
stony	1
stolid	1
stolen	1
stole	1
stockton	1
stockholders	1
stock	1
stirred	1
stillness	1
stiflingly	1
steward	1
sternness	1
steeper	1
steeled	1
steamships	1
steaming	1
steamers	1
stealthily	1
stations	1
stating	1
stated	1
starve	1
startle	1
starlight	1
starched	1
stampede	1
stairway	1
stairs	1
staircase	1
stair	1
stain	1
stagnation	1
stage	1
stabber	1
squirm	1
squeeze	1
spurned	1
sprinkled	1
springtime	1
sprigs	1
spreading	1
sprawling	1
spotted	1
spots	1
sponge	1
spoiling	1
splendour	1
splendid	1
splashing	1
spiteful	1
spiritualists	1
spend	1
spell	1
speeding	1
speechless	1
spectator	1
specifically	1
specific	1
specially	1
spears	1
speaks	1
speakers	1
speaker	1
spars	1
sparkles	1
spared	1
spar	1
spangles	1
spaces	1
southwestern	1
southward	1
southerners	1
southeast	1
southampton	1
sorting	1
sort'usually	1
sorrowed	1
sorely	1
soothing	1
soothed	1
song	1
somnambulism	1
solitary	1
solidly	1
solid	1
solicitation	1
soles	1
sole	1
soldier	1
solace	1
soiled	1
sodden	1
societies	1
sobriquet	1
soberness	1
sob	1
so-so	1
snow-white	1
snm	1
sneering	1
snarling	1
snap	1
smouldered	1
smoothness	1
smiting	1
smilingly	1
smiles	1
smileless	1
smelling	1
smashed	1
smartest	1
smallness	1
smallest	1
smack	1
slumberer	1
slumber	1
slowing	1
slip	1
slings	1
sliding	1
slid	1
sleeves	1
sleepy	1
sleeps	1
sleek	1
slavering	1
slanted	1
slammed	1
slain	1
skulls	1
skulking	1
skirts	1
skipped	1
skins	1
skinned	1
skin	1
skill	1
skies	1
sketch	1
sits	1
site	1
sipped	1
sins	1
sings	1
singers	1
sincerity	1
sincerely	1
simplicity	1
simpler	1
similar	1
silhouettes	1
silenced	1
siiall	1
significant	1
signalled	1
sighted	1
sighing	1
sigh	1
sift	1
sideways	1
sidewalks	1
shyness	1
shutting	1
shutter	1
shrunken	1
shrugged	1
shrivelled	1
shrink	1
shrieks	1
shoxald	1
shoveler	1
shouted	1
shout	1
shouldn't	1
shouldering	1
short-lived	1
shores	1
shorely	1
shore	1
shooter	1
shoaling	1
shivered	1
shiver	1
shipping	1
shine	1
shimmer	1
sherry	1
shelved	1
shell	1
shears	1
she'll	1
she'd	1
shaves	1
shaved	1
sharming	1
shared	1
shapes	1
shaped	1
shanty	1
shaggy	1
shafts	1
shaft	1
shadowy	1
severest	1
severely	1
severed	1
seventy	1
seventeen	1
settlers	1
settler	1
settlements	1
settlement	1
settle	1
session	1
served	1
serve	1
serpent	1
series	1
serenely	1
serene	1
sequence	1
separated	1
sensitive	1
sensibility	1
senseless	1
sensation	1
sensate	1
senior	1
semiconsciousness	1
semicircle	1
seltzer	1
sels	1
sell	1
selfishness	1
self-possession	1
self-defence	1
select	1
seize	1
seen'the	1
seemingly	1
seed	1
securely	1
sect	1
seawater	1
seasonable	1
season	1
seasickness	1
searchingly	1
searching	1
searchers	1
seams	1
sealed	1
sculptor	1
scrutiny	1
scrutinised	1
screams	1
scrawl	1
scrambled	1
scraggiest	1
scott	1
score	1
scintillate	1
scholar	1
scepticism	1
scent	1
scenery	1
scattered	1
scare	1
saving	1
sauvage	1
saturated	1
satisfactory	1
satisfactorily	1
satin	1
satanic	1
satan	1
sanvas	1
sandford	1
salubrious	1
salty	1
salts	1
salles	1
salle	1
sailed	1
sagacity	1
sagacious	1
sadness	1
sadly	1
saddle	1
saddened	1
sacrificing	1
sacrificed	1
rymple	1
ruthless	1
rusty	1
rustle	1
rusinurby	1
rungs	1
rumoured	1
rumbling	1
rumble	1
ruin	1
rug	1
ruddy	1
rudder	1
routine	1
route	1
rout	1
roused	1
rouse	1
roundness	1
rounding	1
roulette	1
rough	1
rotten	1
rotted	1
rothschilds	1
rot	1
rosebuds	1
romeo	1
romances	1
rolling	1
role	1
rogue	1
rochefort	1
robes	1
robbery	1
roadways	1
roadbed	1
rivers	1
rioting	1
rings	1
ringing	1
rimmed	1
rim	1
rilled	1
righting	1
ridicule	1
riders	1
rider	1
riddle	1
rickety	1
riccadonnas	1
rex	1
revulsion	1
revolting	1
reviling	1
reviewing	1
reverted	1
reverse	1
reverie	1
reverberation	1
revelations	1
revelation	1
revealed	1
retiring	1
retained	1
resume	1
results	1
restraints	1
restlessly	1
restful	1
restaurateurs	1
respond	1
respective	1
respectfully	1
respected	1
resounding	1
resolutely	1
resisting	1
resents	1
resentment	1
rescue	1
requiring	1
requests	1
repulsed	1
reprovingly	1
reproduced	1
reproachful	1
repressed	1
represented	1
representative	1
replete	1
replenishing	1
replaced	1
replace	1
repetition	1
repentantly	1
repent	1
repeats	1
repeating	1
repast	1
repaired	1
repaid	1
renowned	1
renew	1
rendered	1
rende	1
removal	1
remotest	1
remorseless	1
remorse	1
reminiscent	1
remind	1
remarks	1
remarking	1
remarkably	1
remaining	1
reluctantly	1
reloaded	1
relinquishing	1
religions	1
religion	1
relief	1
reliable	1
released	1
relaxed	1
relation	1
related	1
rejoice	1
rejected	1
region	1
regiment	1
regardful	1
regain	1
refuses	1
reflex	1
reflective	1
reflections	1
refinement	1
referring	1
referred	1
reestablished	1
reentered	1
reel	1
reeked	1
redeem	1
reddened	1
recriminations	1
recreation	1
recovery	1
recounted	1
records	1
recognising	1
reckoning	1
reckon	1
recklessness	1
recitals	1
recesses	1
reception	1
recently	1
receives	1
recedes	1
recalls	1
recalling	1
recalled	1
recalculations	1
rebuked	1
rebellious	1
rebellion	1
reassured	1
reasoned	1
reasonably	1
reasonable	1
rears	1
rearranging	1
realise	1
reagans	1
reads	1
readiness	1
readily	1
reader	1
ray	1
ravings	1
ravenously	1
ravelli»	1
ravages	1
rattle	1
rat	1
rascally	1
ranged	1
rang	1
ranch	1
rambling	1
raking	1
ragged	1
raged	1
rafters	1
quivering	1
quivered	1
quitting	1
quitted	1
quicker'n	1
questioningly	1
questioning	1
quest	1
query	1
quartering	1
quarrelsome	1
quantity	1
quality	1
qualify	1
quaint	1
qould	1
pyramids	1
pyles	1
puzzled	1
puzzle	1
puts	1
pushing	1
pursuit	1
purse	1
purring	1
purposes	1
purple	1
purgatory	1
purely	1
punish	1
puffed	1
publicly	1
publication	1
prowling	1
prow	1
provoker	1
provoke	1
provocation	1
province	1
providence	1
proverbial	1
proved	1
proudly	1
protruded	1
protest	1
protective	1
protect	1
prostrated	1
prospered	1
prospect	1
prosecuting	1
proprietary	1
proposition	1
proposed	1
propose	1
prophetess	1
property	1
properly	1
pronoun	1
promptly	1
prompt	1
prominent	1
prom	1
prolong	1
profusely	1
profit	1
profile	1
proffering	1
proached	1
privacy	1
prisoners	1
printing	1
printed	1
print	1
principle	1
principals	1
primitively	1
primitive	1
primaeval	1
priestess	1
pride	1
prick	1
price	1
prey	1
prevented	1
prevails	1
prevailed	1
pretexts	1
pretensions	1
pressed	1
press	1
preserving	1
preserva	1
prerogative	1
prepossessing	1
prepares	1
prepare	1
premonitions	1
preliminary	1
preliminaries	1
preferred	1
prefer	1
preeminently	1
predominant	1
predilection	1
precision	1
precipitous	1
precipitated	1
precious	1
precede	1
precautions	1
praying	1
prayers	1
prattle	1
practice	1
practically	1
poverty	1
pouted	1
pour	1
pounds	1
pounder	1
pots	1
potatoes	1
pot	1
posts	1
possibility	1
positively	1
positive	1
posed	1
pose	1
pos	1
portrait	1
poring	1
popularly	1
populace	1
popu	1
poop	1
pooh	1
pondered	1
pon	1
political	1
politeness	1
polished	1
policy	1
policeman	1
poles	1
pole	1
poking	1
poisoned	1
poison	1
poised	1
poise	1
poetry	1
poetic	1
pockets	1
pocketed	1
plunted	1
plundered	1
plump	1
plume	1
plucked	1
pluck	1
plot	1
plight	1
plenitude	1
pleasures	1
pleasing	1
pleasantly	1
pleas	1
pleadingly	1
playing	1
platter	1
platoon	1
platitudes	1
plaintiff	1
plaid	1
plague	1
placing	1
placidity	1
placa	1
pl3.ce	1
pitied	1
piteous	1
pitcher	1
pitch	1
pique	1
pins	1
pinioned	1
pine	1
pinch	1
pillows	1
pillow	1
pilgrimages	1
piled	1
pike	1
piercingly	1
piercing	1
pie	1
picturesqueness	1
picking	1
pickets	1
pick	1
piazza	1
physician	1
phrases	1
phraseology	1
phrase	1
phosphorous	1
phineas	1
philosophers	1
phenomena	1
phase	1
petulance	1
petersburg	1
peters	1
pervade	1
perused	1
pertinent	1
persuade	1
perspiration	1
personally	1
personage	1
persistent	1
persisted	1
persist	1
persian	1
persecutors	1
perplexing	1
perpendicular	1
permitted	1
permit	1
permanency	1
perfunctory	1
performed	1
performance	1
perfidy	1
perfection	1
perceptible	1
perceived	1
pent	1
pennants	1
penmanship	1
pellmell	1
pelican	1
peered	1
peeped	1
peep	1
pecuniary	1
peculiarly	1
peculiarity	1
peal	1
peak	1
peace	1
pea	1
pays	1
pausing	1
pattering	1
patted	1
patrons	1
patrolman	1
patients	1
patience	1
pathway	1
paths	1
pathos	1
patches	1
pat	1
pastors	1
pasteboard	1
passionless	1
passionately	1
passers	1
passenger	1
passageway	1
partook	1
partly	1
parrying	1
parried	1
paroxysm	1
parisian	1
parent	1
pare	1
pardons	1
pardoned	1
pardonable	1
paramour	1
paralysed	1
paragraphs	1
paradise	1
parades	1
papa	1
palpably	1
palpable	1
palms	1
pallor	1
palatial	1
pains	1
painfully	1
pagan	1
padded	1
pa	1
oysters	1
owners	1
overwhelm	1
overtures	1
overtaken	1
oversight	1
overseers	1
overmastering	1
overlooking	1
overcast	1
outward	1
outlined	1
outline	1
outlet	1
outgoing	1
outen	1
ostensibly	1
ornaments	1
ornamentation	1
organ	1
ordinarily	1
ordeal	1
orb	1
orange	1
optional	1
oppressively	1
oppressing	1
oppressed	1
opposing	1
opponent	1
opium	1
operative	1
operations	1
operated	1
opera	1
opens	1
openly	1
onslaught	1
onions	1
oneself	1
oiled	1
oi	1
oho	1
officials	1
offices	1
offers	1
offering	1
offered	1
odours	1
odorous	1
oddly	1
occurrences	1
occupying	1
occult	1
occidental	1
occasioned	1
obverse	1
obtained	1
obtainable	1
obtain	1
obstacle	1
observers	1
observant	1
observable	1
obsequious	1
obscuring	1
obscured	1
obliterated	1
obligations	1
objection	1
objecting	1
obeying	1
obey	1
obedient	1
obedience	1
oaths	1
oath	1
oars	1
oar	1
oakum	1
o'reaganfell	1
nym	1
nursed	1
nurse	1
numbing	1
numb	1
np	1
nowhere	1
novels	1
nourish	1
notwithstanding	1
noted	1
notable	1
nonentity	1
nomenclature	1
noisy	1
noisome	1
noises	1
noiselessly	1
noir	1
nobleman	1
nnd	1
niece	1
nice	1
newsboys	1
newsboy	1
newcomers	1
newborn	1
nevertheless	1
neuralgia	1
nest	1
ness	1
nerved	1
neri	1
nephew	1
nel	1
neighbouring	1
neighbourhood	1
neighbour	1
negroes	1
neglected	1
needs	1
needlessly	1
necessarily	1
neatness	1
neat	1
nearsighted	1
nearness	1
navigation	1
natured	1
native	1
national	1
nation	1
natchez	1
narrate	1
naivete	1
nail	1
nah	1
nabobs	1
myth	1
mystified	1
myrtle	1
muzzle	1
muttering	1
mutely	1
muster	1
muslin	1
muscles	1
mus	1
munroe	1
mummy	1
mumbled	1
multitude	1
mug	1
moves	1
mouths	1
moustaches	1
mouse	1
mounting	1
mountains	1
mount	1
moulded	1
motions	1
mosque	1
moscow	1
mortify	1
mortals	1
mortal	1
morrow'll	1
morrow	1
morn	1
moreover	1
morals	1
moonshine	1
moonlit	1
mooning	1
mooch	1
montefiore	1
montana	1
monsters	1
monotony	1
monotonous	1
monomanical	1
mollify	1
molested	1
modish	1
modesty	1
modestly	1
modest	1
modelling	1
mocking	1
mockery	1
mobile	1
moanings	1
moan	1
mo	1
misunderstood	1
mistrusting	1
mistress	1
mistaking	1
mistakes	1
mistair	1
mission	1
misses	1
misled	1
mishaps	1
misgiving	1
misdemeanours	1
misconstrue	1
miscalled	1
mirrored	1
miriam	1
miraculous	1
minutest	1
minutely	1
minnesota	1
mines	1
minded	1
mimicry	1
milwaukee	1
mightn't	1
middle-aged	1
mid	1
microphonic	1
michano	1
mi	1
methods	1
methodist	1
method	1
metamorphosis	1
messenger	1
mess	1
mesquite	1
meridian	1
mer	1
mentioning	1
mentally	1
menacingly	1
menacing	1
menace	1
memories	1
memorable	1
memoirs	1
melt	1
melodramatic	1
melbourne	1
meditatively	1
meditating	1
meditated	1
medicines	1
measuring	1
measured	1
mcelroy	1
mcb	1
maybe	1
maury	1
maubice	1
maturest	1
mature	1
matted	1
materials	1
materialised	1
materialisation	1
material	1
mat	1
masts	1
mastiff	1
masters	1
mast	1
masses	1
masks	1
masker	1
masculine	1
marvelled	1
marts	1
martin	1
marching	1
map	1
manual	1
mannish	1
manners	1
manned	1
manly	1
manlier	1
mankind	1
manilla	1
manifestation	1
maniacal	1
manage	1
manacled	1
malllty	1
male	1
maladies	1
makeshift	1
makers	1
make-up	1
makch	1
majestically	1
majestic	1
majesterial	1
maintaining	1
mailed	1
mail	1
maiden	1
mahogany	1
magnolia	1
magnitude	1
magically	1
maddened	1
madame	1
macon	1
machinery	1
ma	1
ly	1
luxuriant	1
lustrous	1
lured	1
lure	1
lunged	1
luminous	1
lucky	1
lucidity	1
lowest	1
lowed	1
lovingly	1
lovers	1
lounge	1
loss	1
lord	1
loosened	1
loosely	1
loosed	1
loose	1
lookers	1
longings	1
longing	1
longevity	1
longen	1
longed	1
lonely	1
logic	1
loftier	1
lodgings	1
lockwood	1
locks	1
lockers	1
lock	1
locating	1
locate	1
local	1
loan	1
llert	1
livery	1
listeners	1
listener	1
liquid	1
lions	1
lingering	1
linger	1
liners	1
linen	1
lined	1
limply	1
limitations	1
limestone	1
limber	1
likeness	1
lights	1
lighting	1
lifelong	1
liend	1
lid	1
lick	1
liberally	1
liberality	1
liar	1
levels	1
levelling	1
levelled	1
lessened	1
leniently	1
lengthened	1
lending	1
lend	1
legislative	1
lees	1
leather	1
learn	1
leaps	1
lean	1
leagues	1
leaf	1
leads	1
leaders	1
leaded	1
ld	1
layman	1
lawrence	1
lawn	1
lawlessness	1
launched	1
laughingly	1
laterally	1
lasting	1
lasted	1
lashed	1
larly	1
largest	1
lapse	1
lapels	1
lain	1
lafayette	1
ladylove	1
lads	1
laden	1
lacked	1
lack	1
lace	1
laburnum	1
labour	1
l'assell	1
kremlin	1
koman	1
knuckles	1
knotted	1
knockings	1
knocked	1
knock	1
knights	1
knelt	1
kneeling	1
kneel	1
kitchen	1
kissed	1
kirke	1
kinsfolk	1
kinds	1
kills	1
keys	1
kettle	1
keeping	1
keenness	1
keener	1
keel	1
katiierine	1
kansas	1
kamak	1
k	1
juvenile	1
justify	1
justice	1
jury	1
jump	1
jumble	1
juggle	1
judicial	1
judges	1
judged	1
jsmpress	1
joyce	1
journals	1
journalistic	1
journalism	1
jolliest	1
jokes	1
joked	1
joint	1
joining	1
joaquin	1
jight	1
jews	1
jewish	1
jet	1
jesus	1
jerking	1
jerked	1
jerk	1
jeopardy	1
jem	1
jean	1
jaws	1
jaw	1
japan	1
jangled	1
jags	1
jagged	1
jacob	1
jackknife	1
jackals	1
iy	1
item	1
italy	1
italians	1
issues	1
issue	1
isolation	1
ism	1
irresponsive	1
irresponsible	1
irrespective	1
irresolute	1
irony	1
irish	1
involving	1
involved	1
invited	1
invite	1
investigation	1
invest	1
invasion	1
invariably	1
invaded	1
intrusive	1
intruding	1
intruder	1
introduce	1
intriguing	1
intricate	1
intoxication	1
intoxicated	1
intolerable	1
intimation	1
intimately	1
interview	1
intervention	1
intervals	1
intersecting	1
interrupt	1
interrogator	1
interrogate	1
interpreted	1
interposed	1
intermingled	1
interminable	1
interior	1
interfered	1
interchanged	1
intentness	1
intentions	1
intending	1
intellect	1
insure	1
insulting	1
insult	1
institutions	1
instincts	1
instance	1
inspiring	1
inspired	1
inspirations	1
inspectors	1
inspect	1
insolent	1
insolence	1
insisting	1
insinuations	1
insignificant	1
inseest	1
inscription	1
insanity	1
insane	1
inquiringly	1
inquiring	1
inquiries	1
inquire	1
inqui	1
inquest	1
inmate	1
inkstand	1
ink	1
injustice	1
initials	1
inimitable	1
ingratiating	1
ingloriously	1
ingenuous	1
ingeesoll	1
informed	1
influenced	1
inflowing	1
infliction	1
inflamed	1
infinity	1
infinite	1
infected	1
infatuation	1
infatuated	1
infamous	1
infallibly	1
infallible	1
inexplicable	1
inevitable	1
industries	1
indulged	1
individual	1
indissoluble	1
indirect	1
indignity	1
indignant	1
indies	1
indications	1
indian	1
indiamen	1
indiaman	1
independence	1
indefatigable	1
indebted	1
ind	1
incurable	1
increased	1
inconsiderate	1
inconceivably	1
incoherent	1
including	1
include	1
inclined	1
incinerate	1
incidents	1
inch	1
incarnate	1
incapable	1
inattentive	1
inanimate	1
impulses	1
improved	1
imprisonment	1
impressive	1
impressions	1
impractical	1
importunities	1
importantly	1
implements	1
imperturable	1
impertinence	1
imperious	1
imperative	1
impenetrable	1
impels	1
impeding	1
impassioned	1
impaired	1
immovable	1
imminent	1
immensity	1
immense	1
imitations	1
imitation	1
imitate	1
imagine	1
imaginary	1
image	1
illusion	1
illumine	1
illuminated	1
illness	1
illegitimate	1
illegible	1
iknewit	1
iie	1
ignoring	1
ignored	1
ignore	1
ignis	1
ifc	1
idoubt	1
idle	1
idiots	1
identity	1
identify	1
identified	1
identification	1
ideas	1
idaho	1
iation	1
iam	1
hypothesis	1
hypnotism	1
hut	1
hurrying	1
hurrah	1
hurled	1
hurl	1
huntley	1
hung~with	1
hunger	1
humil	1
humbugging	1
humbugged	1
hudson	1
hover	1
housekeeper	1
household	1
houly	1
hotly	1
hotbed	1
host	1
hospital	1
hospitable	1
horrified	1
hoping	1
hopelessly	1
hopeless	1
hopeful	1
hooks	1
hooked	1
honourably	1
honolulu	1
honeysuckle	1
homestead	1
homes	1
hollows	1
holler	1
hoisted	1
hobby	1
hoarse	1
hkrt	1
hitherto	1
hitching	1
histrionic	1
hissing	1
hired	1
hip	1
hints	1
hills	1
hilarity	1
hilarious	1
highroad	1
highest	1
hieroglyphics	1
hiding	1
hickory	1
hibernian	1
hia	1
hesitation	1
hesitate	1
hesitant	1
heron	1
heroism	1
hereafter	1
herds	1
hence	1
helps	1
helpmate	1
helplessly	1
helping	1
helena	1
heirs	1
heir	1
heightened	1
hei	1
hees	1
heel	1
heeds	1
hearty	1
hearts	1
heartlessness	1
hearties	1
hearted	1
hearers	1
healthful	1
headquarters	1
headlong	1
heading	1
hazel	1
hazard	1
haunted	1
haunt	1
hauled	1
hats	1
hatred	1
hatless	1
hasty	1
hasn't	1
hash	1
harmony	1
harmonies	1
harm	1
harlem	1
hardworking	1
hardwood	1
hardest	1
haps	1
handy	1
handled	1
handle	1
handkerchiefs	1
handkerchief	1
handing	1
halves	1
hallucination	1
hairless	1
haired	1
hain't	1
haffnersaid	1
haffners	1
hackman	1
habitual	1
ha	1
gusty	1
gurgling	1
gunwales	1
guns	1
gulped	1
gulf	1
guise	1
guilt	1
guided	1
guarding	1
guardian	1
guarded	1
growth	1
grows	1
groups	1
group	1
grounded	1
groped	1
grood	1
grod	1
grip	1
grimy	1
grimly	1
grime	1
grim	1
grievous	1
grief	1
greeted	1
greene	1
greenbacks	1
greek	1
gravity	1
gravest	1
gratifying	1
gratify	1
gratified	1
grated	1
grasshopper	1
grasse	1
granted	1
grandfather	1
grandeur	1
grain	1
graduating	1
graduated	1
gradations	1
graciousness	1
gracious	1
gracefully	1
grabbed	1
grab	1
governors	1
governor	1
gout	1
gossip	1
gorgeously	1
goozh	1
goods	1
goodness	1
gongs	1
goin	1
goes	1
glowworm	1
glossily	1
gloatingly	1
glittered	1
glitter	1
glistening	1
glistened	1
glinted	1
glimpses	1
glimmer	1
gliding	1
glided	1
glib	1
gleaming	1
gleamed	1
gleam	1
glancing	1
glances	1
gladness	1
gilt	1
gilded	1
gift	1
giant	1
ghosts	1
gets	1
gesticulating	1
gentlemanly	1
generously	1
generous	1
generally	1
gems	1
ge'man	1
gaunt	1
gauged	1
gasped	1
gaslight	1
garment	1
gaming	1
gambolled	1
gallery	1
galleries	1
gale	1
gains	1
gaily	1
g	1
furrow	1
furnishing	1
funny	1
funnier	1
fumes	1
fumbled	1
fullgrown	1
fullest	1
fugitive	1
frum	1
fruitless	1
fruit	1
frowned	1
froth	1
frosty	1
frosts	1
frolicsome	1
frog	1
frock	1
frightening	1
friendliness	1
friction	1
freshet	1
frequently	1
freedom	1
freed	1
freak	1
frankness	1
framed	1
frail	1
fragrant	1
fragment	1
fourth	1
founder	1
fotmd	1
fortunes	1
fortune	1
fortnight	1
fortieth	1
forthwith	1
fort	1
formulating	1
formula	1
formless	1
formidable	1
formally	1
forgive	1
forgetting	1
foremost	1
foreigner	1
foreign	1
forehead	1
foreground	1
forecastle	1
forcing	1
forbore	1
forbidden	1
forbid	1
footman	1
footing	1
fools	1
folsom	1
follows	1
follies	1
folks	1
folk	1
folded	1
foiler	1
focussed	1
foam	1
flying	1
fluttering	1
fluctuant	1
flown	1
flower	1
flourished	1
floundering	1
flounder	1
flossy	1
flood-tide	1
flood	1
flocked	1
floating	1
float	1
flickering	1
flickered	1
flicker	1
flexible	1
flesh	1
fleeing	1
fleecy	1
flecked	1
flattery	1
flat	1
flap	1
flanked	1
flaming	1
flame	1
flags	1
flag	1
fkank	1
fittings	1
fitted	1
fitfully	1
fists	1
firmness	1
firewood	1
fireplace	1
fine-grained	1
finding	1
filling	1
fill	1
files	1
figured	1
fighters	1
figaro	1
fiftieth	1
fiery	1
fiercest	1
fiercely	1
fields	1
field	1
fidgety	1
fidelity	1
ficial	1
fevers	1
feverishness	1
fervid	1
fertile	1
ferry	1
ferocity	1
ferocious	1
fer	1
feminine	1
female	1
feinted	1
feels	1
feeblest	1
feat	1
fbanklin	1
fawcett	1
favours	1
favoured	1
favakt	1
fatuus	1
fatigued	1
fatigue	1
fathoms	1
fathers	1
fatherly	1
father-in-law	1
fates	1
faster	1
fastening	1
fashioned	1
fashion	1
farmers	1
fare	1
fanned	1
fancying	1
fanaticism	1
famishing	1
familiarity	1
fame	1
faltering	1
falter	1
falsity	1
falls	1
faintness	1
faintest	1
fails	1
facsimile	1
fabulous	1
fabric	1
eyelids	1
eyelash	1
exultant	1
exult	1
exuberant	1
extremities	1
extras	1
extolling	1
extinguished	1
extinction	1
extensive	1
extends	1
extend	1
extemporised	1
exquisitely	1
exquisite	1
expulsion	1
expressive	1
exposure	1
expose	1
explosion	1
explorers	1
explode	1
explanatory	1
explaining	1
expiring	1
experts	1
expense	1
expended	1
expelled	1
expectations	1
expectantly	1
expectant	1
expand	1
exodus	1
exist	1
exhorting	1
exhilarating	1
exhibitor	1
exhibit	1
exhausted	1
exercising	1
executions	1
excluded	1
exciting	1
exchanging	1
exchanged	1
exchange	1
excesses	1
exceptional	1
exceedingly	1
excavation	1
exasperation	1
exasperatingly	1
exasperating	1
exasperated	1
examining	1
examiner	1
examine	1
examination	1
exacting	1
exacted	1
evolutions	1
evildoer	1
evident.intoxi	1
everyday	1
evergreen	1
eve	1
evasion	1
etiquette	1
ethereal	1
etchings	1
etching	1
et	1
estimated	1
established	1
establish	1
essayed	1
errors	1
errands	1
ered	1
erebus	1
erald	1
era	1
equal	1
epithet	1
epistle	1
episcopal	1
enwrapped	1
envious	1
enveloping	1
envelope	1
entry	1
entreaty	1
entreating	1
entreat	1
entertained	1
entertain	1
entering	1
ensuing	1
enslave	1
ensconced	1
enrolled	1
enraged	1
enrage	1
enjoying	1
enigmatic	1
engraved	1
englishwoman	1
engineers	1
engineering	1
engaging	1
enforces	1
enforced	1
energy	1
energetically	1
enemy	1
enemies	1
endowed	1
ending	1
endeavour	1
encouraging	1
encouraged	1
encounter	1
encompassed	1
enclosing	1
enclosed	1
encircling	1
encircle	1
enchanting	1
enchanted	1
encasa	1
enactment	1
enacted	1
enables	1
en	1
employ	1
emphatic	1
emotions	1
embrace	1
embodiment	1
embarrassed	1
em	1
elusive	1
eluded	1
eloping	1
elope	1
elevated	1
elements	1
elegantly	1
eleemosynary	1
electrified	1
electricians	1
electric	1
elderly	1
elder	1
elbows	1
elbow	1
elation	1
elasticity	1
elapsed	1
elaborating	1
eighth	1
eggshell	1
effulgently	1
efficacy	1
effected	1
eez	1
eentrude	1
editors	1
edinburgh	1
edges	1
edged	1
edgar	1
ecstatic	1
echoes	1
eccentricity	1
ec	1
eave	1
eating	1
ease	1
earthly	1
earshot	1
earnestly	1
eagerness	1
ead	1
dye	1
dwellers	1
dwell	1
duties	1
dusty	1
duration	1
dungeon	1
dumpling	1
dumb	1
duly	1
duke	1
duels	1
duelling	1
duchess	1
dubious	1
drums	1
drowned	1
drivers	1
drive	1
drip	1
drily	1
drills	1
drifting	1
dressmakers	1
dreamland	1
dreading	1
dreaded	1
drawing-room	1
draughts	1
drapery	1
draped	1
dragged	1
drafts	1
dr	1
doubly	1
doublings	1
double	1
dose	1
dormer	1
dormant	1
don'b	1
don	1
dominion	1
dominated	1
domestic	1
dome	1
dolt	1
dolores	1
doings	1
dogs	1
dogmatize	1
doffed	1
documentary	1
document	1
dock	1
divulge	1
divisions	1
diving	1
divested	1
diversities	1
diverse	1
disturbin	1
distressing	1
distress	1
distraction	1
distinguished	1
distinguishable	1
distinctive	1
distinction	1
distantly	1
dissipation	1
disputed	1
disproportionately	1
disposition	1
displeased	1
display	1
displaced	1
dispensing	1
dispatched	1
disordered	1
dismounted	1
dismay	1
dismally	1
disliked	1
dislike	1
dishonourable	1
dishonestly	1
dishes	1
disheartening	1
disgusted	1
disgust	1
disguised	1
disguise	1
disease	1
disdaining	1
disdained	1
disdain	1
discussion	1
discuss	1
discreet	1
discoverer	1
discouraging	1
discordant	1
discontinue	1
disconsolate	1
disconcerted	1
discomfort	1
discoloured	1
disclosing	1
disclosed	1
disclose	1
disc	1
disarmed	1
disarm	1
disappointment	1
disappointed	1
disappears	1
disappearing	1
disagrees	1
disagreement	1
disagree	1
disadvantage	1
disabuse	1
disabling	1
disablement	1
director	1
directions	1
direct	1
direckly	1
dipped	1
dimmest	1
dimly	1
dignified	1
digging	1
difference	1
didn't'old	1
dictation	1
dictate	1
diary	1
diamonds	1
dial	1
df	1
devoutly	1
devour	1
devotion	1
devote	1
devise	1
deviltry	1
devilishly	1
devil	1
deviation	1
detour	1
detested	1
determine	1
determination	1
detention	1
detected	1
detect	1
desultory	1
destroy	1
destitute	1
destiny	1
desperate	1
despairing	1
desired	1
designated	1
design	1
deserve	1
descriptive	1
descent	1
descended	1
derelict	1
deputed	1
depressing	1
depravity	1
deploringly	1
depends	1
depended	1
departing	1
denser	1
denotement	1
denoted	1
denial	1
demure	1
demons	1
demoniac	1
demon	1
demeanour	1
delve	1
delusion	1
dell	1
delivery	1
delivered	1
delightful	1
delicious	1
deliberation	1
defy	1
deflect	1
definitely	1
defined	1
deference	1
defensive	1
defenceless	1
defence	1
default	1
deer	1
deepened	1
decreasing	1
decorated	1
declaration	1
decisive	1
decidedly	1
decent	1
deceived	1
deceive	1
decease	1
debt	1
debris	1
debasing	1
dealt	1
dazzling	1
daze	1
daybreak	1
dauntless	1
daughters	1
dat	1
dashing	1
dashes	1
dart	1
darkly	1
darker	1
daresay	1
dared	1
daniel	1
dangle	1
dangerously	1
dandies	1
damsel	1
dampness	1
dampers	1
dal	1
czar	1
cyrill	1
cypher	1
cylinder	1
cyclones	1
cyclone	1
cuts	1
customary	1
custom	1
custody	1
cuss	1
curving	1
curtained	1
curt	1
cursing	1
curry	1
curls	1
curling	1
curled	1
curity	1
cure	1
curbs	1
cur	1
cunning	1
cumulative	1
cultivate	1
culprit	1
csesar	1
crush	1
crunch	1
cruiser	1
crude	1
crowbar	1
crossing	1
crookedly	1
critically	1
critic	1
crises	1
crinkle	1
crimson	1
criminal	1
crevices	1
crept	1
creoles	1
crematorium	1
cremate	1
creep	1
credentials	1
creatures	1
created	1
create	1
cream	1
creak	1
cranky	1
crank	1
cramp	1
crackers	1
crack	1
cowering	1
cowards	1
cowardice	1
cov	1
cousins	1
cousin	1
courteously	1
courteous	1
coupe	1
counterfeiters	1
counted	1
council	1
cotton	1
cosy	1
costly	1
cost	1
corrects	1
corps	1
corporation	1
corked	1
corduroys	1
cordially	1
cordiality	1
cord	1
coquettishly	1
coquetted	1
coquette	1
coquetry	1
copying	1
coped	1
convulsively	1
convincing	1
convince	1
convicts	1
convict	1
conveying	1
conversing	1
conversed	1
convent	1
convalescence	1
contumacy	1
controlled	1
contributed	1
contrast	1
contrary	1
contradiction	1
contracted	1
continuing	1
continent	1
contest	1
contented	1
contended	1
contemptuous	1
contempt	1
contemplation	1
contains	1
consumption	1
consummate	1
consultation	1
consult	1
constructed	1
conspiring	1
conspiracy	1
consoling	1
consolation	1
consignment	1
consignees	1
consign	1
considering	1
considerate	1
considerably	1
consented	1
conscienceless	1
conscience	1
connecting	1
conjectured	1
conjecture	1
congress	1
congregated	1
confronted	1
confront	1
confounded	1
conflict	1
confines	1
confined	1
confine	1
confiding	1
confidential	1
confident	1
confidences	1
confessed	1
conductor	1
conducted	1
condescend	1
condemnation	1
conclusions	1
concluded	1
conclude	1
concerns	1
concentration	1
concentrated	1
conceived	1
con	1
compressed	1
comprehensive	1
complying	1
complimentary	1
complied	1
complications	1
completed	1
compasses	1
comparison	1
compared	1
compare	1
companions	1
communing	1
commotion	1
commonplace	1
committing	1
committed	1
committal	1
commits	1
commissioners	1
commingling	1
comments	1
commanded	1
comeliness	1
comeback	1
combatants	1
combatant	1
com	1
colours	1
colourless	1
colorado	1
collision	1
collector	1
collapse	1
colic	1
coiled	1
coaxingly	1
coats	1
coastwise	1
coals	1
coal	1
coach	1
clumps	1
clubs	1
clouding	1
clouded	1
cloud	1
cloth	1
clot	1
closer	1
closeness	1
clnb	1
clinking	1
clinch	1
climbing	1
climbed	1
clew	1
clerks	1
clergymen	1
cleaving	1
clearings	1
clearer	1
clearance	1
cleaned	1
clay	1
clatter	1
classmate	1
classes	1
class	1
clashed	1
clapham	1
clangour	1
clanging	1
clan	1
claimed	1
claim	1
citizen	1
circumstance	1
circular	1
circuitous	1
circuit	1
circling	1
cigars	1
chunk	1
chronometer	1
chronological	1
chronicling	1
christians	1
christian	1
chose	1
choose	1
choked	1
choicest	1
chloroformed	1
chipped	1
chinked	1
chinese	1
china	1
chiming	1
chimerical	1
chilled	1
childlike	1
chiefly	1
chief	1
chickens	1
cherished	1
chemical	1
cheese	1
cheering	1
cheerily	1
cheerful	1
cheekbones	1
checked	1
check	1
cheat	1
chax'ge	1
chaucer	1
chattels	1
chatted	1
charred	1
charon	1
charming	1
charmed	1
charity	1
charitable	1
charges	1
charged	1
characteristic	1
chapters	1
channels	1
channel	1
chang	1
chances	1
champion	1
champagne	1
challenge	1
chairs	1
chairman	1
ch'egli	1
ceremonies	1
cerebral	1
censured	1
celtic	1
cellar	1
celerity	1
ceases	1
cavernous	1
caved	1
caution	1
causing	1
causes	1
cau	1
cattle	1
cats	1
catlike	1
cation	1
cathay	1
catchin	1
catches	1
catapult	1
cataclysms	1
cataclysm	1
casket	1
cases	1
casement	1
carving	1
carver	1
carve	1
cartridges	1
carriages	1
carrall	1
carpets	1
carpeted	1
carol	1
carious	1
career	1
cardiac	1
car	1
capture	1
captive	1
capital	1
capering	1
cape	1
cannon	1
cane	1
candour	1
canada	1
can/eel	1
camel	1
calls	1
californian	1
calculation	1
calculating	1
cajolery	1
caging	1
cafes	1
cadavers	1
cablegram	1
cabinets	1
byron	1
butwe	1
butter	1
butcher	1
busily	1
bushwhacking	1
bushwhackers	1
bushwhacker	1
bushel	1
bursting	1
burns	1
burnished	1
burgundy	1
burglar	1
bullying	1
bully	1
bulletin	1
buildings	1
build	1
buffalo	1
budget	1
brute	1
brutalities	1
brussels	1
bruised	1
bruise	1
brows	1
brownish	1
browner	1
brook	1
broodings	1
brooded	1
broiled	1
brogue	1
british	1
brilliantly	1
brightly	1
brighter	1
brightened	1
briefly	1
brevoort	1
brevity	1
brethren	1
breeding	1
breaking	1
breakfasted	1
breakdown	1
breadth	1
brazen	1
brawny	1
brawn	1
braving	1
bravery	1
braver	1
bravado	1
brains	1
brainard	1
boys	1
boyhood	1
bows	1
bowl	1
bout	1
bouquet	1
bounded	1
boudoir	1
botmd	1
bother	1
bosun	1
bosses	1
borders	1
bordering	1
bordered	1
border	1
boot	1
bonds	1
bondage	1
bolt	1
boldly	1
bold	1
boisterous	1
bogus	1
boasting	1
boasted	1
boards	1
blunted	1
blunder	1
blows	1
blowed	1
blooming	1
bloodstained	1
bloodhound	1
blocked	1
blistered	1
blinding	1
blew	1
bleeding	1
blazed	1
blaze	1
blasting	1
blast	1
blankets	1
blankbook	1
blanch	1
blades	1
blackest	1
blackened	1
bits	1
bite	1
bisogna	1
birthday	1
bird	1
bind	1
bills	1
billows	1
biding	1
bidding	1
beware	1
bewailing	1
bettare	1
betrayed	1
betray	1
betake	1
bespoke	1
besieging	1
berth	1
bequeath	1
benton	1
benign	1
beneficiaries	1
benedict	1
bending	1
belted	1
belongs	1
belonging	1
belong	1
bellowing	1
belle	1
belittled	1
beheld	1
behave	1
beguiled	1
begins	1
beggars	1
befallen	1
bef	1
bees	1
beeg	1
beds	1
bedclothes	1
becomes	1
beaver	1
beau	1
beats	1
beaten	1
bearded	1
beamed	1
beam	1
battleground	1
baser	1
basement	1
based	1
base	1
barring	1
barricading	1
barred	1
barometrical	1
bark	1
bared	1
barbarians	1
bar	1
banquettes	1
banquette	1
bannock	1
banners	1
banks	1
banknotes	1
banked	1
bank	1
banish	1
banged	1
balls	1
ballet	1
bale	1
baked	1
bags	1
baggage	1
bag	1
baffling	1
baffles	1
baffle	1
badinage	1
background	1
babylon	1
baby	1
a«et	1
aye	1
awkwardly	1
aware	1
awaking	1
awakens	1
awakening	1
awaited	1
avowal	1
avoided	1
avide	1
averted	1
average	1
ave	1
avarice	1
autocrat	1
authorization	1
authority	1
author	1
aura	1
aunt	1
audibly	1
aud	1
attributed	1
attractive	1
attracting	1
attorney	1
attire	1
attending	1
attended	1
attacks	1
attacked	1
attack	1
attache	1
atrociously	1
atone	1
athlete	1
astounding	1
astounded	1
astor	1
assure	1
assurance	1
associating	1
associates	1
associated	1
assistants	1
assistant	1
assist	1
assigns	1
assigned	1
assertive	1
asserting	1
assented	1
assembled	1
assassination	1
assailed	1
assailant	1
aspirations	1
asn't	1
asks	1
ashen	1
artist	1
articles	1
arrows	1
arrive	1
arrests	1
arrest	1
arranging	1
arranged	1
arrange	1
armour	1
arises	1
argument	1
argues	1
argue	1
arduous	1
arbitrator	1
arab	1
appropriate	1
apprehension	1
appreciation	1
appreciable	1
appoint	1
applied	1
application	1
applicable	1
appliances	1
appliance	1
appetites	1
appetite	1
appearing	1
appeals	1
appealing	1
appealed	1
apologetically	1
apathetic	1
apart	1
ap	1
anyway	1
antics	1
anticipate	1
anter	1
antecedents	1
antagonism	1
answers	1
annoy	1
announces	1
announce	1
annihilated	1
anna	1
ankles	1
animating	1
animated	1
animate	1
angrily	1
angles	1
angle	1
angers	1
anger	1
angel	1
anew	1
anecdotes	1
andputhoff	1
anchored	1
ancestral	1
anathematizing	1
amply	1
ample	1
amid	1
americans	1
america	1
ambitions	1
amazing	1
amaas	1
alton	1
alteration	1
altar	1
alphonse	1
aloud	1
aloof	1
almanac	1
allusion	1
alluded	1
allude	1
allied	1
alliance	1
alike	1
alertness	1
alcoholic	1
albert	1
alarm	1
al	1
airy	1
aims	1
aimlessly	1
ails	1
ailment	1
aiding	1
ahees	1
agreeable	1
agony	1
agitated	1
agile	1
aggrieve	1
aggressiveness	1
aggravate	1
agents	1
agent	1
agency	1
ageing	1
africa	1
affliction	1
affirmed	1
affects	1
affecting	1
affable	1
advocacy	1
advises	1
advisable	1
adversary	1
adventurer	1
admitted	1
admires	1
admiration	1
admirable	1
administered	1
administer	1
adjusting	1
adjourned	1
adhered	1
address	1
acumen	1
actual	1
actor	1
activity	1
acres	1
acquitted	1
acquired	1
acknowledgments	1
accusing	1
accusation	1
accurately	1
accurate	1
accumulated	1
accoutrements	1
accosted	1
accordingly	1
accordance	1
accomplished	1
accompany	1
accidents	1
accidental	1
access	1
accepted	1
accentuated	1
accede	1
abstraction	1
abstracted	1
absorbed	1
abroad	1
abounding	1
abjured	1
abeyance	1
aberration	1
abating	1
abate	1
abashed	1
abandonment	1
abandoning	1
abandon	1
ab	1
\'	1
0	1
.'"	1
("	1
'{''	1
'(	1
'"	1
!''	1
