the	4141
,	3897
.	2409
of	2146
and	1612
a	1573
to	1284
his	1137
he	1084
in	1025
was	856
it	750
"	652
that	618
had	585
with	548
—	533
;	456
i	424
at	402
as	385
not	373
is	344
which	315
from	311
by	299
but	292
him	277
an	273
for	269
were	242
you	230
on	219
|'s|	217
one	210
have	202
all	200
upon	197
this	192
its	192
be	187
they	176
man	170
their	167
."	164
no	163
been	159
there	156
my	150
could	141
!	138
said	135
would	134
if	134
what	131
them	124
eyes	124
into	123
away	117
some	115
now	115
so	114
dead	110
about	107
who	106
like	104
me	99
her	99
out	97
face	97
?	97
men	94
or	93
are	93
when	84
himself	84
through	83
will	79
did	79
then	78
than	78
hand	78
more	77
we	76
two	75
right	74
head	70
up	67
:	67
before	66
again	66
time	64
how	64
do	64
back	63
lay	62
body	62
side	61
made	61
long	61
know	61
has	61
another	61
without	59
these	59
officer	59
mr	59
enemy	59
against	59
she	58
seemed	58
down	58
''	58
over	57
moment	57
came	57
where	55
way	55
something	55
other	55
light	55
left	55
general	55
looked	54
line	54
great	54
feet	54
such	53
your	52
our	51
forward	51
saw	50
own	50
nothing	50
little	50
ground	49
captain	49
turned	48
thought	48
only	48
half	48
place	47
those	45
see	45
open	45
hands	45
too	44
?"	44
might	43
should	42
house	42
heard	42
forest	42
few	42
stood	40
night	40
never	40
knew	40
colonel	40
any	40
very	39
fell	39
even	39
death	39
am	39
after	39
still	38
may	38
under	37
rifle	37
nor	37
life	37
here	37
good	37
between	37
behind	37
toward	36
longer	36
full	36
along	36
'	36
!"	36
white	35
room	35
passed	35
must	35
enough	35
door	35
suddenly	34
sound	34
silence	34
say	34
day	34
same	33
perhaps	33
near	33
last	33
hair	33
go	33
front	33
earth	33
direction	33
among	33
many	32
look	32
heart	32
candle	32
while	31
us	31
point	31
indeed	31
horse	31
foot	31
come	31
young	30
years	30
visible	30
trees	30
soldier	30
looking	30
distance	30
can	30
apparently	30
almost	30
across	30
well	29
shot	29
seen	29
road	29
much	29
moved	29
hardly	29
floor	29
black	29
until	28
straight	28
part	28
first	28
end	28
camp	28
blood	28
appeared	28
air	28
|arabic3digit|	27
|arabic2digit|	27
water	27
took	27
searing	27
new	27
most	27
later	27
gun	27
beyond	27
think	26
table	26
sense	26
ran	26
once	26
nature	26
name	26
held	26
fire	26
beneath	26
being	26
above	26
within	25
strange	25
old	25
matter	25
make	25
god	25
found	25
each	25
duty	25
yet	24
words	24
whose	24
three	24
sat	24
order	24
observed	24
federal	24
every	24
became	24
attention	24
small	23
mind	23
itself	23
having	23
get	23
fallen	23
distant	23
arms	23
wood	22
whole	22
tree	22
though	22
morning	22
hope	22
grave	22
gave	22
far	22
darkness	22
crest	22
country	22
began	22
battle	22
woman	21
wife	21
whom	21
themselves	21
terror	21
tell	21
sword	21
stream	21
sprang	21
sharp	21
shall	21
others	21
neck	21
horrible	21
felt	21
fear	21
coulter	21
commander	21
altogether	21
work	20
why	20
wall	20
upward	20
thing	20
somewhat	20
power	20
officers	20
off	20
less	20
grey	20
friend	20
followed	20
feeling	20
dark	20
coffin	20
broken	20
bridge	20
take	19
slowly	19
single	19
shadow	19
sergeant	19
red	19
read	19
myself	19
military	19
lieutenant	19
kind	19
figure	19
eye	19
ever	19
doman	19
dear	19
child	19
both	19
window	18
valley	18
turn	18
throat	18
sun	18
spirit	18
rear	18
put	18
low	18
let	18
hurdy	18
high	18
don't	18
conscious	18
anything	18
already	18
advance	18
act	18
(	18
|romannumeral|	17
|arabic1digit|	17
tried	17
thrust	17
soon	17
sky	17
sight	17
showed	17
set	17
rock	17
replied	17
private	17
pain	17
making	17
living	17
lines	17
known	17
human	17
hill	17
harper	17
gone	17
going	17
edge	17
drew	17
dr	17
creek	17
better	17
word	16
thou	16
teeth	16
story	16
staff	16
smoke	16
rose	16
opened	16
mile	16
lips	16
lifted	16
interest	16
instant	16
hour	16
helberson	16
field	16
familiar	16
downward	16
done	16
does	16
courage	16
army	16
angle	16
war	15
street	15
stone	15
standing	15
rising	15
rather	15
position	15
partly	15
object	15
moving	15
move	15
lost	15
letter	15
just	15
jarette	15
gurdy	15
group	15
free	15
fact	15
evening	15
course	15
command	15
closed	15
brayle	15
boy	15
arm	15
approached	15
•	14
suppose	14
sudden	14
spot	14
smile	14
situation	14
simple	14
short	14
report	14
none	14
movement	14
knowledge	14
give	14
forehead	14
find	14
dust	14
cried	14
covered	14
consciousness	14
certain	14
cannot	14
breath	14
breast	14
best	14
because	14
attempt	14
art	14
)	14
yes	13
windows	13
wide	13
whence	13
weapon	13
walked	13
voice	13
view	13
upper	13
told	13
things	13
thee	13
sometimes	13
snake	13
return	13
porfer	13
people	13
occurred	13
next	13
motion	13
manner	13
madwell	13
laid	13
knees	13
keep	13
however	13
home	13
heavy	13
hai'ta	13
guns	13
guard	13
gentleman	13
four	13
feel	13
expression	13
either	13
ears	13
called	13
beautiful	13
backward	13
wild	12
various	12
together	12
third	12
ten	12
taking	12
strong	12
strength	12
stranger	12
spy	12
slope	12
slight	12
silent	12
rosser	12
pale	12
nearer	12
middle	12
met	12
manton	12
love	12
legs	12
invisible	12
heads	12
grass	12
former	12
fall	12
drawn	12
doubt	12
confederate	12
company	12
clothing	12
chair	12
caught	12
brayton	12
brave	12
belt	12
believe	12
bed	12
bank	12
asked	12
apart	12
animal	12
always	12
alone	12
yards	11
went	11
trifle	11
surface	11
sure	11
singularly	11
shoulder	11
sharply	11
senses	11
ridge	11
regiment	11
really	11
possible	11
piece	11
neither	11
naturally	11
mounted	11
motionless	11
moments	11
knows	11
king	11
jerome	11
iron	11
hundred	11
horses	11
hold	11
gold	11
glass	11
fixed	11
falling	11
except	11
everything	11
entered	11
effort	11
dwelling	11
during	11
druse	11
directly	11
directed	11
die	11
cry	11
corpse	11
close	11
children	11
care	11
byring	11
business	11
break	11
bottom	11
blue	11
bent	11
afterward	11
.''	11
world	10
woods	10
wish	10
understand	10
trigger	10
thinking	10
tent	10
struck	10
stand	10
speak	10
space	10
soldiers	10
smiled	10
sir	10
sign	10
sides	10
shoulders	10
seems	10
second	10
san	10
resting	10
remove	10
reading	10
reach	10
quite	10
pushed	10
prisoner	10
presence	10
points	10
orderly	10
notch	10
necessary	10
nearly	10
mrs	10
metal	10
mere	10
marshal	10
mancher	10
lower	10
length	10
late	10
keen	10
intervals	10
infantry	10
i'm	10
hear	10
gentlemen	10
fingers	10
faces	10
extended	10
explain	10
evidently	10
entire	10
easy	10
doubtless	10
doctor	10
dismal	10
died	10
crept	10
cover	10
conversation	10
conditions	10
concealed	10
clear	10
circumstances	10
branches	10
born	10
birds	10
also	10
alive	10
ah	10
action	10
wind	9
wheels	9
watch	9
visibly	9
uncovered	9
torn	9
threw	9
thoughts	9
surgeon	9
supporting	9
stepped	9
soul	9
son	9
sheet	9
seem	9
scene	9
round	9
rise	9
returned	9
resumed	9
region	9
recalled	9
ready	9
rattle	9
probably	9
physical	9
path	9
opening	9
objects	9
number	9
nevertheless	9
needless	9
need	9
natural	9
movements	9
moonlight	9
miles	9
mass	9
lying	9
level	9
leaves	9
leave	9
least	9
large	9
landscape	9
knife	9
jaw	9
hours	9
holding	9
haunted	9
halcrow	9
grew	9
got	9
giant	9
ghost	9
gaze	9
further	9
flock	9
firing	9
farquhar	9
everywhere	9
emotion	9
early	9
due	9
dropped	9
days	9
cut	9
corner	9
clouds	9
cloud	9
cliff	9
circumstance	9
ceased	9
car	9
cannon	9
bullet	9
building	9
broke	9
brigade	9
become	9
beating	9
aside	9
afternoon	9
advantage	9
added	9
yellow	8
use	8
unfamiliar	8
unable	8
true	8
trap	8
touch	8
throw	8
thousand	8
thin	8
surroundings	8
supernatural	8
stopped	8
steps	8
spoke	8
sounds	8
slightly	8
skirmishers	8
six	8
sitting	8
shook	8
sheep	8
shadows	8
several	8
serious	8
secret	8
seated	8
search	8
sea	8
scarry	8
saluted	8
run	8
rope	8
retreat	8
retired	8
rest	8
remember	8
remained	8
relation	8
recovered	8
raynor	8
rank	8
raised	8
pushing	8
pulled	8
profile	8
plantation	8
plain	8
physician	8
person	8
owl	8
opposite	8
observe	8
note	8
nose	8
mystery	8
murlock	8
mouth	8
mountain	8
merely	8
memory	8
maiden	8
local	8
limbs	8
learned	8
laughed	8
la	8
knee	8
intently	8
imagination	8
horseman	8
holy	8
hills	8
hat	8
hastur	8
hard	8
handsome	8
haita	8
greater	8
gravely	8
gloom	8
given	8
forms	8
formed	8
forgotten	8
flung	8
father	8
fascination	8
faint	8
experience	8
expected	8
existence	8
else	8
ease	8
deep	8
debris	8
de	8
customary	8
condition	8
colston	8
civilian	8
city	8
character	8
change	8
centre	8
call	8
brain	8
blazing	8
below	8
banks	8
awful	8
artillery	8
ancestors	8
although	8
aloud	8
alike	8
affected	8
actually	8
?''	8
yourself	7
wounded	7
wolves	7
wise	7
whatever	7
walking	7
walk	7
uniform	7
turning	7
troops	7
town	7
tops	7
tomorrow	7
thrown	7
suspended	7
surprise	7
struggle	7
striking	7
step	7
solitude	7
simply	7
significance	7
shock	7
shirt	7
sheriff	7
satisfaction	7
saddle	7
rightly	7
rifles	7
race	7
purpose	7
presently	7
possibly	7
poor	7
pointed	7
pocket	7
pistol	7
picket	7
personal	7
past	7
passage	7
parted	7
paper	7
outer	7
ordinary	7
orders	7
occasionally	7
occasional	7
observing	7
o	7
noted	7
mysterious	7
muzzle	7
music	7
miss	7
minutes	7
metallic	7
meet	7
mean	7
lives	7
leading	7
lady	7
knowing	7
killed	7
irene	7
instantly	7
inches	7
inch	7
illuminated	7
i'll	7
hotel	7
hanging	7
hanged	7
grace	7
gesture	7
friends	7
force	7
following	7
finished	7
figures	7
fatal	7
exposed	7
escort	7
erect	7
easily	7
ear	7
dream	7
division	7
distinctly	7
dimly	7
dignity	7
deathly	7
daring	7
curiosity	7
crouching	7
confused	7
commanding	7
clump	7
clearly	7
clad	7
broad	7
breaking	7
bodies	7
boards	7
blank	7
blade	7
bit	7
bird	7
beard	7
barney	7
attitude	7
appearance	7
anybody	7
angles	7
alert	7
age	7
advanced	7
accept	7
able	7
abandoned	7
youth	6
yours	6
withdraw	6
whether	6
weather	6
waters	6
walls	6
wagon	6
violent	6
vertical	6
vanished	6
vainly	6
unknown	6
unconscious	6
twelve	6
trying	6
truth	6
trembled	6
touched	6
tone	6
times	6
thunder	6
thereabout	6
terrified	6
taste	6
taken	6
system	6
surprised	6
supplied	6
superior	6
sunken	6
summer	6
suggestion	6
suffering	6
strode	6
state	6
spoken	6
solemn	6
slow	6
sleep	6
skin	6
sinuous	6
shining	6
sharper	6
service	6
sentinel	6
sensible	6
seized	6
seat	6
s	6
running	6
ruined	6
roll	6
risen	6
ring	6
riding	6
rich	6
returning	6
respect	6
repeated	6
remembered	6
remain	6
regarding	6
regard	6
reared	6
reached	6
rapidly	6
ranks	6
r	6
quietly	6
question	6
quarter	6
previously	6
pretty	6
post	6
pleasure	6
plank	6
places	6
photograph	6
permitted	6
pass	6
party	6
parallel	6
pace	6
opportunity	6
oh	6
obviously	6
o'clock	6
nightfall	6
narrow	6
mother	6
mental	6
mechanically	6
matthews	6
matters	6
marsh	6
manuscript	6
mad	6
looks	6
lively	6
lived	6
lighted	6
lifting	6
lift	6
lead	6
laurel	6
latter	6
lad	6
kill	6
july	6
interrupted	6
intelligence	6
inscription	6
humming	6
humble	6
hermit	6
hedge	6
heaven	6
halt	6
growing	6
groups	6
green	6
grasping	6
grasped	6
frightened	6
fresh	6
francisco	6
forth	6
fort	6
forearm	6
forces	6
fool	6
fled	6
fields	6
fellows	6
favour	6
farther	6
fancy	6
facing	6
f	6
extreme	6
environment	6
effect	6
dying	6
drove	6
dreadful	6
dread	6
doing	6
dog	6
difficulty	6
devil	6
desultory	6
dare	6
d	6
creature	6
considerable	6
confusion	6
conceive	6
companion	6
commonly	6
common	6
commanded	6
coming	6
comfortable	6
coat	6
closing	6
clenched	6
cities	6
chin	6
chill	6
chest	6
cheeks	6
certainly	6
cave	6
cause	6
carter	6
burned	6
burial	6
brought	6
brewer	6
breede	6
breathing	6
brambles	6
bowed	6
book	6
besides	6
beast	6
bear	6
beam	6
bad	6
approach	6
answered	6
alarm	6
adventure	6
wrought	5
wrong	5
written	5
writer	5
worth	5
worn	5
works	5
wooden	5
wholly	5
wet	5
weight	5
vivid	5
virginia	5
vain	5
undergrowth	5
trembling	5
trail	5
tra	5
toe	5
tightly	5
thousands	5
thick	5
terrible	5
temporary	5
swollen	5
surely	5
supposed	5
support	5
sunshine	5
sunny	5
sunlight	5
summit	5
suffered	5
strip	5
strangely	5
strained	5
stout	5
statue	5
stands	5
stairs	5
spread	5
splinters	5
splintered	5
splendid	5
speed	5
speaking	5
souls	5
soulless	5
sought	5
somewhere	5
slept	5
signs	5
shouting	5
shouted	5
shone	5
share	5
seriously	5
send	5
sees	5
saying	5
sank	5
ruin	5
rotting	5
root	5
rode	5
roads	5
ride	5
revolver	5
retreating	5
result	5
reputation	5
reply	5
relief	5
regular	5
reflections	5
reflected	5
redhorse	5
record	5
received	5
recall	5
reason	5
reader	5
re	5
rang	5
rain	5
quality	5
pulling	5
public	5
protruding	5
protruded	5
profound	5
presented	5
present	5
possession	5
please	5
played	5
plate	5
planter	5
plan	5
plainly	5
placed	5
pieces	5
picture	5
picked	5
physicians	5
persons	5
perilous	5
penetrated	5
paused	5
paces	5
outward	5
outside	5
ones	5
occur	5
occasion	5
observer	5
numbers	5
noise	5
muscles	5
monstrous	5
missiles	5
mining	5
means	5
march	5
malign	5
loved	5
lot	5
lose	5
log	5
loaded	5
live	5
literary	5
leap	5
leaning	5
larger	5
lack	5
kept	5
jack	5
interested	5
intended	5
insupportable	5
imperative	5
ill	5
hurt	5
hoarse	5
hilt	5
highest	5
hideous	5
help	5
height	5
hearing	5
hath	5
hardy	5
happy	5
handed	5
grow	5
grossmith	5
groping	5
greatly	5
grape	5
gods	5
glory	5
girl	5
giggles	5
ghastly	5
gentle	5
gate	5
fringe	5
fragment	5
fourth	5
fought	5
formidable	5
form	5
fold	5
flight	5
five	5
firmly	5
fired	5
finally	5
filled	5
fever	5
fence	5
family	5
expect	5
expanded	5
excitement	5
excavation	5
example	5
examination	5
evil	5
evidence	5
events	5
escape	5
equally	5
encounter	5
enable	5
elevated	5
dumps	5
dull	5
distinct	5
disposition	5
discovery	5
disagreeable	5
different	5
determined	5
deranged	5
defined	5
defiled	5
defence	5
deepening	5
deal	5
crowd	5
crossing	5
cries	5
conviction	5
continued	5
contained	5
conspicuous	5
conjecture	5
comes	5
colours	5
colour	5
cold	5
cocked	5
clean	5
clay	5
circle	5
charming	5
case	5
carelessly	5
camps	5
caffal	5
cabin	5
buried	5
bugler	5
brother	5
bree	5
breathless	5
branch	5
blow	5
bleeding	5
bending	5
believed	5
becoming	5
beaten	5
beat	5
beach	5
battery	5
barrel	5
barely	5
autumn	5
audible	5
attested	5
assassin	5
aspect	5
asleep	5
ashamed	5
arrived	5
armed	5
apprised	5
apprise	5
ago	5
adjutant	5
acquaintance	5
acclivity	5
absolute	5
younger	4
york	4
writing	4
wound	4
worse	4
withdrew	4
wings	4
wilt	4
willing	4
whispers	4
whispered	4
western	4
west	4
week	4
ways	4
watched	4
volley	4
vigilance	4
venture	4
vast	4
vacant	4
uttered	4
used	4
unnaturally	4
unnatural	4
understood	4
uncommon	4
uncomfortable	4
uncanny	4
twig	4
trunks	4
trouble	4
tremor	4
tradition	4
top	4
tongue	4
tinge	4
timbers	4
timber	4
till	4
thy	4
thus	4
thrusting	4
thoughtfully	4
tender	4
tears	4
tall	4
talking	4
swept	4
sweet	4
surrounded	4
sunset	4
successive	4
success	4
substance	4
subject	4
stroke	4
stationed	4
startled	4
start	4
stars	4
staring	4
stared	4
stained	4
stage	4
spur	4
spell	4
spectacle	4
spaces	4
sounded	4
sombre	4
solemnly	4
social	4
singing	4
sing	4
significant	4
shriek	4
shifting	4
shaped	4
settled	4
serve	4
sergeants	4
sentinels	4
sent	4
self	4
seeming	4
security	4
season	4
screamed	4
scout	4
score	4
savage	4
sancher	4
sabre	4
roof	4
rocks	4
roar	4
river	4
rights	4
rider	4
revelation	4
retiring	4
reserve	4
required	4
removed	4
remarks	4
remark	4
release	4
recognised	4
ravine	4
rate	4
random	4
railroad	4
quick	4
push	4
pursuit	4
provost	4
prostrate	4
progress	4
prayer	4
populous	4
pool	4
pleasant	4
pits	4
pines	4
pile	4
pickets	4
performance	4
peace	4
pausing	4
passing	4
parts	4
parade	4
pallor	4
p	4
outcome	4
ours	4
ought	4
ordered	4
older	4
office	4
observation	4
obscure	4
notes	4
north	4
noose	4
nodded	4
nobody	4
nine	4
nerves	4
neglected	4
needs	4
nearest	4
names	4
named	4
musketry	4
money	4
messenger	4
menacing	4
menace	4
meantime	4
meadow	4
masked	4
mary	4
major	4
madness	4
lungs	4
luminous	4
loss	4
loosely	4
lightly	4
lie	4
liberty	4
letters	4
led	4
laying	4
law	4
laughter	4
language	4
land	4
lamp	4
kindly	4
justly	4
judge	4
joined	4
jefferson	4
james	4
irregular	4
interesting	4
intention	4
intelligent	4
instinctively	4
instead	4
inquired	4
inner	4
injun	4
incident	4
impulse	4
immortality	4
illumination	4
idea	4
humorist	4
host	4
horribly	4
honour	4
history	4
heroic	4
hearts	4
happiness	4
happened	4
handle	4
gunny	4
graves	4
grasp	4
golden	4
gleam	4
glance	4
giddy	4
genius	4
gazed	4
garments	4
game	4
furniture	4
froth	4
flying	4
flat	4
flashed	4
flame	4
flag	4
fighting	4
fierce	4
fidelity	4
fewer	4
feared	4
farthest	4
farm	4
famous	4
fair	4
extinguished	4
exposing	4
explained	4
expanse	4
executioners	4
exclamation	4
exclaimed	4
error	4
equestrian	4
entrance	4
entirely	4
ensued	4
ends	4
encountered	4
enclosing	4
elbows	4
elbow	4
effects	4
duties	4
dry	4
druring	4
drum	4
drop	4
driven	4
dozen	4
double	4
distinction	4
disorder	4
disfigured	4
discharged	4
disappeared	4
directs	4
directions	4
direct	4
didn't	4
devotion	4
detached	4
desolation	4
desolate	4
deserted	4
depression	4
denied	4
demand	4
delivered	4
definition	4
deference	4
deeply	4
decay	4
dazed	4
dangerous	4
damn	4
custom	4
current	4
curiously	4
crossed	4
crimson	4
crime	4
coward	4
courageous	4
corresponding	4
content	4
considering	4
considerations	4
connexion	4
confessed	4
conduct	4
comrades	4
companions	4
collar	4
code	4
coals	4
cleared	4
clatter	4
claim	4
circles	4
cheek	4
charge	4
cemetery	4
cellar	4
caused	4
carried	4
carriage	4
career	4
can't	4
calm	4
california	4
bullets	4
brook	4
bright	4
bridle	4
brace	4
bowie	4
bound	4
board	4
blonde	4
blinded	4
blind	4
blessed	4
blackness	4
beside	4
belonging	4
barritz	4
barking	4
bare	4
b	4
astonishment	4
assurance	4
assisted	4
ascended	4
appear	4
apparition	4
apparent	4
anyhow	4
antagonist	4
altered	4
alongside	4
aim	4
aide	4
aid	4
agreeable	4
agony	4
afraid	4
admiring	4
addressed	4
account	4
accomplish	4
accepted	4
accentuated	4
absence	4
.,	4
-	4
|arabic4digit|	3
zeal	3
yesterday	3
yard	3
wrists	3
wreckage	3
wreck	3
worship	3
worked	3
wooded	3
wondered	3
wonder	3
women	3
withdrawing	3
wished	3
williams	3
whither	3
whereas	3
westward	3
wept	3
weep	3
weeks	3
weeds	3
weariness	3
weapons	3
wealth	3
wasted	3
warning	3
wants	3
waiting	3
waited	3
wait	3
waist	3
wager	3
village	3
vigorously	3
victorious	3
vestiges	3
vanity	3
urged	3
upright	3
unoccupied	3
unobserved	3
unlocked	3
unlike	3
unless	3
unfortunate	3
unearthly	3
understanding	3
unconsciousness	3
uncertain	3
ugly	3
type	3
twice	3
twenty	3
trust	3
trunk	3
truly	3
trick	3
treated	3
travelled	3
tranquilly	3
tranquil	3
traditions	3
tracks	3
touching	3
tones	3
tolerably	3
today	3
tn	3
tide	3
thirty	3
thirst	3
thickly	3
thickets	3
thenceforth	3
testimony	3
tension	3
tense	3
tendency	3
taught	3
tassman	3
task	3
swung	3
swarming	3
survey	3
superstition	3
summits	3
suggested	3
sufficiently	3
subsequent	3
subdued	3
struggling	3
struggled	3
stronger	3
strike	3
stretcher	3
streets	3
strayed	3
straggling	3
stragglers	3
storm	3
stones	3
stomach	3
stock	3
stirred	3
stealthy	3
stay	3
started	3
stare	3
square	3
springing	3
spring	3
split	3
spectators	3
spared	3
southward	3
southern	3
south	3
sooner	3
sole	3
softly	3
snatched	3
snakes	3
snakery	3
smoking	3
smith	3
smiling	3
smart	3
sleeping	3
skins	3
skeleton	3
sister	3
sinister	3
since	3
similar	3
silhouette	3
silently	3
sights	3
showing	3
shoot	3
shells	3
sheets	3
shaven	3
shame	3
shaking	3
shade	3
severe	3
services	3
serpent	3
sepoy	3
sensibilities	3
sensation	3
seeing	3
secured	3
screaming	3
scientist	3
says	3
save	3
satisfied	3
sand	3
salutes	3
salute	3
sacred	3
rushed	3
rush	3
runs	3
rudely	3
rubbish	3
rough	3
rooms	3
roaring	3
ringing	3
rigidly	3
rift	3
ridges	3
rides	3
ridden	3
resuming	3
rested	3
resaca	3
remnants	3
remaining	3
relaxed	3
related	3
relate	3
receive	3
recalling	3
reasonless	3
reaching	3
rat	3
rail	3
questions	3
putting	3
pushes	3
pursuing	3
prudence	3
provision	3
property	3
proof	3
prone	3
profession	3
produced	3
process	3
prey	3
pressed	3
precious	3
precarious	3
powers	3
powerful	3
poured	3
posture	3
posts	3
posted	3
portion	3
popular	3
pointing	3
poignant	3
plunged	3
pleased	3
pleasantly	3
plash	3
pipe	3
piled	3
pictures	3
peyton	3
permit	3
period	3
performed	3
perform	3
perfectly	3
penetrate	3
pay	3
pattern	3
parting	3
parties	3
particular	3
pardon	3
paid	3
overlooked	3
overlook	3
outpost	3
outline	3
often	3
odour	3
odd	3
obtained	3
obscurity	3
obey	3
obedience	3
notion	3
notice	3
northward	3
noises	3
newspaper	3
narrowly	3
murmur	3
muffled	3
mountains	3
mounds	3
moon	3
mood	3
moaned	3
mist	3
mission	3
missing	3
miserable	3
minute	3
miners	3
miner	3
million	3
midnight	3
meeting	3
meanwhile	3
meant	3
material	3
married	3
marred	3
manifested	3
manifestations	3
malevolent	3
main	3
lustre	3
loud	3
lock	3
lit	3
listening	3
listened	3
listen	3
lip	3
lights	3
lid	3
leisurely	3
leg	3
learn	3
leaned	3
leaf	3
leader	3
laws	3
laugh	3
latest	3
lacerated	3
knelt	3
keenly	3
judgement	3
jagged	3
j	3
involuntarily	3
intent	3
intensity	3
intellectual	3
inside	3
ing	3
infrequent	3
informed	3
influence	3
infinite	3
infer	3
indifference	3
inconceivably	3
inarticulate	3
inaccessible	3
impossible	3
importance	3
impelled	3
imparted	3
immemorial	3
immediately	3
ignorance	3
i've	3
husband	3
hot	3
horsemen	3
horizon	3
hoof	3
honourable	3
honest	3
hit	3
hint	3
higher	3
hidden	3
herself	3
helpless	3
heedless	3
hearted	3
health	3
headquarters	3
headlong	3
hate	3
hastily	3
harsh	3
harmon	3
happen	3
hang	3
hammer	3
habit	3
grotesque	3
grief	3
grandfather	3
gouts	3
glittering	3
generous	3
generation	3
gazing	3
gathering	3
frightful	3
fright	3
frequently	3
fragments	3
formal	3
forlorn	3
forgetting	3
forget	3
forefinger	3
forbidding	3
footprints	3
follow	3
folded	3
foes	3
foe	3
flash	3
fixity	3
fitness	3
firm	3
fireplace	3
finger	3
finding	3
fifty	3
fiery	3
fiercely	3
fellow	3
feeble	3
features	3
fatigue	3
fate	3
fashion	3
farmer	3
fancied	3
failure	3
failing	3
failed	3
fail	3
faculties	3
facts	3
faced	3
extraordinary	3
experienced	3
exhausted	3
excepting	3
exactly	3
exact	3
eternal	3
estimate	3
established	3
escaped	3
errand	3
erected	3
entrusted	3
enlisted	3
engagement	3
engaged	3
engage	3
ended	3
emotions	3
embarrassed	3
elder	3
edges	3
east	3
earthworks	3
dwellings	3
duel	3
driving	3
drink	3
draw	3
dramatic	3
dragging	3
dragged	3
doors	3
doomed	3
dollars	3
disturbance	3
distinguished	3
distinctness	3
discovered	3
discomfort	3
disclosed	3
discharge	3
disapproval	3
dim	3
digger	3
differently	3
difference	3
didst	3
detailed	3
despite	3
despair	3
design	3
described	3
deputy	3
depths	3
dement	3
delirium	3
definite	3
defeat	3
deeps	3
deem	3
deeds	3
decayed	3
dearest	3
date	3
dangled	3
danger	3
danced	3
damned	3
curious	3
crushed	3
crowding	3
creede	3
covering	3
coroner	3
cord	3
cool	3
control	3
continuous	3
contest	3
conspiracy	3
consisted	3
consider	3
conscience	3
confronting	3
confronted	3
condemned	3
conclusion	3
conceived	3
concealing	3
compliment	3
compelling	3
commonplace	3
committed	3
commands	3
coincidence	3
coil	3
cobwebs	3
clutching	3
clutch	3
clown	3
clerk	3
clavering	3
clasped	3
citizens	3
choice	3
childhood	3
chapter	3
changed	3
centuries	3
central	3
cautiously	3
causing	3
catching	3
cartridge	3
carefully	3
card	3
captured	3
capture	3
canvas	3
canopy	3
buttons	3
bushes	3
burying	3
burning	3
built	3
buildings	3
bugles	3
brutal	3
bring	3
brief	3
breeze	3
brains	3
bore	3
bolt	3
boast	3
boarded	3
blushed	3
blavatsky	3
bet	3
bell	3
belief	3
beauty	3
barrels	3
barbarous	3
bah	3
badly	3
background	3
awe	3
aware	3
awakened	3
avoid	3
auntie	3
audibly	3
attended	3
attack	3
assured	3
assure	3
associations	3
arrested	3
arrest	3
arranged	3
arose	3
armchair	3
approaching	3
apprehension	3
appalling	3
anywhere	3
anyone	3
answer	3
animals	3
anguish	3
amused	3
ambition	3
alarmed	3
ages	3
aged	3
advancing	3
adjutant-general	3
adjoining	3
addicted	3
add	3
activity	3
acres	3
accident	3
accentuate	3
abdomen	3
.'	3
),	3
»	2
«	2
|arabic5+digit|	2
yonder	2
year	2
ye	2
writers	2
wrinkles	2
wretch	2
wrenched	2
wrecks	2
wounds	2
wore	2
wondering	2
won	2
witnesses	2
witness	2
withered	2
withdrawn	2
wit	2
wisdom	2
winter	2
widow	2
whooping	2
whiteness	2
whisper	2
whirled	2
whip	2
wherein	2
whenever	2
wheel	2
wedged	2
weary	2
wear	2
weakness	2
weak	2
wayward	2
waves	2
watching	2
watcher	2
waste	2
warrior	2
warmly	2
warm	2
ward	2
wanted	2
want	2
wandered	2
wander	2
waistcoats	2
vulgar	2
vital	2
visit	2
vision	2
vis	2
violently	2
vigour	2
vigilant	2
victory	2
vicissitudes	2
vice	2
veranda	2
venturesome	2
ventured	2
veins	2
vaguely	2
uttermost	2
utterly	2
upgrown	2
unworthy	2
unwilling	2
unwholesome	2
unusually	2
unusual	2
untraveled	2
unthinkable	2
unseen	2
unprotected	2
unnecessary	2
unmoved	2
unlovely	2
universe	2
union	2
unholy	2
unglazed	2
unfix	2
unfaithful	2
undulations	2
undergone	2
undefinable	2
unconsciously	2
uncomfortably	2
unbroken	2
twigs	2
tumultuous	2
truthful	2
trodden	2
trial	2
tremble	2
treat	2
tread	2
traversed	2
transformed	2
tranquillity	2
trampling	2
trace	2
towering	2
tough	2
torrents	2
tore	2
torch	2
tonight	2
tomb	2
token	2
tired	2
timid	2
ties	2
thundered	2
thugs	2
thug	2
thronged	2
throbs	2
throb	2
thrilled	2
thrift	2
thrice	2
thirty-five	2
thinly	2
thinks	2
thickness	2
thicket	2
therefore	2
theory	2
theirs	2
theatre	2
thank	2
text	2
terrifying	2
temple	2
tangled	2
tangle	2
tallow	2
talked	2
tales	2
tail	2
t	2
sylvan	2
swine	2
swimming	2
sweeping	2
swarms	2
swarm	2
suspiciously	2
surprising	2
supreme	2
supported	2
supper	2
superstitious	2
superhuman	2
sunk	2
suffocation	2
sufficient	2
suffer	2
successively	2
succeeded	2
subordinate	2
sub	2
stung	2
stumbling	2
stuff	2
study	2
student	2
studded	2
stuck	2
structure	2
strokes	2
strips	2
strikes	2
strict	2
stricken	2
strew	2
stretched	2
streamed	2
streaked	2
straps	2
straightway	2
straighten	2
storms	2
stop	2
stooped	2
stoop	2
stony	2
stockade	2
stilled	2
steep	2
steadying	2
steady	2
steadily	2
steadfast	2
stayed	2
statement	2
startling	2
stammered	2
stakes	2
staked	2
stake	2
stairway	2
stain	2
sprung	2
sprawling	2
spooks	2
splendour	2
spiritual	2
spies	2
spiders	2
speech	2
spattered	2
spanned	2
sort	2
songs	2
song	2
somehow	2
somebody	2
soldierly	2
soil	2
soft	2
sofa	2
socket	2
sobbed	2
snow	2
smooth	2
smitten	2
smashing	2
smartly	2
slid	2
slender	2
sleepy	2
slave	2
size	2
sit	2
sinking	2
singular	2
singly	2
simultaneously	2
simplicity	2
significantly	2
signal	2
sickening	2
shuddered	2
shudder	2
shrunken	2
shrink	2
shrine	2
shrieking	2
shows	2
show	2
shots	2
shoe	2
shocking	2
shell	2
sheer	2
sharpness	2
sharpest	2
shanties	2
shallow	2
shaft	2
sex	2
seven	2
setting	2
serving	2
served	2
servant	2
seriousness	2
series	2
sere	2
separate	2
seldom	2
seeking	2
seek	2
secure	2
seconds	2
secessionist	2
searching	2
searched	2
seamed	2
scientific	2
scholar	2
scattered	2
scarcely	2
scabbard	2
salient	2
safety	2
safely	2
safe	2
rusted	2
rust	2
rushing	2
rural	2
rude	2
row	2
roused	2
rolled	2
roared	2
roadside	2
rite	2
risk	2
ripples	2
ridiculous	2
ribbon	2
rhythmic	2
rewarded	2
reverently	2
reverence	2
retreated	2
resume	2
resulted	2
restraint	2
restored	2
restless	2
respected	2
resolved	2
resolution	2
resolutely	2
resentment	2
resemblance	2
requiring	2
request	2
reptile	2
repose	2
reported	2
replaced	2
repeat	2
repairing	2
removes	2
reluctantly	2
reluctant	2
reluctance	2
religion	2
relieved	2
relics	2
released	2
reins	2
rein	2
regarded	2
refused	2
refined	2
reeds	2
reed	2
recurrence	2
recovery	2
recognition	2
recognising	2
recognise	2
reclining	2
rebellion	2
reasoned	2
reasonable	2
raw	2
raven	2
rare	2
rapidity	2
rapid	2
rankly	2
rammer	2
raising	2
raise	2
railway	2
rags	2
ragged	2
rage	2
racing	2
raced	2
rabbit	2
quiet	2
quickly	2
questioning	2
punishment	2
punished	2
punch	2
pulse	2
pull	2
provided	2
prove	2
protected	2
prostrated	2
proper	2
pronounced	2
promptly	2
promise	2
prominent	2
product	2
procession	2
privations	2
principals	2
pride	2
prevented	2
pressure	2
preserve	2
prepared	2
preparation	2
premises	2
preceding	2
prayed	2
pray	2
practice	2
practical	2
powder	2
possessed	2
portent	2
population	2
pondering	2
pomp	2
policeman	2
poles	2
pole	2
pocketbook	2
plume	2
plot	2
play	2
plants	2
planks	2
placing	2
pity	2
pitiless	2
pitched	2
pious	2
piety	2
pierced	2
pick	2
phenomenon	2
phenomena	2
perspiration	2
personnel	2
permitting	2
permission	2
perished	2
perils	2
performing	2
perfect	2
percussion	2
pending	2
peaceful	2
pause	2
patient	2
passes	2
particulars	2
parker	2
panther	2
palms	2
pairs	2
painful	2
owner	2
overturning	2
overthrown	2
overhead	2
overgrowth	2
overcome	2
outraged	2
outbuildings	2
ot	2
original	2
orchard	2
oppressed	2
opposing	2
omitted	2
offend	2
occurring	2
occupied	2
occupation	2
occupant	2
obtain	2
obstruction	2
obstacle	2
obscured	2
oblivion	2
obliquely	2
obituary	2
oat	2
noting	2
noses	2
nosed	2
northern	2
nonsense	2
noncommissioned	2
nods	2
noble	2
newspapers	2
news	2
nervous	2
neighbour	2
negligence	2
nation	2
naked	2
nail	2
n	2
muttered	2
murderous	2
multitude	2
moves	2
mouths	2
moustache	2
mound	2
mostly	2
mortal	2
morose	2
monotonous	2
momentarily	2
modern	2
mode	2
moan	2
missile	2
missed	2
mischance	2
miracle	2
minister	2
mingled	2
milk	2
midsummer	2
midst	2
merriment	2
mercy	2
mendenhall	2
memorandum	2
memorable	2
melody	2
medium	2
medical	2
measured	2
meaning	2
meal	2
matches	2
massive	2
masses	2
marvellous	2
marksmen	2
marked	2
mark	2
margin	2
manifestation	2
manifest	2
manhood	2
malignant	2
malevolence	2
male	2
maintained	2
mainly	2
maid	2
magnetism	2
madmen	2
madman	2
maddening	2
lynx	2
lull	2
luck	2
lowers	2
lowered	2
loosened	2
loose	2
lonely	2
lodged	2
locked	2
loathing	2
livid	2
limb	2
likely	2
liberal	2
liar	2
levity	2
legal	2
leaving	2
leather	2
laughing	2
lantern	2
landing	2
lacking	2
lacked	2
lace	2
knocking	2
knives	2
kneeling	2
kit	2
kinds	2
killing	2
kick	2
kenesaw	2
keeping	2
jutting	2
justification	2
justice	2
june	2
juan	2
joy	2
journey	2
joists	2
joining	2
join	2
jim	2
jersey	2
jacket	2
it's	2
issued	2
ironical	2
intricate	2
intrepid	2
intimation	2
interspaces	2
intensely	2
intelligently	2
intelligences	2
insult	2
insufferable	2
instructed	2
instances	2
inspection	2
insensible	2
insane	2
inquire	2
inquest	2
injunction	2
inherited	2
inglorious	2
ingenious	2
infectious	2
ineffable	2
indubitably	2
indisposed	2
indignation	2
independently	2
incurred	2
incredibly	2
incredible	2
increased	2
inclination	2
incidents	2
incidentally	2
inaction	2
inability	2
impudence	2
impressive	2
impressed	2
important	2
impetus	2
impetuous	2
imperfectly	2
impenitent	2
impenetrable	2
impact	2
immobile	2
immeasurable	2
idlers	2
idler	2
i'd	2
hung	2
hundreds	2
humanity	2
hum	2
howling	2
hostile	2
horror	2
hopeless	2
holster	2
hollow	2
hither	2
hissing	2
highly	2
hewn	2
hesitation	2
hesitated	2
hero	2
herman	2
heritage	2
herald	2
hell	2
heels	2
heed	2
heat	2
headed	2
headboard	2
haven't	2
haunches	2
hats	2
hasty	2
hasterlick	2
harker	2
halted	2
habitations	2
gunners	2
guidance	2
growth	2
grown	2
grounds	2
grip	2
gravity	2
gravelly	2
gravel	2
gratitude	2
gradually	2
glowed	2
glittered	2
glimpse	2
glee	2
gleaming	2
glancing	2
glances	2
gilding	2
gifted	2
ghostly	2
getting	2
gets	2
gestures	2
gertrude	2
georgia	2
gently	2
gathered	2
gashed	2
gas	2
galloping	2
gallant	2
gall	2
gait	2
gained	2
frightfully	2
friendship	2
friendly	2
freedom	2
frame	2
frail	2
fraction	2
fortified	2
forthright	2
forming	2
fork	2
forgot	2
forgive	2
forever	2
forego	2
forefeet	2
fore	2
forced	2
forbid	2
footing	2
footfalls	2
follows	2
flowing	2
flowers	2
flood	2
flattened	2
fitted	2
fires	2
firearms	2
finish	2
fine	2
fiend	2
fibre	2
female	2
feat	2
fatigued	2
fastened	2
fancies	2
famine	2
fairly	2
faintly	2
fainter	2
facetious	2
eyed	2
exuberance	2
extinguishing	2
extending	2
expressed	2
exposure	2
explosions	2
explosion	2
exploration	2
exploded	2
explaining	2
experiences	2
expedition	2
expedient	2
expectation	2
expansion	2
exist	2
exhilaration	2
exercise	2
execution	2
excluded	2
excite	2
exchanged	2
exchange	2
excess	2
exception	2
exceedingly	2
examining	2
examined	2
exalted	2
exacting	2
evident	2
evidences	2
event	2
evade	2
europe	2
especially	2
eruption	2
equal	2
envelope	2
enlarged	2
enforcing	2
endured	2
endurance	2
endeavoured	2
encouragement	2
encounters	2
encircled	2
enchanting	2
enchanted	2
empty	2
emerges	2
elizabethtown	2
elevation	2
element	2
electric	2
eldest	2
efforts	2
effective	2
effaced	2
education	2
edifice	2
echo	2
ebb	2
eaten	2
eat	2
earnestly	2
earnest	2
eager	2
dwellers	2
dwelled	2
dug	2
drums	2
drowned	2
driftwood	2
dressing	2
dress	2
dreams	2
dreadfully	2
draught	2
doubts	2
doubled	2
dodge	2
divine	2
diverse	2
dived	2
disturbing	2
disturbed	2
disquieting	2
displaying	2
disgust	2
disfiguration	2
discreet	2
discover	2
discipline	2
discerned	2
disabled	2
directing	2
dire	2
dinner	2
dig	2
difficult	2
dieth	2
devoted	2
development	2
detain	2
details	2
detachment	2
destruction	2
destitute	2
desperate	2
deserve	2
desert	2
describe	2
descent	2
derisive	2
deposits	2
deployed	2
depend	2
deny	2
dense	2
demesne	2
deliver	2
delirious	2
delight	2
deliberate	2
deities	2
degrees	2
degree	2
defile	2
defect	2
decyphered	2
decreed	2
declivity	2
deafening	2
deadly	2
daybreak	2
dashing	2
darling	2
darkening	2
darkened	2
dared	2
cynical	2
curving	2
curve	2
curtly	2
curse	2
cultivation	2
cruel	2
crowned	2
crowded	2
cross	2
cropped	2
critically	2
critical	2
creeping	2
creep	2
creatures	2
crazy	2
crater	2
cradle	2
cracking	2
cowered	2
cowardice	2
covers	2
courteously	2
coup	2
counted	2
couldn't	2
couch	2
corps	2
convulsively	2
convinced	2
contrasted	2
contrast	2
contrary	2
contentment	2
contemptuous	2
contempt	2
contemporaries	2
contact	2
constantly	2
considered	2
consideration	2
conquered	2
congratulations	2
congested	2
conflagration	2
confidence	2
confederates	2
condemn	2
concerted	2
concern	2
concealment	2
conceal	2
composure	2
complexion	2
completed	2
compassion	2
compass	2
comparatively	2
communication	2
commotion	2
committee	2
commissioned	2
commended	2
commanders	2
combat	2
columns	2
column	2
coloured	2
colossal	2
colloquy	2
collected	2
coldly	2
coins	2
coils	2
coats	2
clutched	2
clothes	2
closer	2
closely	2
clinched	2
climbing	2
climbed	2
climb	2
cliffs	2
clasp	2
clash	2
claimant	2
civil	2
cincinnati	2
cigar	2
chosen	2
chorus	2
choking	2
cherished	2
cheers	2
cheerful	2
cheered	2
cheer	2
charles	2
charged	2
characteristic	2
chap	2
chant	2
channel	2
changes	2
chance	2
chamber	2
cf	2
catastrophe	2
cast	2
cases	2
cascaded	2
carved	2
cared	2
carcosa	2
capricious	2
capped	2
capital	2
cap	2
cannoneer	2
candlestick	2
calling	2
calamity	2
cal	2
cake	2
bursts	2
bursting	2
burden	2
bull	2
bugle	2
bubbles	2
bruised	2
brow	2
bringing	2
brilliant	2
brightness	2
brightened	2
brighten	2
breathe	2
breadth	2
bravery	2
bravado	2
bowing	2
bounding	2
boughs	2
bones	2
boat	2
blushing	2
blurred	2
blunder	2
blown	2
bloodless	2
block	2
blinds	2
blindly	2
blinding	2
blew	2
bleak	2
blasted	2
blanket	2
blades	2
bivouac	2
bits	2
birth	2
beseech	2
berries	2
bench	2
beloved	2
belong	2
begin	2
beg	2
befitting	2
befallen	2
beats	2
beasts	2
bearing	2
bearers	2
battles	2
battalions	2
bathed	2
base	2
baffled	2
babe	2
axe	2
awoke	2
awkwardly	2
awake	2
awaiting	2
awaited	2
averted	2
aversion	2
avenue	2
authority	2
austerity	2
attentive	2
attending	2
attendants	2
attempted	2
attained	2
atonement	2
atmosphere	2
asylum	2
astonishing	2
astonished	2
assistance	2
assist	2
ass	2
asia	2
ashes	2
ascending	2
articulate	2
arrow	2
arriving	2
arrival	2
arrangements	2
arrangement	2
arcs	2
architecture	2
arc	2
aptitude	2
appropriate	2
appears	2
appearing	2
antipathy	2
antecedents	2
answering	2
annoyed	2
announced	2
angular	2
angry	2
ancient	2
amusement	2
ample	2
amongst	2
alternations	2
altering	2
allusion	2
alliance	2
alighted	2
alas	2
alacrity	2
alabama	2
al	2
aimless	2
aimed	2
aides	2
agreed	2
agile	2
affectionate	2
affection	2
affecting	2
affectation	2
affairs	2
affair	2
aerial	2
aeolian	2
adrian	2
adoration	2
admittance	2
admit	2
adjusting	2
adding	2
adderson	2
acute	2
ached	2
ache	2
accurately	2
accounted	2
accordance	2
accompany	2
accompanied	2
accidentally	2
abundant	2
absurd	2
abstraction	2
absorbed	2
absolutely	2
.;	2
..	2
*	2
!''	2
•sat	1
•..•."•".:	1
•".dragons	1
zoo'ogy	1
zola	1
zigzags	1
zigzagging	1
youngster	1
youngest	1
you're	1
you'll	1
you'.h	1
yosemite	1
yond	1
yielding	1
yielded	1
yield	1
yellowish	1
yanks	1
yankee	1
xs	1
wrote	1
wrongly	1
writhing	1
writhed	1
wretched	1
wrestle	1
wrecked	1
wrath	1
woul	1
worthy	1
worst	1
wormwood	1
worm	1
worldly	1
worker	1
woodman	1
woodcraft	1
wondrous	1
wonders	1
womanly	1
wives	1
wits	1
withhold	1
withdrawal	1
withal	1
wiping	1
winters	1
wing	1
winced	1
win	1
william	1
willard	1
wilh	1
wiles	1
wildness	1
wildly	1
wildest	1
wilderness	1
widowed	1
widest	1
whosoe	1
whomsoever	1
whizz	1
whitened	1
whistled	1
whisky	1
whisking	1
whiskers	1
whirls	1
whetting	1
wherever	1
wharf	1
wert	1
welter	1
wells	1
well-to-do	1
well-bred	1
welcome	1
weird	1
weighted	1
weeping	1
webs	1
weatherworn	1
wearing	1
wealthy	1
waxed	1
waving	1
wavering	1
waved	1
wave	1
waterloo	1
watchful	1
watchdog	1
washing	1
warping	1
wantyour	1
wantonly	1
waning	1
waned	1
wanders	1
wanderings	1
waked	1
waistcoat	1
wailing	1
wail	1
w	1
vville	1
vulture	1
vulgarians	1
vraisemblance	1
vow	1
votion	1
vortex	1
voluntary	1
voluntarily	1
voluminous	1
volume	1
volition	1
volcano	1
void	1
voiced	1
vocation	1
vocal	1
vocabulary	1
vitality	1
visor	1
visitor	1
virginian	1
violating	1
villainous	1
vigilantes	1
vigil	1
views	1
vienna	1
videttes	1
victors	1
victories	1
victor	1
victim	1
viciously	1
vicinity	1
vices	1
vicarious	1
vibrant	1
vexatious	1
vestige	1
vertigo	1
version	1
versa	1
veritabyll	1
veritably	1
verify	1
verification	1
verge	1
verdict	1
verbosely	1
venturing	1
venomous	1
veneering	1
velocity	1
veining	1
vehicle	1
vas	1
variations	1
vapour	1
vanisheth	1
vanishes	1
vances	1
valued	1
validity	1
vague	1
vagrantly	1
vacantly	1
uttering	1
utterance	1
utter	1
usually	1
useless	1
useful	1
urniture	1
uriac	1
urge	1
upturned	1
upshot	1
uppermost	1
uplands	1
unworthiness	1
unworth	1
unworldly	1
unwise	1
unveil	1
unutterably	1
unutterable	1
untutored	1
unto	1
untimely	1
unsuccessfully	1
unsuccessful	1
unsteadily	1
unsteadfast	1
unspoken	1
unspeakably	1
unsought	1
unsoldierly	1
unseeing	1
unsealing	1
unsacking	1
unremitting	1
unregarded	1
unquestionable	1
unofficially	1
unobscured	1
unnoted	1
unnerving	1
unnerved	1
unmolested	1
unmistakably	1
unmistakable	1
unmilitary	1
unloose	1
unlimbered	1
unleavened	1
unleashed	1
unlearned	1
unlatched	1
unladylike	1
unkindly	1
unkind	1
unkempt	1
unjust	1
university	1
universal	1
unintelligible	1
uninstructed	1
unhewn	1
unheroic	1
unheeded	1
unheard	1
unharmed	1
unhandsome	1
ungrateful	1
unforeseen	1
unfinished	1
unfathomable	1
unfastened	1
unfamiliarly	1
unexpected	1
uneven	1
uneasiness	1
uneasily	1
unearthed	1
undulatory	1
undoubtedly	1
undoing	1
undivided	1
undisturbed	1
undischarged	1
underwent	1
undertone	1
undertake	1
understandings	1
undersense	1
underneath	1
underbrush	1
unconquerable	1
unconcerned	1
uncommonly	1
unclosed	1
uncertainty	1
unbuttoned	1
unbiassed	1
unbent	1
unbarred	1
unassisted	1
unarmed	1
unaided	1
unacquainted	1
un	1
ultimate	1
uhisions	1
uh	1
ugh	1
uga	1
uan	1
tyre	1
types	1
twittering	1
twisted	1
twirl	1
twin	1
twilight	1
twenty-three	1
twenty-five	1
tv	1
tussle	1
turvy	1
turns	1
turnpike	1
turkey	1
turf	1
turbulent	1
tur	1
tunnels	1
tune	1
tumultuously	1
tumuli	1
tumbling	1
tumbled	1
tugged	1
tube	1
ttts	1
ttrssiite	1
ttf£	1
tt	1
try	1
trump	1
truest	1
truehearted	1
trudged	1
troublesome	1
trotted	1
trot	1
troop	1
trivial	1
triumph	1
trip	1
trim	1
trickle	1
tribute	1
tribes	1
tress	1
trepidation	1
trenches	1
tremendous	1
treatings	1
treasure	1
traversing	1
traverse	1
travel	1
traordinary	1
transverse	1
transmitted	1
translucent	1
translations	1
translated	1
transition	1
transferred	1
traitor	1
trains	1
trained	1
train	1
tragic	1
tragedy	1
tractable	1
track	1
tracing	1
traces	1
traced	1
toy	1
towers	1
towered	1
towards	1
towa	1
tow	1
tovgti	1
tour	1
touches	1
total	1
torment	1
tor	1
topsy	1
topped	1
topographical	1
topmost	1
topic	1
toot	1
tools	1
tonne	1
tolling	1
toiling	1
toilet	1
toiled	1
toes	1
toads	1
tlol	1
tkese	1
tjoly	1
tjie	1
tiple	1
tions	1
tion	1
tingled	1
ting	1
timation	1
tilt	1
tighter	1
tied	1
tidying	1
tidy	1
tides	1
ticking	1
tick	1
tic	1
tiacks	1
thyself	1
thwart	1
thunderstorm	1
thundering	1
thunderclouds	1
thump	1
ths	1
thrusts	1
throwing	1
throng	1
throbbing	1
throats	1
thrilling	1
threshold	1
threatening	1
threaten	1
thoumust	1
thoughtless	1
thoroughly	1
thkkaata	1
thither	1
thirsty	1
thine	1
thigh	1
thieir	1
they'll	1
thereunto	1
theories	1
thence	1
theme	1
thefyirrior	1
theformidableness	1
theatrical	1
theapparently	1
thanked	1
th	1
tgj	1
testifying	1
testified	1
tested	1
test	1
terrors	1
terms	1
terminus	1
termining	1
terminating	1
termi	1
term	1
ter	1
tenure	1
tents	1
tenfold	1
tendons	1
tenderest	1
tenants	1
tempting	1
tempted	1
temptation	1
temporising	1
temples	1
temperature	1
tells	1
telling	1
tedious	1
tearless	1
tearing	1
tear	1
team	1
teach	1
tattooed	1
tatters	1
tata	1
tastes	1
target	1
tardiness	1
tapped	1
tap	1
tangles	1
taller	1
talk	1
talent	1
tale	1
t0ssl&	1
systems	1
syndicate	1
symptoms	1
sympathy	1
sympathies	1
sworn	1
swore	1
swooping	1
swooning	1
swirling	1
swirl	1
swinging	1
swiftly	1
swift	1
swerving	1
sweetness	1
sweetly	1
sweeps	1
sweat	1
swayed	1
swallowing	1
swallow	1
svasion	1
suspicion	1
suspension	1
suspender	1
survived	1
surveying	1
surroutjdr.vgs	1
surround	1
surrender	1
surged	1
surfaces	1
surer	1
suppressed	1
suppliant	1
supplement	1
supplanted	1
supervised	1
superiority	1
superintendent	1
superb	1
superadded	1
sunshade	1
suns	1
sunrise	1
sunning	1
summon	1
summing	1
summarily	1
sullenly	1
suitably	1
suitable	1
suit	1
suggestions	1
suggesting	1
suggest	1
suffusing	1
suffused	1
suffocating	1
suffocated	1
sufferer	1
suddenness	1
succumbed	1
succour	1
succession	1
successes	1
succeed	1
suburb	1
substitution	1
substitute	1
subsided	1
subordination	1
subordinates	1
submit	1
submission	1
sublimity	1
subduing	1
suasion	1
style	1
sturdily	1
stupid	1
stupefies	1
stupefied	1
stunning	1
stunned	1
stumps	1
stuffed	1
studied	1
stubbornly	1
stubborn	1
strove	1
strongly	1
stroll	1
stripped	1
string	1
strikingly	1
striding	1
stride	1
strewn	1
stretching	1
stretch	1
strengthened	1
strengt	1
streams	1
streaming	1
streaks	1
stray	1
straw	1
strategist	1
strangulation	1
strangled	1
strangest	1
strait	1
straggled	1
straggle	1
straddling	1
stormy	1
storming	1
stories	1
storfti	1
stooping	1
stonily	1
stolidly	1
stolidity	1
stole	1
stirring	1
stir	1
stinging	1
stimulation	1
stilting	1
stiff	1
sticks	1
stick	1
stfajte	1
sternly	1
sterile	1
stepping	1
stems	1
steel	1
steed	1
steaming	1
stealthily	1
staying	1
statuesque	1
statues	1
stationing	1
station	1
states	1
stately	1
starved	1
startles	1
startle	1
starred	1
star	1
stamping	1
stammering	1
stammerer	1
staking	1
stakeholder	1
staircase	1
stains	1
staining	1
staid	1
stagecoach	1
staffs	1
stabbed	1
squirrels	1
squirrel	1
squarely	1
squads	1
squad	1
spurred	1
springs	1
springfield	1
spray	1
spoor	1
spontaneous	1
sponging	1
sponged	1
sponge	1
spoils	1
spittoons	1
spirits	1
spinning	1
spine	1
spiked	1
spent	1
speeding	1
speechless	1
sped	1
speculating	1
spectral	1
spectacular	1
specimen	1
specific	1
species	1
special	1
speaks	1
speaker	1
spattering	1
spat	1
sparsely	1
sparrow	1
sparks	1
sparkled	1
spare	1
spanish	1
souvenirs	1
souvenir	1
southwestern	1
sorts	1
sorrowful	1
sorrow	1
sorely	1
sons	1
son-in-law	1
sometime	1
someservice	1
someone	1
solid	1
solicitude	1
soldiering	1
sold	1
sojourn	1
soiled	1
softened	1
soften	1
sockets	1
society	1
sobs	1
sobriquet	1
soap	1
snowy	1
snow-white	1
snorting	1
sneaking	1
snatch	1
snapped	1
snap	1
snak£	1
snail	1
smilingly	1
smarting	1
smallest	1
smaller	1
sluggish	1
slouching	1
slouch	1
sloping	1
slippery	1
slippers	1
slipped	1
slip	1
sligh	1
slew	1
sleepers	1
sleeper	1
slay	1
slaughter	1
slash	1
slang	1
slander	1
slaking	1
slain	1
slack	1
slab	1
skylight	1
skulls	1
skirting•	1
skirting	1
skirmishing	1
skirmish	1
skies	1
sketch	1
skeletons	1
sits	1
siterherd	1
site	1
sisterhood	1
sion	1
sinuously	1
sins	1
sink	1
singsong	1
sincere	1
simultaneous	1
simulated	1
similarly	1
silly	1
silencing	1
silences	1
silenced	1
signifying	1
signification	1
signed	1
signature	1
signals	1
signalised	1
sighting	1
sighed	1
sigh	1
sidewise	1
sidewalks	1
sideboard	1
sickness	1
sick	1
shy	1
shutting	1
shut	1
shuffling	1
shubert	1
shrug	1
shrillest	1
shrieks	1
shreds	1
shrank	1
showeth	1
shovel	1
shouts	1
shoutings	1
shout	1
shoul	1
shotted	1
shortly	1
shorter	1
shore	1
shoes	1
shockingly	1
shivered	1
shine	1
shin	1
shifted	1
sherman	1
shepherds	1
shepherd	1
shed	1
shave	1
shattered	1
sharpened	1
shared	1
shapes	1
shambling	1
shalt	1
shakespeare	1
shaken	1
shafts	1
shading	1
shades	1
sexes	1
severer	1
seventy	1
settlements	1
settlement	1
servants	1
serpentine	1
serpente	1
serenade	1
sequence	1
sepulchre	1
separation	1
sentimental	1
sentiment	1
sentence	1
sensibility	1
sensations	1
sensational	1
senility	1
senger	1
semicircle	1
selfish	1
self-possession	1
self-denial	1
self-defence	1
selection	1
selecting	1
selected	1
seeman	1
sedulously	1
sedentary	1
sectional	1
section	1
secretly	1
seclusion	1
seaward	1
seasons	1
sear	1
scuttle	1
scuffling	1
scrutiny	1
scribe	1
screech	1
scream	1
scraps	1
scrap	1
scowled	1
scores	1
scope	1
scooped	1
science	1
school	1
scepticism	1
sceptic	1
scarves	1
scarred	1
scarlet	1
scanning	1
scandalously	1
scandal	1
scampering	1
scaled	1
scabbards	1
saved	1
savec	1
savages	1
savagely	1
saturnine	1
satisfying	1
sash	1
sarvey	1
sardine	1
sang	1
sandier	1
sanctities	1
sanchez	1
saluting	1
salutation	1
saliva	1
sale	1
salad	1
sake	1
saint	1
sailed	1
saidst	1
sadly	1
sad	1
sacrifice	1
sacking	1
sacked	1
sackcloth	1
sack	1
sabres	1
sabe	1
rustling	1
rustled	1
rustle	1
rustic	1
russia	1
rummaging	1
rumble	1
ruled	1
ruins	1
rugged	1
rudimentary	1
ruddy	1
rubies	1
rubbed	1
rrte	1
rphere	1
rows	1
route	1
rouse	1
rounding	1
roughly	1
rotten	1
rosy	1
roseate	1
ropes	1
roots	1
rolls	1
rocked	1
robert	1
robber	1
robbed	1
robardin	1
roadway	1
roadbed	1
rivet	1
rivals	1
rival	1
rites	1
risking	1
risked	1
ripple	1
riparian	1
rio	1
rings	1
rincon	1
rim	1
rills	1
rill	1
rigours	1
rigour	1
rigid	1
rifleman	1
ridicule	1
ribs	1
riata	1
rhetorical	1
revolting	1
reviving	1
revived	1
reverted	1
reversed	1
revenge	1
reveille	1
revealed	1
reveal	1
returns	1
retracted	1
retort	1
retire	1
retinue	1
retaken	1
retained	1
retain	1
resurrect	1
resulting	1
rests	1
restraining	1
restrained	1
rested'on	1
responsive	1
responsibility	1
respectfully	1
respectful	1
resources	1
resolve	1
resolute	1
resistant	1
resistance	1
resist	1
residence	1
resembling	1
resemble	1
rescue	1
requires	1
require	1
reputations	1
reputable	1
repulsive	1
repugnance	1
reptilian	1
reptiles	1
reproach	1
reprimand	1
represented	1
represent	1
reposing	1
reports	1
replace	1
repented	1
repelled	1
repeating	1
repeatedly	1
repassed	1
repartee	1
repair	1
reopen	1
renunciation	1
renown	1
renounced	1
renounce	1
removing	1
remount	1
remoter	1
remote	1
remonstrate	1
remonstrances	1
reminded	1
remind	1
remembers	1
remembering	1
remem	1
remarkably	1
remarkable	1
remaineth	1
reloading	1
reloaded	1
relish	1
religious	1
religions	1
relieving	1
relieve	1
relevancy	1
relationship	1
relations	1
relating	1
relates	1
rejected	1
regulations	1
regulation	1
regrettable	1
regret	1
register	1
regions	1
regiments	1
regardful	1
regain	1
refreshment	1
refrain	1
reforming	1
reformed	1
reflection	1
refinement	1
refilled	1
referred	1
reference	1
refer	1
reestablished	1
redwood	1
redundancy	1
redly	1
rediscovered	1
recurrent	1
rectify	1
recruiting	1
recrossing	1
recovers	1
recounting	1
recount	1
records	1
reconnoitre	1
reconnoissance	1
recommend	1
recommenced	1
recollection	1
recollect	1
recoil	1
recluse	1
reckless	1
recking	1
recitals	1
recess	1
recently	1
recent	1
recede	1
rebuff	1
rebels	1
rebellious	1
reassured	1
reassurance	1
rearthy	1
rears	1
rearranging	1
reap	1
realm	1
realised	1
readerand	1
reaches	1
razor	1
rays	1
ray	1
ravage	1
rattlings	1
rattlesnake	1
rattles	1
rattled	1
rats	1
rathood	1
rapture	1
rapt	1
rap	1
range	1
ramrods	1
ramification	1
rallying	1
rally	1
rallied	1
rainbow	1
railroads	1
raillery	1
rag	1
rae	1
radiating	1
radiant	1
racked	1
rack	1
races	1
quotation	1
quivering	1
quitted	1
quit	1
quieter	1
quien	1
quickened	1
questioner	1
questioned	1
quest	1
queerest	1
queer	1
quartz	1
quartermaster	1
quarry	1
quarrel	1
quantity	1
qualities	1
qualification	1
pyrites	1
puzzling	1
pursued	1
purple	1
purifying	1
purely	1
pure	1
purchase	1
punctuating	1
pulsation	1
pulsating	1
publication	1
public-spirited	1
prudent	1
prowess	1
provoking	1
provoked	1
provide	1
proved	1
proudest	1
proud	1
protrusion	1
protested	1
protection	1
prostestations	1
prosperity	1
prospered	1
prospector	1
prospect	1
prosecution	1
propped	1
proposition	1
proportions	1
proportion	1
prophecy	1
promotions	1
promotion	1
promoted	1
prometheus	1
prom	1
prolonging	1
prolonged	1
projection	1
projecting	1
progressively	1
profusion	1
profundity	1
profitless	1
profitable	1
profit	1
professes	1
produces	1
proceedings	1
proceeding	1
proceeded	1
probabilities	1
privileges	1
privilege	1
privation	1
privates	1
prison	1
prismatic	1
prior	1
print	1
primed	1
prime	1
primaeval	1
priesthood	1
prickly	1
price	1
previous	1
prevent	1
prevalent	1
preternatu	1
pretending	1
presumptuous	1
press	1
preserving	1
preserved	1
preservation	1
presenting	1
prescribing	1
prescience	1
presaging	1
preponderance	1
prepare	1
preparatory	1
preparations	1
preoccupied	1
prehistoric	1
preferring	1
prefer	1
predestined	1
predecessor	1
preceded	1
precaution	1
practises	1
powerless	1
pouncing	1
pounced	1
potations	1
postures	1
postscript	1
postmarked	1
postmark	1
posterity	1
possibility	1
possibilities	1
positions	1
portions	1
portentous	1
porch	1
pools	1
ponders	1
ponderous	1
pompous	1
pommel	1
politician	1
polished	1
police	1
pointer	1
poetry	1
plunging	1
plunge	1
plump	1
plucked	1
plough	1
plethoric	1
plenty	1
plentitude	1
pledge	1
plea	1
plays	1
playmates	1
playful	1
platform	1
plastered	1
plashed	1
plant	1
planned	1
plains	1
placidly	1
pivotal	1
pivot	1
pitilessly	1
piteously	1
pitch	1
pit	1
pistols	1
piquant	1
pine	1
pinafores	1
pin	1
pillar	1
piling	1
pilent	1
pig	1
pier	1
picturesquely	1
picturesque	1
picketed	1
phrases	1
phrased	1
phonograph	1
philosophy	1
philosophising	1
philosophies	1
philosopher	1
philippi	1
phases	1
petulance	1
petals	1
pestilences	1
perverse	1
perusal	1
persuade	1
perspective	1
personality	1
permanent	1
perisheth	1
periods	1
periodicity	1
perilously	1
perfunctory	1
perforce	1
perfection	1
perfected	1
perched	1
perception	1
perceptibly	1
perceptible	1
perceiving	1
perceived	1
penury	1
penitential	1
penitence	1
penetrating	1
pendulum	1
pencil	1
penalty	1
pen	1
peering	1
peered	1
pedro	1
pedestal	1
pecuniary	1
peculiarity	1
peculiarities	1
peck	1
pears	1
paws	1
patriots	1
patients	1
patience	1
patches	1
patch	1
pasturage	1
passions	1
passengers	1
passenger	1
partridges	1
partners	1
partner	1
particularly	1
particles	1
partial	1
parleyed	1
paris	1
parents	1
parapet	1
papers	1
pantomime	1
panorama	1
pang	1
panes	1
palm	1
paler	1
paled	1
pair	1
paintings	1
painted	1
pains	1
painfully	1
page	1
pack	1
pacing	1
paced	1
oxygen	1
ownership	1
owners	1
owing	1
owed	1
overwhelming	1
overwhelmed	1
overturned	1
overthrow	1
overtake	1
overstrained	1
overrunning	1
overlooking	1
overhearing	1
overheard	1
overcoat	1
overcame	1
outthrown	1
outposts	1
outlying	1
outlines	1
outlined	1
outgrow	1
outfit	1
outermost	1
outdo	1
ounce	1
oughtn't	1
otherwise	1
oscillation	1
oscillating	1
orthography	1
orphan	1
orleans	1
originate	1
originally	1
origin	1
oriental	1
organic	1
ore	1
orderlies	1
orchestration	1
orbs	1
orally	1
opposition	1
opportunities	1
opium	1
opinionated	1
opinion	1
opin	1
ophiophagus	1
ophioph	1
operations	1
opera	1
onset	1
onry	1
omitting	1
old-fashioned	1
oi	1
ohio	1
ofl	1
offs	1
official	1
offensive	1
offended	1
offence	1
odds	1
oddly	1
ocular	1
ocean	1
occurs	1
occurrence	1
occupy	1
occupants	1
occult	1
occasions	1
oc	1
obvious	1
observes	1
observant	1
observances	1
oblivious	1
obliged	1
obligation	1
objectionable	1
objection	1
obedient	1
oath	1
oars	1
nv	1
nursing	1
numberless	1
nowise	1
nowhere	1
nourished	1
noun	1
noticed	1
notable	1
nota	1
northeast	1
nore	1
nooutcroppings	1
noonday	1
noncommittal	1
non	1
noiseless	1
nod	1
nimbly	1
nileside	1
nights	1
nickname	1
nice	1
niagara	1
ng	1
newcomers	1
newcomer	1
nerve	1
neighed	1
neighbours	1
neighbouring	1
negroes	1
negro	1
neglect	1
needlessly	1
needles	1
needful	1
needed	1
necropolis	1
neckwear	1
necessity	1
neared	1
nay	1
natures	1
native	1
narrowing	1
narrower	1
narrative	1
narration	1
napoleon	1
naively	1
nails	1
mysterous	1
mysteries	1
muzzles	1
mutual	1
mutilations	1
mutilated	1
mute	1
mutations	1
musket	1
museum	1
muscle	1
murphy	1
murmured	1
murderer	1
murder	1
mur	1
mum	1
mul	1
mud	1
mouthed	1
mouldy	1
mould	1
mottled	1
motives	1
motive	1
motions	1
moss	1
mosaic	1
mortifying	1
mortified	1
mortification	1
mortals	1
mortally	1
morsel	1
morryster	1
morrys	1
morrow	1
morrison	1
moreover	1
moral	1
monument	1
months	1
month	1
monterey	1
monster	1
monopoly	1
monkey	1
momentous	1
moll	1
moles	1
molecular	1
moisture	1
modest	1
mockery	1
moans	1
misunderstanding	1
mists	1
mistaken	1
mistake	1
missionary	1
misreading	1
misgiving	1
miserabyll	1
mischief	1
misadventure	1
minutely	1
minor	1
mine	1
minds	1
mindless	1
millionaire	1
mill	1
mighty	1
mightst	1
mightiest	1
mightier	1
midway	1
mica	1
metroplis	1
methodical	1
method	1
metals	1
messalina	1
message	1
merry	1
merrily	1
merit	1
merged	1
ments	1
mentioned	1
mendacious	1
menagerie	1
memories	1
memorials	1
memnon	1
mementoes	1
members	1
member	1
melancholy	1
meets	1
meanest	1
meagre	1
maze	1
mayest	1
mathematics	1
matchwood	1
matchless	1
matching	1
match	1
massachusetts	1
masonry	1
masking	1
masculine	1
marvels	1
marvells	1
marvel	1
martinet	1
martial	1
marrying	1
marry	1
marriage	1
marksman	1
marks	1
marian	1
marched	1
marble	1
mar	1
manuelita	1
mantled	1
mansion	1
manoeuvered	1
manners	1
mannered	1
manned	1
manly	1
manifesting	1
mane	1
mandate	1
managed	1
malevolences	1
males	1
malaria	1
makes	1
maker	1
majority	1
maimed	1
magnified	1
magnificent	1
magnetick	1
magician	1
maggots	1
madly	1
madison	1
maddened	1
madam	1
maculations	1
maculated	1
macduff	1
m	1
luxury	1
luxurious	1
lusterless	1
lust	1
lurid	1
lured	1
lunatic	1
lunacy	1
ludicrousness	1
ludicrous	1
lucky	1
loyally	1
lowland	1
lowing	1
lowest	1
lovingly	1
lover	1
lovely	1
loveless	1
lousy	1
loudly	1
louder	1
losing	1
lorward	1
loquacity	1
loopholed	1
longitudinal	1
longing	1
longest	1
loneliest	1
lonelier	1
lone	1
logs	1
logical	1
loftiest	1
lodgers	1
locusts	1
locks	1
location	1
locate	1
loads	1
loading	1
lo	1
ll	1
lithe	1
literally	1
listed	1
list	1
liquor	1
liquid	1
lion	1
lingering	1
lingered	1
lined	1
limits	1
limited	1
liking	1
liked	1
lightnings	1
lightning	1
lied	1
lidless	1
library	1
liberality	1
leverage	1
lever	1
levelled	1
lest	1
lesson	1
leonine	1
lengthwise	1
lending	1
leisure	1
legends	1
ledge	1
leased	1
learning	1
leapt	1
lean	1
leaks	1
leaders	1
le	1
lawn	1
laurels	1
laundry	1
lateral	1
lately	1
lasted	1
larks	1
lark	1
largest	1
lapels	1
lap	1
lanyard	1
lank	1
languor	1
languid	1
lamps	1
lamb	1
lake	1
lain	1
lags	1
lachet	1
lacework	1
labouring	1
laboured	1
labour	1
laborious	1
laboratory	1
knuckles	1
know-how	1
knot	1
knocked	1
knob	1
knell	1
knapsack	1
kllled	1
kitchen	1
kisses	1
kissed	1
kindled	1
killers	1
kght	1
keys	1
key	1
keenest	1
keener	1
kearny	1
k'jarette	1
jv	1
justify	1
justified	1
juries	1
jungle	1
jugglery	1
juggler	1
judiciously	1
judicious	1
judging	1
ju!y	1
joyous	1
journalist	1
jokes	1
job	1
jo	1
jlfcs	1
jewelled	1
jet	1
jeff	1
jealousies	1
jd	1
jay	1
jane	1
ized	1
itsmineral	1
italian	1
issue	1
isolation	1
irtg	1
irritating	1
irritated	1
irresistible	1
irrelevantly	1
irrelevant	1
irony	1
ior	1
ion	1
io	1
involving	1
invite	1
invitation	1
invincible	1
investigators	1
investigator	1
investigate	1
invested	1
inventor	1
invention	1
invalid	1
invader	1
invaded	1
intruders	1
intrepidity	1
intonation	1
intolerably	1
intolerable	1
intimate	1
intestine	1
interview	1
intersection	1
intersecting	1
intersected	1
interrupting	1
interred	1
interpreted	1
interposing	1
interpose	1
intermingled	1
interminable	1
interment	1
interior	1
interfering	1
interests	1
intercepting	1
intercept	1
interceded	1
intenser	1
intense	1
intelligible	1
intellect	1
integrity	1
integer	1
intact	1
insurgent	1
insupportably	1
insufficient	1
instruments	1
instrument	1
instructions	1
instinct	1
instated	1
instantaneously	1
instance	1
inst	1
inspire	1
inspected	1
inspect	1
insidious	1
inserted	1
inseparable	1
insects	1
insect	1
insanity	1
inquiring	1
innumerable	1
innovations	1
innermost	1
inmates	1
injustice	1
injured	1
injure	1
inhumanly	1
inherits	1
inherit	1
inheres	1
inhaled	1
inhabited	1
inhabitants	1
inhabitant	1
infrequency	1
information	1
influences	1
inflicted	1
inflict	1
infinity	1
infinitely	1
infidel	1
inferred	1
infernal	1
inferior	1
inference	1
inferable	1
infant	1
infamous	1
inexpressibly	1
inexperienced	1
inexhaustible	1
inevitable	1
inefficacy	1
ineffectually	1
ineffectual	1
inedible	1
industry	1
indulging	1
indulged	1
indulge	1
indolently	1
indolent	1
indolence	1
individual	1
indistinguishable	1
indistinct	1
indiscretion	1
indignant	1
indigence	1
indifferent	1
indicated	1
indicate	1
indian	1
india	1
indescribable	1
indefinable	1
incurable	1
incur	1
incriminating	1
incredulity	1
increase	1
incorrectly	1
inconspicuous	1
inconsistent	1
incongruous	1
inconceivable	1
incompatible	1
incomparable	1
incoherently	1
including	1
inclining	1
incivility	1
incites	1
incarnate	1
incapacity	1
incalculable	1
inaugurated	1
inaudibly	1
inaudible	1
inarticulately	1
inadvertence	1
inadequate	1
improvement	1
improve	1
impressions	1
impressionable	1
impression	1
imposes	1
implying	1
imply	1
imploring	1
implored	1
implore	1
implication	1
impetuously	1
impertinence	1
imperiousness	1
imperious	1
imperil	1
imperfect	1
impending	1
impatience	1
impassive	1
impassable	1
impartiality	1
impart	1
immured	1
immunity	1
immovable	1
immortals	1
immortal	1
immoral	1
imminent	1
immense	1
immeasurably	1
imitation	1
imita	1
imbedded	1
imbecile	1
imagine	1
imaginative	1
imaginary	1
illustration	1
illustrated	1
illusions	1
illusion	1
illuminating	1
illogical	1
illegible	1
ignoring	1
ignore	1
ignorant	1
ight	1
ig	1
ie	1
idly	1
idled	1
idle	1
idiot	1
identity	1
identification	1
identical	1
ideas	1
icy	1
i5th	1
hypothesis	1
hyades	1
hut	1
husky	1
hurts	1
hurried	1
hurling	1
hurled	1
hunters	1
hunter	1
hunted	1
humours	1
humoredly	1
humility	1
humiliated	1
hugged	1
hug	1
hue	1
huddled	1
houses	1
hounds	1
hotly	1
hosts	1
hostility	1
hospitality	1
hospital	1
hospitable	1
hoseib	1
horsehair	1
horseback	1
horizontal	1
hor=e	1
hops	1
hoping	1
hopes	1
hoped	1
hooted	1
honoured	1
homeward	1
homesteads	1
homes	1
hole	1
hoisted	1
hoarsely	1
hitched	1
historiographer	1
historical	1
hinge	1
hindering	1
hillside	1
hillock	1
highbred	1
hide	1
hid	1
hich	1
hew	1
heresy	1
hereditary	1
herd	1
herbage	1
hence	1
hemp	1
helping	1
helped	1
hellborn	1
helber	1
hel	1
heiress	1
heir	1
heights	1
heightening	1
heel	1
heeding	1
hedgerows	1
heavily	1
heavens	1
heaved	1
heating	1
hearsay	1
heaps	1
heap	1
headstones	1
headsmen	1
headboards	1
havepaid	1
hatless	1
hated	1
hatchet	1
hastened	1
hasten	1
haste	1
harshly	1
harriston	1
harps	1
harp	1
harmony	1
harmonised	1
harmlessness	1
harmed	1
hardihood	1
hardiest	1
hardened	1
happily	1
hangs	1
hangmen	1
handwritihg	1
handles	1
handkerchief	1
handiwork	1
handfuls	1
hampering	1
hammered	1
halting	1
hali	1
haired	1
haft	1
habits	1
habitation	1
h\s	1
h's	1
h	1
gyration	1
gusts	1
gurgling	1
gunning	1
gully	1
gulf	1
guiding	1
guided	1
guest	1
guess	1
guarding	1
guarded	1
grunt	1
grumble	1
gruff	1
grows	1
grouped	1
grossly	1
gross	1
groped	1
grope	1
groaned	1
grin	1
grim	1
grieved	1
grievance	1
greyish	1
greying	1
grees	1
greenish	1
greening	1
greenbrier	1
greek	1
grecian	1
greatness	1
greatest	1
graveyard	1
graveclothes	1
grating	1
gratified	1
gratification	1
graphically	1
grapeshot	1
granted	1
grant	1
granite	1
grandiose	1
grandeur	1
grammar	1
grafton	1
graduated	1
grade	1
gradation	1
gown	1
governed	1
gouted	1
gossips	1
gossiping	1
gorgeousness	1
gorgeous	1
gopher	1
good-humoured	1
good-humour	1
godlike	1
goddess	1
gobbling	1
gnaw	1
gnats	1
glow	1
glorious	1
gloomy	1
glooming	1
gloomiest	1
globe	1
glimpses	1
glimmer	1
glean	1
gleamed	1
glazier	1
glassless	1
glasses	1
glare	1
glanced	1
gladly	1
gladiator	1
giving	1
gives	1
girths	1
girls	1
gilded	1
gigantic	1
gigan	1
gig	1
ghoul	1
ghosts	1
ghastliest	1
getter	1
gesticulated	1
genuine	1
genial	1
generosity	1
gen	1
gem	1
gaynsaye	1
gateway	1
gasps	1
gasping	1
gasped	1
gasp	1
gaslight	1
garrick	1
garden	1
gap	1
gamblers	1
gambler	1
gallows	1
gallops	1
gallop	1
gallantry	1
gain	1
gad	1
g	1
future	1
fury	1
furrowed	1
furnishing	1
furiously	1
funeral	1
fundamental	1
functions	1
fun	1
fully	1
fullness	1
fulfil	1
fuel	1
ft	1
frothy	1
frost	1
frontiersman	1
frontier	1
froi	1
frock	1
fringes	1
fringed	1
freshly	1
frequented	1
frenzied	1
freely	1
freaked	1
frantic	1
frankly	1
framing	1
fragrant	1
fragrance	1
fo£	1
foundation	1
forwards	1
forty	1
fortunes	1
fortune	1
fortunate	1
forsaken	1
formulation	1
formulate	1
formless	1
formerly	1
forgets	1
forgetful	1
forfeited	1
foreshortened	1
foreseen	1
foremost	1
forelegs	1
foreleg	1
foreground	1
foregoing	1
forecast	1
ford	1
forcing	1
forbiddingly	1
forbidden	1
forbearance	1
foraging	1
footsteps	1
footstep	1
footsore	1
footfall	1
foolish	1
food	1
fond	1
foliage	1
folds	1
folding	1
fog	1
foeman	1
fo	1
fly	1
flutters	1
fluttering	1
fluttered	1
flutter	1
flume	1
flowed	1
flouncing	1
flooring	1
floated	1
flies	1
flew	1
flesh	1
fleeting	1
flattening	1
flatten	1
flatly	1
flashing	1
flapped	1
flannel	1
flanked	1
flaming	1
flames	1
flamboyantly	1
flakes	1
fizzing	1
fixing	1
fix	1
fitting	1
fit	1
fish	1
firmness	1
finishing	1
finer	1
finder	1
final	1
filth	1
filling	1
file	1
fifth	1
fifteenth	1
fifteen	1
fifes	1
fiddled	1
fiction	1
fi	1
feverish	1
fetch	1
ferryboat	1
ferocity	1
fences	1
feminine	1
females	1
fellowmen	1
fellowless	1
feels	1
feelings	1
fee	1
feature	1
feats	1
feathery	1
fearing	1
fearful	1
favouring	1
favourable	1
fatuity	1
fathers	1
fastidious	1
fastenings	1
fastening	1
fashionable	1
faro	1
fargo	1
farewell	1
fanciful	1
famishing	1
familiarly	1
familiarity	1
fame	1
falls	1
falleth	1
faithless	1
faithfulest	1
faithful	1
faith	1
faintest	1
fainted	1
failures	1
fading	1
faded	1
facetiously	1
eyebrows	1
extremity	1
extolled	1
extinction	1
extinct	1
exterminates	1
extent	1
exposures	1
explored	1
exploding	1
explanation	1
explains	1
expiring	1
expired	1
expiration	1
experts	1
expert	1
experiments	1
expelled	1
expecting	1
exodus	1
exits	1
existed	1
exhalations	1
exertion	1
exerting	1
exert	1
exempt	1
exemplary	1
executed	1
excuse	1
exciting	1
excellent	1
exceeded	1
exceed	1
examine	1
exaltation	1
exaggeration	1
ex	1
ewe	1
evolved	1
evoking	1
everyday	1
everybody	1
everlasting	1
eventually	1
etiquette	1
eternity	1
eternities	1
etc	1
estimating	1
esteemed	1
est	1
essential	1
escorts	1
escaping	1
erring	1
err	1
erects	1
erecting	1
eral	1
epitaph	1
epistle	1
eosc	1
enveloping	1
entreaty	1
entranced	1
entitled	1
enthusiasm	1
entertains	1
entertainments	1
entertaining	1
entertain	1
enterprises	1
enterprise	1
entering	1
enter	1
entails	1
enslavers	1
enriching	1
enrages	1
enormous	1
enlightened	1
enlarging	1
enjoyment	1
enjoy	1
engulfed	1
engraver	1
engineer	1
engaging	1
engagements	1
enforces	1
enforcement	1
enforce	1
enfeebling	1
energy	1
energies	1
energetic	1
enemies	1
endure	1
endowed	1
ending	1
endeavouring	1
endeavour	1
endearment	1
encroachment	1
encouraged	1
encountei	1
encompassed	1
enclosed	1
enabled	1
emulation	1
emphasised	1
emphasis	1
eminences	1
eminence	1
emerged	1
emerge	1
emeralds	1
embrasures	1
embrasure	1
embrace	1
embellishments	1
embankment	1
emaciated	1
eluded	1
elude	1
elsewhere	1
elocutionary	1
eligible	1
elicit	1
elements	1
ele	1
eighteen	1
eight	1
ego	1
effusion	1
efficient	1
effacement	1
ef	1
een	1
educated	1
editor	1
edition	1
edged	1
eddies	1
echoes	1
eccentricities	1
eats	1
eating	1
eastern	1
earthen	1
earlier	1
eagerness	1
eagerly	1
e	1
dwell	1
dutiful	1
dusty	1
duration	1
dun	1
dumb	1
duly	1
dullest	1
dulled	1
duckling	1
ducked	1
duck	1
dthem	1
dsep	1
drying	1
drunken	1
drumming	1
dropping	1
driver	1
drinking	1
drifts	1
drifted	1
drift	1
dreamily	1
dreamed	1
draws	1
drawling	1
drawled	1
drank	1
dragonflies	1
draggled	1
drag	1
dozens	1
downright	1
downing	1
doubtful	1
doubter	1
dooryard	1
doorway	1
doorsteps	1
doorstep	1
doom	1
dominate	1
dominance	1
doleful	1
doctrines	1
doctors	1
doc	1
dizzy	1
divvy	1
divorce	1
diving	1
divined	1
divest	1
divergent	1
diver	1
ditto	1
ditch	1
disturb	1
district	1
distribution	1
distributed	1
distractions	1
distraction	1
distracted	1
distorted	1
distinguishing	1
dissociate	1
dissipated	1
dissecting	1
dissatisfied	1
disrespect	1
disregarded	1
dispute	1
displaced	1
dispiriting	1
dispersing	1
dispersed	1
dispelled	1
dispatched	1
disparity	1
disordered	1
disobedient	1
dismounted	1
dismount	1
dismally	1
dislodged	1
dislike	1
disinterested	1
dishevelled	1
disguised	1
disgraceful	1
disengage	1
disease	1
discussing	1
discreetly	1
discreditable	1
discredit	1
discoverer	1
discordant	1
discord	1
disconcerted	1
disclosure	1
disclosing	1
disclose	1
discharging	1
discernible	1
discarded	1
disc	1
disastrous	1
disaster	1
disarm	1
disappointment	1
disappointed	1
dirt	1
dirges	1
dirge	1
direst	1
dipped	1
diningroom	1
dine	1
din	1
dimmer	1
diminuendo	1
dimensions	1
diligently	1
dilatory	1
dignitary	1
dignify	1
dignified	1
dictum	1
diamonds	1
diameter	1
diagram	1
dewy	1
dewdrops	1
dew	1
devoid	1
devised	1
deviously	1
developed	1
devastating	1
detestabfe	1
detected	1
detail	1
detach	1
destructive	1
destroyed	1
despyte	1
desperately	1
desisted	1
desires	1
desired	1
desire	1
designate	1
desertion	1
descriptive	1
descriptions	1
describing	1
descending	1
descended	1
dered	1
depriving	1
deprive	1
depressions	1
depressed	1
depress	1
deprecation	1
deprecated	1
depended	1
department	1
denying	1
denoted	1
denote	1
denizens	1
denial	1
demure	1
demonstrating	1
demonstrated	1
demons	1
demon	1
demolished	1
demands	1
delinquency	1
delightful	1
delicate	1
delicacy	1
deliberation	1
delays	1
delayed	1
delay	1
deign	1
deformity	1
deforming	1
deflection	1
deflected	1
deflect	1
definitive	1
definitely	1
defies	1
defied	1
defiant	1
defiance	1
defending	1
defences	1
default	1
deeper	1
deemed	1
decypher	1
decomposition	1
decomposed	1
declaring	1
declared	1
declaration	1
decision	1
decided	1
decent	1
deceased	1
decaying	1
debauch	1
debate	1
dealt	1
dealing	1
deaf	1
dazzling	1
daylight	1
dawn	1
daughters	1
daughter	1
daubed	1
dashes	1
dashed	1
darkly	1
darker	1
dank	1
dangling	1
dangers	1
dancing	1
dance	1
damaged	1
damage	1
d^	1
cuttlefish	1
cutting	1
cutaneous	1
custody	1
custodian	1
curved	1
curses	1
cureth	1
cure	1
curds	1
curb	1
cupidity	1
cupboards	1
cultivated	1
cud	1
ctilckamauga	1
crushing	1
crush	1
crumbling	1
cruelly	1
crowning	1
crown	1
crowds	1
crouch	1
crooked	1
croak	1
crimsoned	1
criminal	1
creeds	1
credited	1
credible	1
creative	1
created	1
crawling	1
crashing	1
crash	1
cranks	1
craned	1
crackling	1
coyotes	1
coyote	1
cows	1
covert	1
cousin	1
courtesy	1
court	1
courant	1
coupled	1
coupe	1
countries	1
countless	1
counting	1
counteract	1
counter	1
countenance	1
count	1
counsel	1
cou'ter	1
cotton	1
cot	1
costume	1
costly	1
cosa	1
corroded	1
corridor	1
correspondent	1
correlative	1
correctly	1
coroners	1
coronado	1
corners	1
corinth	1
cords	1
cordiality	1
coquette	1
copy	1
copse	1
copious	1
copeton	1
cope	1
coolly	1
cooler	1
convulsions	1
convolutions	1
convivial	1
conveying	1
convex	1
converging	1
convenient	1
conundrum	1
contumelious	1
controlling	1
contriving	1
contributions	1
contracts	1
contracted	1
continuing	1
continue	1
continents	1
continent	1
contiguous	1
contents	1
contention	1
contemporary	1
contain	1
consultation	1
consult	1
constrictor	1
constriction	1
constituting	1
constituted	1
constella	1
constant	1
conspicuously	1
consistently	1
consistent	1
consist	1
consign	1
conservation	1
consented	1
consciously	1
conquest	1
conquering	1
conquerer	1
connecting	1
connected	1
conjecturing	1
congestion	1
confirm	1
confining	1
confinement	1
confined	1
configuration	1
confidently	1
confident	1
confession	1
confess	1
conferred	1
conducted	1
conditioned	1
condemnation	1
concussion	1
concurrence	1
conclusions	1
concluding	1
concerning	1
concerned	1
conception	1
concatenation	1
con	1
comprised	1
comprehend	1
composed	1
compliments	1
compliance	1
completeness	1
complete	1
complaint	1
competitors	1
competency	1
compel	1
compatible	1
compassionately	1
compassionate	1
compartment	1
comparative	1
companionship	1
companied	1
compact	1
communicate	1
commonest	1
commoner	1
common-sense	1
committing	1
commit	1
commissioners	1
commission	1
commingled	1
commendation	1
commendable	1
commend	1
commemorate	1
commandant	1
comforts	1
comfortless	1
comforting	1
comforted	1
comfortably	1
comfort	1
cometh	1
comest	1
comely	1
comedy	1
combination	1
combed	1
combatant	1
comatose	1
colt	1
colony	1
collisions	1
collision	1
collector	1
collecting	1
collateral	1
collapse	1
col'p	1
coincidently	1
coiled	1
cocking	1
cock	1
coated	1
coal	1
coagulated	1
co	1
clusters	1
clung	1
clumps	1
clubbed	1
cloudlets	1
clotted	1
cloth	1
closets	1
closes	1
clock	1
cloaking	1
cling	1
clew	1
cleft	1
clearing	1
cleanly	1
cleaner	1
clayed	1
claws	1
classes	1
claps	1
clapboards	1
claims	1
claimed	1
cjtretched	1
civilly	1
civility	1
citizen	1
circus	1
circular	1
circuit	1
cicatrice	1
church	1
chronic	1
christened	1
christ	1
chords	1
chord	1
choosing	1
choose	1
choked	1
chloriding	1
chlorided	1
chivalry	1
chivalrously	1
chinking	1
chink	1
chine	1
chimney	1
childless	1
childish	1
chiefly	1
chief	1
chewed	1
chested	1
cher	1
cheerfully	1
checking	1
cheat	1
cheap	1
chattering	1
charms	1
charm	1
charitable	1
charger	1
characters	1
characteristics	1
characteristically	1
chaplain	1
channels	1
changing	1
challenging	1
challenges	1
challenged	1
challenge	1
chained	1
chafed	1
cessation	1
ceremony	1
ceremoniously	1
cents	1
censorious	1
celebration	1
celebrated	1
ceilings	1
ceiling	1
cedars	1
cedar	1
ceaseless	1
cduf	1
caves	1
cavern	1
cavalrymen	1
cavalry	1
cavalcade	1
caution	1
causes	1
caucasus	1
cattle	1
catholic	1
catches	1
cat	1
casual	1
casts	1
castle	1
castanets	1
caslon	1
casks	1
casket	1
casemate	1
carryingaway	1
carrier	1
carrack	1
carpeting	1
carpeted	1
carpet	1
carpenter	1
carpathian	1
carnage	1
caricatured	1
caressed	1
careless	1
cards	1
carbine	1
captains	1
capping	1
cape	1
caparison	1
capacity	1
capacities	1
cantered	1
canter	1
canteen	1
cannoneers	1
cannonading	1
canister	1
candlelight	1
candid	1
camped	1
campaigns	1
campaign	1
cameo	1
calmness	1
calmly	1
calmed	1
calls	1
californian	1
calculating	1
caisson	1
caesarean	1
cactus	1
byte	1
buzzards	1
butts	1
buttoned	1
butt	1
busily	1
bushful	1
bury	1
burst	1
burrows	1
burrow	1
burro	1
burnt	1
burnished	1
burn	1
burly	1
burdens	1
bundle	1
bullion	1
brutality	1
brush	1
bruising	1
bruises	1
brows	1
brown	1
brothers	1
brooding	1
brood	1
bronze	1
bronco	1
bristly	1
briskly	1
bris	1
brink	1
brilliantly	1
brighter	1
brigades	1
briefer	1
bridges	1
bric	1
bribe	1
breezy	1
breeding	1
bred	1
breathed	1
breastwork	1
breasts	1
breakfast	1
breached	1
breach	1
brazen	1
bray	1
bravo	1
bravest	1
braver	1
bravely	1
brass	1
brainless	1
brainerd	1
brac	1
boys	1
boxes	1
box	1
bowlders	1
bow	1
bounds	1
boundless	1
bottomless	1
bottles	1
bordered	1
boots	1
boon	1
books	1
boneyard	1
bone	1
bondage	1
bombproof	1
bolted	1
boldly	1
bodiless	1
bodied	1
boasted	1
blush	1
bluntly	1
blundering	1
blundered	1
bludgeon	1
blubbered	1
blows	1
blotches	1
blossomed	1
blooms	1
bloomingdale	1
bloody	1
blocks	1
blockaded	1
bless	1
bleating	1
ble	1
blazes	1
blaze	1
blasts	1
blare	1
blankly	1
blankets	1
blacksmith	1
blacker	1
bivour.c	1
bitter	1
bitten	1
bills	1
big	1
bewildered	1
beware	1
bewail	1
bettered	1
bestowing	1
besmirching	1
berson	1
bered	1
benumbs	1
beneficent	1
benediction	1
bend	1
belongs	1
bells	1
belligerents	1
believing	1
belated	1
beings	1
begun	1
begot	1
begins	1
beginning	1
begging	1
beget	1
beetles	1
beetle	1
bees	1
beds	1
bedroom	1
becomes	1
bears	1
bearings	1
bearer	1
bearded	1
beak	1
beady	1
bead	1
bayrolles	1
bayonet	1
batteries	1
battered	1
barts	1
barter	1
bars	1
barring	1
barred	1
bark	1
baring	1
barefooted	1
barbour	1
baran	1
bar	1
banging	1
baneful	1
bandaged	1
balms	1
ballroom	1
baleful	1
baker's"man	1
baine	1
bags	1
bachelor	1
babes	1
babble	1
awkwardness	1
awkward	1
awhile	1
awfully	1
awfulest	1
away'to	1
awakening	1
avoided	1
avail	1
authoritative	1
authorise	1
author	1
auriferous	1
aunt	1
augury	1
augmented	1
auditors	1
au	1
atx	1
attribute	1
attracted	1
attract	1
attitudes	1
attired	1
attire	1
attesting	1
attest	1
attentively	1
attendant	1
attend	1
attempting	1
attacking	1
attacked	1
attached	1
atop	1
atmospheric	1
atlanta	1
athwart	1
athlete	1
ate	1
astride	1
astray	1
astir	1
assures	1
assumption	1
assuming	1
assumed	1
associates	1
associated	1
associate	1
assisting	1
assigned	1
asserting	1
assert	1
assented	1
assent	1
assembly	1
assailants	1
assailant	1
aspirated	1
aspersion	1
aspects	1
asking	1
askew	1
ask	1
asian	1
ashy	1
ascribe	1
ascertains	1
ascertained	1
ascertain	1
ascent	1
ascensions	1
aryan	1
artistic	1
artist	1
artillerist	1
articles	1
arrives	1
arrive	1
arresting	1
arrayed	1
arranging	1
arrange	1
aroused	1
arouse	1
around	1
argot	1
arduous	1
ardently	1
architecturally	1
arched	1
archaeology	1
arather	1
aptness	1
appurtenances	1
approving	1
approval	1
appropriateness	1
apprehend	1
apprehen	1
appreciated	1
applied	1
application	1
appended	1
appellation	1
appeal	1
apparel	1
apologising	1
apollo	1
apocalypse	1
apertures	1
aperture	1
ape	1
apcrch	1
apathy	1
apartments	1
anxiously	1
anxious	1
anvil	1
anticlimax	1
anticipation	1
anthem	1
anon	1
annoying	1
anniversary	1
animosity	1
angered	1
angel	1
andgivesme	1
analyse	1
amusing	1
amputation	1
ammunition	1
ambush	1
ambuscade	1
ambitious	1
amazing	1
amazement	1
amazed	1
altitude	1
alteration	1
allying	1
alluring	1
allowed	1
allowance	1
alliteration	1
alighting	1
albeit	1
alar	1
ahead	1
ah!"said	1
agus	1
agriculture	1
agree	1
agonies	1
agleam	1
agitation	1
agility	1
aggression	1
agents	1
agent	1
ageing	1
afterlife	1
afield	1
affrighted	1
afforded	1
afford	1
affirmative	1
affections	1
affectionately	1
affect	1
affd	1
advices	1
advice	1
adversity	1
adverse	1
adversary	1
advantages	1
advantageous	1
advant	1
advances	1
adorn	1
admitted	1
admired	1
admiration	1
administrator	1
adjusted	1
adjuncts	1
adjunct	1
adjudicate	1
adjective	1
addressing	1
addresses	1
address	1
additional	1
adder	1
adams	1
ad	1
acutely	1
acts	1
actors	1
actor	1
active	1
actions	1
acting	1
acquirements	1
acquired	1
acquire	1
acquiescence	1
acknowledging	1
accustomed	1
accusations	1
accuracy	1
accouterment	1
accounting	1
accosting	1
according	1
accord	1
accidental	1
accessible	1
accentuating	1
accelerate	1
absurdly	1
absurdity	1
absently	1
absent	1
abruptly	1
abroad	1
abreast	1
abrasion	1
abraded	1
abovementioned	1
aboutthirty	1
ability	1
abilities	1
abide	1
abate	1
abandoning	1
abandon	1
^	1
\ve	1
\	1
?,	1
9	1
2oj	1
.£	1
.}	1
..:	1
.'"	1
.".	1
--	1
'?"	1
&	1
"?	1
";	1
