,	4088
the	3049
.	2362
and	1966
of	1633
"	1321
to	1308
a	1095
in	883
i	838
that	736
was	729
her	722
he	706
she	616
it	507
his	465
you	456
not	438
with	421
had	420
for	394
is	372
my	354
as	350
but	339
me	322
on	318
."	301
by	265
at	260
him	258
said	255
;	255
little	240
have	238
which	223
this	221
from	220
?	216
be	213
who	204
:	195
|'s|	194
will	190
were	184
one	180
!	179
all	175
they	173
so	171
would	170
an	169
them	157
when	145
or	142
if	136
then	131
what	130
did	129
their	125
are	123
do	114
very	110
no	110
there	109
like	106
some	102
old	102
'	101
man	100
more	98
into	97
love	94
has	94
eyes	92
see	91
day	89
your	88
only	88
out	87
father	87
could	85
been	85
am	84
time	82
great	82
without	80
god	80
good	79
we	77
saw	76
us	73
child	73
up	71
ory	70
thought	69
know	69
madame	66
herself	65
those	64
than	63
myrrha	63
long	63
these	61
poor	61
made	61
because	61
men	60
go	60
about	60
two	59
de	58
towards	57
mother	57
even	57
himself	55
say	53
our	53
never	53
sophie	52
shall	52
saint	52
how	52
heart	52
went	51
over	51
other	50
nothing	50
melie	50
answered	50
took	49
first	49
again	49
young	48
through	48
king	48
much	47
life	47
came	47
should	46
most	46
emperor	46
after	46
princess	45
own	45
helle	45
head	45
come	45
also	45
white	44
now	44
well	43
take	43
people	43
myself	43
beautiful	43
where	42
moment	42
lilith	42
knight	42
girl	42
back	41
away	41
whom	40
house	40
felt	40
can	40
nero	39
asked	39
against	39
years	38
way	38
still	38
make	38
longer	38
its	38
order	37
oh	37
tell	36
put	36
frileuse	36
daughter	36
world	35
why	35
thumb	35
such	35
priest	35
things	34
same	34
must	34
give	34
flower	34
another	34
whose	33
tom	33
three	33
name	33
lady	33
having	33
yet	32
woman	32
think	32
robe	32
quite	32
joy	32
holy	32
death	32
being	32
before	32
words	31
seemed	31
prince	31
passed	31
lived	31
here	31
callistus	31
always	31
telemachus	30
suddenly	30
going	30
done	30
too	29
soul	29
red	29
hands	29
hand	29
city	29
brought	29
any	29
air	29
upon	28
under	28
sometimes	28
something	28
seen	28
often	28
left	28
last	28
just	28
gave	28
found	28
every	28
down	28
anything	28
told	27
thus	27
soon	27
many	27
large	27
heard	27
end	27
behind	27
began	27
*	27
since	26
light	26
given	26
body	26
although	26
(	26
led	25
hair	25
fell	25
christians	25
chaplain	25
almost	25
voice	24
used	24
trees	24
polyphemus	24
let	24
face	24
alone	24
able	24
.'	24
touriri	23
thinking	23
perhaps	23
palace	23
night	23
mimi	23
knew	23
island	23
evening	23
die	23
blue	23
times	22
therese	22
son	22
sir	22
room	22
place	22
nor	22
may	22
kept	22
evil	22
rose	21
remained	21
pleasure	21
others	21
off	21
morning	21
loved	21
lord	21
half	21
full	21
flowers	21
feet	21
days	21
beneath	21
believe	21
women	20
true	20
side	20
money	20
mnai	20
met	20
gentle	20
both	20
along	20
wished	19
turned	19
though	19
small	19
sent	19
reached	19
placed	19
pierrot	19
next	19
mnais	19
look	19
horse	19
goddess	19
four	19
durantin	19
door	19
does	19
dear	19
country	19
arms	19
whole	18
seeing	18
rest	18
once	18
messiah	18
least	18
jesus	18
ill	18
grew	18
godard	18
fair	18
covered	18
church	18
care	18
bed	18
among	18
yes	17
year	17
while	17
tried	17
tears	17
simon	17
saying	17
power	17
ladies	17
girls	17
followed	17
far	17
ever	17
died	17
desire	17
born	17
better	17
age	17
work	16
word	16
wife	16
water	16
understood	16
understand	16
taken	16
speak	16
rome	16
noise	16
mouth	16
mademoiselle	16
live	16
helmet	16
got	16
gold	16
friend	16
fire	16
finger	16
fine	16
continued	16
companions	16
coming	16
big	16
bad	16
already	16
...	16
wish	15
virtue	15
temple	15
sun	15
strength	15
spoke	15
slaves	15
several	15
roses	15
rich	15
return	15
part	15
leave	15
hundred	15
garden	15
filled	15
faithful	15
burst	15
between	15
beauty	15
above	15
|romannumeral|	14
verses	14
spite	14
snow	14
serena	14
sea	14
road	14
remembered	14
prison	14
pretty	14
pale	14
opened	14
new	14
memory	14
matter	14
marquise	14
land	14
husband	14
herod	14
ground	14
giant	14
fresh	14
except	14
entered	14
enter	14
either	14
doubtless	14
divine	14
children	14
charity	14
certain	14
castle	14
cannot	14
brother	14
black	14
bell	14
afterwards	14
|arabic3digit|	13
|arabic2digit|	13
|arabic1digit|	13
zabulon	13
within	13
whether	13
truth	13
thousand	13
themselves	13
surrounded	13
sister	13
secret	13
rochebrune	13
reason	13
rather	13
piece	13
ormuz	13
open	13
noble	13
montcernay	13
might	13
middle	13
knees	13
hour	13
help	13
held	13
few	13
eat	13
dead	13
corner	13
bring	13
became	13
ask	13
allowed	13
walked	12
walk	12
try	12
thing	12
susan	12
suffering	12
stretched	12
stones	12
sort	12
soldiers	12
slowly	12
sin	12
round	12
rosy	12
read	12
nun	12
lost	12
learned	12
known	12
kissed	12
humble	12
hidden	12
greatly	12
find	12
feel	12
everything	12
enough	12
each	12
duchess	12
drew	12
doubt	12
delicate	12
convent	12
class	12
beginning	12
band	12
around	12
afraid	12
wood	11
wise	11
window	11
whatever	11
weeping	11
twenty	11
timotheus	11
sure	11
styrax	11
stories	11
simple	11
shone	11
remember	11
pity	11
ought	11
near	11
nausicaa	11
living	11
less	11
lay	11
hours	11
honour	11
hardly	11
gods	11
get	11
feeling	11
fear	11
else	11
during	11
dressed	11
distant	11
curiosity	11
coloured	11
brethren	11
ass	11
wept	10
want	10
walls	10
unhappy	10
ulysses	10
together	10
surprised	10
street	10
stone	10
steps	10
spirit	10
sleep	10
sky	10
showed	10
servant	10
serenus	10
seek	10
sad	10
right	10
resumed	10
repeat	10
recognised	10
queen	10
proud	10
prevent	10
present	10
prayer	10
please	10
pleasant	10
perceived	10
paradise	10
pain	10
nobody	10
mistress	10
mind	10
master	10
mass	10
keep	10
jew	10
itself	10
hozael	10
hold	10
hide	10
heavy	10
happened	10
gudule	10
grace	10
gazed	10
front	10
effort	10
dream	10
don't	10
cure	10
charming	10
case	10
carried	10
called	10
bodies	10
bethlehem	10
become	10
angry	10
account	10
wearing	9
wall	9
wait	9
von	9
virgin	9
turn	9
town	9
threw	9
thou	9
therefore	9
thee	9
terrible	9
strange	9
stood	9
state	9
standing	9
spoken	9
song	9
somebody	9
six	9
set	9
seized	9
pride	9
prayed	9
pray	9
pouffe	9
pleasures	9
played	9
peace	9
offered	9
neither	9
necessary	9
months	9
looking	9
looked	9
legs	9
lead	9
knowing	9
killed	9
kill	9
immense	9
hear	9
hatred	9
gaoler	9
forth	9
formed	9
following	9
ended	9
dress	9
distance	9
der	9
deep	9
dare	9
daisy	9
crowns	9
countenance	9
corentin	9
condemned	9
completely	9
colour	9
clothes	9
christian	9
christ	9
certainly	9
burnt	9
brow	9
bread	9
best	9
besides	9
believed	9
beggar	9
beard	9
appeared	9
anger	9
added	9
),	9
wound	8
windows	8
weak	8
voices	8
trouble	8
thy	8
theodore	8
terror	8
terrace	8
taking	8
table	8
sword	8
story	8
stopped	8
started	8
spent	8
souls	8
silent	8
seven	8
seems	8
save	8
roman	8
river	8
returned	8
refused	8
received	8
ran	8
quickly	8
precious	8
pieces	8
pass	8
parents	8
pallas	8
ourselves	8
opinion	8
number	8
noun	8
news	8
mysterious	8
murmured	8
mounted	8
moreover	8
meet	8
married	8
lives	8
lions	8
knights	8
john	8
huge	8
houses	8
horrible	8
high	8
hard	8
handsome	8
grief	8
green	8
golden	8
formerly	8
form	8
forget	8
foot	8
food	8
follow	8
folds	8
fields	8
fault	8
faces	8
eye	8
excellent	8
ditch	8
courage	8
comes	8
colours	8
closed	8
close	8
clad	8
circus	8
cheeks	8
caused	8
blood	8
bent	8
badly	8
athene	8
ate	8
arm	8
approaching	8
approached	8
anybody	8
anne	8
alas	8
affection	8
)	8
zebouda	7
yourself	7
wore	7
wicked	7
walking	7
victory	7
use	7
until	7
tree	7
trade	7
today	7
tirirou	7
ten	7
telling	7
tall	7
surprise	7
struck	7
strong	7
slipped	7
silver	7
serpent	7
send	7
scholastica	7
saved	7
sadness	7
rolled	7
reverend	7
replied	7
reflected	7
ready	7
purple	7
pure	7
promise	7
presented	7
pleased	7
pious	7
persons	7
pay	7
past	7
paris	7
offer	7
nurse	7
nevertheless	7
nearly	7
nature	7
moved	7
month	7
misery	7
midnight	7
means	7
low	7
lover	7
listened	7
listen	7
lips	7
leagues	7
late	7
journey	7
jerusalem	7
jerome	7
hope	7
hearts	7
heads	7
hautcoeur	7
hautcceur	7
happy	7
gypsy	7
greater	7
grant	7
gone	7
gently	7
frightful	7
forward	7
fled	7
fixed	7
faith	7
fairly	7
embroidered	7
east	7
earth	7
doing	7
disappeared	7
desired	7
curtain	7
crowd	7
crime	7
cries	7
cried	7
courtyard	7
corners	7
cold	7
astonished	7
appearance	7
answer	7
angels	7
alms	7
alcinous	7
ah	7
wrong	6
written	6
wretched	6
wind	6
waiting	6
vermeille	6
varlets	6
twelve	6
trembled	6
tour	6
thick	6
teach	6
sweetness	6
suffer	6
streets	6
stars	6
star	6
splendid	6
speaking	6
sound	6
songs	6
singing	6
simply	6
sick	6
shut	6
show	6
short	6
sheep	6
service	6
seem	6
second	6
seated	6
searched	6
sacristan	6
sacred	6
repeated	6
related	6
regarded	6
reds	6
reach	6
procession	6
prayers	6
powerful	6
possible	6
person	6
perfumes	6
nose	6
negress	6
neck	6
miriam	6
marry	6
mamma	6
lys	6
lying	6
linen	6
lifted	6
leper	6
leaves	6
leaned	6
knows	6
kitchen	6
kiss	6
jewels	6
intelligence	6
immediately	6
hung	6
human	6
however	6
hill	6
hate	6
grey	6
giving	6
girdle	6
gesture	6
germain	6
garments	6
gardens	6
future	6
friends	6
former	6
flock	6
fifteen	6
fastened	6
family	6
fall	6
eyebrows	6
escaped	6
entirely	6
enormous	6
eating	6
dying	6
discovered	6
difficult	6
dark	6
curious	6
crimes	6
conquer	6
concerning	6
companion	6
clothed	6
cell	6
carpet	6
built	6
boy	6
bottom	6
blossom	6
blanc	6
beyond	6
bench	6
athenian	6
athalie	6
asleep	6
army	6
armour	6
amused	6
adventures	6
according	6
yellow	5
worthy	5
worship	5
worked	5
wool	5
witch	5
wishing	5
wills	5
whites	5
whilst	5
weep	5
week	5
weave	5
watched	5
watch	5
wanted	5
waited	5
virtues	5
violet	5
victims	5
via	5
vanity	5
vain	5
usual	5
universe	5
ugly	5
tunic	5
trembling	5
touching	5
tomorrow	5
tiny	5
thrown	5
thoughts	5
thin	5
thanks	5
tempest	5
teeth	5
talk	5
suffered	5
straw	5
stir	5
steel	5
speech	5
sorts	5
smile	5
slept	5
sinned	5
silk	5
silence	5
sign	5
sight	5
ship	5
shame	5
severe	5
seneca	5
sadly	5
ripe	5
resolved	5
remain	5
really	5
rare	5
rain	5
rags	5
purse	5
pupils	5
public	5
prisoner	5
princes	5
priests	5
pretended	5
praying	5
poverty	5
possessed	5
pool	5
pointed	5
poets	5
perfectly	5
pebbles	5
parishioners	5
parish	5
painted	5
pagan	5
paces	5
otherwise	5
orders	5
occasion	5
o	5
noticed	5
needed	5
named	5
movement	5
mothers	5
millions	5
midst	5
mercy	5
menalcas	5
melancholy	5
meat	5
meanwhile	5
materna	5
marriage	5
mark	5
marble	5
mantle	5
manner	5
making	5
maitre	5
mad	5
lotus	5
lit	5
letter	5
les	5
length	5
leaning	5
law	5
later	5
larger	5
lancelot	5
knelt	5
kisses	5
kings	5
justice	5
innocent	5
infant	5
indeed	5
ignorant	5
horizon	5
home	5
holes	5
hated	5
harm	5
happiness	5
grudge	5
greatest	5
grass	5
gospel	5
goods	5
goodness	5
goes	5
gathered	5
fruit	5
france	5
fleurie	5
flesh	5
flavius	5
five	5
finding	5
feeble	5
features	5
extreme	5
extraordinary	5
expected	5
eternal	5
entire	5
effaced	5
early	5
dust	5
displayed	5
despair	5
deprived	5
dame	5
cyclops	5
curtains	5
cured	5
creatures	5
corpses	5
continually	5
conquered	5
confess	5
clemens	5
clearly	5
clear	5
circe	5
chapel	5
ceased	5
calm	5
business	5
brothers	5
broken	5
brave	5
bosom	5
bordered	5
blessed	5
birds	5
beside	5
beg	5
bath	5
bank	5
balls	5
ball	5
athens	5
astonishment	5
assuredly	5
asking	5
ardour	5
apart	5
ancient	5
amuse	5
allow	5
adored	5
accia	5
abominable	5
abandoned	5
zeal	4
youthful	4
write	4
wretches	4
wrapped	4
worst	4
worn	4
working	4
wishes	4
wine	4
wild	4
weather	4
wear	4
war	4
vulteius	4
visit	4
vision	4
virtuous	4
village	4
venerable	4
useless	4
unknown	4
unable	4
un	4
troubled	4
triumph	4
trial	4
travels	4
tranquil	4
touched	4
tordu	4
torch	4
top	4
tone	4
tomb	4
third	4
thenceforward	4
thank	4
tent	4
tenderness	4
tear	4
swine	4
sweet	4
supreme	4
superior	4
sunshine	4
summerhouse	4
suburana	4
subject	4
strongly	4
stroke	4
stream	4
straight	4
stop	4
steward	4
steeple	4
stable	4
spring	4
spectacle	4
sparkling	4
spare	4
space	4
sold	4
smiling	4
smiled	4
smelled	4
slipping	4
sleeping	4
slay	4
slain	4
skin	4
simplicity	4
shrill	4
shoulders	4
shoulder	4
ships	4
shepherds	4
share	4
shape	4
serve	4
servants	4
serenity	4
sepulchre	4
sensible	4
scold	4
scarcely	4
says	4
sang	4
rushed	4
run	4
rugged	4
robbed	4
rising	4
reward	4
returning	4
respect	4
resembled	4
represented	4
remorse	4
religion	4
relic	4
reign	4
regret	4
recovered	4
recently	4
reasoning	4
reading	4
rapid	4
quiet	4
question	4
purity	4
proper	4
profound	4
potatoes	4
populace	4
pont	4
pompadour	4
point	4
poet	4
pleases	4
play	4
plain	4
places	4
pierced	4
pic	4
philosophers	4
phaeacians	4
perfect	4
penance	4
patches	4
pardon	4
owe	4
odour	4
obliged	4
nuns	4
notion	4
none	4
neighbourhood	4
need	4
natural	4
narrow	4
naked	4
move	4
motionless	4
mna'is	4
misfortune	4
miracle	4
mingled	4
milk	4
meeting	4
martyrs	4
marcus	4
mammaea	4
malady	4
magician	4
loving	4
loves	4
loud	4
liked	4
letters	4
leaving	4
laughing	4
latter	4
lasted	4
lamb	4
laid	4
knowledge	4
kind	4
joined	4
jews	4
jewish	4
je	4
interrupted	4
interest	4
inspired	4
innocence	4
inner	4
injury	4
ingenious	4
infinite	4
indulgent	4
indigent	4
imagination	4
image	4
hozae'l	4
horses	4
hoped	4
honey	4
history	4
highest	4
hid	4
hesitated	4
hers	4
heaven	4
heap	4
hay	4
hairs	4
guards	4
greek	4
gratitude	4
glory	4
gleamed	4
gentleness	4
gate	4
garment	4
game	4
further	4
furniture	4
fruits	4
frightened	4
fregeneuilles	4
free	4
frail	4
forgive	4
forgetfulness	4
forests	4
forehead	4
force	4
fly	4
floor	4
flame	4
finished	4
finest	4
figures	4
fight	4
fever	4
fetch	4
feelings	4
fashion	4
farm	4
false	4
express	4
explanation	4
expiate	4
existed	4
exclaimed	4
evenings	4
entering	4
enjoy	4
enemy	4
enemies	4
endeavouring	4
embroidery	4
embroideries	4
embrace	4
ease	4
eagerly	4
duty	4
duties	4
drove	4
dresses	4
doors	4
dog	4
disgust	4
dignity	4
different	4
desires	4
deserted	4
depths	4
declared	4
dazzling	4
dawn	4
cuirass	4
cross	4
creature	4
cracked	4
court	4
corvinus	4
cook	4
convinced	4
conversation	4
consented	4
confirmed	4
common	4
coarse	4
cloister	4
climbed	4
clever	4
citizens	4
churches	4
choose	4
chin	4
childish	4
chariot	4
cause	4
cat	4
cast	4
carry	4
cakes	4
busy	4
burned	4
brown	4
brilliant	4
bright	4
breast	4
book	4
bois	4
blossomed	4
bending	4
bend	4
below	4
believing	4
beast	4
battle	4
baroness	4
bare	4
barber	4
baghdad	4
azure	4
awakened	4
avenue	4
aux	4
attention	4
assure	4
assembled	4
ashamed	4
artifice	4
art	4
arranged	4
appian	4
ago	4
advanced	4
add	4
act	4
abbaye	4
1'archeveque	4
).	4
zeus	3
woven	3
wounded	3
worth	3
woollen	3
woods	3
wooden	3
witbert	3
wings	3
wilt	3
whiteness	3
ways	3
wave	3
watching	3
washing	3
washed	3
warned	3
wand	3
walks	3
visits	3
virgins	3
vine	3
vendors	3
vast	3
vague	3
unworthy	3
unpleasant	3
troop	3
triumphant	3
treat	3
transparent	3
tower	3
tossing	3
tombs	3
throw	3
themistocles	3
tenderly	3
temples	3
temper	3
taxes	3
tavern	3
taught	3
taste	3
takes	3
sworn	3
swords	3
suspected	3
suppress	3
supple	3
superb	3
sunset	3
suit	3
suis	3
sufferings	3
subterranean	3
sublime	3
stronger	3
stranger	3
stool	3
stiff	3
step	3
statues	3
stalk	3
square	3
sprinkled	3
spread	3
spells	3
special	3
sought	3
somewhere	3
someone	3
softly	3
soft	3
society	3
slow	3
slight	3
sixteen	3
sins	3
singular	3
sing	3
silken	3
sides	3
shown	3
shouts	3
sharp	3
shadow	3
severed	3
serving	3
services	3
serene	3
sepulchres	3
senior	3
secretly	3
scruple	3
scene	3
scattered	3
saviour	3
satisfaction	3
saracens	3
saracen	3
sank	3
saints	3
sage	3
sacrifice	3
running	3
rooms	3
rolling	3
rocks	3
rigobert	3
riches	3
reverence	3
retired	3
restored	3
restless	3
rested	3
resigned	3
replaced	3
removed	3
reminded	3
remarks	3
reliquary	3
relieve	3
relatives	3
regular	3
refuse	3
refuge	3
reflections	3
refined	3
receive	3
rebels	3
reasons	3
random	3
ram	3
raising	3
race	3
quick	3
qui	3
questioned	3
quarter	3
publicly	3
prowess	3
provisions	3
provinces	3
proved	3
principal	3
prevented	3
prefer	3
practised	3
powerless	3
poured	3
pour	3
possess	3
position	3
portico	3
poppaea	3
pomp	3
polished	3
poisoned	3
plunged	3
playing	3
pillaging	3
phidias	3
petite	3
peristyle	3
perceive	3
pennies	3
penelope	3
paved	3
paths	3
path	3
passing	3
party	3
pan	3
painfully	3
painful	3
ox	3
overwhelmed	3
overcome	3
outside	3
orchard	3
opportunity	3
opportunities	3
oneself	3
ogre	3
offended	3
obeyed	3
nobility	3
neighbouring	3
mystery	3
mules	3
mule	3
mountains	3
moonlight	3
moon	3
monks	3
modest	3
mocked	3
mistresses	3
mistaken	3
miserable	3
miraculous	3
merely	3
mere	3
merciful	3
merchandise	3
men-at-arms	3
meaning	3
marvellous	3
mariamne	3
malice	3
makes	3
maiden	3
magnificent	3
lucie	3
lowered	3
lofty	3
limbs	3
lighted	3
lifting	3
lied	3
lie	3
lessons	3
learn	3
le	3
layer	3
laurels	3
laughter	3
lastly	3
lassitude	3
language	3
lakes	3
la	3
krika	3
kingdom	3
kindness	3
keeping	3
joys	3
joseph	3
jordan	3
joas	3
jealousy	3
j	3
invincible	3
intelligent	3
instant	3
incurable	3
impossible	3
imperial	3
imagine	3
illustrious	3
idols	3
ideas	3
huts	3
hunger	3
humiliation	3
humbly	3
honest	3
hole	3
holding	3
hitherto	3
hills	3
hesitation	3
herbs	3
henceforth	3
helped	3
harshly	3
halls	3
habit	3
guilty	3
guided	3
grown	3
growing	3
grow	3
grievously	3
gravely	3
grave	3
grand	3
gaiety	3
frivolous	3
frequented	3
freely	3
freedom	3
francs	3
founded	3
fought	3
foster	3
forum	3
fortune	3
forgot	3
footsteps	3
fool	3
fond	3
foliage	3
flung	3
flight	3
flat	3
flashed	3
flagstones	3
fit	3
fingers	3
filling	3
figure	3
festival	3
fervour	3
fearing	3
fatigue	3
famous	3
falsehood	3
fainted	3
fact	3
eyelids	3
extremely	3
exposed	3
explain	3
existence	3
exercise	3
execution	3
examples	3
exact	3
everybody	3
events	3
eve	3
esteem	3
escape	3
erechtheus	3
enveloped	3
entrusted	3
entertained	3
engaging	3
endure	3
endeavoured	3
empress	3
embroidering	3
embroider	3
embraced	3
elegant	3
elbows	3
eaters	3
easy	3
earthly	3
ears	3
drops	3
drive	3
dried	3
dreamily	3
dreamed	3
dragging	3
dragged	3
dove	3
dormitory	3
dolls	3
distress	3
distinguished	3
disposition	3
displeasing	3
disliked	3
discover	3
diligence	3
difficulty	3
devoured	3
destiny	3
despise	3
desiring	3
designs	3
departure	3
demon	3
delight	3
deliciously	3
defend	3
deeds	3
darkness	3
dangers	3
danger	3
dais	3
crystal	3
cry	3
cruel	3
crowded	3
crossed	3
cowslips	3
covering	3
course	3
couple	3
cotton	3
conversations	3
contrary	3
contracted	3
contempt	3
consul	3
console	3
confidence	3
confession	3
conditions	3
condition	3
concern	3
company	3
communion	3
communicate	3
committed	3
collect	3
coin	3
cloth	3
closer	3
clogs	3
cleverness	3
clerk	3
circles	3
cinderella	3
chivalry	3
childhood	3
chief	3
cherries	3
cheerful	3
chat	3
charge	3
changed	3
chance	3
chamber	3
ceremony	3
centurion	3
causes	3
carved	3
carts	3
cart	3
carrying	3
carnal	3
caresses	3
cares	3
carefully	3
cared	3
canticles	3
canoe	3
candles	3
cage	3
broad	3
breathe	3
breath	3
branches	3
bowed	3
bother	3
bored	3
bore	3
boots	3
bold	3
bodice	3
boarders	3
blow	3
blouse	3
blind	3
bless	3
bigger	3
bien	3
benches	3
belonged	3
belong	3
bells	3
begged	3
becoming	3
beaten	3
beasts	3
bearing	3
bear	3
basket	3
bars	3
baptism	3
baptised	3
banks	3
bag	3
attempt	3
assured	3
aside	3
arrhephoroi	3
armchair	3
arena	3
ardent	3
arbour	3
approach	3
application	3
appear	3
animals	3
anguish	3
amid	3
altar	3
ahriman	3
agreeable	3
adventure	3
advance	3
admired	3
admirable	3
action	3
acquired	3
acquaintance	3
accordingly	3
accept	3
abner	3
yours	2
yielded	2
wrought	2
wounds	2
worshipped	2
works	2
wonder	2
won't	2
wolf	2
woke	2
withered	2
winter	2
willing	2
widow	2
whisper	2
whirlwind	2
whims	2
whenever	2
whence	2
wet	2
west	2
welcomed	2
welcome	2
weight	2
weighs	2
weeks	2
wedding	2
weariness	2
wearied	2
wealthy	2
wealth	2
weakness	2
weaker	2
wash	2
warn	2
warmth	2
warmed	2
warm	2
wanderer	2
wander	2
wakened	2
vow	2
vous	2
voluptuous	2
violently	2
violent	2
villeins	2
victorious	2
vestibule	2
vengeance	2
venerated	2
veins	2
veil	2
uttering	2
uttered	2
upwards	2
upright	2
unto	2
unmerited	2
unjust	2
universal	2
united	2
unique	2
uneasy	2
ugliness	2
u	2
tuum	2
turning	2
tucked	2
trunk	2
truly	2
triumvirs	2
tremble	2
treasures	2
treachery	2
toy	2
towns	2
touch	2
tossed	2
torrents	2
tormented	2
tore	2
tolerated	2
tired	2
timid	2
throne	2
thoughtful	2
thirty	2
thief	2
thicker	2
terrified	2
terribly	2
terrestrial	2
tents	2
tavers	2
tastes	2
task	2
talking	2
talked	2
tail	2
syllables	2
swore	2
swoon	2
swollen	2
sweep	2
swear	2
suspicion	2
surprising	2
supplications	2
sung	2
summoned	2
summit	2
sum	2
suitors	2
suited	2
sudden	2
succulent	2
succouring	2
succour	2
successor	2
succession	2
subtle	2
sturdy	2
stumbling	2
stuffs	2
stuff	2
stroll	2
string	2
stretching	2
stretchers	2
stretch	2
strengthen	2
strategos	2
stout	2
stopping	2
stoicism	2
stoic	2
stand	2
staircase	2
stage	2
spurs	2
spreading	2
spirits	2
soup	2
sorrow	2
somewhat	2
sombre	2
solitude	2
sole	2
softened	2
sobs	2
sobbed	2
snow-white	2
smock	2
smith	2
smart	2
skirts	2
skins	2
skill	2
situated	2
sitting	2
sisters	2
sirens	2
sinners	2
sink	2
simonides	2
similar	2
silly	2
silky	2
silks	2
silently	2
signifies	2
siege	2
shuddered	2
shrouds	2
shrine	2
showing	2
shore	2
shop	2
shook	2
shock	2
shining	2
shepherdess	2
shelter	2
shapes	2
shaped	2
shaking	2
shaken	2
seventeen	2
setting	2
served	2
seriously	2
senses	2
sensations	2
sending	2
senators	2
sell	2
seasoned	2
season	2
search	2
scratched	2
science	2
savoy	2
satisfy	2
satisfied	2
satin	2
salvation	2
safe	2
sadder	2
saddened	2
sacrament	2
rule	2
rubies	2
royal	2
rows	2
roots	2
roofs	2
roof	2
rod	2
rocking	2
rock	2
robes	2
richer	2
ribbons	2
revolt	2
revoir	2
reverse	2
revenge	2
revelation	2
retraced	2
resting	2
responsible	2
resources	2
resign	2
required	2
reply	2
rennes	2
render	2
remnant	2
remains	2
religious	2
relieved	2
rejoice	2
reigned	2
reduced	2
reddish	2
reciting	2
recited	2
rate	2
ranks	2
rank	2
rang	2
raise	2
rage	2
ragamuffins	2
quivering	2
quarrel	2
pushed	2
punishment	2
pulling	2
prudence	2
provided	2
protect	2
propose	2
proposals	2
proportion	2
property	2
promised	2
profit	2
profession	2
proclaimed	2
prisoners	2
pressing	2
pressed	2
press	2
preside	2
preserve	2
preparing	2
prepared	2
preoccupation	2
preferring	2
preferred	2
precisely	2
preached	2
pouring	2
pot	2
poorly	2
poorest	2
polias	2
points	2
pointing	2
poignard	2
pocket	2
plucked	2
plausible	2
planted	2
plaited	2
pitied	2
pitch	2
piety	2
picked	2
pick	2
physical	2
petticoat	2
petit	2
peter	2
persuaded	2
persia	2
permitted	2
permit	2
period	2
perfumed	2
perfume	2
performing	2
performed	2
penny	2
penitent	2
pediments	2
peasant	2
paul	2
patron	2
patricians	2
partly	2
particular	2
pallor	2
palestine	2
paler	2
palatine	2
paintings	2
pages	2
pace	2
oxen	2
owed	2
outlined	2
ours	2
otho	2
orgy	2
ordinary	2
ordered	2
ones	2
olive	2
older	2
oftenest	2
offerings	2
offends	2
odd	2
occupy	2
occupied	2
obtained	2
obstinate	2
observing	2
obscure	2
obey	2
obedience	2
oak	2
numerous	2
noticing	2
nogent	2
noblest	2
nobles	2
nine	2
nights	2
newly	2
neighbour	2
needs	2
necklaces	2
nearer	2
naturally	2
native	2
names	2
nakedness	2
muslin	2
murmuring	2
murmur	2
multi	2
moving	2
movements	2
moussu	2
mountain	2
mount	2
mortal	2
mont	2
moments	2
moly	2
moistened	2
moi	2
modesty	2
mixed	2
missals	2
miracles	2
minister	2
minds	2
minded	2
millionaire	2
million	2
methouel	2
meritorious	2
mention	2
meantime	2
mean	2
matters	2
matron	2
material	2
mat	2
mashed	2
marrying	2
marne	2
march	2
manuscript	2
manor	2
manger	2
mamertine	2
malicious	2
maize	2
mais	2
maintain	2
mail	2
maid	2
madonna	2
madeleine	2
madam	2
lycisca	2
luxury	2
loyally	2
looks	2
longed	2
lonely	2
litters	2
listening	2
list	2
lingered	2
lines	2
line	2
limpid	2
likeness	2
lightly	2
lick	2
liberty	2
levant	2
lest	2
leather	2
leapt	2
lean	2
league	2
leafy	2
laughed	2
lastic	2
languid	2
lands	2
lake	2
labour	2
kneeling	2
kneel	2
kitchens	2
kindled	2
killing	2
keepers	2
junior	2
judged	2
judge	2
joyful	2
josabeth	2
joad	2
jai	2
ithaca	2
iron	2
invented	2
introspection	2
intoxication	2
intimate	2
interests	2
interested	2
intended	2
intellect	2
intact	2
installed	2
inspires	2
insist	2
inside	2
injustice	2
initiated	2
inhabitants	2
ingenuous	2
informed	2
infidels	2
industry	2
indifferent	2
indian	2
incredible	2
increasing	2
impure	2
imprudent	2
impressions	2
impressed	2
impose	2
impious	2
immobile	2
imitate	2
illuminated	2
idlers	2
idle	2
idea	2
hyacinth	2
hurried	2
hungry	2
housekeeper	2
hot	2
hostile	2
hospitals	2
hospitality	2
honourable	2
hollow	2
holiness	2
highly	2
heroes	2
hero	2
heretic	2
herd	2
heavily	2
heaved	2
heat	2
hearing	2
healed	2
hazard	2
hawthorn	2
hastily	2
harshness	2
harnessed	2
harmonious	2
happily	2
happens	2
half-dead	2
haired	2
habits	2
guilt	2
guest	2
groups	2
groans	2
grieve	2
granite	2
grandson	2
gradually	2
graceful	2
good-natured	2
godfather	2
gleaming	2
glance	2
gladly	2
glad	2
girt	2
giants	2
gestures	2
generous	2
gay	2
gaul	2
gathering	2
garret	2
garlands	2
gardeners	2
gaping	2
games	2
galloping	2
gained	2
fustian	2
fury	2
furnished	2
furious	2
funeral	2
fully	2
fright	2
friendship	2
frequently	2
freedwoman	2
freed	2
freckles	2
frame	2
fragile	2
forwards	2
fortunate	2
forms	2
forgotten	2
forgiven	2
forgetting	2
forest	2
foresee	2
forces	2
forced	2
foolish	2
folding	2
flocks	2
floating	2
floated	2
flee	2
flames	2
fist	2
fish	2
firmly	2
finish	2
financial	2
finally	2
fillip	2
fill	2
fifty	2
fierce	2
festivals	2
fermented	2
felicie	2
feigned	2
fed	2
feast	2
fears	2
feared	2
favour	2
fat	2
fast	2
fashionable	2
farthings	2
farewell	2
fan	2
fame	2
falling	2
fallen	2
failed	2
f	2
external	2
extent	2
exquisite	2
expression	2
explained	2
experienced	2
expecting	2
existences	2
exist	2
exhausted	2
executions	2
excused	2
excuse	2
excite	2
exchange	2
example	2
exactly	2
ex	2
evidently	2
everywhere	2
event	2
et	2
estate	2
eschylus	2
envied	2
enjoyment	2
engraved	2
endymion	2
encloses	2
enclosed	2
en	2
empty	2
empire	2
eight	2
egyptian	2
effusions	2
edge	2
ecstasy	2
eaten	2
easier	2
ear	2
dwelling	2
dwelled	2
dull	2
duke	2
dropped	2
drop	2
dreaming	2
drawn	2
draw	2
dowry	2
domes	2
doll	2
divined	2
disturb	2
district	2
distributed	2
distinction	2
dispose	2
display	2
dispersed	2
dishes	2
dish	2
disgusted	2
disclosed	2
disappointment	2
dirty	2
dinner	2
diminishing	2
diligently	2
dilated	2
differences	2
diamonds	2
diabolical	2
dew	2
detachment	2
destroyed	2
despairing	2
deserve	2
derive	2
depart	2
demea	2
delicacy	2
delay	2
degree	2
decked	2
decided	2
deal	2
deadly	2
daughters	2
daring	2
dared	2
damnation	2
cut	2
custom	2
current	2
curiously	2
cures	2
cupboard	2
cubits	2
crush	2
crusaders	2
crusade	2
crupper	2
cruelly	2
crown	2
crowds	2
crouching	2
criminal	2
crier	2
creation	2
cowardice	2
coward	2
courtyards	2
counting	2
count	2
couch	2
costumes	2
cost	2
corruption	2
corpse	2
corps	2
cornflowers	2
corn	2
cordial	2
copper	2
cool	2
convalescence	2
contrition	2
continue	2
contained	2
consumed	2
consoled	2
consequences	2
consecrated	2
conscience	2
conformity	2
conduct	2
condiment	2
conclusion	2
complete	2
compassionate	2
comparable	2
companionship	2
command	2
combat	2
collar	2
coins	2
coat	2
clump	2
clouds	2
cloud	2
clothing	2
closely	2
clos	2
cloak	2
clinias	2
clinging	2
climbing	2
clay	2
circumstances	2
chosen	2
chose	2
choiseul	2
chimney	2
chest	2
cherry	2
charms	2
charmingly	2
charitable	2
character	2
chanting	2
changes	2
change	2
chair	2
chains	2
cernay	2
ceremonies	2
cells	2
cedar	2
cathedral	2
catechism	2
carriage	2
carpets	2
caress	2
car	2
captain	2
capricious	2
caprice	2
capenan	2
capable	2
call	2
caesar	2
cab	2
buy	2
bushes	2
bush	2
burn	2
buried	2
bundles	2
building	2
bruised	2
brother-in-law	2
broke	2
bridle	2
bridge	2
break	2
braziers	2
bracelets	2
bow	2
bound	2
bough	2
borrowed	2
booty	2
bones	2
bonds	2
boiled	2
boars	2
blows	2
blown	2
blotches	2
blooming	2
blond	2
blew	2
bled	2
blame	2
bits	2
birth	2
bird	2
beloved	2
begging	2
beggars	2
bedside	2
beds	2
beautify	2
bay	2
baskets	2
base	2
bands	2
balanced	2
backwards	2
awaken	2
authority	2
austerity	2
austere	2
auditorium	2
au	2
attracted	2
attended	2
athana	2
assumed	2
asses	2
assembly	2
ashtaroth	2
artisans	2
artifices	2
arrows	2
arrival	2
arrested	2
armlets	2
armed	2
ardeatina	2
archon	2
arches	2
arched	2
arch	2
arcades	2
approve	2
appointed	2
appetite	2
appears	2
appearing	2
apostle	2
annoyed	2
annaeus	2
ankles	2
angel	2
amen	2
aloud	2
almond	2
allowance	2
ails	2
aid	2
agreed	2
agitated	2
agility	2
affair	2
afar	2
advancing	2
adorned	2
admitted	2
addition	2
actions	2
acted	2
acte	2
across	2
acropolis	2
acquaintances	2
accustomed	2
accused	2
accomplished	2
accomplish	2
abundance	2
absurd	2
absolution	2
abbess	2
..."	2
!)	2
|arabic5+digit|	1
zither	1
zacynthos	1
zachariah	1
youths	1
youth	1
yourselves	1
youngest	1
you're	1
yielding	1
yield	1
yews	1
yesterday	1
yearly	1
ye	1
wrung	1
wroth	1
writing	1
writers	1
wrinkles	1
wrinkled	1
wretch	1
wren	1
worshipping	1
worse	1
worry	1
wools	1
wondrous	1
wondering	1
won	1
wolves	1
wizened	1
witty	1
wither	1
witchcraft	1
wit	1
wisps	1
wisest	1
wisdom	1
wiping	1
winters	1
winning	1
winds	1
willow	1
willingly	1
willed	1
wiles	1
wildest	1
wide	1
wickeder	1
whitened	1
whistles	1
whispered	1
whirled	1
wherever	1
wheezed	1
wheat	1
wenches	1
wellborn	1
weighing	1
weighed	1
weeps	1
webs	1
weary	1
wears	1
weaned	1
wealthiest	1
weaknesses	1
weakest	1
waxen	1
wax	1
waves	1
waved	1
waters	1
watercress	1
wasting	1
warriors	1
warring	1
warming	1
warmer	1
wantoning	1
wanting	1
wan	1
wallowing	1
walkers	1
wagons	1
wage	1
w	1
vulgarian	1
vulgar	1
vou	1
votre	1
vomited	1
void	1
vocation	1
vivent	1
vitellius	1
visualise	1
visor	1
visitors	1
visited	1
visions	1
visibly	1
visible	1
virginity	1
violets	1
villein	1
villages	1
villager	1
vigour	1
vigorous	1
views	1
view	1
viens	1
victim	1
vice	1
vexed	1
vex	1
vestige	1
vestals	1
vesta	1
vest	1
vessels	1
vessel	1
vespasian	1
versed	1
versailles	1
verily	1
verbum	1
veracious	1
venison	1
velvety	1
velabrum	1
veils	1
veiled	1
vehicles	1
vehement	1
vegetables	1
vaulted	1
vault	1
vaster	1
vassals	1
vase	1
varying	1
varlet	1
various	1
varies	1
vapour	1
vane	1
valuing	1
value	1
valour	1
valley	1
valiant	1
vais	1
vainqueur	1
vaguely	1
utmost	1
uskub	1
useful	1
ura	1
upsetting	1
uphold	1
unyielding	1
unwedded	1
untied	1
unthinking	1
unrest	1
unreasonable	1
unrealizable	1
unreal	1
unprotected	1
unprecedented	1
unmoved	1
unluckily	1
unless	1
unkind	1
unjustly	1
universally	1
unhealthy	1
unharnessed	1
ungrateful	1
unfortunates	1
unfortunate	1
unfolding	1
unfastened	1
unexpected	1
uneven	1
unendurable	1
uneasiness	1
uneasily	1
une	1
unduly	1
undulating	1
undoubted	1
undisciplined	1
undertake	1
understanding	1
underground	1
undergarments	1
undeniable	1
uncurtained	1
unction	1
uncovered	1
uncontrollable	1
uncomfortable	1
unclenched	1
unchangingly	1
uncarnal	1
unburden	1
unbound	1
unbelievers	1
unadapted	1
unaccustomed	1
umbrella	1
ulcers	1
ulcer	1
uddenly	1
tyrtaeus	1
tyrians	1
tyre	1
twopence	1
twisted	1
twist	1
twinkling	1
twigs	1
twice	1
twain	1
turreted	1
turpin	1
turf	1
turbulent	1
tunics	1
tune	1
tullius	1
tulip	1
tufts	1
tuft	1
tub	1
tu	1
trusty	1
trusting	1
trust	1
trumpets	1
troy	1
trousseau	1
trough	1
trotted	1
trojan	1
triumvir	1
triumphalis	1
tritons	1
trips	1
tripe	1
trident	1
tricks	1
trick	1
tribunal	1
trials	1
tres	1
tremor	1
tremblingly	1
trefoils	1
treated	1
treasure	1
treason	1
trays	1
traverse	1
travelling	1
transparence	1
translation	1
transform	1
tranquilly	1
traitors	1
trait	1
trailing	1
trafficking	1
trace	1
towing	1
total	1
tortures	1
tortured	1
tortuous	1
torn	1
torches	1
tops	1
tooth	1
tools	1
tonight	1
tongue	1
tolls	1
toiled	1
toi	1
toga	1
toes	1
tips	1
tip	1
tint	1
tinge	1
tin	1
timidly	1
timidity	1
tiles	1
tights	1
tigellinus	1
tie	1
tidy	1
tidied	1
tiane	1
thunder	1
throwing	1
thronged	1
thrift	1
threshold	1
threatening	1
threads	1
thread	1
thousands	1
thoughtless	1
thoroughly	1
thine	1
thereupon	1
theory	1
theories	1
thefts	1
theft	1
theatre	1
thatched	1
text	1
terrifying	1
terms	1
tenth	1
tenser	1
tennis	1
tender	1
tended	1
tend	1
tempted	1
temptations	1
temptation	1
tempests	1
temperament	1
tells	1
teeming	1
tease	1
teaches	1
teachers	1
teacher	1
tawny	1
taverns	1
tattooed	1
tattered	1
tasks	1
tapestry	1
tapers	1
taper	1
tanned	1
tangled	1
talons	1
taller	1
tales	1
talents	1
tables	1
syrian	1
sympathy	1
symbolical	1
sycamores	1
sycamore	1
swinging	1
swift	1
swell	1
sweets	1
swarming	1
swarm	1
swallow	1
susy	1
sustained	1
suspicions	1
suspended	1
suspects	1
suspecting	1
suspect	1
surrounding	1
surround	1
surrey	1
surpassed	1
surfeit	1
sur	1
supposed	1
suppose	1
supporting	1
supported	1
suppleness	1
supper	1
supervision	1
sunrise	1
sunlight	1
sunk	1
sundays	1
sunday	1
sumptuous	1
summits	1
summer	1
summary	1
sullies	1
sullen	1
suitable	1
suicide	1
suggestive	1
suffocated	1
sufficient	1
suffers	1
suckling	1
success	1
succeeded	1
suburra	1
subtly	1
submissive	1
submission	1
submerged	1
sublimity	1
subjects	1
style	1
stunned	1
stump	1
stumbled	1
studious	1
studies	1
studied	1
stuck	1
strung	1
struggled	1
structures	1
structure	1
stroked	1
stripping	1
striking	1
strides	1
stride	1
strewn	1
stretcher	1
streams	1
straws	1
stratagem	1
straits	1
straightforward	1
stowing	1
stormy	1
storm	1
stolen	1
stole	1
stockings	1
stockinged	1
stocking	1
stock	1
stirrups	1
stirring	1
sticks	1
stick	1
sternly	1
steep	1
stead	1
stay	1
stature	1
statue	1
stator	1
statement	1
starved	1
staring	1
stammered	1
stammer	1
stalls	1
stall	1
stakes	1
stairs	1
stains	1
stained	1
stain	1
stags	1
stacks	1
squire	1
squeezed	1
squares	1
squalid	1
squadron	1
spurred	1
springing	1
spout	1
spouse	1
sports	1
spoil	1
spirals	1
spiders	1
spices	1
spend	1
speculations	1
spectator	1
specious	1
species	1
sparks	1
sparkled	1
spanish	1
spake	1
sovereignty	1
soused	1
sounds	1
sounding	1
sorry	1
sorrowful	1
soothing	1
soothed	1
sooner	1
sons	1
sonorous	1
solution	1
solitary	1
solemnly	1
solemn	1
solely	1
soil	1
sober	1
sobbing	1
soaking	1
snuggling	1
snowy	1
snowing	1
snowdrops	1
sneered	1
snatched	1
snakelike	1
smoky	1
smoked	1
smelling	1
smell	1
smeared	1
smallpox	1
smaller	1
slope	1
slice	1
slave	1
slaughtering	1
slaughtered	1
slattern	1
slackening	1
skull	1
skirt	1
skilled	1
skilful	1
skeins	1
size	1
sixteenth	1
sire	1
sinner	1
single	1
singers	1
singer	1
sincerity	1
sincere	1
simplified	1
simpler	1
similarly	1
similarity	1
silvery	1
siloam	1
signal	1
sigh	1
sickly	1
sickles	1
si	1
shy	1
shrubs	1
shroud	1
shrieked	1
shows	1
shouted	1
shortly	1
shops	1
shoes	1
shirt	1
shipwrecked	1
shipwreck	1
shine	1
shield	1
sheltered	1
shellfish	1
sharply	1
sharing	1
shameful	1
shake	1
shadows	1
shabby	1
sewn	1
sewing	1
sew	1
seventy-five	1
seventy	1
settle	1
sesterces	1
servum	1
servius	1
servitudes	1
servitors	1
serpents	1
seriousness	1
serious	1
serfs	1
separation	1
separated	1
separate	1
sentiments	1
sentiment	1
sentence	1
sensitive	1
sensation	1
senecio	1
senate	1
selling	1
selfishness	1
seldom	1
sees	1
seeming	1
seeks	1
seeking	1
seducer	1
sedate	1
securely	1
secure	1
secundum	1
sect	1
secondhand	1
seawater	1
seal	1
scum	1
scrutinising	1
scrupulousness	1
scriptures	1
scribes	1
scratching	1
scratches	1
scourge	1
scoundrels	1
scoundrel	1
sconce	1
scolded	1
school	1
scholars	1
scevola	1
scepticism	1
scarlet	1
scapegrace	1
scandal	1
scales	1
scaffolding	1
scaffold	1
saving	1
savage	1
sausages	1
satyrs	1
satisfying	1
satiety	1
satiate	1
satchel	1
sat	1
sashes	1
sap	1
sandstone	1
sanctuary	1
sanctity	1
samos	1
salute	1
salamis	1
sake	1
sait	1
saintly	1
sainted	1
sailors	1
sail	1
saffron	1
safeguard	1
sadducees	1
saddle	1
saddest	1
sadden	1
sacrilegious	1
sacrilege	1
sacrifices	1
sacra	1
sacks	1
sack	1
sabine	1
rustled	1
rustle	1
rustic	1
rushing	1
rump	1
rumours	1
rumour	1
ruled	1
ruins	1
ruin	1
rug	1
ruffian	1
rubbing	1
rubbed	1
row	1
roused	1
roundabout	1
roughly	1
rouged	1
rosewater	1
root	1
romulus	1
romantic	1
romance	1
rollin	1
roll	1
roland	1
roguishly	1
rocked	1
roche	1
robust	1
robinson	1
robbing	1
robbers	1
roadside	1
rny	1
rivers	1
rival	1
rites	1
risking	1
risk	1
rise	1
ringing	1
rinding	1
rigidity	1
rigid	1
rightly	1
righting	1
rien	1
riding	1
ridiculous	1
ride	1
rid	1
richly	1
richest	1
ribs	1
rhymes	1
revolutionary	1
revived	1
reverted	1
reverie	1
reverential	1
reverberations	1
revealed	1
retreat	1
retirement	1
retire	1
retained	1
result	1
restraint	1
restrained	1
restrain	1
respite	1
respected	1
resolution	1
resisting	1
resist	1
resin	1
resignation	1
resentment	1
rescue	1
request	1
reputation	1
repulsed	1
repugnant	1
repudiate	1
reproaching	1
reproached	1
reproach	1
representing	1
representations	1
reprehensible	1
report	1
replace	1
repelled	1
repaired	1
repair	1
rent	1
renowned	1
renounce	1
renegades	1
renegade	1
remounted	1
remind	1
remembrance	1
remedies	1
remarkable	1
remark	1
religions	1
relics	1
relaxed	1
relation	1
rejoin	1
rejoicing	1
rejoiced	1
rejected	1
reject	1
reins	1
rehearsals	1
regretted	1
regrets	1
region	1
regards	1
regard	1
refugee	1
refreshing	1
refrain	1
reflete	1
reflects	1
reflection	1
refining	1
refinement	1
reenter	1
reed	1
redemption	1
redeemed	1
redder	1
recruit	1
recreation	1
reconcile	1
recollections	1
recollection	1
recollected	1
recognise	1
reclining	1
reclined	1
recesses	1
reception	1
recent	1
recall	1
recalcitrant	1
rebellion	1
rebel	1
reality	1
realised	1
realise	1
reads	1
ray	1
ravisher	1
ravines	1
ravine	1
ravenna	1
rattle	1
rated	1
rarer	1
rarely	1
rapidity	1
range	1
rallied	1
raised	1
raindrops	1
ragged	1
ragamuffin	1
raft	1
radiant	1
radiance	1
raconter	1
races	1
rabbit	1
quivered	1
quintessence	1
quietly	1
questions	1
quarters	1
quantity	1
qu'importe	1
qu'etant	1
pythagorean	1
pyrenees	1
pyre	1
pus	1
pursued	1
purest	1
purer	1
purchases	1
pupil	1
punish	1
punching	1
pumps	1
pumpkin	1
pulpit	1
pull	1
puddings	1
psychologist	1
prudent	1
prrests	1
proving	1
province	1
protuberances	1
protracted	1
protested	1
protection	1
protecting	1
protected	1
prostrated	1
proposed	1
prophets	1
prophet	1
properly	1
prompt	1
promenade	1
prolonged	1
projecting	1
profited	1
profiles	1
profanations	1
production	1
producing	1
produce	1
procure	1
proconsul	1
proclaims	1
privily	1
privileged	1
privations	1
private	1
prithee	1
prior	1
printed	1
principally	1
primroses	1
priesthood	1
priestess	1
prided	1
pricked	1
price	1
priam	1
previous	1
preventing	1
pretexts	1
preserves	1
preserved	1
presents	1
presence	1
presbytery	1
prepare	1
preparation	1
prejudice	1
precocious	1
precision	1
precepts	1
preceptors	1
preceptor	1
precarious	1
preaching	1
preach	1
praising	1
praise	1
practises	1
practice	1
powers	1
powdered	1
powder	1
poucet	1
potters	1
postponed	1
post	1
possessor	1
possesses	1
positively	1
poseidon	1
porticos	1
porters	1
porter	1
port	1
porch	1
popular	1
poppies	1
pope	1
poorness	1
pools	1
pony	1
ponds	1
pond	1
pompous	1
pompilius	1
pompey	1
pollute	1
politics	1
politely	1
polite	1
plunging	1
plunges	1
plunge	1
plumed	1
plume	1
pluck	1
plover	1
plot	1
pliant	1
pledged	1
pledge	1
plebeians	1
pleasing	1
plates	1
plants	1
plant	1
plane	1
plan	1
plaintive	1
plains	1
plagued	1
placing	1
placid	1
pitying	1
piteous	1
pit	1
piraeus	1
pipes	1
pin	1
pillaged	1
pillage	1
piled	1
pile	1
piercingly	1
piercing	1
pierce	1
pictured	1
picking	1
phrase	1
phoroi	1
philtres	1
philosophy	1
philosophical	1
pheasants	1
pharisees	1
petition	1
petitesse	1
pessimism	1
persuade	1
personally	1
persistent	1
persistence	1
persians	1
persian	1
perseverance	1
perquisites	1
permission	1
periwig	1
perished	1
perish	1
performs	1
perform	1
perfidious	1
perfections	1
percival	1
perceval	1
perceiving	1
perce	1
per	1
peplos	1
peoples	1
peonies	1
penitents	1
penitence	1
penetrate	1
pence	1
penances	1
pedagogue	1
peasants	1
peas	1
pearls	1
pearl	1
peals	1
peal	1
peaks	1
peaceable	1
payment	1
paw	1
pause	1
paulina	1
pattern	1
patrician	1
patient	1
patience	1
passions	1
passionate	1
passion	1
passer	1
passage	1
parts	1
parting	1
parties	1
particularly	1
parsimonious	1
parlour	1
park	1
parchment	1
parasols	1
parasol	1
paralysed	1
paragons	1
papyrus	1
paper	1
pap	1
panting	1
panniered	1
paniers	1
panels	1
pandataria	1
paltry	1
palfrey	1
palaces	1
pains	1
paid	1
pagans	1
padua	1
paddling	1
padding	1
packed	1
pacified	1
owing	1
overturned	1
overlook	1
overhanging	1
outstretched	1
outskirts	1
outline	1
outburst	1
ot	1
ostentatiously	1
ostentatious	1
osier	1
orthographical	1
orphan	1
ornament	1
orleans	1
origin	1
orifice	1
oriental	1
orgies	1
oremus	1
ordinarily	1
ordering	1
orchards	1
oratory	1
oranges	1
opulence	1
opposite	1
opposed	1
oppose	1
opportunely	1
operations	1
opening	1
onions	1
omnibus	1
oldest	1
ogres	1
ogier	1
official	1
offices	1
offence	1
oedipus	1
odious	1
odes	1
octavia	1
occupying	1
occupation	1
occasions	1
obviously	1
obtain	1
obstinacy	1
obstacle	1
oblique	1
objects	1
objection	1
obeys	1
oats	1
oaths	1
oaks	1
nymphs	1
nut	1
nurtured	1
nunc	1
numidian	1
numbered	1
numa	1
nuisance	1
nourished	1
notorious	1
nothings	1
nothingness	1
note	1
notable	1
nostrils	1
nosegays	1
nosegay	1
northeast	1
noon	1
nonsense	1
nom	1
nine-tenths	1
nighttime	1
nightfall	1
niece	1
nie	1
nice	1
newspaper	1
newness	1
newborn	1
nerves	1
neptune	1
neighbours	1
negresses	1
negotiations	1
negligible	1
negligently	1
neglected	1
necklace	1
necessity	1
necessities	1
necessarily	1
neat	1
naughty	1
nastos	1
narrowness	1
narrowed	1
nail	1
nags	1
n	1
myrtles	1
muzzles	1
musingly	1
music	1
mushrooms	1
museum	1
muscles	1
murmurs	1
murderers	1
multitude	1
multiplying	1
multiplied	1
muddy	1
mud	1
mouths	1
moustaches	1
mountebanks	1
mouldy	1
moulds	1
mots	1
motherhood	1
moss	1
mosaics	1
mortals	1
morion	1
morals	1
moral	1
moque	1
monuments	1
montmorency	1
monstrous	1
monster	1
monotonous	1
monkey	1
monde	1
monastic	1
mon	1
moisson	1
modu	1
mocker	1
mock	1
mob	1
moaned	1
mnaiis	1
mix	1
mitre	1
misunderstood	1
mistook	1
mistake	1
missing	1
misses	1
missed	1
misfortunes	1
miscreant	1
misappropriation	1
misappropriated	1
misanthropy	1
miry	1
mirrors	1
minutes	1
minute	1
minuscule	1
minstrels	1
mingling	1
mince	1
mille	1
milking	1
mile	1
mild	1
mighty	1
mightily	1
michaelmas	1
mfelie	1
meur	1
metals	1
metal	1
messire	1
messenger	1
mess	1
meshes	1
merry	1
merits	1
merit	1
mercury	1
merchants	1
mentioned	1
menelaus	1
mendicants	1
mended	1
menacing	1
mena	1
memories	1
melting	1
meh	1
meditations	1
medicine	1
meats	1
measure	1
meannesses	1
meadows	1
maxims	1
mattress	1
matrons	1
matins	1
mathan	1
maternity	1
match	1
masters	1
massively	1
massacring	1
massacre	1
mask	1
mary	1
marvels	1
marvellously	1
marvelled	1
martyr	1
mars	1
markets	1
marketplace	1
market	1
marked	1
marching	1
marched	1
marbles	1
manufacturer	1
manners	1
mane	1
mandolin	1
manasseh	1
manages	1
management	1
managed	1
malignity	1
majesty	1
maintains	1
magnolias	1
magnificence	1
magnanimous	1
magistrates	1
madmen	1
madman	1
madly	1
machine	1
macaroons	1
ma	1
m'as	1
lyre	1
luxurious	1
luxuries	1
lupines	1
lunches	1
luncheon	1
lunch	1
lump	1
luminous	1
lulled	1
lucky	1
luckily	1
luck	1
lowly	1
lower	1
lovey	1
lovers	1
loungers	1
lotos	1
lot	1
losing	1
lose	1
loosening	1
loosed	1
loins	1
logic	1
lodge	1
locusts	1
locked	1
loaded	1
load	1
livid	1
livery	1
lively	1
livelihood	1
liquor	1
lion	1
limpingly	1
limits	1
limited	1
lilac	1
likely	1
lighting	1
lightest	1
lies	1
lids	1
lid	1
lictor	1
licked	1
library	1
liberator	1
level	1
lettuce	1
lettest	1
lets	1
lesson	1
lepers	1
lent	1
lend	1
leisure	1
legitimate	1
leggings	1
leg	1
leeches	1
leathern	1
leaf	1
leads	1
lawyers	1
laws	1
laurel	1
latticed	1
latin	1
lated	1
lasting	1
lapse	1
lantern	1
languidly	1
languages	1
lanes	1
landed	1
lance	1
lamp	1
laments	1
lamenting	1
lain	1
lahire	1
laestrygonians	1
laestry	1
laden	1
lacking	1
lacked	1
lack	1
labourers	1
l/m/	1
l'glantier	1
kst	1
kostobar	1
knowingly	1
knowest	1
knot	1
knocks	1
knock	1
knitting	1
knitted	1
knee	1
knave	1
kissing	1
kingston	1
kindling	1
kindliness	1
kindle	1
kindhearted	1
kid	1
kernel	1
kennel	1
keeps	1
keenly	1
keenest	1
keen	1
justify	1
justified	1
jupiter	1
jumped	1
jumble	1
juggler	1
juggle	1
judging	1
jubilee	1
joyously	1
joyous	1
jovial	1
journalist	1
jound	1
joujou	1
jolts	1
jolted	1
jokes	1
joints	1
joining	1
job	1
jingled	1
jezebel	1
jewess	1
jewel	1
jets	1
jet	1
jesters	1
jericho	1
jelly	1
jealous	1
jceep	1
jaws	1
jams	1
ivory	1
it's	1
isn't	1
islands	1
irritating	1
irritated	1
irreproachable	1
irreparable	1
irremediably	1
irreligious	1
irregularity	1
irrational	1
irony	1
ironwork	1
ironing	1
ironical	1
iook	1
inwardly	1
inward	1
invulnerable	1
invited	1
invisible	1
invaded	1
intwined	1
introduced	1
intricate	1
intoxicate	1
intolerable	1
intimidated	1
interwoven	1
interviews	1
intervention	1
intervened	1
intervals	1
interval	1
interrogation	1
intentionally	1
intention	1
intensity	1
intense	1
intelligently	1
insurgents	1
insult	1
instruction	1
instantly	1
instances	1
instability	1
inspiration	1
insistence	1
insidious	1
inscription	1
inquired	1
innumerable	1
innate	1
injustices	1
iniquity	1
ingeniously	1
ing	1
inform	1
influencing	1
influence	1
infirmity	1
infirm	1
infinitely	1
infidel	1
inferred	1
infatuated	1
inexorable	1
inexhaustible	1
ineffable	1
indulgences	1
indolence	1
individual	1
indirect	1
indifference	1
india	1
increased	1
increase	1
inconvenience	1
incongruously	1
income	1
inclined	1
inclination	1
incidents	1
inch	1
incense	1
inadequate	1
impurity	1
impurities	1
improbable	1
imprisonment	1
impressionable	1
impression	1
impress	1
imprecations	1
impotent	1
impostor	1
imposing	1
imposed	1
importuning	1
importance	1
implored	1
implement	1
impiety	1
imperious	1
impecunious	1
impassioned	1
immutable	1
immortal	1
immoral	1
immodesty	1
immensity	1
immaterial	1
immanent	1
imagined	1
images	1
illustrious^ex	1
illusions	1
illusion	1
illumination	1
illuminating	1
illness	1
ilium	1
ignored	1
ignorance	1
ignoble	1
idolater	1
idol	1
idly	1
idlest	1
idiot	1
ideal	1
i'll	1
hut	1
hussy	1
husky	1
hurting	1
hurt	1
hurriedly	1
hurled	1
hurl	1
hunter	1
hunted	1
hundreds	1
hunchback	1
humming	1
hummed	1
humility	1
humiliating	1
humblest	1
humanity	1
hugo	1
hover	1
hovel	1
hosts	1
host	1
hospital	1
horror	1
horns	1
horace	1
hoping	1
hopelessly	1
hoods	1
hooded	1
honestly	1
homes	1
homer	1
holiest	1
holier	1
holiday	1
hoarse	1
hippolytus	1
hinges	1
highway	1
hiding-place	1
hiding	1
hibiscus	1
hesitating	1
hesitate	1
herfclothes	1
hercules	1
hercule	1
hera	1
hempen	1
hemp	1
hemming	1
hem	1
helps	1
helping	1
helpful	1
helmets	1
heliogabalus	1
heels	1
heel	1
heedless	1
heeding	1
heed	1
hedge	1
hector	1
hebrew	1
heavens	1
heavenly	1
heaths	1
hearted	1
heaps	1
health	1
heal	1
heady	1
headdresses	1
hats	1
hat	1
hast	1
harvest	1
harsh	1
harp	1
harmony	1
harmoniously	1
harming	1
hares	1
harass	1
happening	1
hanging	1
handwriting	1
handling	1
handfuls	1
handful	1
handed	1
hammock	1
hammer	1
hamlet	1
ham	1
haltingly	1
hall	1
haggard	1
h	1
gushed	1
guns	1
guests	1
guessed	1
guarded	1
guard	1
grumbling	1
grows	1
groves	1
group	1
gros	1
groping	1
grooms	1
groat	1
grimace	1
grievous	1
greyish	1
greed	1
greece	1
greaves	1
greatness	1
gravity	1
graveyard	1
gravel	1
gratuitously	1
gratings	1
grateful	1
grassy	1
grasped	1
grasp	1
grants	1
granted	1
grandmotherly	1
government	1
goutelette	1
gourd	1
gossipy	1
gossips	1
goodwill	1
gonians	1
godmother	1
goddesses	1
gobble	1
goat	1
gnome	1
glowed	1
gloved	1
gloomy	1
globes	1
glitter	1
glistened	1
gliding	1
glass	1
glare	1
glancing	1
glances	1
gladness	1
gives	1
giver	1
gipsies	1
gilt	1
gilded	1
gifts	1
gift	1
getting	1
germanic	1
german	1
gentlemen	1
gentleman	1
gentile	1
genesareth	1
generations	1
geant	1
gauntlets	1
gauntleted	1
gauntlet	1
gather	1
gash	1
gardener	1
gap	1
gaolers	1
gallop	1
gallic	1
galley	1
gallery	1
gale	1
gait	1
gaily	1
gables	1
futurist	1
futile	1
furnaces	1
furnace	1
funerals	1
fun	1
fuller	1
fulfil	1
frozen	1
frowning	1
frowned	1
frown	1
froth	1
frightfully	1
frighten	1
friendly	1
friedland	1
fried	1
freshness	1
freshly	1
french	1
frele	1
freeing	1
frayed	1
fraternal	1
francis	1
framed	1
fragments	1
fragment	1
fowl	1
fourteen	1
fours	1
fountains	1
foundation	1
fou	1
fortyfive	1
forty	1
fortunes	1
fortnight	1
fort	1
formidable	1
formance	1
formal	1
forerunner	1
foreigner	1
foreign	1
forefinger	1
forbidden	1
forbid	1
folly	1
folded	1
fold	1
foetid	1
fluent	1
flowed	1
flow	1
flour	1
florian	1
fling	1
flickers	1
flickering	1
fleet	1
flaxen	1
flavian	1
flashes	1
flanked	1
flakes	1
flagons	1
flacon	1
fixing	1
fitting	1
fits	1
fists	1
fishing	1
fishermen	1
firm	1
firdousi	1
finer	1
financier	1
finance	1
fille	1
figurine	1
figs	1
fighting	1
fig	1
fiftieth	1
fifth	1
fiercely	1
field	1
fervent	1
felon	1
fellows	1
feline	1
felicity	1
feels	1
feebly	1
feature	1
feats	1
feathery	1
feathers	1
feasts	1
feasting	1
fawn	1
faun	1
faults	1
fatigued	1
fathers	1
fatal	1
fastidious	1
fastening	1
farthest	1
farther	1
farigoul	1
fantoms	1
fantastic	1
fanned	1
fancy	1
famine	1
families	1
falsely	1
falsehoods	1
falls	1
fait	1
fairest	1
fairer	1
fainting	1
faint	1
failing	1
fail	1
faded	1
faculties	1
facts	1
fabrics	1
fabric	1
fables	1
eyelashes	1
exulted	1
extricate	1
extravagant	1
exterior	1
expressive	1
expressed	1
explore	1
expiatory	1
expiation	1
expiated	1
experiments	1
experiment	1
expense	1
exists	1
existing	1
exhorted	1
exhausting	1
exhaled	1
exercises	1
executioners	1
executioner	1
execute	1
excusing	1
exclamations	1
excitable	1
exchanged	1
excessively	1
excessive	1
excess	1
excellence	1
exceedingly	1
exceeding	1
examinations	1
exalted	1
evils	1
evident	1
evidences	1
evander	1
euripides	1
etymologies	1
ethereal	1
etes	1
estates	1
established	1
essential	1
esquiline	1
especially	1
esculapius	1
escapade	1
error	1
errant	1
errands	1
errand	1
equipped	1
equipages	1
equally	1
equalled	1
equality	1
equal	1
equable	1
epoch	1
envoys	1
entry	1
entreat	1
entrance	1
entier	1
entertaining	1
entangled	1
enriching	1
enraged	1
enlighten	1
enjoying	1
enjoyed	1
enigmatic	1
engths	1
engaged	1
engage	1
energetically	1
ends	1
endeavour	1
encrusted	1
encouraging	1
encountered	1
encounter	1
enchanters	1
enabled	1
emulation	1
emptiness	1
emptied	1
employing	1
employed	1
emplit	1
emphasis	1
emperors	1
emerging	1
embers	1
embarrassment	1
embalmed	1
emancipation	1
emanated	1
ell	1
elevated	1
elegy	1
elegance	1
eldest	1
elder	1
elbowed	1
elastic	1
eighty	1
eighteenth	1
eighteen	1
egla	1
egg	1
efforts	1
efficacious	1
effeminate	1
efface	1
education	1
educated	1
edification	1
edges	1
echoes	1
eath	1
eastern	1
easily	1
earthquake	1
earthenware	1
earthen	1
earrings	1
earned	1
earn	1
earliest	1
earlier	1
eagles	1
eagerness	1
eager	1
dwells	1
dwellers	1
duration	1
duped	1
dulled	1
dulichios	1
dug	1
due	1
ducked	1
drown	1
drizzling	1
driving	1
drives	1
driver	1
driven	1
drinks	1
drinking	1
drink	1
dressmaker	1
drenched	1
dreary	1
dreamy	1
drawing-room	1
drawers	1
draughts	1
drank	1
dragon	1
dove.f	1
doubtful	1
doubted	1
doublet	1
doubled	1
dost	1
dored	1
donjon	1
domitian	1
domino	1
domine	1
domestic	1
doles	1
dogmatic	1
dogmas	1
document	1
doctor	1
divinities	1
divide	1
diverted	1
divert	1
distrustful	1
distrust	1
distributions	1
distribution	1
distractions	1
distraction	1
distracted	1
distract	1
distinguish	1
distaff	1
dissolving	1
dissatisfaction	1
disquieted	1
dispute	1
displeased	1
displease	1
displaying	1
disobedience	1
dismounted	1
dismissed	1
disinterestedness	1
disinterested	1
dishonours	1
dishonour	1
dishonest	1
disguise	1
disgraceful	1
disembodied	1
disembarked	1
disdain	1
discussions	1
discreetly	1
discovering	1
disciples	1
disarmed	1
disappearing	1
disappear	1
disagrees	1
disagreeably	1
disagreeable	1
dirt	1
director	1
directly	1
direction	1
directed	1
dipped	1
dip	1
dinners	1
dimmed	1
dimittis	1
diminished	1
diffused	1
difficulties	1
difference	1
dies	1
diaphanous	1
diana	1
devout	1
devouring	1
devotions	1
devoted	1
devil	1
device	1
development	1
develop	1
deux	1
dethrone	1
detests	1
detested	1
determined	1
determine	1
detecting	1
detained	1
detail	1
detaching	1
detached	1
destroying	1
destinies	1
despoiled	1
despising	1
despised	1
desk	1
designed	1
design	1
describing	1
describe	1
descent	1
descended	1
descend	1
derived	1
depth	1
deprive	1
depends	1
depend	1
departed	1
denounce	1
demeanour	1
demands	1
demanded	1
demand	1
delivers	1
delivered	1
deliver	1
delirium	1
delille	1
delights	1
delightfully	1
delightful	1
delighted	1
delicately	1
delicacies	1
deliberation	1
degrees	1
degradation	1
definite	1
defending	1
defeat	1
deeply	1
deepest	1
decypher	1
decrease	1
decorated	1
declaimed	1
decisive	1
decision	1
decidedly	1
decide	1
decently	1
deceived	1
deceive	1
deceitful	1
decay	1
debased	1
deaths	1
dealers	1
dazzled	1
daylight	1
daybreak	1
dawdle	1
date	1
dart	1
darning	1
darling	1
darkened	1
dans	1
dangerous	1
dandelion	1
dancing	1
dancers	1
danced	1
dance	1
damnable	1
daisies	1
dainties	1
daily	1
d'une	1
d'un	1
d'artois	1
d'amour	1
d	1
cyclopean	1
cutting	1
cutthroats	1
cutter	1
cuts	1
cushions	1
curves	1
curled	1
cuirasses	1
ctait	1
crying	1
crusoe	1
crushed	1
crumbled	1
cruelty	1
cruelties	1
cruellest	1
crueller	1
crudity	1
crudeness	1
crude	1
crucified	1
crowned	1
crowding	1
crouched	1
crooked	1
cronies	1
crippled	1
crinore	1
crickets	1
creeping	1
creepers	1
creed	1
credulous	1
creates	1
crafty	1
cracks	1
cows	1
cow	1
cover	1
cousin	1
courts	1
courtesans	1
courteous	1
countries	1
countess	1
counted	1
cough	1
corsages	1
corrupting	1
corridor	1
correspondingly	1
correspondence	1
correspond	1
correct	1
cords	1
cord	1
cooking	1
convincing	1
conviction	1
convert	1
conversed	1
convention	1
contrite	1
contribute	1
continuous	1
continuing	1
contentment	1
contented	1
content	1
contacts	1
consulted	1
constructed	1
constancy	1
conspired	1
conspirators	1
considerable	1
consequently	1
consents	1
consent	1
consecrate	1
consciences	1
conquest	1
conquerors	1
conquering	1
conjured	1
confusion	1
confused	1
conflans	1
confided	1
confessing	1
confessed	1
conducted	1
conditioned	1
condescension	1
condemn	1
concourse	1
conceiving	1
conceived	1
conceive	1
compromised	1
comprehend	1
compose	1
complaint	1
complain	1
competent	1
compelled	1
compel	1
compared	1
committing	1
commits	1
commit	1
commissioned	1
comment	1
comme	1
commanded	1
comforting	1
comforted	1
comfortably	1
comfortable	1
comfort	1
comedy	1
comedies	1
combed	1
combats	1
columns	1
colossus	1
colonel	1
college	1
collector	1
collection	1
collected	1
collars	1
coeur	1
cobbler	1
clung	1
clumsy	1
clumsily	1
cloven	1
clouded	1
clog	1
clock	1
climb	1
cliff	1
clients	1
cleric	1
clenching	1
clenched	1
clement	1
cleft	1
cleaving	1
cleaved	1
clearer	1
clean	1
claw	1
claudius	1
clattering	1
classes	1
clasped	1
clapped	1
clanking	1
claim	1
civil	1
citizeness	1
cited	1
citadel	1
circumstance	1
circuitous	1
circlets	1
circle	1
ciel	1
churchwardens	1
churchman	1
chronicles	1
christmas	1
christendom	1
chris	1
chorus	1
choked	1
choir	1
choice	1
chocolates	1
china	1
chilled	1
chiefs	1
cheville	1
chestnuts	1
chestnut	1
chene	1
cheeses	1
cheese	1
cheerfully	1
cheer	1
cheek	1
chastity	1
chaste	1
charm	1
charlatans	1
charging	1
characters	1
characteristics	1
changing	1
chanced	1
champions	1
champagne	1
chairs	1
chain	1
chacun	1
certainty	1
century	1
centuries	1
cellars	1
celebrating	1
celebrated	1
celebrate	1
cedron	1
cavalcade	1
causeway	1
catching	1
catcher	1
catapult	1
casts	1
cassock	1
caskets	1
carrots	1
carries	1
carrier	1
carpeted	1
caring	1
carinae	1
caressing	1
careless	1
career	1
cardinal	1
captured	1
captive	1
caps	1
capriciously	1
caprices	1
capitol	1
canvas	1
canopy	1
candlemas	1
candid	1
camp	1
camel	1
calmness	1
calmly	1
calling	1
calico	1
cake	1
caesura	1
caelian	1
cadaverous	1
cabbages	1
cabbage	1
byegone	1
buzzing	1
buys	1
buxom	1
buttresses	1
buttons	1
buttonhole	1
buttoned	1
button	1
buttery	1
butchering	1
butcher	1
bushy	1
bursting	1
burrhus	1
burnished	1
burning	1
burghers	1
burden	1
bud	1
brutally	1
brutal	1
brushwood	1
brune	1
bronze	1
brocade	1
brittany	1
britannicus	1
bringing	1
brightly	1
brighter	1
brigandage	1
brief	1
brick	1
briar	1
breviary	1
breeding	1
breeches	1
brain	1
brag	1
boys	1
box	1
bowls	1
bouta	1
bouquets	1
bought	1
boudoir	1
bothering	1
bothered	1
bordering	1
books	1
bone	1
bon	1
bombastic	1
bolted	1
bolt	1
boldness	1
boldly	1
boasted	1
blushed	1
blues	1
bluebells	1
blossoms	1
blooms	1
bloomed	1
bloodshot	1
bloodless	1
blonde	1
blocks	1
blinding	1
blinded	1
blessing	1
bleeding	1
blazed	1
blaze	1
blaspheme	1
blades	1
bitterness	1
bit	1
bishop	1
birthday	1
biggest	1
bewitched	1
beware	1
betty	1
betrothed	1
betray	1
betook	1
bestial	1
beseech	1
berries	1
bernardine	1
bereavement	1
benumbed	1
benevolent	1
benefits	1
benefit	1
benedictines	1
benedicamus	1
ben	1
belonging	1
bellows	1
believes	1
belief	1
belied	1
beings	1
behold	1
beheld	1
beheaded	1
behead	1
behaviour	1
begun	1
begin	1
beforehand	1
beer	1
bedroom	1
bedding	1
bedclothes	1
beautifying	1
beautified	1
beaugency	1
beating	1
bears	1
beards	1
beans	1
beams	1
beam	1
baths	1
bathroom	1
bathed	1
basins	1
basin	1
basest	1
baseness	1
based	1
barriers	1
barn	1
bargain	1
barbarians	1
baptist	1
baptismal	1
banquets	1
banquet	1
bandits	1
bandaging	1
banana	1
balustrade	1
bale	1
balancing	1
bah	1
baggage	1
bade	1
backward	1
background	1
baby	1
baba	1
awoke	1
awkward	1
awaits	1
avoided	1
avoid	1
avert	1
avenge	1
avarice	1
authorise	1
aureole	1
augustus	1
augment	1
aught	1
audience	1
audacity	1
attrition	1
attribute	1
attractive	1
attraction	1
attitudes	1
attitude	1
attica	1
attentive	1
attempts	1
attempted	1
atteindre	1
attain	1
attacked	1
attack	1
attached	1
atrium	1
athenians	1
asylum	1
astride	1
astray	1
assume	1
associate	1
assemblies	1
aspirations	1
asphyxiating	1
asia	1
ashen	1
artists	1
artistic	1
artist	1
artisan	1
arthur	1
artfully	1
artemis	1
arrow	1
arrogantly	1
arrived	1
arrhe	1
arrhcphoroi	1
arrest	1
arrears	1
arrangement	1
arrange	1
aroused	1
arose	1
aromatic	1
armfuls	1
aristocrats	1
aristocratic	1
aristobulus	1
ardours	1
ardently	1
architect	1
archery	1
archbishop	1
arab	1
apse	1
apron	1
april	1
apricots	1
apricot	1
approbation	1
appreciated	1
apply	1
apples	1
applauded	1
appearances	1
apparition	1
apparel	1
apartment	1
anxious	1
anxiety	1
antiphonaries	1
antipater	1
antigone	1
annoyance	1
announced	1
anniversary	1
ankle	1
aniples	1
animation	1
animal	1
angrily	1
angrier	1
angelical	1
anecdotes	1
anchor	1
analyse	1
anacreon	1
amusing	1
amuses	1
amusements	1
amusement	1
ample	1
amphitheatre	1
amoureux	1
amour	1
amounted	1
amount	1
amnesty	1
amiable	1
american	1
ambitious	1
amber	1
amazing	1
amazed	1
alteration	1
alphabet	1
aloof	1
almogt	1
almighty	1
allowing	1
alive	1
alexandra	1
alexander	1
alcove	1
alarm	1
aims	1
aim	1
ailing	1
aided	1
agrippina	1
agreement	1
agree	1
agony	1
aggravated	1
ages	1
agent	1
aged	1
agamemnon	1
afternoon	1
afresh	1
afflicted	1
affixed	1
affectionate	1
affected	1
affairs	1
advice	1
advantages	1
adroitly	1
adorn	1
adore	1
adoration	1
adorable	1
admit	1
admiring	1
admire	1
admiration	1
adjoining	1
adding	1
actual	1
acts	1
actors	1
actor	1
acting	1
acrobat	1
acorns	1
accusing	1
accuse	1
accumulated	1
accord	1
accomplice	1
accompanying	1
accompany	1
accepts	1
abyss	1
abused	1
absurdity	1
abstain	1
absorbing	1
absolutely	1
absence	1
abominations	1
abbey	1
abbe	1
abandonment	1
abandon	1
^tt^hen	1
^sculapius	1
^eaea	1
?)	1
?"	1
<	1
.)	1
.")	1
-	1
("	1
"'	1
