,	2671
the	2206
.	1902
"	1186
and	996
of	960
to	951
i	922
a	818
it	573
in	556
'	537
that	503
you	471
was	432
he	408
is	404
."	301
on	300
?	288
for	285
with	257
this	245
have	233
at	226
his	224
one	197
had	195
but	195
:	193
they	189
not	186
as	185
she	181
|arabic3digit|	179
!	179
|'s|	173
are	168
them	162
my	162
or	161
me	160
miss	158
there	155
be	148
all	147
what	145
about	145
her	138
|arabic2digit|	137
so	133
an	133
we	130
him	130
were	129
no	125
who	121
from	115
by	115
which	114
some	110
books	110
do	109
up	108
here	108
out	106
mr	105
two	103
book	101
when	97
library	95
;	95
would	94
get	94
see	93
will	92
now	92
s	91
over	89
if	89
oh	88
man	87
know	87
any	86
said	85
has	81
well	79
did	79
other	77
?"	77
(	77
nt	76
like	75
been	74
then	73
read	68
could	68
very	66
how	66
old	65
mrs	65
look	64
can	64
your	63
why	63
don't	63
only	62
|romannumeral|	59
their	59
yes	58
little	55
come	55
just	54
back	54
right	53
into	53
these	51
got	51
say	50
more	50
put	48
never	47
came	47
gooch	46
room	45
|arabic1digit|	44
something	44
name	44
)	44
three	42
down	42
am	42
want	41
time	41
than	41
go	41
last	40
after	40
went	38
took	37
think	37
let	37
first	37
years	36
take	36
much	35
long	34
great	34
yer	33
where	33
those	33
used	32
its	32
must	31
good	31
card	31
ve	30
through	30
most	30
librarian	30
going	30
day	30
work	29
told	29
thought	29
once	29
make	29
looked	29
few	29
says	28
jane	28
find	28
does	28
again	28
!"	28
woman	27
tell	27
sure	27
nothing	27
made	27
head	27
grant	27
em	27
course	27
boy	27
too	26
thing	26
place	26
perhaps	26
many	26
m	26
large	26
desk	26
away	26
asked	26
another	26
small	25
please	25
looking	25
give	25
ever	25
way	24
shall	24
reading	24
off	24
next	24
left	24
fernald	24
ain't	24
while	23
red	23
men	23
hand	23
four	23
boys	23
tom	22
such	22
might	22
keep	22
before	22
young	21
things	21
soon	21
should	21
public	21
interest	21
half	21
copy	21
children	21
bird	21
.)	21
under	20
anything	20
though	19
telephone	19
teacher	19
our	19
hundred	19
found	19
can't	19
call	19
.,	19
.'	19
wish	18
toward	18
table	18
suppose	18
street	18
six	18
replied	18
people	18
patterson	18
night	18
may	18
house	18
home	18
cut	18
cannot	18
because	18
sword	17
saw	17
returned	17
ought	17
life	17
guide	17
five	17
dr	17
both	17
week	16
reference	16
rather	16
morning	16
minute	16
mayo	16
line	16
every	16
even	16
end	16
door	16
called	16
bunkum	16
brought	16
between	16
began	16
ask	16
around	16
|arabic4digit|	15
year	15
times	15
sweet	15
side	15
seemed	15
persons	15
peas	15
order	15
near	15
moment	15
mean	15
least	15
high	15
deep	15
d	15
author	15
women	14
upon	14
until	14
tried	14
sunflowers	14
second	14
same	14
remarked	14
re	14
personage	14
o	14
minutes	14
lady	14
however	14
gave	14
gauge	14
else	14
days	14
conversation	14
captain	14
best	14
belonged	14
always	14
afternoon	14
yet	13
white	13
wants	13
turned	13
still	13
remember	13
past	13
new	13
nearly	13
mother	13
literature	13
idea	13
hands	13
gone	13
enough	13
edwards	13
during	13
collection	13
better	13
animals	13
wrote	12
weapons	12
trying	12
sir	12
set	12
seeds	12
school	12
return	12
paper	12
page	12
number	12
means	12
lord	12
list	12
kookle	12
heard	12
goodbye	12
game	12
front	12
feet	12
far	12
crumpet	12
confidential	12
being	12
absolutely	12
able	12
write	11
without	11
wanted	11
volume	11
villain	11
twenty	11
try	11
thank	11
story	11
sort	11
someone	11
perfectly	11
own	11
need	11
knew	11
king	11
interested	11
inquired	11
hold	11
history	11
himself	11
girl	11
french	11
fly	11
face	11
evening	11
dozen	11
brown	11
bixby	11
battle	11
already	11
alcove	11
ago	11
whose	10
whole	10
trouble	10
till	10
single	10
seen	10
scientific	10
probably	10
private	10
point	10
o'clock	10
novel	10
matter	10
making	10
leave	10
killed	10
jones	10
island	10
impossible	10
heroine	10
glass	10
fine	10
fifteen	10
fiction	10
family	10
fairfax	10
except	10
crowd	10
certainly	10
catalogue	10
cards	10
browning	10
believe	10
also	10
afraid	10
across	10
|arabic5+digit|	9
wonder	9
won't	9
usually	9
ten	9
sometimes	9
since	9
seven	9
seem	9
possible	9
play	9
ones	9
notice	9
mulch	9
mind	9
merely	9
match	9
lot	9
lay	9
kim	9
john	9
j	9
hung	9
hot	9
help	9
having	9
guess	9
greatest	9
given	9
general	9
full	9
forty	9
followed	9
felt	9
fact	9
engaged	9
dictionary	9
dear	9
creasus	9
characters	9
central	9
carried	9
brother	9
box	9
black	9
birds	9
behind	9
bailey	9
bad	9
aunt	9
anyhow	9
answer	9
anderson	9
ancestors	9
account	9
whether	8
weeks	8
waiting	8
wait	8
us	8
twelve	8
town	8
today	8
thousand	8
standing	8
smith	8
sight	8
showed	8
ship	8
shelves	8
sent	8
send	8
sam	8
run	8
really	8
real	8
ready	8
reached	8
r	8
queen	8
professor	8
person	8
pages	8
nice	8
myself	8
modern	8
libraries	8
librarians	8
led	8
learned	8
kind	8
indeed	8
hour	8
hope	8
hill	8
hero	8
hello	8
hear	8
hard	8
group	8
goes	8
girls	8
ghost	8
finished	8
fell	8
eight	8
each	8
doubt	8
don	8
de	8
charged	8
case	8
care	8
business	8
bring	8
board	8
blue	8
bag	8
alone	8
allowed	8
word	7
whatever	7
walked	7
understand	7
teams	7
taking	7
tables	7
t	7
sunflower	7
struck	7
stopped	7
stood	7
stick	7
state	7
started	7
stand	7
sorry	7
son	7
show	7
shelf	7
sawyer	7
ridiculous	7
rest	7
remembered	7
remarking	7
quite	7
question	7
poor	7
plant	7
pieces	7
part	7
papers	7
opened	7
open	7
nor	7
nine	7
money	7
manner	7
magazine	7
lost	7
looks	7
lived	7
literary	7
later	7
knows	7
interesting	7
instance	7
ice	7
hurry	7
hardtack	7
green	7
giving	7
getting	7
german	7
garden	7
finally	7
field	7
eyes	7
england	7
either	7
double	7
done	7
dead	7
cover	7
corner	7
car	7
bound	7
big	7
beginning	7
begin	7
beautiful	7
among	7
american	7
along	7
agent	7
added	7
|arabicprice|	6
wrong	6
watch	6
waste	6
war	6
w	6
voice	6
visit	6
villains	6
view	6
valley	6
use	6
unless	6
train	6
tomorrow	6
together	6
third	6
themselves	6
team	6
spent	6
speak	6
short	6
sherlock	6
shakespeare	6
servant	6
sat	6
romeo	6
reply	6
questions	6
prince	6
presently	6
pointed	6
picked	6
phone	6
pencil	6
peabody	6
party	6
pair	6
owner	6
others	6
ortheris	6
noticed	6
north	6
neck	6
minnie	6
mine	6
mention	6
mark	6
makes	6
macbeth	6
lovely	6
love	6
longer	6
light	6
letters	6
leaning	6
lafayette	6
joe	6
information	6
inch	6
immediately	6
huck	6
horrid	6
holmes	6
historical	6
herself	6
hat	6
handed	6
hall	6
ground	6
grand	6
gold	6
goin	6
genuine	6
further	6
forgot	6
fit	6
finn	6
fifty	6
fall	6
expected	6
exclaimed	6
exactly	6
everyone	6
english	6
ended	6
empty	6
ella	6
edgar	6
easy	6
ear	6
discovered	6
dinner	6
died	6
descendants	6
dames	6
cousin	6
coming	6
comes	6
club	6
child	6
chapter	6
chance	6
chair	6
certain	6
celebrated	6
cause	6
cage	6
bush	6
breakfast	6
bit	6
beyond	6
ball	6
aw	6
arthur	6
arrow	6
arms	6
anyone	6
although	6
air	6
against	6
),	6
zoological	5
yesterday	5
worth	5
world	5
within	5
whom	5
whicher	5
waves	5
wall	5
village	5
upidee	5
umbrella	5
twice	5
true	5
throw	5
tall	5
talking	5
tale	5
swords	5
sun	5
summer	5
suggested	5
subject	5
stuffed	5
study	5
strange	5
stop	5
start	5
st	5
sounds	5
somewhat	5
slowly	5
slip	5
showing	5
shouted	5
shot	5
service	5
serious	5
seems	5
runs	5
round	5
rock	5
responsible	5
recognise	5
reason	5
reader	5
ran	5
raised	5
quixote	5
progress	5
prize	5
pretty	5
president	5
present	5
possibly	5
poet	5
played	5
perfect	5
passing	5
passed	5
particularly	5
paid	5
p	5
oysters	5
owned	5
outer	5
older	5
occasion	5
object	5
note	5
newspaper	5
neither	5
necessary	5
nearer	5
months	5
married	5
luck	5
le	5
law	5
known	5
knife	5
judge	5
isn't	5
instruments	5
instead	5
instantly	5
inside	5
indicated	5
important	5
ill	5
holding	5
hit	5
helianthus	5
hate	5
harry	5
harper	5
gum	5
glad	5
george	5
gentlemen	5
gauges	5
friend	5
frank	5
football	5
fingers	5
final	5
fashion	5
familiar	5
fair	5
facts	5
eye	5
exam	5
events	5
entered	5
enormous	5
edition	5
eating	5
earth	5
dry	5
drove	5
drew	5
dramatic	5
difficulty	5
described	5
department	5
delightful	5
daggers	5
crimson	5
copies	5
complete	5
complaint	5
common	5
colonel	5
collector	5
collar	5
coat	5
clothes	5
clear	5
cents	5
caught	5
catch	5
cat	5
cases	5
cared	5
cabin	5
building	5
bridge	5
bottle	5
born	5
blank	5
beside	5
below	5
bell	5
barnard	5
badly	5
awfully	5
authors	5
attention	5
article	5
appear	5
almost	5
allan	5
alive	5
alfred	5
ah	5
agreed	5
youth	4
york	4
writing	4
writers	4
wreck	4
worse	4
worn	4
works	4
words	4
wire	4
window	4
willie	4
weller	4
weather	4
watching	4
walls	4
volumes	4
vessel	4
veranda	4
vanhoff	4
undoubtedly	4
uncle	4
tuck	4
tube	4
top	4
tonight	4
tiger	4
tied	4
thursday	4
thirty	4
tennyson	4
temper	4
talk	4
swift	4
surface	4
sunbonnet	4
suddenly	4
subjected	4
studies	4
stories	4
stone	4
sticky	4
spears	4
sound	4
song	4
somewhere	4
somebody	4
sit	4
signs	4
sign	4
shoulder	4
shore	4
shape	4
served	4
seized	4
sees	4
section	4
search	4
scott	4
scored	4
rule	4
rich	4
returning	4
renaissance	4
recovered	4
record	4
rang	4
quartermain	4
putting	4
presence	4
post	4
position	4
poppies	4
points	4
pocket	4
pleasure	4
players	4
pistols	4
pistol	4
pictures	4
picture	4
peru	4
pequot	4
pen	4
passage	4
pardon	4
pageant	4
outside	4
original	4
opportunity	4
opening	4
often	4
office	4
offered	4
oct	4
occupied	4
nature	4
narrative	4
names	4
moved	4
moustache	4
montmorency	4
month	4
moments	4
mixed	4
minor	4
milton	4
miles	4
mercutio	4
meet	4
meanwhile	4
marquis	4
main	4
magnificent	4
luncheon	4
lose	4
lines	4
liked	4
lights	4
liberry	4
less	4
leaves	4
learn	4
lawn	4
lake	4
kept	4
janitor	4
jack	4
isaacs	4
irritated	4
inning	4
index	4
hurried	4
hours	4
hotspur	4
host	4
honourable	4
henry	4
held	4
hardy	4
happened	4
happen	4
hamlet	4
hair	4
habit	4
grass	4
grandfather	4
gibbon	4
gentleman	4
generally	4
gee	4
gardening	4
gardener	4
friar	4
free	4
fox	4
fought	4
forth	4
forget	4
foot	4
following	4
follow	4
fluid	4
flower	4
floor	4
fire	4
filled	4
fight	4
fellow	4
feller	4
fear	4
favourite	4
father	4
famous	4
faithful	4
extra	4
exploded	4
explained	4
examined	4
especially	4
esmond	4
er	4
employ	4
eggs	4
due	4
drowned	4
draw	4
dispute	4
dig	4
didn't	4
devoted	4
denied	4
delivered	4
death	4
deal	4
david	4
custom	4
crow	4
cross	4
crash	4
covered	4
court	4
count	4
correct	4
continued	4
colour	4
coach	4
charging	4
centre	4
carrying	4
carnegie	4
buying	4
busy	4
broke	4
bought	4
boston	4
boat	4
blood	4
blankville	4
belonging	4
become	4
beat	4
beach	4
baxter	4
axe	4
attitude	4
attendant	4
assistants	4
assistant	4
arrived	4
arm	4
appeared	4
appeal	4
apparently	4
anyway	4
anthony	4
answered	4
announced	4
annex	4
amongst	4
america	4
aid	4
agreeable	4
age	4
address	4
zero	3
yours	3
yellow	3
yard	3
wurzberger	3
written	3
worry	3
wore	3
wooden	3
wondering	3
wondered	3
won	3
wished	3
winter	3
william	3
wild	3
whispering	3
whispered	3
wet	3
well-known	3
weapon	3
waving	3
water	3
washington	3
wandered	3
walk	3
visited	3
vast	3
various	3
vanderpyl	3
van	3
valuable	3
utterly	3
usual	3
using	3
unpleasant	3
unable	3
umslopogaas	3
umlaut	3
u	3
turn	3
trustees	3
troy	3
tropical	3
trolley	3
tripped	3
trifling	3
trench	3
trees	3
travelled	3
transcript	3
title	3
tinkleham	3
tickets	3
thus	3
thinks	3
thin	3
thesis	3
thelma	3
thales	3
terrible	3
tape	3
takes	3
syringa	3
suspected	3
suitable	3
suffered	3
style	3
stuck	3
string	3
stole	3
stock	3
steps	3
stenographer	3
statement	3
stamped	3
spots	3
specimen	3
spear	3
spanish	3
spain	3
south	3
solemn	3
soda	3
smiling	3
smaller	3
skull	3
skin	3
sixteen	3
sitting	3
simple	3
sick	3
shown	3
shop	3
shook	3
shoes	3
shield	3
sheets	3
severe	3
several	3
settlers	3
settlement	3
servants	3
september	3
sept	3
separated	3
sense	3
selectmen	3
select	3
seeking	3
secret	3
seat	3
scotch	3
scoring	3
score	3
scissors	3
scholarly	3
scarlet	3
scale	3
saying	3
saturday	3
sand	3
sad	3
rose	3
rooms	3
roll	3
risk	3
ring	3
rid	3
richard	3
rhinoceros	3
revolver	3
rev	3
retired	3
result	3
resolute	3
resembled	3
researches	3
reputation	3
representing	3
representative	3
represent	3
repeated	3
reminded	3
remarkable	3
remained	3
regret	3
reginald	3
referee	3
records	3
recently	3
receiver	3
recall	3
rear	3
rapidly	3
rainy	3
rain	3
raffles	3
quick	3
pulled	3
promised	3
profanity	3
presented	3
pool	3
pomfret	3
pointing	3
poets	3
poems	3
poem	3
pobble	3
pleased	3
pleasant	3
plays	3
plates	3
places	3
placed	3
pigs	3
piece	3
picturesque	3
peter	3
pet	3
periodicals	3
period	3
percival	3
pass	3
painful	3
packets	3
oyster	3
opinion	3
old-fashioned	3
ocean	3
occurred	3
observed	3
numbers	3
novels	3
nothin	3
nonsense	3
none	3
non	3
news	3
nelson	3
neighbourhood	3
needs	3
native	3
named	3
nacher	3
n	3
musket	3
musgrave	3
murders	3
mulched	3
moving	3
mostly	3
mosquitoes	3
morgan	3
moreover	3
mistress	3
mister	3
mistake	3
minister	3
methods	3
method	3
mentioned	3
meal	3
matilda	3
mate	3
mary	3
martha	3
marks	3
magazines	3
madam	3
machine	3
macaroni	3
lyrics	3
london	3
lock	3
living	3
liquid	3
leopard	3
learoyd	3
leading	3
laughed	3
latter	3
larkin	3
knowledge	3
knight	3
kipling	3
kill	3
ker	3
keeping	3
jus	3
junius	3
jump	3
joy	3
jimson	3
james	3
jabez	3
issued	3
interrupted	3
inquiries	3
ing	3
influence	3
including	3
include	3
incas	3
impressive	3
implements	3
hyde	3
husband	3
hurt	3
horses	3
horse	3
horatius	3
honour	3
hits	3
highest	3
hector	3
hearing	3
heads	3
haven't	3
hardly	3
happy	3
handle	3
handkerchief	3
gymnasium	3
guinevere	3
guillotine	3
grub	3
greatly	3
gracious	3
goodnight	3
golf	3
golden	3
goethe	3
god	3
goats	3
gloat	3
ghosts	3
gets	3
gathered	3
gardeners	3
gaol	3
games	3
funny	3
frugles	3
friends	3
freckled	3
fourth	3
fountain	3
formerly	3
former	3
forever	3
forced	3
fool	3
folks	3
flemish	3
flaherty	3
finnegan	3
fill	3
figured	3
fictitious	3
feverel	3
fencing	3
fence	3
feel	3
fay	3
fat	3
fast	3
falstaff	3
fairy	3
fairly	3
faint	3
faced	3
extraordinary	3
extends	3
express	3
explain	3
evident	3
enthusiasm	3
entertaining	3
enter	3
endeavoured	3
encyclopaedia	3
employed	3
elephants	3
electric	3
effect	3
educational	3
editions	3
eaten	3
eat	3
earnestly	3
dwell	3
duel	3
doubtless	3
donkey	3
dollars	3
dog	3
doesn't	3
doctor	3
distance	3
dismal	3
discuss	3
disappeared	3
disappearance	3
difference	3
diary	3
desert	3
describe	3
descended	3
departed	3
degree	3
deeply	3
decidedly	3
dealers	3
dare	3
dar	3
daniel	3
dangerous	3
danger	3
dagger	3
cyrano	3
cyclopaedia	3
curious	3
crusoe	3
crabs	3
courts	3
couple	3
country	3
cook	3
contains	3
containing	3
consideration	3
consider	3
connected	3
completely	3
clock	3
clean	3
class	3
cigarette	3
church	3
chief	3
chatter	3
charge	3
chairs	3
ceiling	3
carry	3
career	3
cages	3
bumpus	3
brow	3
brooks	3
broken	3
brig	3
breaking	3
boxes	3
bookcase	3
bob	3
biennials	3
bench	3
belong	3
became	3
aware	3
attached	3
art	3
arranged	3
armful	3
april	3
application	3
appearance	3
annoyances	3
animal	3
andrew	3
ancient	3
ancestor	3
agents	3
advise	3
advice	3
admiration	3
act	3
achilles	3
absurd	3
abernathy	3
.:	3
'?"	3
zachariah	2
youths	2
yourself	2
you're	2
ye	2
writer	2
wound	2
wouldn't	2
worlds	2
workings	2
workingman	2
working	2
worked	2
wordsworth	2
wood	2
wonderful	2
winning	2
winkle	2
winged	2
winds	2
wilson	2
willing	2
wigglesworth	2
wholly	2
whichers	2
whence	2
welcome	2
wedding	2
weariness	2
weald	2
washed	2
warblers	2
wanta	2
wandering	2
wan	2
waltham	2
walrus	2
wabbles	2
visitor	2
visiting	2
virginian	2
victory	2
venice	2
vary	2
value	2
valparaiso	2
uttered	2
useful	2
ursus	2
unsuccessful	2
unopened	2
unnecessary	2
university	2
united	2
unfortunate	2
unfavourable	2
underneath	2
uncomfortable	2
umpire	2
ulster	2
turns	2
truth	2
trust	2
truly	2
trowel	2
troubles	2
tristram	2
tremendous	2
trellis	2
treat	2
treasures	2
traveller	2
transcribe	2
tragedy	2
tragedies	2
tove	2
tournament	2
tough	2
touched	2
torn	2
tore	2
tones	2
tone	2
tobacco	2
tired	2
tip	2
thrown	2
throwing	2
threw	2
thompson	2
thirty-five	2
thinking	2
thermometer	2
theresa	2
thane	2
textbooks	2
tennis	2
tears	2
taste	2
tank	2
talked	2
taken	2
system	2
sydney	2
swine	2
swinburne	2
sweetly	2
swaying	2
swarm	2
suspiciously	2
suspicion	2
surrounded	2
surely	2
supper	2
superior	2
sundry	2
sundial	2
sum	2
sullivan	2
suit	2
suggest	2
substitute	2
subsequent	2
stupid	2
students	2
student	2
stroke	2
strike	2
straight	2
stockings	2
stevenson	2
steeple	2
stealing	2
steal	2
states	2
starfish	2
stands	2
stamping	2
stamp	2
stage	2
stack	2
spoke	2
spirits	2
spenser	2
spell	2
speeches	2
spectators	2
spectacle	2
special	2
speaking	2
sounded	2
somehow	2
society	2
social	2
snowballs	2
snow	2
snippers	2
snappy	2
smote	2
smoke	2
smiled	2
smile	2
smashed	2
slumming	2
slow	2
slithy	2
slips	2
slipped	2
slightly	2
slight	2
slice	2
sleuth	2
sleeping	2
sleep	2
sixth	2
sixteenth	2
sister	2
sinking	2
simply	2
similar	2
silence	2
signed	2
signal	2
sigh	2
sided	2
sickly	2
shuddered	2
shoulders	2
shopkeeper	2
sheath	2
shade	2
settled	2
settin	2
serpent	2
seriously	2
sergeant	2
sentenced	2
sentence	2
sen	2
searched	2
sea	2
scuffle	2
scottish	2
scotland	2
scene	2
scared	2
save	2
satisfactory	2
saltwater	2
sake	2
safety	2
sacrificed	2
sacrifice	2
s.s	2
s'pose	2
rush	2
running	2
ruffled	2
ruff	2
rubbing	2
rubbers	2
rubaiyat	2
rt	2
rows	2
row	2
rotten	2
rolfe	2
rode	2
rocky	2
robinson	2
robes	2
roar	2
rip	2
rightful	2
rifle	2
ribs	2
rheumatism	2
revolution	2
returns	2
retreat	2
retorted	2
reservoirs	2
research	2
rescue	2
requires	2
request	2
reputations	2
reproduced	2
replaced	2
repeat	2
removed	2
remnants	2
remain	2
religious	2
religion	2
relief	2
relics	2
regular	2
regiment	2
regards	2
regard	2
recording	2
recollections	2
reception	2
reasons	2
realised	2
reads	2
raven	2
rate	2
rapier	2
randlett	2
r.h.b	2
r.g	2
r.f	2
quoted	2
quote	2
quieter	2
quiet	2
quickly	2
quarter	2
q.b	2
punt	2
punishment	2
publishers	2
psychological	2
proving	2
proved	2
pross	2
properly	2
proof	2
promptly	2
process	2
proceedings	2
proceeded	2
privilege	2
printed	2
print	2
pride	2
prevailed	2
pretend	2
pressure	2
precisely	2
praised	2
practical	2
powerful	2
powdered	2
pos	2
portfolio	2
pope	2
poker	2
plot	2
plenty	2
plate	2
plainly	2
pitched	2
pipe	2
pious	2
pin	2
pig	2
pierce	2
picnic	2
pickwick	2
pick	2
piazza	2
philip	2
phd	2
personal	2
permission	2
perennials	2
per	2
penseroso	2
peculiar	2
pearls	2
pay	2
paul	2
patience	2
passion	2
parties	2
parents	2
paragraph	2
pan	2
pamela	2
pale	2
package	2
owns	2
overhead	2
outfielders	2
othello	2
orders	2
ordered	2
opposed	2
opinions	2
opera	2
onto	2
omar	2
olive	2
officials	2
odd	2
observing	2
observe	2
oblige	2
objection	2
objected	2
oakhurst	2
numerous	2
novelist	2
notorious	2
nose	2
noises	2
nodded	2
ninth	2
nightcap	2
nieces	2
nicholas	2
nervous	2
neat	2
navigation	2
nauseous	2
naturally	2
nationality	2
mystified	2
muttering	2
mutter	2
mutt	2
museum	2
murderer	2
murder	2
mulvaney	2
mulching	2
move	2
mouth	2
morris	2
more'n	2
moonlit	2
moon	2
moody	2
mongoose	2
mme	2
missouri	2
missed	2
misers	2
minuet	2
mingled	2
million	2
millimetre	2
mighty	2
mice	2
met	2
merchant	2
meeting	2
medicine	2
meat	2
meant	2
maybe	2
matters	2
material	2
master	2
mass	2
marvellous	2
martyr	2
marry	2
marriage	2
market	2
margins	2
margaret	2
managed	2
majesty	2
maidens	2
madame	2
lying	2
luxe	2
lumps	2
loud	2
losing	2
lookin	2
log	2
lobster	2
live	2
lists	2
listened	2
lips	2
lined	2
limited	2
limit	2
lilian	2
lie	2
liberty	2
level	2
letter	2
lemon	2
legged	2
leather	2
laying	2
laugh	2
latitude	2
late	2
larger	2
landscape	2
lands	2
landing	2
lancelot	2
laertes	2
ladies	2
labour	2
laboratory	2
l.h.b	2
l.g	2
l.f	2
kindly	2
kids	2
kid	2
khayyam	2
keeps	2
keeper	2
june	2
jumping	2
jumped	2
journey	2
jose	2
joint	2
jimmy	2
jewelled	2
japanese	2
january	2
jabberwock	2
itself	2
italian	2
it's	2
isle	2
iseult	2
invisible	2
invented	2
intervals	2
interruptions	2
intensely	2
intended	2
intelligent	2
installed	2
insist	2
inscription	2
inquiry	2
innings	2
ink	2
infield	2
individual	2
indicating	2
indian	2
india	2
included	2
inclined	2
incident	2
impression	2
imposing	2
impertinent	2
illustrators	2
illustrated	2
icarus	2
ib	2
i4th	2
i've	2
huts	2
hurled	2
hunting	2
hunter	2
hunted	2
hungry	2
hundreds	2
hose	2
horticulture	2
horn	2
horatio	2
hoped	2
hoops	2
hook	2
homesick	2
hole	2
historian	2
highly	2
higher	2
hesitation	2
hercules	2
heliotrope	2
height	2
heavy	2
heavily	2
heath	2
heart	2
headed	2
hay	2
happens	2
handy	2
handing	2
hairs	2
ha	2
h	2
gustaf	2
gun	2
grove	2
grounder	2
grote	2
groans	2
groaned	2
grey	2
greeted	2
graham	2
government	2
gouts	2
gougers	2
goodrich	2
goat	2
glasses	2
glare	2
gladys	2
gentle	2
genealogists	2
genealogies	2
gazed	2
gather	2
gardens	2
fuzzy	2
furious	2
fumble	2
frivolous	2
freshman	2
fresh	2
frequently	2
frequented	2
freedom	2
fragments	2
foundation	2
fosco	2
forwarded	2
forward	2
forged	2
forest	2
force	2
food	2
fondness	2
follower	2
flowers	2
floating	2
floated	2
float	2
flew	2
fled	2
flat	2
flannel	2
fishing	2
fish	2
fireplace	2
finger	2
finest	2
figure	2
fighting	2
fierce	2
fetched	2
fetch	2
feathers	2
favour	2
fassett	2
fanny	2
falling	2
fallen	2
failure	2
failed	2
fail	2
faces	2
f.b	2
ezra	2
eyebrows	2
explosion	2
expert	2
experiences	2
exhibition	2
excitement	2
examine	2
evidently	2
everything	2
everdene	2
event	2
evenings	2
epic	2
envy	2
envelope	2
entire	2
enthusiast	2
enemy	2
emotion	2
elephant	2
eldest	2
elbow	2
ejaculated	2
edge	2
east	2
ears	2
dumas	2
dull	2
dryden	2
dropped	2
drop	2
drives	2
drive	2
drink	2
dressed	2
dreary	2
dreadful	2
drawn	2
doubtful	2
doubled	2
doors	2
doing	2
disturbing	2
distressing	2
distasteful	2
discovery	2
discover	2
discharged	2
directors	2
directions	2
dippy	2
digitalis	2
difficult	2
different	2
dictate	2
devil	2
desperate	2
desks	2
deserter	2
description	2
departs	2
demon	2
delphiniums	2
delivery	2
delighted	2
degrees	2
defarge	2
deeper	2
declared	2
decided	2
december	2
dealer	2
dazzling	2
dance	2
damaged	2
d'artagnan	2
cutters	2
curiosity	2
cultured	2
culture	2
cry	2
crowded	2
cromlech	2
crocodile	2
criminal	2
crime	2
crest	2
creature	2
cream	2
crazy	2
cranks	2
crab	2
covers	2
courage	2
couldn't	2
costume	2
correctly	2
corners	2
cornelia	2
contained	2
consult	2
congress	2
confounded	2
confidentially	2
compilers	2
company	2
companion	2
commanded	2
comin	2
college	2
collectors	2
cold	2
coffin	2
cockatoo	2
closely	2
clocks	2
clippers	2
clink	2
climbing	2
classify	2
clancy	2
citizens	2
cities	2
circumstances	2
cigar	2
christy	2
chickadee	2
cheerfully	2
cheek	2
checks	2
charming	2
charles	2
chaperone	2
chains	2
cf	2
cease	2
cave	2
cataloguer	2
carton	2
carpenter	2
carmen	2
carefully	2
careful	2
caraway	2
cap	2
canoe	2
cane	2
calm	2
buy	2
burst	2
burke	2
bundles	2
bum	2
bulbus	2
bucko	2
brushed	2
brothers	2
brings	2
brilliant	2
brighter	2
bright	2
breath	2
breaks	2
break	2
bread	2
brave	2
brassbound	2
branches	2
bout	2
boss	2
borrow	2
bookcases	2
bonds	2
boil	2
body	2
blossoms	2
bloom	2
bloodhound	2
blade	2
bits	2
bishop	2
biscuit	2
biography	2
bindings	2
billy	2
beowulf	2
bent	2
beloved	2
believed	2
beheld	2
behave	2
beg	2
beesly	2
beefeater	2
bee	2
bed	2
becoming	2
becomes	2
beauty	2
beating	2
bearing	2
bear	2
bathsheba	2
barn	2
banks	2
bander	2
bandages	2
baltimore	2
baffled	2
b	2
axes	2
avilion	2
average	2
automobile	2
authority	2
austen	2
attractive	2
attack	2
attach	2
atheist	2
ate	2
astounding	2
assortment	2
association	2
assemblage	2
aside	2
ashore	2
arrows	2
arrival	2
arrested	2
army	2
armour	2
approached	2
approach	2
apparent	2
apartment	2
anxious	2
anxiety	2
annuals	2
annual	2
annoyed	2
amid	2
americans	2
amateur	2
amanda	2
altogether	2
allegro	2
alike	2
alger	2
alcoves	2
alas	2
airy	2
ahead	2
aged	2
affected	2
admitted	2
addressing	2
addison	2
acting	2
acted	2
acres	2
ace	2
accustomed	2
accuracy	2
according	2
accomplish	2
accessories	2
above	2
...	2
''	2
")	2
!'	2
zulu	1
zoo	1
zenobia	1
zenda	1
zebra	1
yup	1
youthful	1
yourselves	1
youngsters	1
yneid	1
yelp	1
yells	1
yellowish	1
yelled	1
yell	1
yearns	1
yearned	1
yarn	1
yards	1
yankee	1
yanderpyl	1
yale	1
yah	1
wuzzy	1
wretchedness	1
wretched	1
wreathed	1
wrathful	1
wrath	1
wrangles	1
wounded	1
worthy	1
worthless	1
worst	1
worship	1
worried	1
worms	1
worm	1
workrooms	1
worcester	1
woodshed	1
woodland	1
wolf	1
woke	1
witnessed	1
witness	1
withdraws	1
withdraw	1
wishing	1
wise	1
wisdom	1
wiping	1
wiped	1
winslow	1
winner	1
winked	1
wink	1
wine	1
windy	1
wind	1
win	1
willoughby	1
willcox	1
willard	1
wilkins	1
wilde	1
wig	1
wife	1
wielded	1
wide	1
wi	1
whoever	1
whiskers	1
whiskerandos	1
whis	1
whippersnapper	1
whim	1
whiffles	1
whereupon	1
wheezing	1
wheels	1
wheel	1
whaled	1
westonhaugh	1
wenzell	1
weil	1
weighty	1
weight	1
weeping	1
weep	1
webster	1
weary	1
wearing	1
weakest	1
weakened	1
we'll	1
ways	1
waved	1
wave	1
watson	1
watertight	1
waters	1
waterproof	1
watched	1
warrior	1
warnt	1
warnings	1
warming	1
ward	1
wannish	1
wands	1
wanders	1
wander	1
walter	1
walks	1
waitin	1
waited	1
wagons	1
wackford	1
vulgar	1
voyaged	1
voyage	1
voting	1
von	1
vocabulary	1
visitors	1
visitant	1
virtuous	1
virtuoso	1
violets	1
violently	1
violent	1
violence	1
vinegar	1
vincey	1
ville	1
villainy	1
vilanelle	1
vigorously	1
views	1
viewed	1
victoria	1
vice	1
vessels	1
version	1
verses	1
verse	1
versation	1
verona	1
vermilion	1
veritable	1
verges	1
verbatim	1
vent	1
venner	1
vault	1
varying	1
varsity	1
variety	1
varied	1
vanished	1
vane	1
valleys	1
vale	1
vainly	1
vain	1
vade	1
vacation	1
v.'s	1
uttering	1
utter	1
useless	1
urged	1
urchin	1
upwards	1
upstairs	1
unwilling	1
unwashed	1
unusual	1
untrustworthy	1
unto	1
unsheathed	1
unseen	1
unremitting	1
unreadable	1
unmercifully	1
unlocked	1
unlike	1
unknown	1
unison	1
unique	1
uninterrupted	1
uninhabited	1
unimportant	1
uniform	1
unfolding	1
unfastened	1
unfamiliar	1
unexpurgated	1
uneventful	1
uneasy	1
underlings	1
underground	1
undefeated	1
unction	1
unconcerned	1
uncombed	1
uncles	1
uncharted	1
uncertainty	1
unaware	1
unavoidably	1
unattractive	1
unabashed	1
um	1
ulysses	1
ultimate	1
ugly	1
typical	1
type	1
tyler	1
tying	1
twirling	1
twins	1
twelfth	1
twarn'tin	1
tuscan	1
turtledove	1
turk	1
turf	1
tures	1
turbaned	1
tumbril	1
tumble	1
tufts	1
tuft	1
tuesday	1
truthfulness	1
trotwood	1
trot	1
troops	1
troop	1
trivial	1
triumphant	1
trip	1
trifle	1
trial	1
tremendously	1
trembling	1
tree	1
treated	1
travels	1
trashy	1
trash	1
trappers	1
trap	1
transferred	1
tramp	1
trait	1
tragic	1
trade	1
tracks	1
track	1
traced	1
trace	1
towsled	1
townsfolk	1
towards	1
touchdown	1
touch	1
totally	1
total	1
tossed	1
torrent	1
tools	1
tonnes	1
tongues	1
tomorrer	1
tomfool	1
tombstone	1
tomahawks	1
tolu	1
tolstoi	1
tolerant	1
togo	1
toes	1
toasted	1
titles	1
titled	1
tiptoed	1
tips	1
tipped	1
tion	1
tiny	1
tins	1
tinkham	1
timidly	1
timid	1
tilted	1
tille	1
tikki	1
tigrinum	1
tigers	1
tide	1
ticking	1
ticket	1
tiar	1
thunder	1
thrust	1
thru	1
throws	1
throng	1
threatened	1
thousands	1
thoughtful	1
thou	1
thoroughly	1
thomas	1
thither	1
thirty-seven	1
thirteen	1
thickly	1
thick	1
they'll	1
thereupon	1
thereon	1
theory	1
theirs	1
thaws	1
thanked	1
texts	1
tewed	1
tests	1
test	1
tess	1
terrorised	1
terrific	1
terrier	1
terribly	1
terms	1
termed	1
term	1
tentatively	1
tent	1
tends	1
tend	1
temple	1
tempest	1
tells	1
teeth	1
teeny	1
tee	1
technicalities	1
tear	1
taxidermist	1
tavi	1
tatler	1
tastes	1
tasso	1
tapestries	1
tame	1
tam	1
tally	1
tail	1
taffy	1
tackles	1
tackle	1
tacked	1
tacia	1
tabs	1
tablets	1
t's	1
sympathy	1
swirling	1
swiping	1
swipe	1
swinging	1
swing	1
swimming	1
sweetened	1
sweater	1
swear	1
swathed	1
swapped	1
swan	1
swamp	1
swallowed	1
sustenance	1
suspicious	1
suspicions	1
suspended	1
survivor	1
survive	1
surround	1
surprisingly	1
surprised	1
surprise	1
surf	1
sur	1
support	1
supply	1
superstition	1
superiors	1
superhuman	1
sunburned	1
summed	1
sullen	1
sulky	1
suits	1
suggestion	1
sufficiently	1
sufficed	1
sufferings	1
suffering	1
sufferers	1
successors	1
succession	1
successful	1
success	1
subter	1
subsidises	1
submarine	1
sturdy	1
stuff	1
studyin	1
stuarts	1
struggling	1
struggles	1
struggled	1
stroyed	1
strorks	1
strong	1
strolling	1
strokes	1
striped	1
strikes	1
strew	1
streamed	1
stream	1
streak	1
strategic	1
straps	1
stranger	1
strained	1
strain	1
straggly	1
stove	1
stout	1
stork	1
store	1
stocking	1
stitches	1
stirred	1
stingy	1
stepped	1
step	1
stem	1
stein	1
steerf	1
steely	1
steel	1
steamboat	1
stealthy	1
steadily	1
staying	1
stayed	1
stay	1
statistics	1
station	1
statesman	1
statements	1
stately	1
stated	1
starts	1
startling	1
starting	1
stars	1
staring	1
star	1
stanza	1
stanley	1
stanislow	1
standstill	1
standish	1
stalks	1
stalked	1
stairway	1
staggered	1
stael	1
stacks	1
squshy	1
squirrel	1
squire	1
squid	1
squeers	1
squawks	1
square	1
sprout	1
sprinkled	1
spring	1
sprayed	1
spotted	1
spot	1
sportsman	1
spoiling	1
split	1
splendour	1
splashing	1
splash	1
spite	1
spiral	1
spilled	1
spiders	1
spider	1
spens	1
spends	1
spend	1
spellers	1
spelled	1
speed	1
sped	1
spectacles	1
spectabilis	1
speckled	1
specimens	1
specialty	1
speaks	1
sparrows	1
sparring	1
spared	1
spacious	1
space	1
sown	1
sowing	1
sow	1
source	1
soup	1
sorted	1
sorrow	1
sore	1
sophomores	1
sonnets	1
somethin	1
sombre	1
solve	1
solomon	1
solemnly	1
soldiers	1
soldier	1
solace	1
sol	1
sojourn	1
soiled	1
soil	1
sociable	1
sober	1
sobbing	1
sob	1
soaring	1
snuff	1
snowless	1
snowball	1
snort	1
snider	1
snickers	1
sneezed	1
snatch	1
snarl	1
snark	1
snakes	1
snake	1
smoking	1
smoked	1
smithereens	1
smiles	1
smelling	1
smash	1
slugs	1
slightest	1
sliced	1
sleepy	1
slavishly	1
slash	1
slapped	1
skimmed	1
skilful	1
size	1
sixty	1
sive	1
situation	1
situated	1
sits	1
site	1
sinks	1
sink	1
sington	1
sings	1
singles	1
sing	1
sincerest	1
sincere	1
sin	1
simpleton	1
silver	1
silly	1
signals	1
sighed	1
sides	1
sickened	1
sibly	1
sible	1
shylock	1
shy	1
shut	1
shuffling	1
shrugged	1
shows	1
shower	1
shovelling	1
shovel	1
shouting	1
shout	1
shouldered	1
shots	1
shortly	1
shores	1
shone	1
shipwreck	1
ships	1
shingling	1
shingel	1
sherwood	1
shere	1
shepherd	1
shelter	1
shellfish	1
sheer	1
shed	1
sheaves	1
shawl	1
sharply	1
sharp	1
share	1
shan't	1
shame	1
shaky	1
shakes	1
sewed	1
seventy-five	1
seventy	1
seventeen	1
setting	1
settee	1
sets	1
serve	1
sermons	1
series	1
serenely	1
separate	1
sentinel	1
sentiments	1
sentimental	1
sensational	1
sending	1
senator	1
semitic	1
sembling	1
sell	1
self	1
selection	1
selected	1
seldom	1
seize	1
seekers	1
seeing	1
seeemed	1
seed	1
sedan	1
securely	1
secured	1
secure	1
secondary	1
seated	1
seaside	1
seas	1
searching	1
seal	1
seagulls	1
sculptured	1
scud	1
scrub	1
scrivener	1
screwdriver	1
screens	1
scrawling	1
scratch	1
scrapper	1
scrap	1
scorns	1
sciences	1
schwartz	1
schooner	1
scholarship	1
scholar	1
schmidt	1
schleswig-holstein	1
schleswig	1
schiller	1
schemes	1
scheduled	1
scatters	1
scarcely	1
scandals	1
saving	1
saved	1
savagely	1
saunter	1
satin	1
sarter	1
sarcasm	1
sarah	1
sandstone	1
samplers	1
salts	1
salt	1
saloon	1
saladin	1
saintly	1
sailors	1
sailor	1
sailing	1
sailed	1
sail	1
safe	1
sacred	1
sacks	1
sack	1
rust	1
russian	1
rushed	1
rung	1
runcible	1
rumpelstiltskin	1
rumour	1
rumble	1
rules	1
ruled	1
ruins	1
ruined	1
rue	1
rudolf	1
rudge	1
rubber	1
rubbed	1
royal	1
rowboat	1
rosicrucians	1
roses	1
roof	1
rome	1
romances	1
romance	1
roman	1
rolled	1
rodin	1
roderick	1
rocks	1
robin	1
roaring	1
roared	1
river	1
ripped	1
rikki	1
righteousness	1
rifles	1
ridge	1
ride	1
ridd	1
rian	1
rewbarb	1
revolving	1
revision	1
revising	1
reviews	1
reviewed	1
revenge	1
retreated	1
retirement	1
retain	1
resurrection	1
rests	1
restless	1
responsibility	1
respective	1
respectfully	1
respectable	1
respect	1
resound	1
resortus	1
resigned	1
resignation	1
residents	1
reside	1
reserved	1
required	1
require	1
requests	1
requesting	1
repul	1
republican	1
reproduce	1
reproaches	1
represents	1
reports	1
report	1
replaces	1
repeating	1
repairer	1
renood	1
renewed	1
remote	1
reminds	1
remind	1
remembering	1
remedy	1
remedies	1
remarks	1
remarkably	1
remark	1
remains	1
remaining	1
relying	1
relax	1
relatives	1
related	1
relate	1
rejoined	1
rejoiced	1
reingelder	1
regulate	1
regretful	1
registered	1
regarded	1
refused	1
refresh	1
reformed	1
reflected	1
reflect	1
referred	1
ref	1
redcoats	1
recurred	1
recourse	1
recognised	1
recognisable	1
recitations	1
recent	1
receiving	1
receives	1
received	1
recalling	1
rebuke	1
reappear	1
reality	1
realise	1
realisation	1
readin	1
reaches	1
reach	1
razor	1
ray	1
rawdon	1
raw	1
ravens	1
raucous	1
rattlesnakes	1
raths	1
rassen	1
rasping	1
rascals	1
rare	1
rapiers	1
rape	1
range	1
ranean	1
raise	1
raincoat	1
rainbow	1
railway	1
railroad	1
rail	1
raid	1
raging	1
rage	1
raft	1
radcliffe	1
quinze	1
quietly	1
quicker	1
questioned	1
queens	1
quater	1
quarrelsome	1
quarrelled	1
quality	1
q	1
python	1
puzzling	1
puzzles	1
putts	1
puts	1
pushed	1
pursued	1
pursing	1
purposes	1
purple	1
pure	1
purchasers	1
purchase	1
pup	1
pun	1
pumpkin	1
pump	1
pulling	1
pug	1
puddle	1
pudding	1
pudd'nhead	1
pudd	1
puck	1
published	1
pterodactyl	1
psychology	1
psychologist	1
prow	1
provoke	1
prove	1
prouder	1
proud	1
protracted	1
protecting	1
prosperous	1
proposition	1
proposed	1
proper	1
proofs	1
pronounce	1
promptness	1
prominent	1
prohibitive	1
progressed	1
profusion	1
profoundly	1
professorship	1
profession	1
profanation	1
product	1
produced	1
procured	1
procure	1
procession	1
pro	1
prizes	1
privileged	1
privately	1
prisoners	1
prisoner	1
prison	1
priscilla	1
prints	1
principal	1
prices	1
previously	1
previous	1
prevent	1
pretending	1
presume	1
pressively	1
pressed	1
presents	1
presenting	1
prescribe	1
presbyterians	1
preposterous	1
preliminaries	1
prefer	1
prediction	1
preconcerted	1
precise	1
precious	1
pray	1
praise	1
practised	1
practice	1
practically	1
pounding	1
pounded	1
poultry	1
posts	1
postal	1
posset	1
possesses	1
positive	1
portrait	1
portly	1
portion	1
porthos	1
portal	1
porsena	1
popular	1
popped	1
pony	1
ponsonby	1
pondered	1
pompeii	1
politics	1
politician	1
polite	1
policy	1
policeman	1
polar	1
poke	1
poison	1
pocks	1
pocahontas	1
plush	1
plus	1
ploughed	1
plots	1
plees	1
pleasantly	1
pleaded	1
plead	1
playful	1
plastering	1
planted	1
plain	1
pitch	1
pipes	1
pink	1
pingree	1
pigtails	1
piety	1
pierced	1
pickleums	1
pickle	1
pickin	1
physician	1
physically	1
phrases	1
phrase	1
philosophy	1
philological	1
philadelphia	1
phil	1
phenomenon	1
phenomenal	1
phase	1
phants	1
petticoats	1
pete	1
petals	1
persuade	1
persisted	1
persian	1
perpetuation	1
perpetrator	1
permitted	1
perks	1
perkins	1
peripatetics	1
performances	1
percy	1
perching	1
perch	1
percent	1
perceived	1
pepsin	1
pensions	1
penned	1
penknives	1
penful	1
penelope	1
pendennis	1
pence	1
penanced	1
peleus	1
peleg	1
peeved	1
peculiarity	1
peanuts	1
peacock	1
peace	1
paused	1
pause	1
patterns	1
pattern	1
patrol	1
patriotism	1
patriotic	1
patrick	1
patient	1
pathway	1
paths	1
paternal	1
paste	1
passports	1
passenger	1
partner	1
partly	1
particular	1
parted	1
parrots	1
parley	1
parkinson	1
paris	1
parent	1
paralysed	1
parallel	1
panther	1
pantalettes	1
pansy	1
pans	1
pandemonium	1
palos	1
pallid	1
pallas	1
paleozoic	1
painted	1
painkiller	1
pah	1
padlock	1
paddling	1
paddle	1
packer	1
packed	1
paces	1
p.m	1
oystery	1
owners	1
owes	1
oward	1
overtime	1
overpowering	1
overlooked	1
overjoyed	1
outrageous	1
outangs	1
ourselves	1
ours	1
ouida	1
oughta	1
otto	1
otherwise	1
osophy	1
oscar	1
orth	1
orn	1
orlando	1
origins	1
oriental	1
orderly	1
orang	1
opposite	1
opponent	1
opined	1
operator	1
operations	1
operation	1
ontology	1
omission	1
olympian	1
oldest	1
oily	1
offspring	1
officers	1
officer	1
offering	1
offence	1
odyssey	1
ode	1
occurs	1
occupy	1
occupation	1
occasional	1
obviously	1
obtained	1
obtain	1
observes	1
observers	1
observer	1
observation	1
obscurity	1
obscure	1
obnoxious	1
obliterated	1
objects	1
obituary	1
obadiah	1
oaths	1
o'shanter	1
o'brien	1
nynkums	1
nursing	1
nun	1
numbered	1
nuisances	1
noxious	1
november	1
novelists	1
nov	1
noun	1
notices	1
notes	1
notably	1
noses	1
northeast	1
normal	1
nora	1
noon	1
nondescript	1
nonchalant	1
noisy	1
noise	1
nohow	1
nodding	1
nobleman	1
ninny	1
nines	1
nights	1
nightmare	1
nightingale	1
nigel	1
nicks	1
nickleby	1
nick	1
nex	1
newspapers	1
nemo	1
nellie	1
nell	1
neighbour	1
negro	1
negotiation	1
negotiating	1
negligently	1
nefarious	1
needless	1
needed	1
necessity	1
neatly	1
navigator	1
naval	1
nautilus	1
natured	1
natty	1
natives	1
nathan	1
napoleon	1
na	1
mysteriously	1
mysterious	1
mutiny	1
mutineer	1
mussels	1
muskets	1
museums	1
muscle	1
mulhah	1
mower	1
movement	1
mouse	1
mournful	1
mounted	1
mountebank	1
mountains	1
mottoes	1
moti	1
mortal	1
morrer	1
morgue	1
moreau	1
morality	1
mops	1
mopping	1
moor	1
moons	1
monuments	1
monstrous	1
monster	1
monsieur	1
monotonous	1
monkeys	1
monday	1
mond	1
monarch	1
mome	1
molly	1
molasses	1
mob	1
moan	1
mittens	1
mist	1
misprints	1
misprint	1
misery	1
miseries	1
miserable	1
miser	1
mischief	1
miscellaneous	1
mirror	1
minus	1
minorca	1
miners	1
minded	1
mimsy	1
millionaire	1
mill/	1
milk	1
mike	1
mightily	1
middle	1
micah	1
mexican	1
metaphor	1
messenger	1
meshes	1
merry	1
merlin	1
mere	1
menagerie	1
memory	1
memoranda	1
member	1
melancholy	1
megatherium	1
medium	1
mecum	1
mechanically	1
mechanical	1
measurers	1
measurements	1
meaning	1
meagre	1
meaghan	1
maze	1
mayhew	1
mayhap	1
mayflower	1
maxim	1
materials	1
masts	1
martians	1
marquise	1
marlowe	1
markheim	1
marketmen	1
marked	1
mariner	1
marchioness	1
marblehead	1
marble	1
maps	1
manoeuvres	1
man-of-war	1
mammoth	1
malory	1
malkan	1
malignant	1
malarial	1
make-up	1
majority	1
major	1
maintain	1
mainly	1
maiden	1
maid	1
magic	1
maggie	1
madness	1
mad	1
mackerel	1
machinery	1
mace	1
mac	1
ma	1
lydia	1
lustres	1
lurid	1
luna	1
lugged	1
lucky	1
luckily	1
lt	1
lower	1
lowell	1
lovingly	1
lovesick	1
loveliest	1
loved	1
louis	1
lots	1
lorna	1
loring	1
lords	1
lor	1
loose	1
lookout	1
lookecl	1
longitude	1
longing	1
longfellow	1
longed	1
logue	1
loggers	1
lofty	1
locomotive	1
locked	1
lochinvar	1
local	1
loaned	1
lizzie	1
lizard	1
livestock	1
lives	1
liver	1
lively	1
liveliest	1
litre	1
literal	1
listening	1
listeners	1
listen	1
lions	1
lion	1
links	1
lingers	1
lingering	1
linesmen	1
lineal	1
lindsay	1
lily	1
lilliput	1
lilies	1
likely	1
lighted	1
lifted	1
lift	1
lies	1
licking	1
libra	1
liberal	1
lib'ry	1
liar	1
lewis	1
levelled	1
lettered	1
lesson	1
leonidas	1
leo	1
legs	1
leg	1
lectures	1
lectured	1
lecture	1
lech	1
lec	1
leboskey	1
lebos	1
leaving	1
leans	1
lead	1
lays	1
layers	1
lawyer	1
lawful	1
latin	1
lath	1
latest	1
lately	1
lasso	1
lass	1
lars	1
largest	1
largely	1
lanterns	1
lantern	1
lank	1
language	1
lane	1
land	1
lamp	1
lamia	1
lamented	1
lamentable	1
lament	1
lambeth	1
lambed	1
lambaste	1
lamb	1
laid	1
lago	1
ladyship	1
lace	1
koran	1
kock	1
knocked	1
knobs	1
knives	1
knees	1
knee	1
kittenish	1
kitten	1
kiss	1
kirby	1
kinship	1
kingfisher	1
kingdom	1
kinds	1
kibosh	1
khan	1
keys	1
key	1
kerosene	1
kerandos	1
kentucky	1
ken	1
kempenfelt	1
keats	1
katie	1
karenina	1
kaa	1
k	1
justly	1
justices	1
july	1
judging	1
judges	1
judged	1
jubjub	1
juan	1
jot	1
josselin	1
jolly	1
joke	1
joining	1
joined	1
join	1
johnson	1
jobiska	1
job	1
jl	1
jinn	1
jingle	1
jim	1
jerusalem	1
jerome	1
jerks	1
jekyll	1
jeffries	1
jeff	1
jean	1
jaws	1
jasper	1
jacobite	1
jackdaws	1
jabs	1
ives	1
ithaca	1
ith	1
items	1
ist	1
issuing	1
issue	1
iss	1
isles	1
irritating	1
irritable	1
irreverent	1
irons	1
iris	1
ireland	1
iranian	1
invitations	1
invita	1
investigations	1
investigating	1
investigate	1
invasion	1
invalidism	1
invalid	1
introduction	1
introduce	1
intoxicated	1
intolerably	1
intimates	1
intimate	1
interview	1
interval	1
interrupting	1
interposed	1
interior	1
intercourse	1
inter	1
intently	1
intent	1
intense	1
intend	1
intellectual	1
insulting	1
insulted	1
instructions	1
instructing	1
instinct	1
instant	1
instal	1
inspired	1
inspection	1
inspected	1
inspect	1
insisted	1
insinuating	1
inquiringly	1
innovation	1
inlet	1
injunction	1
infrequent	1
informed	1
inferiority	1
infant	1
infamous	1
induce	1
indo	1
individuals	1
indispensable	1
indignantly	1
indifferent	1
indifference	1
indicates	1
indians	1
indiana	1
indebted	1
increase	1
incorruptible	1
inconvenient	1
inconspicuous	1
inconsequent	1
incongruous	1
includes	1
incidentally	1
improving	1
improve	1
improper	1
impressed	1
impress	1
impostors	1
impostor	1
imported	1
importance	1
implying	1
implore	1
impervious	1
impelled	1
impatient	1
immediate	1
imagined	1
imagination	1
imaginary	1
im	1
illustrations	1
illustrating	1
illus	1
illumination	1
illuminated	1
illness	1
ignorance	1
ie	1
idol	1
idiotic	1
idiot	1
ichthyosaurus	1
iced	1
ibbetson	1
i'm	1
i'll	1
hymns	1
hut	1
hushed	1
humphry	1
humphrey	1
humouring	1
humorous	1
human	1
hullo	1
huh	1
hugh	1
hue	1
huckleberry	1
hubbub	1
howl	1
howard	1
hovers	1
housemaid	1
hound	1
hotly	1
hospital	1
horticultural	1
hortense	1
horrors	1
horrified	1
horrible	1
horace	1
hopped	1
hopelessly	1
hoopoo	1
hoop	1
hood	1
honeyed	1
homestead	1
homer	1
holy	1
holly	1
holidays	1
holes	1
holed	1
holds	1
hol	1
hoh	1
hoe	1
hodgson	1
hobby	1
hoarse	1
hitched	1
historically	1
hiss	1
hippopotamuses	1
hints	1
hint	1
hin	1
hilt	1
hillside	1
higgins	1
hides	1
hideous	1
hide	1
hibiscus	1
hiawatha	1
hesitated	1
hers	1
heroic	1
heroes	1
hereditary	1
herd	1
heralds	1
heraldry	1
henty	1
henderson	1
hence	1
hen	1
helplessly	1
helpless	1
helpful	1
helped	1
helmet	1
heliotropes	1
helena	1
helen	1
heir	1
heeled	1
heaving	1
heavens	1
heat	1
hearts	1
heaped	1
headgear	1
headache	1
he's	1
hawkins	1
hawk	1
havana	1
haunted	1
hattie	1
hated	1
hatchets	1
hasty	1
hastily	1
hastens	1
hasten	1
hashimura	1
harvard	1
harrowing	1
harmony	1
harmless	1
harder	1
hangs	1
hanging	1
hangars	1
hang	1
handsome	1
handicapped	1
handbreadth	1
hancock	1
hammered	1
hammer	1
halves	1
haliotis	1
halfway	1
halfback	1
halberd	1
haired	1
hags	1
haggling	1
haft	1
habits	1
gymkhana	1
guzzled	1
guyed	1
guj	1
guilty	1
guessed	1
guarantor	1
guarantee	1
guage	1
gryphon	1
grunt	1
grunewald	1
gruesome	1
grown	1
grow	1
grounds	1
groundless	1
groan	1
gritchfang	1
grip	1
grinding	1
grind	1
grin	1
grieved	1
grew	1
grenville	1
greenhow	1
greek	1
greece	1
gree	1
grebe	1
greater	1
graze	1
graw	1
gravel	1
grave	1
gratify	1
granted	1
grandmother	1
grandiflora	1
grandest	1
granddaughter	1
grammars	1
grammar	1
gracefully	1
gown	1
gower	1
goves	1
gotthold	1
gorgeous	1
gordian	1
goose	1
goods	1
goodness	1
godfrey	1
glyptodon	1
glue	1
glow	1
gloucester	1
gloomy	1
gloomier	1
gloater	1
glimmering	1
glass/	1
glancing	1
glamorganshire	1
gladly	1
glades	1
gives	1
gingerly	1
gimme	1
gilt	1
giggles	1
giggled	1
giggle	1
giganticus	1
gigantic	1
gias	1
giant	1
ghent	1
gerty	1
gerard	1
gerald	1
geometry	1
geographical	1
genial	1
genealogical	1
gem	1
gazing	1
gazes	1
gaze	1
gauged	1
gaudens	1
gar	1
gambling	1
gambler	1
gains	1
gag	1
gadzooks	1
future	1
furthermore	1
furriners	1
furniture	1
furiously	1
furioso	1
functory	1
fun	1
fumbled	1
fuglemann	1
fuddy	1
frozen	1
frost	1
frontispiece	1
frog	1
frock	1
fritterleys	1
friendly	1
frenchman	1
freeing	1
fraudulent	1
frauds	1
frances	1
france	1
fowls	1
fowl	1
fourteenth	1
foul	1
foster	1
fossils	1
fortunate	1
forthcoming	1
form	1
forks	1
forgotten	1
forgetting	1
foreigner	1
foreign	1
forcibly	1
forbidding	1
foozle	1
footprint	1
footleboro	1
footed	1
foolish	1
follows	1
followers	1
foggy	1
flypaper	1
flying	1
flounders	1
flounder	1
flood	1
flits	1
flippantly	1
flip	1
flintlock	1
flint	1
flights	1
fleet	1
fleas	1
flattened	1
flash	1
flames	1
flags	1
fits	1
fitness	1
firmly	1
firmer	1
firm	1
firing	1
firewood	1
firelight	1
fired	1
fined	1
finds	1
finding	1
financial	1
fills	1
filing	1
filed	1
figures	1
fifth	1
fields	1
fielding	1
fever	1
fetching	1
fertiliser	1
fertilised	1
fences	1
fellows	1
feels	1
feelings	1
feeling	1
feeding	1
feeble	1
feature	1
fearful	1
favourably	1
favourable	1
fattened	1
fascinations	1
fascinating	1
fanned	1
fancy	1
families	1
familiarity	1
fame	1
falsely	1
fallin	1
fakir	1
fakes	1
fairyland	1
fairfield	1
fadden	1
faculty	1
factory	1
facial	1
eyeglasses	1
eyed	1
extremely	1
extreme	1
extract	1
extinct	1
exterior	1
extent	1
extensively	1
extensive	1
extending	1
extended	1
extant	1
exquisite	1
expressions	1
expression	1
explosive	1
explosions	1
explorers	1
exploding	1
experimenting	1
experiment	1
experience	1
expensive	1
expended	1
expect	1
exist	1
exhibits	1
exhibit	1
exhausted	1
exerting	1
executioner	1
excuse	1
exclusively	1
exclusive	1
exclamation	1
exciting	1
excitedly	1
excited	1
exchange	1
excessively	1
exception	1
excep	1
excavated	1
excalibur	1
exasperation	1
exasperating	1
examiner	1
exactitude	1
ex	1
evremond	1
everywhere	1
everybody	1
eventually	1
evans	1
evangeline	1
eustacia	1
eus	1
europe	1
eternity	1
estimation	1
estimates	1
established	1
establish	1
essential	1
esq	1
especial	1
escaped	1
escape	1
errors	1
errand	1
ered	1
erect	1
equals	1
equal	1
epochs	1
epitaph	1
epistemological	1
epicurus	1
envenomed	1
envelopes	1
enuf	1
entry	1
entries	1
entrance	1
entirely	1
enthusiastic	1
entertainment	1
enterprise	1
entangling	1
ensued	1
enormously	1
enoch	1
enjoyed	1
engrossing	1
engravings	1
engraved	1
englishman	1
engines	1
engine	1
engage	1
energies	1
endeavours	1
encouraging	1
enable	1
en	1
employees	1
empire	1
empedocles	1
eminent	1
embarrassed	1
embarked	1
emaciated	1
em'ly	1
elysian	1
elsie	1
elope	1
eliza	1
elixir	1
eliot	1
elicited	1
elf	1
electrified	1
ele	1
elder	1
elbowing	1
elapsed	1
ejooley	1
eighth	1
efforts	1
effeminacy	1
effects	1
effectively	1
effective	1
editors	1
edinburgh	1
edible	1
eddie	1
echoed	1
eats	1
eastern	1
easily	1
earthly	1
earls	1
earl	1
eagle	1
eagerness	1
eagerly	1
eager	1
eaded	1
e	1
dyll	1
dying	1
dyed	1
dwelled	1
duty	1
dutifully	1
duties	1
dusty	1
dust	1
dunno	1
duncan	1
dummy	1
dummies	1
dug	1
dufunnie	1
duelling	1
dud	1
ducks	1
duckling	1
drugstore	1
drops	1
droplight	1
drool	1
driveway	1
driven	1
drivelling	1
dried	1
dressing	1
dress	1
dreamed	1
draws	1
drawer	1
draughty	1
dramatist	1
drakes	1
doyle	1
downstairs	1
doubles	1
dotty	1
dorian	1
doone	1
domestication	1
dolorous	1
dogs	1
dodge	1
divver	1
divine	1
divide	1
dive	1
district	1
distributed	1
distress	1
distractions	1
distracted	1
distinguish	1
distinctly	1
distinction	1
distant	1
dissolved	1
dissolution	1
dissect	1
disregarding	1
displayed	1
display	1
dispensing	1
disgusts	1
disgustingly	1
disgusting	1
disembodied	1
discussing	1
discourse	1
discouraging	1
discontented	1
discipline	1
discharging	1
disappointed	1
disagreeable	1
dirty	1
dirt	1
directory	1
direct	1
dipped	1
dinotherium	1
dingleberry	1
dilemma	1
dignity	1
dignified	1
die	1
didn	1
diddleback	1
diddle	1
dictum	1
dicky	1
dickens	1
dick	1
dicentra	1
dianthus	1
diana	1
diamonds	1
diamond	1
dial	1
di	1
dhu	1
dexterity	1
devote	1
development	1
deutsches	1
deuce	1
detour	1
detestable	1
detect	1
detained	1
detailed	1
detail	1
detachment	1
destined	1
despised	1
desired	1
desire	1
desirable	1
desirability	1
deserves	1
deserted	1
descriptive	1
descried	1
describes	1
descents	1
derogation	1
derivation	1
derisive	1
depths	1
depth	1
depositing	1
deposited	1
deposit	1
deportment	1
depended	1
departments	1
departing	1
depart	1
deny	1
denounced	1
denmark	1
den	1
demanding	1
demanded	1
demand	1
delusions	1
delphinium	1
delicate	1
delay	1
dejection	1
deigned	1
degeneracy	1
deftly	1
defoe	1
definite	1
defensive	1
declined	1
declare	1
decides	1
decade	1
debs	1
deaths	1
deathbed	1
dearest	1
deafened	1
deaf	1
deadly	1
davy	1
davis	1
dating	1
data	1
dashed	1
darts	1
darkness	1
darius	1
daresay	1
dared	1
danny	1
dangling	1
dancing	1
dances	1
danby	1
dan	1
damp	1
damozel	1
damned	1
damnable	1
damfool	1
dam	1
daily	1
daffy	1
d'urberville	1
cyrus	1
cyanide	1
cy	1
cutting	1
cutter	1
cutlery	1
customary	1
cussed	1
cuss	1
cursing	1
curses	1
curries	1
current	1
curls	1
curled	1
curiously	1
curfew	1
cup	1
culverins	1
cultivation	1
cudjo	1
ctesias	1
crying	1
crumbs	1
cruise	1
cruden	1
crows	1
crossways	1
crossbow	1
crom	1
croesus	1
crocuses	1
crocodiles	1
crockett	1
croaked	1
criticism	1
criticised	1
criticise	1
critic	1
crispin	1
crisis	1
cries	1
cried	1
cricketer	1
crew	1
creeping	1
creatures	1
crawling	1
crawley	1
craigie	1
cradles	1
cradle	1
cracks	1
crackers	1
cow	1
cove	1
cov	1
cousins	1
courtship	1
courteous	1
county	1
countess	1
counters	1
counterfeit	1
counter	1
countenance	1
couch	1
cosmogony	1
corrigan	1
correctness	1
cornell	1
corkscrew	1
corking	1
cords	1
coral	1
cora	1
copper	1
cooler	1
coo	1
convulsive	1
convocation	1
convinced	1
contrive	1
contributions	1
contribute	1
contrast	1
continuously	1
continue	1
contests	1
contested	1
contented	1
contempt	1
contemporary	1
constructed	1
constitutional	1
constant	1
constable	1
conspired	1
conspicuous	1
consisting	1
consisted	1
consist	1
consented	1
consecutive	1
conscientious	1
connived	1
connecticut	1
congratulations	1
congealed	1
confusion	1
confusing	1
confused	1
confinement	1
confined	1
confident	1
confessed	1
confess	1
conference	1
conducted	1
condor	1
condiments	1
condescension	1
condescended	1
condemnation	1
concordance	1
conclusions	1
conclusion	1
concerning	1
conception	1
concentrated	1
conceived	1
concealed	1
conan	1
con	1
comus	1
comprised	1
composition	1
compose	1
complicated	1
completeness	1
complained	1
complainants	1
compile	1
compared	1
compare	1
comparative	1
companions	1
communication	1
commotion	1
commonplace	1
common-sense	1
committed	1
commit	1
comments	1
comment	1
commenced	1
commemorated	1
command	1
comfort	1
cometh	1
comedy	1
combined	1
combination	1
column	1
colouring	1
coloured	1
collier	1
collie	1
collect	1
colleague	1
collateral	1
cohasset	1
coffey	1
coffee	1
coconut	1
cockalorum	1
coats	1
coast	1
co	1
clue	1
clubhouse	1
closin	1
closest	1
closed	1
close	1
clipping	1
clinker	1
clinch	1
climbed	1
climate	1
clid	1
clerically	1
clearly	1
cleared	1
claymores	1
classy	1
classification	1
classical	1
classes	1
clarke	1
claristicus	1
clansman	1
clanks	1
clank	1
clanging	1
clams	1
clam	1
claimed	1
clad	1
clack	1
city	1
circulating	1
circular	1
circuit	1
circe	1
cinching	1
chutney	1
chunk	1
chuckleheaded	1
chronicle	1
christmas	1
christian	1
chris'mas	1
chosen	1
chose	1
chorus	1
chortle	1
chooses	1
choose	1
choosday	1
choked	1
choir	1
choicest	1
chinese	1
chin	1
chimmie	1
chilly	1
chiefly	1
chewing	1
chewed	1
chevrial	1
cherubic	1
cher	1
cheerily	1
cheerful	1
cheeked	1
cheated	1
chauffeur	1
chasing	1
chased	1
charm	1
charlotte	1
charley	1
charity	1
characteristics	1
character	1
chap	1
chaos	1
chanted	1
chantecler	1
changing	1
changed	1
change	1
chandler	1
champagne	1
chamber	1
challenged	1
cerulean	1
certainty	1
century	1
centres	1
centimetres	1
cemetery	1
cawdor	1
caw	1
cavort	1
caved	1
caused	1
cattle	1
cats	1
caterpillar	1
cata	1
casually	1
castle	1
castaways	1
cast	1
casey	1
carver	1
cars	1
carroll	1
carol	1
carnivora	1
cargo	1
carey	1
careless	1
cardinal	1
carabas	1
capture	1
captains	1
captained	1
capt	1
capons	1
capital	1
cape	1
capable	1
canon	1
cannon	1
candy	1
candles	1
candlelight	1
canary	1
campanula	1
camp	1
calmly	1
calls	1
calling	1
caliph	1
california	1
calendar	1
calculated	1
calaveras	1
cake	1
caddie	1
cabins	1
butcher	1
bust	1
busily	1
bushes	1
bury	1
burning	1
burnett	1
burned	1
burial	1
burglars	1
bureau	1
bunting	1
bunthorne	1
bunted	1
bunker	1
bunches	1
bunch	1
bumppo	1
bullets	1
bullet	1
bull	1
build	1
bug	1
buffaloes	1
buffalo	1
bryan	1
brussels	1
bruised	1
brook	1
bronte	1
broil	1
broadswords	1
broadsword	1
broad	1
british	1
britannica	1
bristol	1
bristled	1
brilliantly	1
brigadier	1
brigade	1
brief	1
brick	1
brewster	1
breathed	1
breach	1
brattle	1
brassie	1
brass	1
brandy	1
brandishing	1
branded	1
brain	1
brady	1
br	1
bpoks	1
boylston	1
bows	1
bowling	1
bowing	1
bowie	1
bowery	1
bower	1
bottom	1
bosoms	1
boskey	1
borrowed	1
borogoves	1
boro	1
bored	1
booth	1
bootblack	1
bookshop	1
bookshelves	1
boobasts	1
bones	1
boiled	1
bogey	1
bodies	1
boathouse	1
blushed	1
blurred	1
bluffers	1
blubbering	1
blowing	1
blow	1
blooms	1
bloodstained	1
block	1
blinking	1
blink	1
blew	1
blessed	1
bless	1
blenkarn	1
bleacher	1
blasphemy	1
blandly	1
blandishments	1
bitter	1
bishops	1
birnam	1
birdshot	1
biplane	1
biographies	1
bindery	1
bimi	1
bill	1
bilkins	1
bide	1
bid	1
bibliomaniacs	1
bibliomaniac	1
bibliographers	1
bibber	1
betsy	1
betrayed	1
beseech	1
bertran	1
bertillon	1
bernard	1
bergerac	1
benny	1
benjamin	1
bengal	1
beneath	1
belongs	1
bells	1
bellow	1
belinda	1
believing	1
believes	1
belie	1
belfry	1
behold	1
behaviour	1
behaved	1
begins	1
bees	1
beds	1
bedroom	1
bede	1
bed/	1
beckoned	1
beck	1
beautifully	1
beatrix	1
beaten	1
beast	1
bears	1
beans	1
bazoo	1
batting	1
bath	1
bat	1
basketball	1
baskervilles	1
basement	1
baseball	1
barty	1
bart	1
barrel	1
barred	1
barrack	1
baron	1
barnaby	1
bargaining	1
barer	1
barbour	1
barbed	1
barbatus	1
banners	1
banging	1
banged	1
bang	1
bandersnatch	1
band	1
balzac	1
ballantrae	1
ballads	1
balladenbuch	1
ballade	1
ballad	1
balcony	1
balance	1
baker	1
baked	1
bait	1
bagheera	1
baffle	1
baedeker	1
badger	1
bade	1
baconian	1
backs	1
babby	1
b'gosh	1
awoke	1
awake	1
awaits	1
awaited	1
await	1
avoid	1
aviators	1
aviation	1
avail	1
automatic	1
authorities	1
authenticity	1
austerlitz	1
august	1
aug	1
auction	1
attributed	1
attract	1
attentively	1
attended	1
attend	1
attacks	1
attacked	1
atrocious	1
atmosphere	1
atlas	1
athletic	1
athenaeum	1
astonishment	1
astonished	1
astigmatism	1
assuring	1
assured	1
assure	1
associates	1
associate	1
assistance	1
assemble	1
assault	1
aspect	1
asleep	1
ashfords	1
ascribed	1
ascertain	1
ascents	1
ascension	1
ary	1
arts	1
artists	1
artillery	1
articulate	1
articles	1
arsenal	1
arrive	1
arrest	1
arranging	1
arrange	1
arouse	1
armoury	1
armed	1
arise	1
ariadne	1
argue	1
architecture	1
architectural	1
arabic	1
aquilegia	1
aquile	1
aquariums	1
apt	1
appy	1
approximately	1
approval	1
appreciated	1
applying	1
applied	1
appeals	1
appealed	1
apparatus	1
apes	1
anywhere	1
anybody	1
antiquities	1
anticipation	1
answering	1
annoyance	1
annoy	1
annotators	1
anna	1
ankles	1
animated	1
anh	1
angry	1
anger	1
angels	1
andes	1
anaemic	1
amusing	1
amused	1
amuse	1
amounts	1
amos	1
ammonia	1
amidst	1
amiable	1
amazing	1
aluminium	1
altitude	1
alphonse	1
alphabetical	1
aloud	1
aloft	1
almanac	1
allows	1
allow	1
alley	1
alleged	1
alight	1
algebra	1
alexandre	1
alexander	1
aleppo	1
alec	1
alden	1
alcohol	1
albatross	1
alarming	1
alarm	1
aix	1
aired	1
aim	1
agriculture	1
agree	1
agnes	1
agitation	1
agility	1
aghast	1
aggregation	1
afterwards	1
african	1
afloat	1
afflicted	1
affection	1
affair	1
aeolus	1
adviser	1
advertising	1
advance	1
ads	1
adores	1
adopted	1
admit	1
admirable	1
administered	1
addressed	1
additions	1
addition	1
addicted	1
adder	1
adam	1
actually	1
activities	1
action	1
acquainted	1
acquaintance	1
acid	1
accused	1
accumulated	1
accounts	1
accorded	1
accordance	1
accompanied	1
accessioned	1
accepted	1
accept	1
abyssinian	1
abuse	1
absolute	1
abruptly	1
abner	1
abhor	1
abdomen	1
abashed	1
abandoned	1
ab	1
^neas	1
^	1
>	1
7th	1
2d	1
..."	1
..	1
.",	1
.")	1
-	1
*	1
):	1
("	1
'?	1
',	1
'(	1
&	1
$4	1
!'"	1
!")	1
!!!	1
