,	2908
the	1988
.	1216
and	1115
of	1082
i	1011
a	813
to	719
in	606
;	495
it	408
was	387
as	360
that	359
"	356
with	349
my	324
but	293
me	280
her	256
for	252
not	240
had	235
he	233
she	226
which	207
at	195
on	194
from	193
his	188
you	183
all	152
is	145
one	143
could	137
be	137
this	132
by	132
they	124
."	121
were	118
or	118
if	118
when	109
some	107
into	106
like	101
its	100
there	96
so	96
little	93
more	90
him	89
no	88
an	85
!	85
have	81
said	80
seemed	78
—	77
through	76
what	75
now	75
then	73
them	73
great	71
:	69
would	68
saw	68
very	66
than	63
about	62
up	61
their	60
myself	59
?	59
yet	57
looked	57
see	56
light	56
face	56
only	55
room	54
out	54
here	54
found	52
will	51
been	51
over	50
any	50
where	49
upon	49
towards	49
never	49
do	49
night	48
however	48
before	48
are	48
other	47
eyes	47
again	47
went	46
look	46
lay	46
forest	46
though	45
stood	45
did	45
who	44
came	44
own	43
we	42
soon	42
after	42
shadow	41
day	41
woman	40
time	40
should	40
till	39
how	39
whole	38
way	38
such	38
long	38
tree	37
down	37
white	36
well	36
trees	36
still	36
rose	36
old	36
near	36
know	36
just	36
form	36
'	36
every	35
away	35
too	34
marble	34
first	34
even	34
come	34
around	34
without	33
these	33
man	33
cannot	33
back	33
*'	33
something	32
must	32
life	32
last	32
another	32
thought	31
nothing	31
hand	31
your	30
round	30
fairyland	30
strange	29
may	29
looking	29
half	29
began	29
part	28
left	28
indeed	28
far	28
|'s|	27
turned	27
once	27
might	27
many	27
find	27
although	27
sun	26
same	26
open	26
moon	26
heart	26
has	26
flowers	26
fairies	26
cosmo	26
much	25
mirror	25
lady	25
go	25
ever	25
moment	24
low	24
love	24
between	24
almost	24
|romannumeral|	23
wood	23
took	23
shall	23
knew	23
felt	23
end	23
dark	23
can	23
am	23
voice	22
those	22
stream	22
most	22
mind	22
himself	22
head	22
child	22
walked	21
sat	21
motion	21
length	21
leaves	21
kind	21
door	21
behind	21
while	20
thing	20
thee	20
rather	20
new	20
let	20
full	20
fairy	20
direction	20
above	20
?"	20
us	19
think	19
sea	19
say	19
make	19
itself	19
human	19
beneath	19
beauty	19
ash	19
words	18
woods	18
within	18
window	18
whether	18
two	18
sound	18
rest	18
fell	18
feeling	18
entered	18
cave	18
along	18
world	17
water	17
until	17
tell	17
sir	17
quite	17
path	17
house	17
further	17
enough	17
wild	16
suddenly	16
presence	16
place	16
morning	16
made	16
least	16
large	16
help	16
followed	16
evening	16
each	16
book	16
believe	16
whose	15
things	15
sometimes	15
side	15
read	15
men	15
lovely	15
hope	15
hands	15
good	15
globe	15
feet	15
crossed	15
clear	15
better	15
beautiful	15
arms	15
alone	15
thou	14
story	14
soul	14
silver	14
right	14
replied	14
power	14
passed	14
pale	14
off	14
nature	14
herself	14
fear	14
except	14
especially	14
delight	14
armour	14
vague	13
told	13
together	13
song	13
small	13
slept	13
object	13
mine	13
live	13
held	13
heard	13
hair	13
grew	13
flower	13
earth	13
drew	13
darkness	13
couch	13
cottage	13
common	13
close	13
being	13
awake	13
appeared	13
anything	13
always	13
twilight	12
take	12
sleep	12
shone	12
river	12
reflected	12
red	12
ran	12
put	12
poor	12
our	12
met	12
laugh	12
kept	12
hardly	12
ground	12
few	12
eye	12
everything	12
enter	12
creatures	12
blue	12
beside	12
beech	12
bed	12
became	12
arose	12
(	12
waters	11
use	11
under	11
turn	11
themselves	11
sweet	11
seen	11
returned	11
perhaps	11
palace	11
none	11
looks	11
increased	11
hour	11
ha	11
gazed	11
forms	11
follow	11
figure	11
faint	11
everywhere	11
either	11
course	11
country	11
coming	11
both	11
because	11
arrived	11
appearance	11
apparently	11
alabaster	11
air	11
account	11
wonder	10
whom	10
wall	10
unknown	10
table	10
somewhat	10
singing	10
sense	10
roof	10
reach	10
others	10
next	10
longing	10
lie	10
less	10
led	10
land	10
laid	10
joy	10
home	10
having	10
green	10
gone	10
give	10
flowed	10
floor	10
fixed	10
feel	10
distance	10
disappeared	10
dim	10
different	10
death	10
countenance	10
concluded	10
comer	10
change	10
call	10
built	10
boat	10
beyond	10
against	10
**	10
years	9
whence	9
walking	9
vol	9
thick	9
surface	9
space	9
sight	9
set	9
scarcely	9
rock	9
reading	9
perfect	9
partly	9
nearly	9
moving	9
mother	9
mighty	9
maiden	9
lamp	9
hue	9
high	9
hear	9
hall	9
grass	9
glass	9
garden	9
foot	9
fingers	9
fall	9
expression	9
desire	9
court	9
children	9
chamber	9
certain	9
carried	9
called	9
burst	9
building	9
black	9
bare	9
asked	9
able	9
|arabic1digit|	8
young	8
work	8
word	8
wondrous	8
women	8
withered	8
wind	8
why	8
waiting	8
vision	8
touch	8
tiny	8
thy	8
tears	8
stems	8
started	8
sprang	8
sounds	8
slowly	8
size	8
since	8
shoulder	8
several	8
seem	8
secret	8
removed	8
remained	8
reached	8
oh	8
need	8
nearer	8
mouth	8
lost	8
longer	8
lain	8
hill	8
golden	8
going	8
glowed	8
front	8
fresh	8
forth	8
filled	8
feared	8
father	8
fair	8
dream	8
does	8
describe	8
deep	8
daughter	8
besides	8
basin	8
asleep	8
altogether	8
ah	8
afterwards	8
across	8
*	8
weary	7
walls	7
various	7
vanished	7
usual	7
truth	7
true	7
tale	7
surprise	7
sunlight	7
summer	7
strong	7
steps	7
stars	7
speak	7
sorrow	7
sleeping	7
sky	7
signs	7
sides	7
shining	7
shadows	7
seeing	7
saying	7
sang	7
sad	7
reflection	7
rays	7
proceeded	7
primrose	7
point	7
pocket	7
pillars	7
past	7
passing	7
opposite	7
often	7
observed	7
notice	7
nor	7
neighbourhood	7
moved	7
moss	7
loveliness	7
leaf	7
laughter	7
knight	7
irresistible	7
interest	7
horror	7
gradually	7
gold	7
gloom	7
glimmering	7
get	7
food	7
flow	7
floated	7
finding	7
features	7
fact	7
expected	7
else	7
died	7
die	7
deeper	7
dare	7
cool	7
continued	7
comes	7
cloud	7
cause	7
cat	7
cast	7
brought	7
broken	7
branches	7
below	7
attempt	7
alder	7
)	7
'*	7
wide	6
west	6
warm	6
wanted	6
visible	6
tone	6
times	6
throughout	6
thoughts	6
talk	6
taking	6
tail	6
sure	6
sudden	6
spot	6
sparks	6
sought	6
somehow	6
smile	6
slightly	6
skeleton	6
silent	6
s	6
robe	6
revealed	6
return	6
remembered	6
rain	6
plainly	6
parts	6
pain	6
ogre	6
noon	6
neck	6
music	6
moonlight	6
midst	6
meet	6
living	6
kiss	6
j	6
inward	6
imagination	6
ill	6
horse	6
heavy	6
heads	6
hard	6
happy	6
got	6
given	6
girl	6
gently	6
furniture	6
free	6
frame	6
formed	6
fancy	6
fallen	6
faintly	6
evil	6
ere	6
edge	6
discovered	6
demon	6
delicate	6
degree	6
dead	6
days	6
danger	6
cut	6
curious	6
crowded	6
creature	6
corner	6
conscious	6
company	6
cold	6
closed	6
caused	6
burning	6
bright	6
books	6
birds	6
awoke	6
aware	6
art	6
approach	6
anxious	6
answer	6
amongst	6
already	6
adventures	6
yea	5
withdrawn	5
whither	5
wherein	5
weariness	5
ways	5
waves	5
watched	5
wandering	5
wandered	5
volume	5
vain	5
used	5
unusual	5
twenty	5
turning	5
trying	5
trust	5
tried	5
travelled	5
top	5
tonight	5
thus	5
threw	5
therefore	5
terror	5
tastes	5
tall	5
taken	5
swept	5
surely	5
suppose	5
sunrise	5
suffering	5
step	5
spring	5
spirit	5
spent	5
sort	5
sooner	5
slight	5
sinking	5
single	5
silence	5
shuddered	5
shape	5
shame	5
served	5
senses	5
second	5
save	5
sank	5
roots	5
rocky	5
rocks	5
rivulet	5
ray	5
quiet	5
present	5
position	5
poem	5
pleasure	5
people	5
passage	5
pass	5
parted	5
outer	5
otherwise	5
opening	5
opened	5
odours	5
oak	5
numberless	5
necessary	5
mingled	5
middle	5
memory	5
meeting	5
meant	5
means	5
meaning	5
lying	5
likewise	5
lighted	5
lifted	5
lead	5
known	5
knowing	5
knife	5
kinds	5
keeping	5
inhabitants	5
impulse	5
impression	5
hung	5
hours	5
hostess	5
horrible	5
hollow	5
hold	5
height	5
heels	5
hast	5
grown	5
glow	5
glorious	5
glided	5
giving	5
galleries	5
frequently	5
fountain	5
foolish	5
fire	5
fellow	5
fast	5
farmer	5
empty	5
effect	5
eastward	5
dull	5
dressed	5
dreams	5
done	5
doing	5
dislike	5
definite	5
deepest	5
curtains	5
conversation	5
consciousness	5
companion	5
coloured	5
colour	5
closet	5
care	5
buried	5
branch	5
brain	5
boy	5
borders	5
body	5
blow	5
bird	5
beings	5
behold	5
banks	5
awful	5
approached	5
added	5
youth	4
yourself	4
year	4
worse	4
wondering	4
wish	4
windows	4
whenever	4
whatever	4
washed	4
want	4
walk	4
three	4
third	4
thinking	4
talking	4
talked	4
tales	4
sword	4
sweetest	4
swam	4
supported	4
sufficiently	4
students	4
struck	4
strangely	4
stones	4
stone	4
stepped	4
stem	4
state	4
spoke	4
spite	4
somewhere	4
slumber	4
simply	4
simple	4
sigh	4
shrouded	4
showed	4
shot	4
shine	4
setting	4
sent	4
seeming	4
secretary	4
seated	4
rushed	4
running	4
run	4
roused	4
rough	4
rosy	4
returning	4
resolved	4
representation	4
relation	4
regard	4
refreshed	4
recalled	4
recall	4
realm	4
rapidly	4
questions	4
queen	4
produced	4
possible	4
portion	4
pleasures	4
phantastes	4
person	4
peculiar	4
paved	4
outstretched	4
ordinary	4
old-fashioned	4
offered	4
observe	4
o	4
notwithstanding	4
noble	4
name	4
mysterious	4
move	4
moulded	4
mossy	4
money	4
moments	4
makes	4
luminous	4
lovelier	4
lo	4
lived	4
lights	4
lift	4
library	4
leaving	4
leaned	4
lands	4
joined	4
intensity	4
instead	4
immediately	4
idea	4
hurt	4
hoped	4
history	4
hidden	4
hearth	4
hearing	4
hastened	4
haste	4
harmony	4
guide	4
growing	4
group	4
gorgeous	4
glowworm	4
glory	4
gloomy	4
gentle	4
gaze	4
gathered	4
fun	4
former	4
following	4
foliage	4
flame	4
finished	4
feeble	4
faces	4
equally	4
entirely	4
entering	4
eaten	4
eat	4
easily	4
during	4
dreadful	4
discover	4
discern	4
directions	4
directed	4
der	4
depth	4
deal	4
covered	4
content	4
constantly	4
condition	4
complete	4
compelled	4
clothed	4
chiefly	4
chair	4
central	4
caught	4
carefully	4
bush	4
broke	4
broad	4
boughs	4
bottom	4
blackness	4
bewildered	4
best	4
bent	4
bad	4
attracted	4
ate	4
arrival	4
arm	4
appearances	4
appear	4
apart	4
amidst	4
alas	4
afternoon	4
act	4
accompanied	4
»	3
|arabic3digit|	3
|arabic2digit|	3
y	3
wrought	3
wonderful	3
wondered	3
winter	3
wine	3
winding	3
willingly	3
weight	3
wear	3
wave	3
warning	3
wander	3
wake	3
waited	3
waist	3
von	3
varied	3
vapour	3
vaguest	3
utterly	3
uttered	3
utter	3
useless	3
upwards	3
upper	3
uplifted	3
unseen	3
university	3
universe	3
undisturbed	3
understand	3
unable	3
twice	3
try	3
troubled	3
trembling	3
travel	3
touched	3
torrent	3
tis	3
tired	3
threshold	3
tes	3
teeth	3
sweep	3
sward	3
surrounding	3
supper	3
sunny	3
substance	3
stunned	3
student	3
stretched	3
streets	3
streams	3
storm	3
stooping	3
stillness	3
steep	3
stay	3
statue	3
stately	3
standing	3
stairs	3
squire	3
spread	3
splendour	3
spiritual	3
spend	3
sped	3
source	3
sounded	3
songs	3
son	3
soft	3
snowdrop	3
smooth	3
slow	3
sleeps	3
six	3
sing	3
shroud	3
shows	3
show	3
shapes	3
shadowy	3
shades	3
shade	3
sensible	3
self	3
seemingly	3
seeking	3
sculptor	3
scent	3
satisfied	3
safety	3
sadness	3
rude	3
roses	3
rocket	3
rivers	3
rising	3
riding	3
rid	3
rich	3
revealing	3
retreated	3
repose	3
reply	3
rejoined	3
regions	3
region	3
reflex	3
received	3
receded	3
reason	3
ready	3
reaching	3
question	3
pussy	3
property	3
principally	3
prey	3
presume	3
presented	3
possess	3
porphyry	3
polished	3
poet	3
pliant	3
plenty	3
please	3
pleasant	3
plants	3
pity	3
pieces	3
piece	3
picture	3
percivale	3
percival	3
pause	3
passion	3
paradise	3
ours	3
ought	3
offer	3
ocean	3
noticed	3
noiseless	3
noise	3
necessity	3
nay	3
naughty	3
natural	3
narrow	3
musical	3
mouse	3
motionless	3
moonshine	3
mode	3
minute	3
mingling	3
miles	3
mere	3
mention	3
memories	3
matter	3
material	3
manners	3
making	3
luxurious	3
loved	3
longed	3
lofty	3
lodging	3
lips	3
lilies	3
lest	3
leave	3
lawn	3
law	3
latter	3
knows	3
knocked	3
kissed	3
kindly	3
kill	3
key	3
ivy	3
involuntarily	3
invisible	3
intervals	3
intense	3
insect	3
inner	3
inhabit	3
ing	3
individual	3
imagined	3
hurried	3
household	3
honour	3
hollowed	3
holding	3
hitherto	3
higher	3
hideous	3
heat	3
hath	3
harmonious	3
happened	3
hammock	3
gush	3
guard	3
grow	3
groups	3
grotesque	3
grimaces	3
grey	3
goblin	3
glowworms	3
gliding	3
glad	3
ghostly	3
ghastly	3
gave	3
gathering	3
gather	3
galahad	3
fro	3
fretted	3
fountains	3
forward	3
foe	3
fight	3
favourite	3
farewell	3
fared	3
fare	3
fancied	3
examine	3
evidently	3
escape	3
er	3
enchantress	3
emerged	3
duty	3
dust	3
drops	3
drooping	3
dreaming	3
drawing	3
drawers	3
doubt	3
doors	3
dismay	3
disappear	3
designed	3
desert	3
described	3
descended	3
depths	3
departed	3
dense	3
delicious	3
degrees	3
defined	3
deepening	3
dawn	3
darker	3
dares	3
daisies	3
curiosity	3
cupboard	3
cried	3
crest	3
cover	3
couple	3
corridor	3
correct	3
constant	3
considered	3
conjecture	3
confined	3
comforting	3
comforted	3
comfort	3
column	3
colours	3
clouds	3
closely	3
clearly	3
clearing	3
chose	3
choose	3
chief	3
chestnut	3
cheek	3
character	3
cataract	3
carry	3
carpet	3
careless	3
busy	3
breakfast	3
bosom	3
born	3
bore	3
bold	3
block	3
blind	3
bite	3
believed	3
beheld	3
befallen	3
beetles	3
battle-axe	3
bath	3
bark	3
bank	3
avoid	3
attraction	3
attitude	3
attention	3
attendant	3
aside	3
ascent	3
apparition	3
anodos	3
angles	3
ancient	3
among	3
amid	3
also	3
aloud	3
allow	3
alive	3
afraid	3
advanced	3
admitted	3
actual	3
acquaintance	3
abroad	3
),	3
!"	3
•*	2
•'	2
{	2
yn	2
yielded	2
yesterday	2
yes	2
worthy	2
worst	2
wonderfully	2
woke	2
withouten	2
withdrew	2
wishing	2
wise	2
wings	2
wife	2
width	2
wicked	2
whiteness	2
wherever	2
welcome	2
wehrstahl	2
web	2
weather	2
wearing	2
weapons	2
watching	2
watch	2
waste	2
washing	2
warned	2
wanderings	2
vmtil	2
village	2
ver	2
veiled	2
veil	2
vegetables	2
variety	2
vainly	2
vaguely	2
vacantly	2
utterance	2
urged	2
uninjured	2
unfinished	2
unexpected	2
undulating	2
underwood	2
und	2
uncovered	2
unchanging	2
unbidden	2
twisted	2
twined	2
twigs	2
trouble	2
tress	2
treat	2
treasure	2
travels	2
transparency	2
track	2
traced	2
trace	2
toys	2
towering	2
torrents	2
tones	2
tomb	2
tliat	2
tinge	2
tied	2
tie	2
thyself	2
thrown	2
throwing	2
throw	2
throbbed	2
thorns	2
thither	2
thickness	2
thicket	2
therein	2
thanks	2
thank	2
terrace	2
tempests	2
tempest	2
temperament	2
tearing	2
tear	2
tame	2
swung	2
swollen	2
swelled	2
surrounded	2
surprised	2
sunshine	2
sufficed	2
suffered	2
successive	2
subjects	2
subject	2
study	2
studies	2
strom	2
striving	2
strike	2
street	2
streak	2
strain	2
stopped	2
stooped	2
steel	2
star	2
stalk	2
squirrels	2
spurs	2
springing	2
splendid	2
spirits	2
speech	2
spears	2
speaking	2
sparkling	2
spangled	2
sorts	2
sorry	2
solution	2
solid	2
solemnity	2
snowy	2
snow	2
snails	2
smote	2
slope	2
slipped	2
sitting	2
sister	2
silk	2
sign	2
sighed	2
sideways	2
sick	2
shut	2
shudder	2
shower	2
shore	2
shop	2
shoot	2
shook	2
shiver	2
shelves	2
shelter	2
shells	2
share	2
shaped	2
seven	2
separate	2
sensation	2
send	2
seine	2
seest	2
seems	2
seat	2
seasons	2
search	2
scattered	2
scared	2
says	2
satisfy	2
satisfaction	2
safe	2
rusty	2
ruddy	2
rode	2
rises	2
risen	2
richer	2
rhyme	2
revived	2
reverence	2
retreat	2
restless	2
rested	2
respect	2
resemblance	2
repugnance	2
repetition	2
repeatedly	2
reminded	2
remembering	2
remember	2
remarked	2
remarkable	2
remark	2
remains	2
relieved	2
relief	2
relaxed	2
regarded	2
reflecting	2
reedy	2
recognise	2
really	2
reaction	2
rave	2
raised	2
radiant	2
race	2
rabbit	2
questioning	2
quarters	2
pygmalion	2
pushed	2
pursuing	2
purposes	2
purpose	2
purple	2
purest	2
pure	2
purchase	2
pulling	2
pulled	2
pull	2
proud	2
probably	2
pride	2
price	2
pretty	2
pressed	2
preferred	2
preceding	2
prague	2
practical	2
possibility	2
possessed	2
pondering	2
pompous	2
plunged	2
plentiful	2
play	2
platform	2
planted	2
places	2
placed	2
pink	2
pillar	2
pi	2
petrified	2
pet	2
personal	2
perplexity	2
perceive	2
peeping	2
peeped	2
pedestal	2
peace	2
passive	2
party	2
papers	2
painful	2
page	2
owner	2
owing	2
overwhelmed	2
overtake	2
overgrown	2
overflowed	2
overcome	2
outline	2
ou	2
ordered	2
operated	2
occupied	2
occasion	2
obscurity	2
oblivion	2
objects	2
nuts	2
notion	2
nights	2
nie	2
nevertheless	2
neither	2
neighbouring	2
neglect	2
needed	2
necessities	2
necessaries	2
naturally	2
mystery	2
muttered	2
morn	2
moonbeams	2
moods	2
moan	2
mistake	2
mischief	2
mirrors	2
milk	2
midsummer	2
mice	2
melody	2
meantime	2
meal	2
master	2
massiveness	2
manner	2
manifested	2
manifestation	2
manage	2
magic	2
m	2
loving	2
loves	2
lover	2
lose	2
loose	2
loathing	2
listlessly	2
listening	2
linger	2
limit	2
limbs	2
likely	2
lifting	2
level	2
letters	2
learned	2
learn	2
leaning	2
later	2
larger	2
language	2
landscape	2
labour	2
knights	2
kisses	2
keep	2
k	2
journeys	2
jewels	2
ist	2
issued	2
inwrapt	2
invaded	2
interior	2
intended	2
instruments	2
instantly	2
instances	2
innocent	2
infinite	2
indwelling	2
indistinct	2
indicate	2
index	2
images	2
ideal	2
hurriedly	2
humour	2
humble	2
houses	2
hot	2
horizon	2
hopeless	2
hole	2
hither	2
histories	2
hiding	2
hid	2
heedless	2
heeded	2
heed	2
heavens	2
heaven	2
heaved	2
heartily	2
haunted	2
hateful	2
happiness	2
handsome	2
handle	2
h	2
guess	2
grows	2
grief	2
greeting	2
greatest	2
greater	2
grassy	2
grasses	2
grant	2
grandmothers	2
grandmother	2
gracious	2
grace	2
gnawing	2
glorify	2
glide	2
gleamed	2
glade	2
gives	2
girdle	2
gifted	2
gazing	2
gates	2
gait	2
gain	2
furthest	2
fruits	2
frozen	2
fright	2
friend	2
freed	2
four	2
forgot	2
forests	2
forehead	2
forced	2
force	2
footpath	2
folds	2
flowing	2
float	2
flight	2
flashes	2
flashed	2
flash	2
fix	2
fit	2
fires	2
finger	2
figures	2
fields	2
field	2
fed	2
fearful	2
fascinated	2
family	2
false	2
falling	2
faintest	2
faiiy	2
fabric	2
eyelids	2
extreme	2
extensive	2
extension	2
extend	2
exquisite	2
expressed	2
express	2
explanation	2
experience	2
expelled	2
expect	2
existed	2
exercise	2
excitement	2
everyday	2
events	2
evenings	2
eveiy	2
eve	2
escaped	2
equal	2
environment	2
entrance	2
enemy	2
endured	2
ended	2
enchanted	2
elevation	2
ein	2
effort	2
education	2
eastern	2
earthy	2
ears	2
earnestly	2
early	2
earlier	2
eagerly	2
dwelling	2
dwell	2
dusk	2
dumb	2
drunk	2
drowned	2
dress	2
dreary	2
dreamless	2
dreaded	2
drawn	2
drawer	2
drank	2
downwards	2
downward	2
doubtless	2
doth	2
dog	2
dived	2
distress	2
distinguish	2
distinctly	2
distant	2
disenchant	2
discovery	2
discovering	2
discomfort	2
disclosed	2
discernible	2
disappointment	2
diminished	2
differing	2
differently	2
diamond	2
determine	2
desk	2
desired	2
design	2
descend	2
delivered	2
delayed	2
defended	2
defend	2
deepened	2
decay	2
dear	2
de	2
daytime	2
daughters	2
dashed	2
dame	2
dale	2
daisy	2
cypress	2
cutting	2
cured	2
cups	2
crying	2
cry	2
crowns	2
cross	2
crept	2
creeping	2
crashing	2
courage	2
costly	2
corners	2
convince	2
conviction	2
convey	2
contributed	2
continuous	2
contemplated	2
connected	2
confusion	2
confident	2
conducted	2
condensed	2
conclusion	2
composure	2
composed	2
companions	2
communicating	2
comers	2
coffin	2
clung	2
clothes	2
closer	2
cling	2
clean	2
claws	2
circumstances	2
church	2
chosen	2
choice	2
chimney	2
charmed	2
channel	2
changes	2
changed	2
certainly	2
ceasing	2
ceased	2
caves	2
castle	2
carving	2
carver	2
carpets	2
careful	2
capable	2
bygone	2
bushes	2
bursting	2
buildings	2
brown	2
brim	2
brilliant	2
brighter	2
bride	2
breeze	2
breath	2
breaking	2
break	2
bowed	2
bom	2
boats	2
blows	2
blood	2
blessing	2
blessedness	2
blazing	2
blaze	2
blades	2
bitterly	2
bit	2
bewilderment	2
beware	2
betake	2
bend	2
belonged	2
bell	2
believes	2
belief	2
begun	2
beginning	2
become	2
beating	2
beat	2
bathed	2
bat	2
banish	2
ballad	2
balconies	2
backwards	2
baby	2
axe	2
awakened	2
awaited	2
autumn	2
authority	2
astonishment	2
assertion	2
assailed	2
ask	2
ashore	2
ashamed	2
articles	2
arrangement	2
arisen	2
argued	2
arched	2
arch	2
apprehension	2
appearing	2
apparatus	2
anxiously	2
anxiety	2
anon	2
animal	2
anew	2
amusing	2
amuse	2
alteration	2
alley	2
adventure	2
adorning	2
admit	2
adding	2
add	2
acute	2
ace	2
according	2
absorbing	2
.'	2
)'	2
■	1
•waves	1
•'what	1
•'in	1
•	1
}',	1
}	1
|arabic4digit|	1
zone	1
zenith	1
zauberring	1
yours	1
you've	1
yoix	1
yields	1
yielding	1
yett	1
yards	1
yard	1
xt	1
wry	1
written	1
writing	1
write	1
wrist	1
wrinkles	1
wrapped	1
woven	1
worth	1
worship	1
worn	1
worms	1
worm	1
works	1
worked	1
wore	1
wordsworth	1
woodland	1
wooden	1
wont	1
wondrousness	1
wondrously	1
wonderment	1
won	1
woims	1
woe	1
wo	1
wnth	1
wliich	1
wj'nterys	1
witnesses	1
witnessed	1
withal	1
wishes	1
wished	1
wisdom	1
wipes	1
wiped	1
wing	1
winds	1
wilt	1
wildly	1
wilderness	1
wilder	1
wiinsche	1
wider	1
whyt	1
whitest	1
whispering	1
whispered	1
whisper	1
whereupon	1
whereof	1
whereby	1
whereas	1
whenas	1
westward	1
western	1
wept	1
wenn	1
wells	1
welling	1
wellen	1
ween	1
week	1
wedding	1
weaving	1
weave	1
wearisome	1
wearily	1
wearied	1
wearer	1
wavy	1
wavering	1
waver	1
waved	1
watery	1
watered	1
watchtower	1
watches	1
wash	1
warmly	1
warlike	1
war	1
wants	1
waniings	1
wanderers	1
wan	1
walker	1
wailing	1
wafts	1
wafer	1
wading	1
wade	1
vul	1
voracity	1
void	1
voiceless	1
vmderstood	1
vmder	1
viving	1
vividness	1
vista	1
visited	1
visit	1
visibility	1
virtuoso	1
violence	1
villagers	1
vijl	1
vigorous	1
view	1
vibratory	1
vibrates	1
vibrated	1
vibrate	1
vestments	1
verse	1
veritable	1
verging	1
verdure	1
verdict	1
ventured	1
venture	1
vein	1
veiling	1
vegetation	1
vaulted	1
vault	1
vas	1
variations	1
variable	1
vanities	1
vanishes	1
vampires	1
valet	1
vale	1
vagaries	1
vacant	1
utensils	1
usurp	1
uses	1
upshot	1
uplifting	1
upholding	1
uphold	1
unworthy	1
unwilling	1
unwieldy	1
unutterable	1
untwine	1
unto	1
unsuccessful	1
unspeakable	1
unsought	1
uns	1
unresting	1
unreflectingly	1
unquietly	1
unpleasing	1
unmistakeable	1
unlike	1
unkind	1
universal	1
unite	1
unhappy	1
unfold	1
unfathomable	1
unfastened	1
unfair	1
unexcused	1
unendurably	1
unendurable	1
unemployed	1
uneath	1
undressed	1
undivided	1
undiminished	1
undeveloped	1
undetermined	1
understanding	1
undermined	1
underground	1
undefined	1
undefinable	1
uncurled	1
uncontrollable	1
uncongenial	1
uncommonly	1
uncomfortable	1
uncle	1
uncertainty	1
uncertain	1
unbroken	1
unbounded	1
unbelievable	1
unannounced	1
unambitious	1
unaccountably	1
unaccountable	1
un	1
ugliness	1
u	1
t£s	1
twixt	1
twig	1
twentieth	1
twain	1
turret	1
turf	1
tumult	1
tufts	1
tuft	1
tube	1
truths	1
trunks	1
truly	1
truer	1
trough	1
troublous	1
trod	1
trios	1
tries	1
tribe	1
trembled	1
tremble	1
treatment	1
treadeth	1
travelling	1
travellers	1
traveller	1
trappings	1
transparent	1
translate	1
transfonnation	1
transcended	1
trans	1
tranced	1
trance	1
traitorous	1
trae	1
traces	1
town	1
tower	1
torn	1
torment	1
tops	1
topography	1
toothed	1
tools	1
tool	1
tomorrow	1
toiling	1
toilet	1
today	1
tlnough	1
tke	1
tiy	1
title	1
tip	1
tinged	1
tidy	1
tide	1
tiber	1
thunder	1
thumb	1
thrill	1
thranen	1
thousand	1
thistles	1
thirty	1
thirsting	1
thinning	1
thinks	1
thine	1
thin	1
thigh	1
thickets	1
thereof	1
theory	1
thence	1
theils	1
theil	1
thanked	1
testifying	1
terribly	1
terrible	1
termination	1
tendril	1
tempering	1
tempered	1
temper	1
telling	1
teems	1
teeming	1
tease	1
tearful	1
tavvny	1
taste	1
tarnishing	1
tarnish	1
tapers	1
tangibly	1
takes	1
tables	1
ta	1
t	1
sympathetic	1
swordsman	1
swing	1
swimming	1
swill	1
swiftness	1
swell	1
sweetness	1
sweetly	1
sweeter	1
sweeps	1
sweepmg	1
sweeping	1
swaying	1
swayed	1
swallow	1
suspicions	1
suspected	1
surprising	1
surmises	1
supposed	1
supporting	1
support	1
supplied	1
supervened	1
superiority	1
superb	1
sunset	1
sunk	1
sung	1
sundown	1
sunbeams	1
sumptuous	1
summon	1
sum	1
sulkily	1
suit	1
suggesting	1
suggested	1
sufficient	1
suddenness	1
succession	1
successful	1
success	1
succeeding	1
succeeded	1
succeed	1
substituted	1
subsiding	1
subordinate	1
su^to^f	1
stunted	1
stung	1
stuffed	1
stroyed	1
strokes	1
stroked	1
string	1
striking	1
stretches	1
strength	1
streamlet	1
streamed	1
streaks	1
stre\\m	1
strayed	1
stray	1
straw	1
strata	1
strangest	1
stranger	1
strangeness	1
straightway	1
stormy	1
storms	1
store	1
stony	1
stolen	1
stole	1
stock	1
stir	1
stilled	1
stifling	1
steed	1
stealing	1
steady	1
steadfastly	1
stayed	1
statuette	1
states	1
startling	1
startle	1
starting	1
start	1
starry	1
stares	1
stands	1
stamping	1
stained	1
stain	1
staid	1
stage	1
square	1
spy	1
sprites	1
springeth	1
spouted	1
spots	1
sport	1
spoon	1
spontaneously	1
spoiled	1
splendidly	1
spiritless	1
spires	1
spire	1
spi	1
sphere	1
spell	1
speedy	1
speedwell	1
speed	1
speechless	1
speculations	1
speculation	1
spectre	1
speck	1
speaker	1
spark	1
southwesterly	1
southwards	1
southward	1
southerly	1
soundless	1
souls	1
sorrows	1
sorrowful	1
sorrowed	1
sorest	1
soothed	1
somnambulist	1
solve	1
solitudes	1
solitude	1
solemnly	1
solemnities	1
solemn	1
soldier	1
sold	1
solace	1
soil	1
snowstorm	1
snows	1
sneweth	1
sneer	1
snakes	1
snake	1
smother	1
smoke	1
smirched	1
smiling	1
smiled	1
smarting	1
smaller	1
slumbrous	1
sloped	1
sloop	1
slipping	1
slimbbery	1
slightest	1
slie	1
slides	1
slide	1
slid	1
slender	1
slap	1
slaine	1
slain	1
skull	1
skin	1
skill	1
skies	1
sjtnpathy	1
sixth	1
sink	1
singularly	1
singular	1
singer	1
simultaneous	1
simplicity	1
simplest	1
similar	1
silvery	1
silly	1
silky	1
silken	1
silently	1
signals	1
sights	1
sighing	1
siehst	1
sich	1
sibly	1
shutting	1
shun	1
shrunk	1
shrubs	1
shrivelled	1
shrine	1
showing	1
shouting	1
shout	1
shorter	1
shortening	1
shoidd	1
shnibbery	1
shimmer	1
sheltered	1
shelley	1
sheen	1
she'll	1
shallow	1
shaking	1
shady	1
shadoaay	1
settled	1
settle	1
serving	1
service	1
serious	1
sepulchre	1
sepulchral	1
separation	1
sententious	1
senseless	1
sensations	1
sending	1
semi	1
seller	1
selfish	1
seldom	1
seizing	1
seized	1
seize	1
sees	1
seek	1
secured	1
seconds	1
seaweeds	1
season	1
seas	1
seamed	1
sculptors	1
screens	1
screened	1
screaming	1
scratching	1
scratched	1
scratch	1
scrambled	1
scorn	1
scorched	1
sche	1
scented	1
scarce	1
scampered	1
scale	1
sayes	1
sauntering	1
satisfactory	1
sated	1
sand	1
sallow	1
sake	1
sail	1
sah	1
sacrilege	1
rust	1
rush	1
runs	1
runner	1
rule	1
rudeness	1
rows	1
row	1
rove	1
rounded	1
rotundity	1
rosty	1
roseate	1
root	1
romance	1
rolled	1
roimd	1
rocking	1
robed	1
road	1
risk	1
rise	1
rippling	1
ripples	1
ripened	1
ring	1
rigid	1
rights	1
rief	1
ridiculous	1
ribbon	1
ri	1
rh>i	1
reviving	1
revive	1
reveries	1
reverie	1
revelation	1
reveals	1
reveal	1
reveahng	1
retrieving	1
retorted	1
retain	1
resurrection	1
result	1
restored	1
resting	1
respectfully	1
resolving	1
resistance	1
residue	1
residence	1
resembling	1
resembled	1
resemble	1
researches	1
rescues	1
requested	1
repressedly	1
represents	1
representing	1
represent	1
reposing	1
report	1
replace	1
repetitions	1
repentant	1
repent	1
rendered	1
rencountered	1
removing	1
remove	1
remote	1
reminds	1
reminding	1
remembrance	1
remarks	1
remain	1
reluctant	1
relaxation	1
relationship	1
relations	1
relate	1
rejoicing	1
rejoices	1
rejoiced	1
rejoice	1
reject	1
reined	1
regular	1
regretting	1
regnen	1
regards	1
regain	1
refuse	1
refulgent	1
refreshment	1
reflections	1
reference	1
reduced	1
reddish	1
redder	1
recurring	1
recrossed	1
recovering	1
recovered	1
recover	1
recounted	1
records	1
recorded	1
recommended	1
recollecting	1
recollect	1
recognising	1
recognised	1
reckoned	1
recesses	1
recess	1
receive	1
reasoning	1
reality	1
realise	1
readily	1
readers	1
re	1
rcpresentest	1
rate	1
rash	1
rare	1
rapturous	1
rapt	1
raost	1
rank	1
ranging	1
ranged	1
rang	1
ralph	1
raising	1
rainy	1
rainbow	1
raillery	1
radiation	1
radiance	1
rabbits	1
r	1
quivered	1
quietly	1
quickly	1
quickening	1
quick	1
questionable	1
quest	1
quarrel	1
q	1
push	1
pursuer	1
pursued	1
pursue	1
purse	1
purposeless	1
purport	1
purity	1
pulsatory	1
proximity	1
provoked	1
proved	1
protuberances	1
protection	1
protect	1
prospect	1
prosecute	1
propositions	1
proposal	1
proportioned	1
prophecy	1
propelling	1
promised	1
promise	1
projection	1
projecting	1
project	1
prohibition	1
progress	1
profound	1
production	1
produce	1
processions	1
procession	1
process	1
proceeding	1
proceed	1
prize	1
privilege	1
private	1
prison	1
principal	1
princess	1
prince	1
primroses	1
primal	1
prim	1
prided	1
prevailed	1
prevail	1
pretending	1
pretended	1
presumptuous	1
presumption	1
press	1
presently	1
preparing	1
prepared	1
premised	1
prejudices	1
precluded	1
precautions	1
precaution	1
prayers	1
pray	1
praise	1
powerful	1
poverty	1
poured	1
pounced	1
potent	1
posture	1
postponement	1
postpone	1
posed	1
pos	1
portions	1
portcullis	1
porcupine	1
pondered	1
pommel	1
polluted	1
points	1
pointing	1
pockets	1
plume	1
plenteously	1
pleases	1
pleased	1
pleasantly	1
plaything	1
playful	1
plate	1
plash	1
plant	1
plank	1
plan	1
plaited	1
plainness	1
plain	1
pipe	1
pins	1
pinnacles	1
pinnacle	1
pineth	1
pine	1
pimpernel	1
pillows	1
piled	1
pigs	1
pigeonholes	1
pigeon	1
piercing	1
pick	1
phosphorescent	1
phosphorescence	1
phlegmatic	1
philosophy	1
phenomenon	1
phantoms	1
phantom	1
pha.vtastes	1
pha	1
petals	1
pertaining	1
persuade	1
perspective	1
perplexing	1
permitted	1
permit	1
perish	1
perfumed	1
performing	1
perfectly	1
peradventure	1
per	1
peopling	1
peopled	1
penetrative	1
pencil	1
pellet	1
peered	1
peculiarity	1
pecuharity	1
pecuhar	1
pebble	1
pearly	1
peals	1
peach	1
pay	1
pax	1
paw	1
pavement	1
pausing	1
paused	1
patter	1
patronise	1
patiently	1
patient	1
paths	1
passionate	1
parties	1
particularly	1
partial	1
partake	1
parasite	1
paralysing	1
parallel	1
pangs	1
pang	1
panes	1
paler	1
pairs	1
paintings	1
painting	1
painfully	1
pages	1
packet	1
paces	1
p	1
owls	1
owl	1
owe	1
overspread	1
overshadowed	1
overpowering	1
overmuch	1
overhung	1
overhanging	1
overflowing	1
overfiovviiig	1
overcame	1
outskirts	1
outside	1
outlook	1
outlines	1
outlet	1
outhouses	1
outcasts	1
ourselves	1
ot	1
orpheus	1
orders	1
order	1
oppressing	1
opposed	1
operative	1
operating	1
openings	1
opaque	1
opal	1
opacity	1
onward	1
ones	1
oneness	1
older	1
olden	1
ogresses	1
ofterdingen	1
oft	1
offended	1
odour	1
oddities	1
odd	1
occuppng	1
occasioned	1
obtrusive	1
observations	1
obsequiously	1
obsei'ved	1
obscuring	1
obscured	1
obnoxious	1
obliterates	1
obliterated	1
oblige	1
oars	1
oaks	1
o^vn	1
o^^^l	1
o\vn	1
o\^tier	1
o/sir	1
o'ershadowing	1
nyesl	1
nurture	1
nursing	1
number	1
nowise	1
nowhere	1
novel	1
novalis	1
nourish	1
noted	1
note	1
nose	1
northeast	1
noontide	1
nooks	1
nook	1
nono	1
nolle	1
noiselessly	1
nobody	1
nobility	1
nith	1
niobe	1
ninning	1
nightly	1
nightfall	1
nightcaps	1
nightcap	1
nicht	1
nice	1
news	1
newly	1
newfound	1
newborn	1
network	1
netted	1
ness	1
nerves	1
negation	1
needs	1
needing	1
necks	1
nearest	1
native	1
narrowly	1
names	1
mystical	1
mutter	1
mutely	1
musty	1
murmuring	1
murmured	1
multitudinous	1
multitude	1
multiplying	1
mud	1
moveless	1
mournfulness	1
mournful	1
mound	1
mould	1
motherwell	1
motherly	1
mostly	1
mortals	1
morsels	1
morrow	1
mornings	1
moreover	1
mooq	1
moony	1
months	1
monotonous	1
monkeys	1
moniing	1
moneys	1
mom	1
moles	1
modes	1
moderate	1
modem	1
mocking	1
mock	1
mobile	1
moaning	1
mitigation	1
mit	1
mistaking	1
mistaken	1
mist	1
miser	1
mischievous	1
mis	1
mire	1
minutes	1
minutely	1
ministering	1
minds	1
mimicries	1
mile	1
mightily	1
mien	1
midnight	1
midday	1
mewed	1
metaphysics	1
message	1
merry	1
merriest	1
merely	1
mephistopheles	1
mentioning	1
ment	1
mensch	1
memorial	1
melted	1
melodious	1
melodies	1
meets	1
meditating	1
mechanicsjly	1
mean	1
meadows	1
maybe	1
matronly	1
mastering	1
masses	1
mass	1
mask	1
mas	1
marshy	1
marked	1
mare	1
marbly	1
manifests	1
manifest	1
maniac	1
mane	1
male	1
maker	1
main	1
mailed	1
mail	1
maids	1
maidens	1
maid	1
magnus	1
magnificent	1
magnificence	1
magician	1
machine	1
maasse	1
lys	1
lylye	1
lye	1
luxur	1
lustreless	1
lustre	1
lust	1
lurking	1
lunaps	1
ludicrous	1
lozenge	1
lower	1
lovers	1
loveliest	1
lordship	1
lor	1
longest	1
lo\dng	1
lo\'ing	1
llie	1
litde	1
listens	1
listened	1
liquid	1
lip	1
links	1
lines	1
linen	1
lined	1
lineaments	1
lineament	1
lineal	1
limited	1
lilys	1
likings	1
liking	1
liighcst	1
lightning	1
lighting	1
lifeless	1
liest	1
lies	1
lids	1
liber	1
lessons	1
lengthening	1
lengthen	1
leisure	1
leise	1
legend	1
legal	1
ledge	1
learns	1
leapt	1
leaping	1
leafy	1
leading	1
lazuli	1
laying	1
lave	1
launfal	1
launched	1
launch	1
laughing	1
laughed	1
lated	1
late	1
latch	1
lasts	1
lasted	1
lass	1
largely	1
lapt	1
lapis	1
languidly	1
landscapes	1
lakes	1
lake	1
laing	1
laborious	1
la^ai	1
knotty	1
knobs	1
knightly	1
knees	1
kneeled	1
kneel	1
knee	1
king	1
kindness	1
killed	1
keys	1
kaleidoscope	1
justify	1
judged	1
joyous	1
joyfully	1
joyed	1
jovial	1
joust	1
journeying	1
journey	1
jolly	1
joke	1
joints	1
joint	1
join	1
ji	1
jewel	1
jesting	1
jasper	1
jar	1
jack	1
iwill	1
ith	1
issue	1
islands	1
irrecoverably	1
iron	1
io6	1
io	1
inwraps	1
inwards	1
involved	1
involve	1
involuntary	1
invitingly	1
inviting	1
invited	1
invite	1
invisibly	1
invigorating	1
investing	1
inverted	1
invent	1
invading	1
intraders	1
intimations	1
interwoven	1
intervolved	1
intervening	1
intertwining	1
intertwined	1
intertexture	1
interrupting	1
interrupted	1
interposed	1
internal	1
intermingled	1
interests	1
interesting	1
interested	1
intercrossed	1
intercourse	1
interchanging	1
intention	1
intent	1
intensified	1
intenser	1
intending	1
intellectual	1
intellect	1
intei	1
insufficient	1
instructions	1
instant	1
instance	1
insisted	1
insignificant	1
inseparably	1
insensible	1
insatiableness	1
inquiring	1
inquiries	1
inquire	1
innumerable	1
inmate	1
injustice	1
injuring	1
iniaid	1
inhuman	1
inhabitant	1
information	1
inforined	1
infolded	1
influences	1
influence	1
infinitude	1
infinitely	1
infested	1
infernally	1
inexplicable	1
indulging	1
indulged	1
indulge	1
individuals	1
indistinctness	1
indistinctly	1
indication	1
indicated	1
indian	1
independence	1
incrusting	1
increasing	1
incomprehensible	1
inclined	1
inclination	1
incense	1
incapable	1
inasmuch	1
ina	1
imusually	1
impulses	1
improving	1
imprisonments	1
impressed	1
import	1
impatience	1
impart	1
imitate	1
ime	1
imbruted	1
imbe	1
image	1
illusions	1
illuminated	1
illuminate	1
ild	1
il	1
iiber	1
ihrem	1
ihn	1
ignorant	1
ignorance	1
idingar	1
ich	1
hyacinths	1
hut	1
huskiness	1
husband	1
hurrying	1
hurricane	1
hunted	1
hungry	1
hunger	1
hundred	1
humps	1
hummed	1
humanity	1
hum	1
huge	1
hues	1
htite	1
hs^pk	1
howling	1
hovering	1
hov/	1
housings	1
hottest	1
host	1
hospitality	1
hospitable	1
horseman	1
horrified	1
horrid	1
horizontally	1
hoping	1
hopelessly	1
hopefully	1
hopeful	1
hop	1
hooray	1
hooked	1
honours	1
honey	1
honest	1
hon	1
homely	1
homeliness	1
homage	1
holy	1
hollows	1
holes	1
hoary	1
hoard	1
ho\ve\'er	1
hm	1
hke	1
hiward	1
hinges	1
hind	1
hinauf	1
highest	1
hideousness	1
hide	1
heterogeneous	1
hesitation	1
hesitated	1
hers	1
hero	1
herad	1
henkv	1
henceforward	1
hemmed	1
helping	1
helpful	1
helmet	1
heinrich	1
heightened	1
hei	1
heerd	1
heel	1
heeding	1
hedgehogs	1
hedge	1
heaving	1
heaviness	1
heavier	1
heavenly	1
heated	1
heartlessly	1
heaps	1
heaping	1
heaped	1
heap	1
healed	1
headstrong	1
headlong	1
hea\'y	1
hawk	1
haupte	1
haunting	1
haunt	1
hated	1
hatchet	1
hat	1
hasty	1
harvest	1
harpoons	1
harness	1
harmoniously	1
harmless	1
harebells	1
happier	1
happen	1
hangs	1
hangings	1
hanging	1
handled	1
handfuls	1
handful	1
halfway	1
habits	1
habit	1
gust	1
gulf	1
guise	1
growl	1
groupings	1
grotto	1
groping	1
grope	1
groaned	1
grind	1
grieve	1
greens	1
greenish	1
greener	1
greek	1
greedier	1
greed	1
greaves	1
greatly	1
grave	1
grating	1
grateful	1
grasp	1
granite	1
grandfathers	1
grand	1
gradations	1
gradation	1
graciosa	1
graceful	1
gotten	1
gorgon	1
gorgeously	1
goodbye	1
good-humoured	1
goethe	1
goes	1
gnomes	1
gnaw	1
gluttony	1
gloominess	1
gloomed	1
glittering	1
glittere<l	1
glitter	1
glimpse	1
glimmered	1
glimmer	1
gleam	1
glancing	1
glance	1
gladly	1
glades	1
girlish	1
giotto	1
gilt	1
gigantic	1
giant	1
gi	1
ghoul	1
ghost	1
getting	1
geologist	1
generally	1
general	1
gems	1
gateway	1
garment	1
game	1
galloped	1
gallery	1
gained	1
gaily	1
g	1
fusion	1
fusing	1
furnishing	1
furnished	1
furious	1
furbished	1
furbish	1
fur	1
funeral	1
fully	1
fullness	1
fulfilled	1
frosty	1
frost	1
frontlet	1
frolicsome	1
frohlich	1
frisks	1
frightful	1
friends	1
friendly	1
framework	1
fragments	1
fragmentary	1
foxgloves	1
fourth	1
fouqut	1
founts	1
foul	1
fought	1
fossil	1
forty	1
fortable	1
forsook	1
forsaking	1
forsaken	1
forming	1
formerly	1
forget	1
foregoing	1
forebodings	1
forbidding	1
forbidden	1
fooled	1
fonned	1
fond	1
folly	1
folks	1
foimd	1
foiined	1
foi	1
fog	1
foes	1
focal	1
flying	1
fly	1
flush	1
flung	1
fluent	1
fluctuating	1
floss	1
floral	1
flood	1
flitting	1
flitted	1
flit	1
flingeth	1
fling	1
flexible	1
fleecy	1
flee	1
fled	1
fixedly	1
five	1
fitted	1
fist	1
firmament	1
fireside	1
fireflies	1
fingei	1
finds	1
finally	1
filmy	1
fill	1
fiercely	1
fierce	1
fiction	1
fi)i	1
fewer	1
fetched	1
festooned	1
ferns	1
fencing	1
female	1
fellows	1
feline	1
feelings	1
feebly	1
feature	1
fears	1
fearless	1
fearing	1
fe	1
faust	1
fault	1
fathomless	1
fat	1
faster	1
fastening	1
fashions	1
fascinating	1
farmhouse	1
familiarity	1
faltering	1
faithless	1
faithfulness	1
faithfully	1
fair}iand	1
fairer	1
faintness	1
fainted	1
failing	1
faded	1
fade	1
eyelid	1
eyed	1
eyebrows	1
extremity	1
extremities	1
extravagant	1
extent	1
extended	1
exquisitely	1
expressions	1
exposure	1
exposed	1
expose	1
experiences	1
expense	1
expecting	1
expectation	1
exists	1
exist	1
exhausted	1
exercises	1
exercised	1
execution	1
excuse	1
excite	1
examination	1
evqvy	1
evolved	1
evildoers	1
evident	1
everybody	1
everj'thing	1
ever^	1
event	1
eternally	1
eternal	1
establish	1
essential	1
espied	1
escapes	1
erfiillten	1
erected	1
envy	1
environs	1
envious	1
enveloping	1
enveloped	1
entwining	1
entrancing	1
entertainers	1
ensnared	1
enlarge	1
enemies	1
enduing	1
ends	1
endangered	1
encroaching	1
encourage	1
encountered	1
encounter	1
enclosing	1
enchantment	1
en	1
employed	1
emotions	1
emitted	1
embraced	1
embrace	1
embolden	1
embody	1
embodied	1
embarrassment	1
emanating	1
elves	1
eluded	1
elongated	1
elm	1
elliptical	1
elixir	1
elephant	1
element	1
elegant	1
elbow	1
elasticity	1
elaborately	1
eh	1
egg	1
effects	1
een	1
ee	1
educated	1
eden	1
eddies	1
ed	1
ecstasy	1
echoing	1
echoed	1
ebony	1
ebon	1
ebb-tide	1
eating	1
easy	1
east	1
easier	1
earthly	1
earthliness	1
earthen	1
earnest	1
ear	1
e	1
dying	1
dyes	1
dyed	1
dye	1
dwells	1
dwellings	1
dwellers	1
dwelled	1
duties	1
dusty	1
du	1
dry	1
drowsiness	1
dropping	1
dropped	1
drooped	1
drips	1
dried	1
dressing	1
drenched	1
dreamy	1
dreamily	1
dreamed	1
dread	1
drawing-room	1
drauti	1
draperied	1
dragon	1
dragged	1
dowti	1
doubting	1
doubted	1
doorway	1
don't	1
domes	1
dome	1
domains	1
dogs	1
dogged	1
doch	1
doavn	1
dividing	1
distrust	1
distresses	1
distressed	1
distortion	1
distorted	1
distinguished	1
distinction	1
dissolved	1
dissolve	1
disrobe	1
dispread	1
dispositions	1
disposed	1
displays	1
displaced	1
displace	1
dispelled	1
dispel	1
disinclined	1
dishes	1
disguised	1
disenchanted	1
diseased	1
disdain	1
discordant	1
discompose	1
discoloured	1
discerned	1
disagreeable	1
dirty	1
directly	1
direct	1
dinner	1
dimness	1
dimly	1
diligently	1
dight	1
difficulty	1
difficult	1
difference	1
dies	1
diamonds	1
dey	1
dewdrops	1
devourer	1
devoured	1
devour	1
devices	1
development	1
determined	1
detached	1
destructive	1
destitute	1
destiny	1
destined	1
despair	1
desirable	1
designated	1
deserved	1
deseit	1
descent	1
descendant	1
des	1
derived	1
derision	1
dering	1
dependent	1
denser	1
delusion	1
deluding	1
delude	1
deliverer	1
deliverance	1
deliver	1
delights	1
delighting	1
delightful	1
delighted	1
deliciously	1
delicately	1
deli	1
delay	1
dejection	1
degrading	1
degi	1
deformity	1
defiantly	1
defence	1
deeply	1
deepen	1
deeds	1
decorated	1
deceived	1
decaying	1
decayed	1
decanter	1
deathly	1
deathlike	1
deathbed	1
dazzlingly	1
dazzling	1
daylight	1
dashing	1
darling	1
darksome	1
darkest	1
darkened	1
daring	1
dangers	1
dangerous	1
dancing	1
dances	1
damsel	1
damped	1
damosel	1
damn	1
dammed	1
daily	1
cypher	1
customs	1
custom	1
cusp	1
cushions	1
curving	1
curve	1
curtain	1
curses	1
curse	1
current	1
curled	1
curiously	1
cupola	1
cup	1
cultivated	1
culminating	1
culminate	1
crystalline	1
crystal	1
crust	1
crushed	1
crowd	1
crossly	1
crevice	1
creep	1
credit	1
created	1
creak	1
crazy	1
cradle	1
cracked	1
crack	1
crabs	1
cows	1
covering	1
cousins	1
courtesy	1
coursing	1
couples	1
coruscations	1
coruscate	1
corresponding	1
correspondent	1
correspond	1
corpse	1
cornice	1
cornelius	1
cords	1
corals	1
copy	1
cope	1
convulsive	1
convex	1
converted	1
converging	1
contrasted	1
contrast	1
contradiction	1
contracting	1
continue	1
continual	1
contented	1
contempt	1
containing	1
contained	1
contagiously	1
contact	1
construction	1
constructing	1
constellations	1
consisted	1
considerable	1
consider	1
consequences	1
consequence	1
consented	1
consent	1
consecutive	1
conquered	1
connexion	1
connecting	1
conjectured	1
confidence	1
confessed	1
confess	1
cones	1
cone	1
conditions	1
conclude	1
concert	1
concentration	1
conceive	1
conceit	1
concealed	1
conceal	1
concave	1
compunction	1
compulsion	1
compounded	1
compliment	1
complication	1
complicated	1
complexity	1
complexion	1
completing	1
completely	1
complaisance	1
complained	1
compensate	1
compels	1
compel	1
compared	1
comparatively	1
companionship	1
community	1
communion	1
communicate	1
commune	1
commonness	1
commonly	1
commonest	1
commenced	1
commandments	1
commanded	1
command	1
comfoiting	1
cometh	1
combines	1
combine	1
com	1
columns	1
columnar	1
colouring	1
coleridge	1
coidd	1
coarseness	1
cluster	1
clue	1
clothing	1
clomb	1
climbing	1
climb	1
clematis	1
clefts	1
cleft	1
clearest	1
cleared	1
cleaned	1
clasping	1
clasped	1
claim	1
city	1
circles	1
circle	1
cinet	1
chubby	1
chronic	1
choral	1
choosest	1
chintz	1
childhood	1
cheerfulness	1
cheerful	1
cheating	1
cheat	1
chaunced	1
charred	1
charms	1
charitably	1
charge	1
channels	1
changeful	1
changeable	1
chairs	1
chaii	1
certainty	1
ceremonies	1
centre	1
cell	1
ceiled	1
ceaseless	1
cease	1
causing	1
causes	1
cats	1
cately	1
cataracts	1
casting	1
casque	1
case	1
carvnng	1
carved	1
carv	1
carrion	1
carpeted	1
carnival	1
carmot	1
carelessly	1
cared	1
capes	1
capacity	1
cantered	1
canopy	1
can't	1
campanulas	1
calves	1
calceolaria	1
cabinet	1
buyer	1
bustle	1
busiest	1
busied	1
bury	1
burnished	1
burned	1
bunch	1
bumpkin	1
bulbous	1
brushed	1
brow	1
brother	1
brooms	1
brooding	1
bronze	1
brink	1
brings	1
bring	1
brimmed	1
brilliancy	1
brewing	1
breathing	1
breathed	1
breathe	1
breaks	1
bread	1
bravely	1
brash	1
bramble	1
boyhood	1
box	1
bows	1
bowers	1
bow	1
boudoir	1
bottle	1
border	1
bordei	1
boote	1
bone	1
boldly	1
bogies	1
bodies	1
board	1
blushed	1
bluish	1
blown	1
blossoms	1
blossomed	1
blossom	1
blended	1
bleeding	1
bleede	1
blauen	1
blaue	1
blame	1
blaek	1
blade	1
blacker	1
bitterness	1
biting	1
birthday	1
birth	1
birch	1
bindings	1
bin	1
billows	1
biggest	1
bid	1
bewitch	1
betsy	1
betook	1
betokened	1
bethought	1
bestrode	1
besprent	1
benevolent	1
bemoaning	1
belt	1
belong	1
bells	1
believing	1
belfry	1
behoves	1
beholds	1
beholding	1
behaviour	1
behave	1
beguiled	1
begin	1
begim	1
begged	1
beg	1
befooled	1
befell	1
beetle	1
bees	1
bee	1
bedside	1
beddoes	1
becomes	1
beclouded	1
beaver	1
beautifully	1
beauties	1
beasts	1
beast	1
bears	1
bearing	1
beams	1
be\\'itching	1
bays	1
battery	1
bats	1
bathing	1
bathe	1
bases	1
based	1
bas	1
barton	1
bars	1
barred	1
bargain	1
banged	1
band	1
ball	1
baleful	1
bale	1
balcony	1
bade	1
backed	1
awkward	1
awhile	1
awe	1
awaking	1
awakes	1
awaiting	1
avoided	1
avhile	1
avenues	1
avenue	1
availing	1
authentic	1
aureole	1
aught	1
auf	1
audible	1
attractions	1
attentively	1
attendants	1
attendance	1
attempts	1
attempting	1
attempted	1
attacks	1
attack	1
att	1
atmosphere	1
asunder	1
astonished	1
assured	1
assure	1
assurance	1
assuming	1
assume	1
association	1
associated	1
associate	1
assembly	1
assemblies	1
assemblage	1
assault	1
aspect	1
ascertain	1
ascending	1
ascended	1
arum	1
artistic	1
article	1
arthur	1
arrow	1
arriving	1
aroused	1
arouse	1
armed	1
arising	1
ariel	1
argument	1
argue	1
arcades	1
arc	1
approximating	1
approaching	1
approaches	1
appealing	1
apparent	1
apology	1
ap	1
antipathy	1
anticipation	1
anticipated	1
antic	1
antenatal	1
answering	1
answered	1
annoy	1
announcing	1
announced	1
angry	1
angle	1
angels	1
angel	1
anfangs	1
anemones	1
andrew	1
andreiu	1
anc	1
analysis	1
an>lhing	1
amused	1
amplified	1
amount	1
amis	1
amciety	1
amazement	1
amaze	1
altered	1
alterations	1
alongside	1
alluding	1
allowed	1
allowance	1
alles	1
alighted	1
alight	1
albertus	1
alastor	1
alarm	1
aj	1
airy	1
ail	1
aid	1
agrippa	1
agreed	1
agreeably	1
agreeable	1
ago	1
agitation	1
agitated	1
ages	1
age	1
agate	1
afternoons	1
affirmation	1
affinity	1
affected	1
affect	1
advice	1
advancing	1
advances	1
adornment	1
admonitions	1
admonition	1
admiration	1
admirable	1
administered	1
addressing	1
addressed	1
addition	1
actually	1
actor	1
activity	1
active	1
action	1
acknowledgment	1
ach	1
accurately	1
accuracy	1
accounts	1
accounted	1
accordingly	1
accordance	1
accomplishments	1
accompany	1
accompaniment	1
accompanies	1
accommodate	1
accessible	1
accepted	1
abysmal	1
absurdly	1
absurdity	1
abstruse	1
absorbed	1
absolutely	1
abovementioned	1
aboveground	1
abode	1
ability	1
abideth	1
abbey	1
abating	1
abandoned	1
a\aii	1
^yhydid	1
^vill	1
^^•ild	1
^^	1
\ision	1
\ery	1
\\	1
\'isions	1
\'ibrated	1
\	1
?.	1
?)	1
."'	1
--	1
''	1
"^	1
!)	1
