,	2538
the	2162
.	1702
to	1459
"	1184
and	1160
of	1025
he	872
was	752
a	727
that	677
she	642
you	638
in	615
i	590
her	546
his	542
had	518
it	483
as	416
for	414
be	404
."	403
not	382
but	338
him	335
with	328
have	320
;	297
is	279
?	247
would	244
at	236
me	228
on	221
what	210
—	207
|'s|	204
been	199
which	196
'	194
so	193
will	187
this	187
by	174
if	171
do	167
there	161
elwin	153
could	151
were	146
no	146
all	145
from	143
when	140
berta	136
said	135
an	126
man	125
they	112
one	112
brasnet	112
who	110
my	109
preston	107
about	106
mother	98
your	97
are	97
must	96
more	95
did	95
can	94
now	93
come	93
any	93
we	89
some	89
way	88
then	87
should	87
or	87
see	86
out	85
might	85
tell	84
into	82
much	78
how	78
know	73
say	71
only	71
than	68
has	68
time	67
!	67
am	66
them	65
kitton	65
their	64
very	62
little	62
well	61
think	61
old	61
up	59
made	58
captain	58
upon	57
here	57
thought	56
why	55
make	55
like	55
back	55
himself	53
girl	53
us	52
before	51
such	50
seemed	50
mrs	50
eyes	49
over	47
find	47
again	47
place	45
away	45
give	44
after	43
good	41
|romannumeral|	40
without	40
most	40
nothing	39
friend	39
anything	39
salem	38
head	38
go	38
eldridge	38
day	38
take	37
house	37
something	36
other	36
hand	36
yet	35
want	35
cannot	35
brown	35
told	34
never	34
mr	34
get	34
even	34
asked	34
saw	33
another	33
voice	32
own	32
long	32
knew	32
going	32
first	32
face	32
shall	31
mind	31
heart	31
felt	31
where	30
our	30
off	30
look	30
although	30
?"	30
night	29
may	29
however	29
don't	29
yes	28
until	28
understand	28
took	28
too	28
right	28
hope	28
help	28
enough	28
course	28
came	28
answered	28
went	27
wait	27
tower	27
still	27
speak	27
letter	27
got	27
down	27
words	26
whilst	26
since	26
present	26
once	26
moment	26
looked	26
hammond	26
done	26
because	26
room	25
reason	25
light	25
life	25
let	25
herself	25
found	25
ever	25
between	25
two	24
things	24
matter	24
better	24
against	24
work	23
word	23
taken	23
son	23
seen	23
poor	23
keep	23
great	23
brought	23
best	23
answer	23
always	23
ready	22
passed	22
glad	22
few	22
believe	22
being	22
whole	21
under	21
turned	21
sure	21
skyles	21
put	21
myself	21
love	21
left	21
last	21
idea	21
father	21
through	20
thing	20
soon	20
save	20
question	20
part	20
heard	20
hands	20
every	20
durrant	20
dear	20
dark	20
world	19
spoke	19
many	19
just	19
its	19
chapter	19
:	19
wish	18
these	18
strange	18
spoken	18
sorry	18
s'lem	18
name	18
miss	18
forward	18
feeling	18
doctor	18
dabb	18
clear	18
ask	18
able	18
yourself	17
trouble	17
towards	17
sake	17
people	17
order	17
o	17
men	17
gone	17
boy	17
woodhouse	16
vol	16
silent	16
pedlar	16
object	16
news	16
missus	16
lover	16
likely	16
having	16
full	16
feel	16
everything	16
end	16
doubt	16
does	16
cousin	16
chance	16
case	16
both	16
woman	15
springfield	15
saying	15
home	15
hear	15
fortune	15
bring	15
almost	15
account	15
won't	14
village	14
true	14
trial	14
together	14
surprise	14
return	14
real	14
rather	14
power	14
marry	14
least	14
happy	14
given	14
expected	14
doing	14
dad	14
coming	14
circumstances	14
charge	14
act	14
whatever	13
wanted	13
use	13
try	13
trust	13
tone	13
thinking	13
talk	13
slowly	13
sent	13
quite	13
prove	13
promise	13
possible	13
position	13
person	13
next	13
new	13
met	13
manner	13
lawyer	13
latter	13
kit	13
harm	13
grandfather	13
gave	13
future	13
exclaimed	13
each	13
continued	13
chair	13
business	13
angry	13
already	13
advice	13
within	12
win	12
while	12
walked	12
today	12
thoughts	12
though	12
suffering	12
suddenly	12
stood	12
state	12
sign	12
shame	12
roger	12
oh	12
means	12
maybe	12
master	12
london	12
information	12
howard	12
further	12
fear	12
far	12
explanation	12
except	12
desire	12
conduct	12
condition	12
boat	12
began	12
also	12
(	12
window	11
wind	11
whose	11
white	11
suspicion	11
suppose	11
startled	11
sea	11
sacrifice	11
road	11
purpose	11
pass	11
paper	11
neither	11
nature	11
meaning	11
mean	11
lips	11
known	11
journey	11
indeed	11
half	11
gentleman	11
friends	11
free	11
door	11
delay	11
cottage	11
consent	11
certainly	11
cast	11
call	11
break	11
bear	11
appeared	11
anxious	11
affair	11
)	11
young	10
wished	10
water	10
waiting	10
stupid	10
started	10
serious	10
seems	10
rejoined	10
received	10
quietly	10
proceeded	10
placed	10
nor	10
move	10
making	10
looking	10
lifted	10
learn	10
knowledge	10
kind	10
i'll	10
hold	10
hard	10
happiness	10
force	10
fellow	10
faith	10
expression	10
everybody	10
engagement	10
difficulty	10
determined	10
curious	10
crime	10
courage	10
called	10
bright	10
bent	10
believed	10
bad	10
action	10
!"	10
worst	9
widow	9
whether	9
understood	9
truth	9
tried	9
times	9
till	9
those	9
taking	9
subject	9
strong	9
strength	9
somehow	9
service	9
self	9
secret	9
same	9
returned	9
rest	9
perfectly	9
offer	9
none	9
near	9
motive	9
meet	9
meadow	9
longer	9
inquired	9
honest	9
garden	9
frightened	9
follow	9
folk	9
fact	9
else	9
el	9
duty	9
dr	9
discover	9
days	9
danger	9
costessy	9
confidence	9
comfort	9
cleyton	9
behind	9
became	9
agreed	9
|arabic3digit|	8
|arabic1digit|	8
whom	8
warrant	8
wants	8
view	8
usual	8
surely	8
supposed	8
start	8
speaking	8
shadow	8
several	8
seem	8
scared	8
sandybeach	8
round	8
regarded	8
read	8
reached	8
queer	8
perhaps	8
path	8
passion	8
pale	8
others	8
opportunity	8
open	8
often	8
need	8
message	8
mere	8
meanwhile	8
m	8
low	8
leave	8
laughed	8
late	8
knows	8
interview	8
instead	8
immediately	8
immediate	8
horse	8
hopes	8
held	8
happened	8
ha	8
ground	8
giving	8
fool	8
fixed	8
escape	8
distress	8
direction	8
difficult	8
death	8
creature	8
closed	8
change	8
care	8
broken	8
attention	8
attempt	8
arm	8
amongst	8
along	8
alone	8
ain't	8
aid	8
agony	8
we'll	7
walls	7
wall	7
walking	7
visit	7
trees	7
touch	7
tomorrow	7
thank	7
terror	7
surprised	7
sudden	7
success	7
straight	7
stopped	7
steady	7
stand	7
spite	7
sound	7
sort	7
silence	7
sight	7
show	7
settled	7
sense	7
seeing	7
seed	7
sat	7
safe	7
ruin	7
result	7
resolved	7
regard	7
recognised	7
rate	7
r	7
presence	7
practical	7
possession	7
pity	7
passing	7
ought	7
opened	7
odd	7
nobody	7
muttered	7
morning	7
marriage	7
lives	7
lights	7
length	7
lay	7
lad	7
kindly	7
kept	7
intention	7
ill	7
h	7
guess	7
explain	7
excitement	7
entered	7
engaged	7
em	7
easy	7
easily	7
discovered	7
direct	7
different	7
deep	7
decision	7
decided	7
dead	7
cruel	7
considerable	7
carried	7
capable	7
brother	7
breath	7
body	7
blagg	7
bit	7
big	7
besides	7
ay	7
appearance	7
anxiety	7
afraid	7
affairs	7
.'	7
youth	6
years	6
wrong	6
writing	6
wi	6
watching	6
useful	6
unable	6
trying	6
tongue	6
therefore	6
themselves	6
terrible	6
task	6
steps	6
step	6
speech	6
source	6
somewhat	6
smile	6
sharp	6
share	6
settlement	6
serve	6
seat	6
run	6
rose	6
reward	6
reply	6
replied	6
remember	6
quick	6
puzzled	6
problem	6
prison	6
prepared	6
point	6
pleased	6
please	6
piece	6
permit	6
pause	6
particularly	6
ordinary	6
notion	6
note	6
necessary	6
natural	6
moved	6
mistress	6
minutes	6
match	6
married	6
lying	6
live	6
learned	6
keeping	6
joy	6
intended	6
indicated	6
impossible	6
human	6
hour	6
hedge	6
heavy	6
greatest	6
goodbye	6
gobbett	6
forged	6
foolish	6
fishing	6
finding	6
family	6
faint	6
evidently	6
enter	6
enable	6
either	6
eh	6
effect	6
earth	6
disappointment	6
d	6
criminal	6
correct	6
conversation	6
companion	6
child	6
certain	6
can't	6
calmness	6
broad	6
beyond	6
bed	6
become	6
aware	6
assurance	6
arrived	6
argument	6
anthony	6
alarmed	6
afore	6
above	6
|arabic2digit|	5
you'll	5
worse	5
winning	5
weakness	5
weak	5
walk	5
vexed	5
utterly	5
utter	5
used	5
unusual	5
unpleasant	5
unless	5
un	5
treacherous	5
thrust	5
throat	5
talking	5
sympathy	5
suspect	5
suit	5
suggested	5
successful	5
succeeded	5
submit	5
stop	5
staring	5
standing	5
speedily	5
sought	5
small	5
skipper	5
sir	5
silver	5
side	5
shivered	5
shadows	5
settle	5
set	5
send	5
second	5
search	5
saved	5
satisfied	5
s	5
rescue	5
reach	5
rapidly	5
pulled	5
prospect	5
propose	5
produced	5
proceeding	5
prevent	5
pressing	5
pleasant	5
plan	5
pay	5
paused	5
past	5
painful	5
pain	5
pack	5
mystery	5
mysterious	5
movement	5
moments	5
memory	5
melancholy	5
meeting	5
matters	5
lucky	5
luck	5
loved	5
lost	5
listen	5
lie	5
leading	5
laughing	5
itself	5
invalid	5
intervals	5
interested	5
interest	5
inquiries	5
innocent	5
induce	5
important	5
importance	5
hurry	5
hurried	5
happen	5
hair	5
grave	5
grandmother	5
getting	5
gate	5
front	5
frequently	5
frankness	5
forgotten	5
foot	5
fiercely	5
fell	5
fault	5
fast	5
fancy	5
false	5
fallen	5
fair	5
failed	5
enemy	5
endure	5
enabled	5
effort	5
eager	5
e	5
dunno	5
dull	5
drive	5
drew	5
deal	5
daughter	5
daival	5
dai	5
cry	5
couple	5
county	5
countenance	5
comprehend	5
completely	5
compelled	5
close	5
cleared	5
cheeks	5
cause	5
carry	5
busy	5
brain	5
bowed	5
bound	5
bother	5
born	5
blow	5
black	5
bitterness	5
beside	5
belief	5
begin	5
becoming	5
beauty	5
barn	5
aside	5
arrangement	5
around	5
arms	5
apron	5
approaching	5
ago	5
advantage	5
acting	5
accept	5
*	5
yours	4
year	4
wrote	4
written	4
write	4
wouldn't	4
worth	4
wonder	4
wit	4
wild	4
whisper	4
wearily	4
wealth	4
ways	4
watched	4
washing	4
wares	4
wandered	4
upset	4
unnecessary	4
uncertain	4
turn	4
trembling	4
train	4
track	4
torture	4
tonight	4
tired	4
thus	4
thrown	4
threw	4
thin	4
terms	4
tears	4
talked	4
sweet	4
suspected	4
surroundings	4
surmise	4
superstition	4
sunlight	4
subsided	4
subdued	4
style	4
store	4
statement	4
sport	4
spare	4
smiling	4
slow	4
singular	4
simple	4
silly	4
signs	4
short	4
shilling	4
shillin	4
shake	4
sh	4
served	4
sentimental	4
seated	4
scene	4
satisfaction	4
ruins	4
rod	4
risk	4
rising	4
rich	4
responded	4
regarding	4
reflection	4
reflected	4
reeds	4
receive	4
really	4
ran	4
raised	4
quiet	4
quickly	4
questions	4
proud	4
prosecution	4
prosecute	4
proofs	4
proof	4
promised	4
progress	4
presented	4
preparing	4
potatoes	4
possibility	4
plans	4
persuade	4
parson	4
opposite	4
opening	4
obtained	4
observed	4
obeyed	4
obey	4
notwithstanding	4
noting	4
nervous	4
nerves	4
mouth	4
moon	4
models	4
mistaken	4
misfortune	4
mingled	4
mine	4
meant	4
meadows	4
mad	4
lovers	4
listening	4
listened	4
less	4
leaving	4
law	4
lady	4
knowing	4
klamb	4
kitchen	4
justice	4
join	4
involved	4
intimate	4
interrupted	4
instantly	4
inspired	4
insist	4
innocence	4
ing	4
indignation	4
indignant	4
illness	4
i'm	4
hussy	4
husky	4
hurriedly	4
humble	4
hours	4
horror	4
hoped	4
honour	4
high	4
hesitation	4
helped	4
heavily	4
hayloft	4
haven't	4
haste	4
harder	4
happens	4
guilt	4
grief	4
green	4
gradually	4
goin	4
glow	4
gloom	4
glass	4
glance	4
gig	4
gift	4
gently	4
game	4
g	4
fun	4
formed	4
forgive	4
floor	4
firmly	4
firm	4
finished	4
field	4
feet	4
feeble	4
favour	4
fancied	4
extraordinary	4
expecting	4
expect	4
evil	4
evidence	4
evening	4
errand	4
envy	4
elbow	4
eccentric	4
earnest	4
duties	4
during	4
drink	4
drawn	4
distance	4
displaying	4
displayed	4
disgrace	4
discovery	4
didn't	4
depend	4
delight	4
degree	4
definite	4
cunning	4
control	4
considered	4
concerned	4
compel	4
communication	4
committed	4
comforting	4
comfortable	4
closely	4
clever	4
chief	4
chap	4
cease	4
caused	4
carefully	4
calamity	4
brief	4
brave	4
blind	4
betsy	4
beaming	4
avenue	4
atmosphere	4
assumed	4
asking	4
arrest	4
arrangements	4
appointed	4
apparent	4
anybody	4
alarm	4
air	4
ah	4
afterwards	4
afternoon	4
adopt	4
admiration	4
acted	4
accordance	4
absolutely	4
-	4
■	3
yielding	3
ye	3
yarmouth	3
worn	3
wonderment	3
wishes	3
wife	3
weight	3
weeks	3
week	3
weary	3
watch	3
waited	3
w	3
voices	3
visitor	3
visions	3
violent	3
villain	3
val	3
uttered	3
utterance	3
urge	3
union	3
unfortunate	3
unconscious	3
uncle	3
turning	3
trustees	3
troubles	3
troubled	3
trivial	3
trick	3
tree	3
trap	3
touched	3
tongues	3
threat	3
thinks	3
thick	3
thanks	3
test	3
temporary	3
telling	3
tellin	3
t	3
sympathetic	3
sweetheart	3
surveyed	3
superstitious	3
sunken	3
submitted	3
struggle	3
struck	3
strike	3
story	3
stopping	3
stock	3
staying	3
stay	3
states	3
startling	3
stared	3
spot	3
spoil	3
spiteful	3
spirit	3
spade	3
soul	3
sorrow	3
soothing	3
smith	3
shuddered	3
shouted	3
shoulders	3
shore	3
shook	3
shed	3
sentiment	3
sensible	3
sending	3
sender	3
seized	3
scarcely	3
says	3
sayin	3
satisfactory	3
sad	3
retort	3
resting	3
response	3
respect	3
rescued	3
reproach	3
report	3
replying	3
render	3
remembered	3
remained	3
rejected	3
regular	3
regret	3
refuses	3
refused	3
refuse	3
refreshment	3
recovery	3
reassuring	3
realise	3
quivered	3
quickened	3
questioned	3
quarrel	3
purchase	3
public	3
proved	3
prospective	3
proposal	3
proper	3
proceed	3
probably	3
pride	3
previous	3
pretty	3
presently	3
prayer	3
possessed	3
pocket	3
pleasure	3
play	3
plain	3
phrase	3
perplexed	3
perceived	3
peeling	3
patronage	3
patient	3
passionate	3
parted	3
parlour	3
parents	3
paid	3
p	3
overcame	3
outward	3
outburst	3
ours	3
orwell	3
opinion	3
offered	3
occupied	3
occupation	3
occasions	3
occasion	3
obtain	3
novelty	3
nervously	3
nectar	3
necessity	3
nearly	3
nail	3
n	3
murder	3
moonlight	3
months	3
moaned	3
mist	3
miserable	3
merely	3
mercy	3
mention	3
meditations	3
managed	3
maiden	3
loud	3
lot	3
lose	3
lodger	3
lit	3
line	3
lift	3
letters	3
leisurely	3
legal	3
led	3
leaning	3
lead	3
laugh	3
lass	3
large	3
lantern	3
kissed	3
judgement	3
inwardly	3
invested	3
instructions	3
instincts	3
instinctive	3
instinct	3
inn	3
inherit	3
influence	3
indoors	3
incomprehensible	3
inclined	3
imagine	3
hush	3
husband	3
hundred	3
humours	3
humour	3
humiliation	3
hospital	3
horrible	3
hitherto	3
hide	3
hesitated	3
hers	3
heaven	3
hearing	3
he'll	3
hat	3
hastily	3
halted	3
guyton	3
guilty	3
grim	3
grew	3
greeting	3
grasped	3
gossip	3
goodness	3
goes	3
glasgow	3
generous	3
gazing	3
gaze	3
gained	3
gain	3
fury	3
furious	3
funeral	3
friendly	3
freely	3
fortunate	3
forgery	3
footsteps	3
following	3
followed	3
flashed	3
fit	3
fish	3
fire	3
fine	3
finds	3
filled	3
figure	3
fate	3
fatal	3
fashion	3
farm	3
falsehood	3
fall	3
fairly	3
fail	3
experienced	3
existence	3
exercise	3
excuse	3
exclamation	3
excited	3
examined	3
exactly	3
evident	3
estate	3
equally	3
enjoyed	3
endeavour	3
effusive	3
eat	3
ears	3
eagerness	3
dying	3
drove	3
dropped	3
doubted	3
dog	3
dock	3
disturb	3
dispatched	3
disappeared	3
died	3
devil	3
despair	3
desirous	3
desires	3
depends	3
demeanour	3
delayed	3
deed	3
decisively	3
darling	3
dan'l	3
customers	3
cup	3
crying	3
cried	3
craft	3
cow	3
covered	3
countless	3
copy	3
conspiracy	3
console	3
consideration	3
consequence	3
conscious	3
confidential	3
comprehensible	3
complications	3
comical	3
comforted	3
clue	3
closer	3
clearer	3
clasped	3
chorus	3
cheerfully	3
cheerful	3
cheer	3
changed	3
chaff	3
cautiously	3
caught	3
carts	3
career	3
calmly	3
calm	3
calculated	3
built	3
brow	3
broke	3
bribed	3
breeze	3
breathed	3
breast	3
breach	3
brandy	3
bold	3
boats	3
blue	3
blood	3
blame	3
bitter	3
bite	3
birds	3
bid	3
bewildered	3
begun	3
befall	3
beautiful	3
bearing	3
baffled	3
bacon	3
baby	3
attract	3
attained	3
attack	3
assure	3
arranged	3
arrange	3
aroused	3
appear	3
appeal	3
apparently	3
anticipation	3
announcement	3
anger	3
amazement	3
altogether	3
allowing	3
allowed	3
allow	3
ale	3
agreement	3
agreeable	3
agoin	3
ages	3
agent	3
advertisement	3
advancing	3
advanced	3
advance	3
address	3
added	3
acquaintance	3
accepted	3
absence	3
...	3
you've	2
you'd	2
yonder	2
yesterday	2
yards	2
yard	2
yachts	2
y	2
writer	2
wrecked	2
wounded	2
workshop	2
working	2
wooer	2
wooden	2
wood	2
wondrous	2
wondered	2
won	2
women	2
womankind	2
wits	2
witnesses	2
witness	2
withdraw	2
winced	2
willing	2
wildfowl	2
wide	2
wickedness	2
wicked	2
whipped	2
whichever	2
wherries	2
whenever	2
wheel	2
wench	2
welcome	2
wed	2
weather	2
we've	2
waving	2
waves	2
waste	2
warning	2
warned	2
visitors	2
violently	2
vindictive	2
vessels	2
vegetables	2
various	2
useless	2
unprepared	2
unlucky	2
uninterrupted	2
unhappy	2
undo	2
undertone	2
undertaken	2
understanding	2
undergoing	2
type	2
twilight	2
twice	2
twenty-six	2
troubling	2
triumph	2
transactions	2
tradition	2
tops	2
tonne	2
token	2
tion	2
tightly	2
throwing	2
throw	2
throughout	2
three	2
thoroughly	2
thither	2
tenderness	2
tenderly	2
tempted	2
temporise	2
tells	2
teeth	2
taller	2
takes	2
t'daival	2
sword	2
swear	2
sustained	2
surround	2
supervision	2
sun	2
summer	2
sum	2
suggestion	2
sufficiently	2
suffered	2
sud	2
succeed	2
sublime	2
subjected	2
stutter	2
stupor	2
stunned	2
stubborn	2
stretched	2
street	2
strangeness	2
strain	2
storm	2
stones	2
stone	2
stepped	2
stealing	2
startle	2
stairs	2
stable	2
squire	2
spring	2
sprang	2
sportsman	2
spoiled	2
spleen	2
speedy	2
speechless	2
speculations	2
spared	2
sounded	2
soothingly	2
soothed	2
somewhere	2
solution	2
solitude	2
solicitor	2
solemn	2
soft	2
snare	2
smart	2
slower	2
sky	2
situation	2
similar	2
sick	2
shut	2
shrink	2
shrewdness	2
shown	2
showed	2
shoulder	2
shop	2
shock	2
shirk	2
shifted	2
sheep	2
shape	2
shaking	2
serving	2
servants	2
sentence	2
sensation	2
sell	2
seek	2
screened	2
scowled	2
score	2
sash	2
sank	2
saluted	2
sallies	2
sale	2
sails	2
safety	2
sadly	2
rushed	2
rule	2
rows	2
rowed	2
row	2
rough	2
romance	2
roadway	2
ring	2
ridiculous	2
revelation	2
returning	2
retreat	2
retain	2
resume	2
restored	2
restlessly	2
rested	2
resolutely	2
resign	2
required	2
request	2
repugnant	2
represented	2
repeating	2
repeat	2
renunciation	2
remorse	2
remarkable	2
remain	2
relief	2
released	2
rejoiced	2
rejection	2
regretted	2
regrets	2
regretful	2
refusal	2
reflections	2
referred	2
reels	2
reed	2
recurred	2
recover	2
reckless	2
recently	2
reasons	2
rare	2
quitted	2
qualities	2
putting	2
pushed	2
punish	2
publicly	2
publicity	2
provided	2
prospects	2
prosecuting	2
proposed	2
property	2
profound	2
produce	2
proceedings	2
probable	2
prize	2
privilege	2
prevailed	2
prevail	2
press	2
presentiment	2
preparations	2
prejudice	2
precious	2
precincts	2
pounds	2
possess	2
port	2
poorly	2
pooh	2
pockets	2
plenty	2
playing	2
played	2
plausible	2
plainly	2
pigs	2
pictured	2
picking	2
philosopher	2
persuading	2
persuaded	2
personal	2
persistent	2
period	2
perform	2
perfect	2
pens	2
penalty	2
peered	2
patches	2
passions	2
passage	2
particulars	2
parentage	2
pail	2
owned	2
owl	2
overwhelmed	2
ourselves	2
openly	2
officer	2
office	2
offering	2
occasionally	2
obtaining	2
obstinate	2
objection	2
oars	2
nurse	2
nudged	2
noted	2
notebook	2
nonsense	2
nodding	2
nodded	2
nevertheless	2
nearer	2
nay	2
named	2
mysteries	2
movements	2
moustache	2
motives	2
moss	2
mortals	2
mood	2
money	2
model	2
misunderstanding	2
mistake	2
missing	2
missed	2
misfortunes	2
miseries	2
minds	2
minded	2
miles	2
middle	2
merry	2
mentioned	2
mentally	2
mental	2
meditating	2
measure	2
marched	2
makes	2
main	2
maids	2
magic	2
machinery	2
machine	2
machinations	2
lustily	2
lunch	2
loving	2
loudly	2
loss	2
losing	2
lor	2
loose	2
lookout	2
longed	2
lone	2
lodgings	2
lodging	2
lodgers	2
lizzie	2
lived	2
lip	2
limbs	2
lighting	2
lifting	2
lies	2
lest	2
lathe	2
lasses	2
land	2
lamp	2
lads	2
ladder	2
knocked	2
knife	2
kiss	2
killed	2
kill	2
key	2
keenly	2
keen	2
k	2
jury	2
juncture	2
jumping	2
judges	2
judge	2
jubilant	2
jolly	2
joined	2
job	2
items	2
issue	2
irritation	2
involuntarily	2
inventors	2
intimation	2
interval	2
intense	2
intends	2
intelligence	2
instant	2
inquiry	2
inner	2
inland	2
injury	2
informed	2
infinite	2
inexplicable	2
industrious	2
induced	2
indignantly	2
indifferent	2
indifference	2
incredible	2
incident	2
improbable	2
impression	2
impressed	2
imagined	2
ignorant	2
ignorance	2
idle	2
i've	2
howling	2
hotel	2
hot	2
hopeful	2
hoodwink	2
hollow	2
hoax	2
hit	2
history	2
hisself	2
hillocks	2
hiding	2
hesitatingly	2
hesitating	2
hesitate	2
hereabouts	2
helpless	2
helping	2
heeding	2
heed	2
hedges	2
heartily	2
heared	2
healthy	2
health	2
he's	2
hazard	2
hay	2
hasten	2
harbour	2
happiest	2
handle	2
halting	2
halfway	2
guttural	2
guide	2
guessed	2
grunted	2
groan	2
grandeur	2
grandchild	2
graciously	2
goose	2
goodnight	2
good-humour	2
gives	2
gin	2
ghosts	2
ghost	2
ghastly	2
gentle	2
gazed	2
gateway	2
gaol	2
fully	2
fulfilling	2
fugitive	2
fruit	2
fright	2
fresh	2
fraud	2
forth	2
form	2
forget	2
forester	2
forced	2
footstep	2
footpath	2
food	2
foam	2
fluster	2
flushed	2
flopped	2
flint	2
flight	2
flask	2
flashing	2
fisherman	2
firmness	2
fingers	2
finger	2
fields	2
feelings	2
fearsome	2
fearing	2
favourite	2
farther	2
farmhouse	2
familiar	2
faithless	2
faintness	2
fainting	2
failure	2
eyelids	2
extinguished	2
extensive	2
expressed	2
exposure	2
explained	2
experience	2
expense	2
expedition	2
existed	2
exhausted	2
exercised	2
exclaiming	2
exchange	2
excellent	2
exaggerated	2
events	2
essential	2
especially	2
envied	2
envelopes	2
entrance	2
endurance	2
ends	2
endeavoured	2
eldrido	2
eight	2
eggs	2
efforts	2
echoed	2
eagerly	2
dwell	2
dust	2
dumpy	2
due	2
du	2
drowning	2
driving	2
driven	2
dregs	2
dreams	2
dread	2
drawing	2
draw	2
drag	2
doings	2
doin	2
document	2
disturbed	2
distressing	2
distressed	2
distracted	2
distant	2
display	2
dispirited	2
dismiss	2
dismay	2
dislike	2
disagreeable	2
directly	2
dinner	2
dig	2
differently	2
development	2
determination	2
details	2
destroyed	2
despise	2
desired	2
designs	2
deserted	2
descended	2
depended	2
dense	2
denied	2
denes	2
delighted	2
delays	2
defy	2
deeply	2
deemed	2
declared	2
declaration	2
decide	2
deceiving	2
deceived	2
deadly	2
dazzling	2
dazed	2
daytime	2
daylight	2
dashed	2
darkness	2
darker	2
darkened	2
dared	2
dare	2
cutting	2
cut	2
customary	2
custom	2
currant	2
curiosity	2
crown	2
crossed	2
cross	2
creep	2
courts	2
courtesy	2
court	2
cotton	2
correctly	2
coolly	2
cool	2
convinced	2
conviction	2
contrast	2
contrary	2
continuing	2
continue	2
contemptuous	2
contempt	2
construction	2
considerably	2
consider	2
consequences	2
consented	2
conscientious	2
conquer	2
confusion	2
confounded	2
confident	2
confidant	2
confession	2
confessed	2
concerns	2
concealed	2
comrades	2
comrade	2
compromised	2
complete	2
company	2
command	2
comin	2
comforts	2
combination	2
cold	2
coat	2
co	2
clumps	2
clues	2
clouds	2
climax	2
cleverness	2
clearly	2
clearing	2
clean	2
class	2
clash	2
circumstance	2
cigar	2
chuckle	2
childhood	2
chest	2
cheery	2
chatter	2
charged	2
character	2
ceased	2
carrying	2
cares	2
careless	2
cared	2
card	2
cap'n	2
cap'en	2
cap	2
cane	2
calmer	2
calls	2
bushes	2
bush	2
bureau	2
burden	2
buoys	2
brows	2
brothers	2
brooding	2
breaking	2
bravely	2
book	2
bond	2
boldly	2
board	2
blunder	2
blessed	2
bless	2
betrothed	2
betray	2
benefit	2
bench	2
believing	2
believes	2
bein	2
beginning	2
befallen	2
bedside	2
bedroom	2
beat	2
bean't	2
basin	2
bargain	2
bar	2
backwards	2
awful	2
avoided	2
avert	2
australia	2
attracted	2
attitude	2
attended	2
astonished	2
assured	2
associations	2
association	2
assertion	2
assent	2
ashore	2
arrested	2
arose	2
approached	2
approach	2
appointment	2
apply	2
anyhow	2
anticipated	2
anonymous	2
annoyed	2
angrily	2
anglers	2
amused	2
america	2
alongside	2
ally	2
allowance	2
alas	2
ahead	2
agree	2
agitation	2
afforded	2
afford	2
affliction	2
afflicted	2
afeard	2
admitted	2
admit	2
admission	2
admire	2
add	2
across	2
accustomed	2
accusation	2
accompaniment	2
accident	2
accepting	2
absurd	2
absorbed	2
abruptly	2
abrupt	2
abandon	2
'."	2
',	2
''	2
•	1
yvoodhouse	1
yotc	1
yon	1
yokel	1
yielded	1
yellow	1
yeller	1
yearly	1
yacht	1
wrongs	1
wrecks	1
wrath	1
wounds	1
wound	1
worthy	1
worths	1
worthless	1
worriting	1
worritin	1
worried	1
worldly	1
worker	1
worked	1
wooing	1
wooed	1
wont	1
wonderingly	1
wondering	1
wonderful	1
womanly	1
woeful	1
wmole	1
wives	1
witty	1
witnessed	1
withstood	1
withered	1
withdrew	1
withdrawing	1
withdrawal	1
wit'out	1
wisp	1
wishing	1
wisdom	1
wiping	1
wintery	1
winter	1
winked	1
wings	1
winds	1
windows	1
windmills	1
windings	1
winding	1
wily	1
willingly	1
william	1
wildest	1
wilder	1
wider	1
widely	1
wickedly	1
whoop	1
wholesome	1
whispered	1
whirlpool	1
wherry	1
whereby	1
whereabouts	1
whence	1
wheels	1
whats'ever	1
wh	1
west	1
wery	1
well-to-do	1
well-meaning	1
welcomed	1
weird	1
weigh	1
wedding	1
weddin	1
wearying	1
wearisome	1
wearin	1
weapon	1
wealthy	1
we're	1
wayside	1
wayfarer	1
wavering	1
wave	1
watchers	1
wasn't	1
wash	1
warrants	1
warn	1
warmth	1
warily	1
wanderings	1
wan	1
waits	1
waistcoat	1
wages	1
waddled	1
voiced	1
voi	1
vociferously	1
vituperations	1
visits	1
visiting	1
visible	1
visaged	1
violence	1
vinegar	1
villains	1
vile	1
vigour	1
vigorously	1
vigorous	1
vie	1
victory	1
viciously	1
vicious	1
vexatious	1
vex	1
versed	1
verdict	1
venturesome	1
ventured	1
venture	1
vent	1
velvety	1
vehicle	1
vaults	1
varied	1
valve	1
valuable	1
vainly	1
vague	1
vacantly	1
uv	1
usually	1
ussy	1
using	1
uselessness	1
urging	1
urgent	1
upturned	1
upside	1
uprooted	1
upper	1
unwilling	1
unwell	1
unusually	1
untrue	1
untroubled	1
untrimmed	1
unspoken	1
unravel	1
unpleasantness	1
unpleasantly	1
unperceived	1
unobserved	1
unnecessarily	1
unnatural	1
unmoored	1
unmolested	1
unmixed	1
unmitigated	1
unluckiest	1
unknown	1
unknowingly	1
unknit	1
unkind	1
uninteresting	1
unguarded	1
unforeseen	1
unexpected	1
uneasy	1
uneasily	1
underwent	1
undertaking	1
underlay	1
undercurrent	1
unconsciously	1
uncommon	1
uncomfortable	1
unattractive	1
unattainable	1
unanswered	1
ultimately	1
ugly	1
u	1
twirled	1
twine	1
turtledoves	1
turf	1
tumbling	1
tumbled	1
tucker	1
tu	1
truthful	1
trusted	1
trumped	1
truly	1
trow	1
trousers	1
trough	1
trotting	1
trot	1
troo	1
trifling	1
trifled	1
tricks	1
tremulous	1
tremor	1
treat	1
treasure	1
treading	1
treachery	1
traversing	1
traverses	1
travelling	1
travelled	1
travel	1
transported	1
transformers	1
transformed	1
transferred	1
tramps	1
tramped	1
tramp	1
tragic	1
tradesman	1
trade	1
traces	1
town	1
towed	1
toward	1
tottered	1
totally	1
tossed	1
tortures	1
torpor	1
top	1
tools	1
tool	1
tones	1
tolerably	1
toilsome	1
toiled	1
tipped	1
tip	1
tingle	1
timidity	1
timid	1
timbuctoo	1
tight	1
tied	1
tie	1
tidy	1
tidings	1
thwarted	1
thumbs	1
thumb	1
throws	1
throwin	1
throng	1
throb	1
thriving	1
thrilling	1
threatening	1
threatened	1
threadbare	1
thread	1
thoughtfully	1
thoroughgoing	1
thorny	1
thorns	1
this'll	1
thirsty	1
third	1
thief	1
thickheadedness	1
they've	1
they're	1
thereupon	1
there'll	1
theory	1
thanking	1
thankfully	1
tested	1
terrors	1
tension	1
tempest	1
temper	1
telegraph	1
telegram	1
teem	1
ted	1
tear	1
tea	1
taunt	1
taters	1
targets	1
tap	1
tameness	1
tall	1
tales	1
taint	1
tables	1
table	1
t'last	1
system	1
symptoms	1
syllable	1
swollen	1
swinging	1
swine	1
swimming	1
swept	1
sweetmeats	1
sweeetheart	1
swaying	1
swayed	1
sway	1
swallow	1
swain	1
sustains	1
suspense	1
suspects	1
survive	1
surveying	1
surrounded	1
surrendering	1
surmising	1
surface	1
supreme	1
suppressing	1
suppress	1
supposition	1
supposing	1
supports	1
supporting	1
support	1
supplies	1
superior	1
sup	1
sunshine	1
sunk	1
sundering	1
sunbeams	1
summoned	1
summers	1
summed	1
sulky	1
suitor	1
suitable	1
suggestions	1
suggest	1
sufficient	1
substitution	1
substantial	1
subordinate	1
submitting	1
submission	1
subjects	1
subjecting	1
suavest	1
suave	1
stuttered	1
stupidly	1
stupidities	1
stuff	1
study	1
strung	1
struggling	1
struggled	1
strug	1
strove	1
strongly	1
strongest	1
stroll	1
strings	1
strikes	1
striding	1
strictly	1
stricken	1
stretch	1
strengthener	1
streamed	1
stray	1
stratagem	1
strasfsflins	1
straps	1
strap	1
strangling	1
strangle	1
strangers	1
stranger	1
strangely	1
strained	1
straightforward	1
straddling	1
straddled	1
stout	1
stories	1
stops	1
stoopid	1
stooped	1
stocks	1
stocked	1
stinging	1
stimulating	1
stick	1
stew	1
sternly	1
steerin	1
steer	1
steamers	1
stealthily	1
stealine	1
steadily	1
steadfastly	1
steadfast	1
stead	1
stationers	1
stately	1
stated	1
stars	1
stare	1
stap	1
stands	1
stampede	1
stamped	1
stammered	1
stamford	1
staff	1
srirl	1
squeaking	1
square	1
squall	1
squabble	1
spry	1
springs	1
sprightly	1
spreading	1
spread	1
spirited	1
spiders	1
sphere	1
spellbound	1
speculation	1
speculated	1
spectacle	1
special	1
speakin	1
speakers	1
speaker	1
sparkled	1
sparkle	1
sparing	1
spangled	1
spake	1
spadefuls	1
space	1
sown	1
southeasterly	1
south	1
sour	1
sounds	1
sounding	1
sorely	1
sore	1
sooner	1
sons	1
song	1
somnambulistic	1
sometimes	1
somebody	1
solve	1
solitary	1
solid	1
solemnly	1
sold	1
softness	1
softly	1
sod	1
sockets	1
social	1
sobs	1
sobbingly	1
sobbed	1
sob	1
snuff	1
snorting	1
sneeringly	1
sneer	1
snatching	1
snatched	1
snares	1
smother	1
smite	1
smilingly	1
smiled	1
smelling	1
smartly	1
smallwares	1
smack	1
slur	1
slung	1
slope	1
slisrhted	1
slightly	1
slightest	1
slight	1
slices	1
slender	1
sleeve	1
sleeping	1
sleepin	1
sleep	1
slander	1
skim	1
skill	1
skilful	1
skeleton	1
skear	1
sit	1
sip	1
sion	1
singsong	1
single	1
sing	1
sineular	1
sincerity	1
simply	1
silently	1
signified	1
significantly	1
significant	1
significance	1
signed	1
signature	1
signalise	1
sighted	1
sighed	1
sieve	1
sides	1
shy	1
shuddering	1
shudder	1
shrivelled	1
shrewdly	1
shrank	1
shouts	1
shout	1
shouldn't	1
shot	1
shooting	1
shoe	1
shipwrecked	1
shipbuilding	1
shiny	1
shining	1
shifting	1
shiftin	1
shielding	1
shield	1
shelter	1
shelf	1
sheets	1
sheet	1
sheer	1
sheepish	1
she'll	1
she'd	1
sharply	1
shapes	1
shaped	1
shanks	1
shamefaced	1
shaky	1
shaken	1
shady	1
shadowed	1
shade	1
shabby	1
sfo	1
sex	1
severest	1
servitude	1
servant	1
seriously	1
separation	1
separate	1
sensitive	1
sensibility	1
senses	1
sensations	1
semi	1
semblance	1
selling	1
selfishness	1
selfishly	1
selfish	1
self-possession	1
seldom	1
seize	1
segments	1
seeming	1
seein	1
sedulously	1
security	1
securities	1
secure	1
secretly	1
secluded	1
seawards	1
seating	1
season	1
seas	1
searched	1
scurrying	1
scurry	1
sculls	1
scruples	1
scrubb	1
screen	1
screamed	1
scraps	1
scraping	1
scrapes	1
scrape	1
scowl	1
scorns	1
scorn	1
scold	1
schoolin	1
schemes	1
schemer	1
schemed	1
scheme	1
scenes	1
scattered	1
scapegrace	1
scanning	1
scandalous	1
scandal	1
sayings	1
saunders	1
satisfac	1
sanguine	1
sandwiches	1
sandbanks	1
sand	1
salved	1
salutes	1
sakes	1
sailor	1
sailing	1
sailed	1
sail	1
sage	1
sadness	1
saddest	1
sacrificing	1
sacrificed	1
rusticating	1
rush	1
runned	1
rumours	1
rumour	1
ruffled	1
rueful	1
ruddy	1
rubbing	1
royal	1
rowing	1
rower	1
route	1
rousing	1
roused	1
roses	1
roseate	1
rope	1
roofed	1
rogue	1
rocks	1
rocked	1
roadside	1
roads	1
roach	1
risrht	1
risking	1
risen	1
rise	1
ripples	1
rigid	1
ridiculed	1
ridicule	1
riddle	1
rid	1
richest	1
riches	1
ri^ht	1
ri	1
rhymes	1
rhyme	1
reviving	1
revellers	1
reveller	1
revel	1
reveal	1
retreating	1
retard	1
retaining	1
resuming	1
resumed	1
restless	1
responsibilities	1
respects	1
respectfully	1
respectable	1
resource	1
resolve	1
resolution	1
resisting	1
resigned	1
resented	1
resent	1
require	1
repudiation	1
reproachful	1
reprimands	1
repose	1
replies	1
replaced	1
repeated	1
repay	1
reopening	1
reo	1
renewal	1
renders	1
rendering	1
rendered	1
removed	1
remittance	1
reminding	1
reminded	1
remedies	1
remarks	1
remains	1
relieved	1
relieve	1
relentless	1
release	1
relations	1
relapsed	1
relapse	1
rejoinder	1
reject	1
reins	1
regretting	1
regretfully	1
regards	1
regaining	1
regained	1
regain	1
refuted	1
refraining	1
refolded	1
referring	1
reference	1
reduced	1
red	1
recurring	1
recovering	1
recovered	1
reconciled	1
recommended	1
recommenced	1
reckoning	1
reception	1
receptacle	1
receiving	1
recalling	1
recalled	1
recall	1
rebuke	1
reasonable	1
reappear	1
realm	1
realities	1
realised	1
reading	1
readiness	1
reaching	1
rays	1
rattle	1
rating	1
rarely	1
raps	1
rapid	1
rant	1
ranged	1
range	1
rallied	1
raise	1
railings	1
raging	1
ragged	1
rage	1
rack	1
quivering	1
quickness	1
quicken	1
query	1
querulous	1
queried	1
queerest	1
quarters	1
quartern	1
quarter	1
quarry	1
quarrelling	1
quarrelled	1
quality	1
qualifications	1
quaffed	1
quadrangle	1
qey	1
q	1
puzzle	1
push	1
pursuit	1
pursuing	1
pursuer	1
pursue	1
purse	1
purport	1
pure	1
punctilious	1
pulse	1
pull	1
puffed	1
prying	1
providence	1
proverbs	1
protestations	1
prostration	1
prostrated	1
prosecuted	1
prosaic	1
pronounced	1
pronoun	1
promptly	1
prompted	1
prompt	1
promises	1
prolonged	1
projected	1
profoundest	1
proffered	1
profession	1
professed	1
productions	1
procured	1
proclaimed	1
procession	1
process	1
probabilities	1
private	1
prisoner	1
printed	1
price	1
prey	1
previously	1
preventing	1
prevented	1
prevarication	1
pretext	1
pretends	1
pretended	1
pretence	1
pressure	1
pressed	1
presenting	1
preposterous	1
prelude	1
preliminary	1
preferred	1
precipitate	1
precedes	1
precautions	1
precaution	1
praying	1
practice	1
powerless	1
powerful	1
poverty	1
pound	1
potato	1
postpone	1
poster	1
possibly	1
possessions	1
pork	1
pondered	1
policy	1
poked	1
pointing	1
pointed	1
poets	1
poet	1
plunged	1
plunge	1
plumes	1
plucking	1
plight	1
pleasures	1
pleasing	1
pleases	1
pleasantly	1
pleading	1
pleaded	1
planted	1
planned	1
plainer	1
placidly	1
places	1
pityingly	1
pitting	1
piteous	1
pison	1
pious	1
pins	1
pinnacle	1
pinch	1
pillow	1
piling	1
pike	1
pigsty	1
piggledyness	1
pierced	1
pieces	1
picture	1
picked	1
physical	1
phrases	1
philosophy	1
philosophers	1
perversity	1
pervade	1
perusal	1
persuasion	1
personage	1
persecutors	1
persecution	1
persecuted	1
perplexing	1
perpetrated	1
permitted	1
perilous	1
performed	1
peremptory	1
peremptorily	1
perception	1
perceptible	1
perceiving	1
per	1
penknife	1
penetrate	1
pendulum	1
pencil	1
pence	1
penal	1
pellets	1
peel	1
peckish	1
peace	1
paying	1
patting	1
paths	1
pathetic	1
passport	1
passive	1
passingly	1
passers	1
party	1
parts	1
partly	1
parting	1
partin	1
particular	1
parrot	1
parish	1
parent	1
pardoned	1
parcel	1
paralysed	1
paragon	1
paradise	1
papers	1
panting	1
panic	1
pangs	1
pallor	1
pall	1
paining	1
pained	1
pailful	1
packets	1
packet	1
pacing	1
paced	1
pace	1
owner	1
owing	1
owe	1
overtaxed	1
overtaken	1
overshadow	1
overpower	1
overlooked	1
overflowing	1
overcoming	1
overcome	1
overcoat	1
overanxious	1
outwitting	1
outwit	1
outwardly	1
outspoken	1
outside	1
outpourings	1
outing	1
ouodit	1
ouite	1
otto	1
otherwise	1
ot	1
orphanage	1
orphan	1
oround	1
orirl	1
orets	1
ore	1
orders	1
ordering	1
ordeal	1
orchard	1
opponents	1
operation	1
ooiv	1
onward	1
onlookers	1
ones	1
on'such	1
ominous	1
olive	1
older	1
old-fashioned	1
oirl	1
oin	1
oiled	1
ofoino	1
officers	1
offending	1
offenders	1
offended	1
occurred	1
occupations	1
occasional	1
obstacles	1
observing	1
observer	1
observe	1
observation	1
obscure	1
oblivion	1
obliged	1
objections	1
obdurate	1
nuthen	1
nursed	1
numbness	1
numbed	1
nudge	1
nowadays	1
nourishing	1
notions	1
noticed	1
nothin	1
noon	1
nooks	1
nominal	1
noiselessly	1
noise	1
nod	1
noble	1
nobbs	1
nineteen	1
nights	1
nightly	1
nightfall	1
nice	1
ni^ht	1
nff	1
newcomer	1
never-failing	1
nets	1
net	1
nestled	1
nerving	1
nerveless	1
nephew	1
neighbouring	1
negotiations	1
neglected	1
neglect	1
needful	1
needed	1
nearing	1
nearest	1
neared	1
natures	1
naturally	1
natives	1
native	1
names	1
namely	1
mutual	1
mutter	1
mute	1
musings	1
murmured	1
murmur	1
murdering	1
mumbled	1
mpuclent	1
mpathy	1
moving	1
mouthed	1
mountains	1
mortal	1
moreover	1
moralising	1
moodily	1
monstrous	1
monotony	1
monotonous	1
monosyllabic	1
momentary	1
modulated	1
modern	1
moat	1
mixture	1
mixed	1
mission	1
misrht	1
misfht	1
misery	1
misconstrue	1
mischief	1
mischances	1
miscellaneous	1
miscarried	1
miscarriage	1
misapprehension	1
mirrors	1
miodit	1
minutely	1
minute	1
military	1
mile	1
mighty	1
mightily	1
midst	1
midges	1
micrht	1
mi	1
metal	1
messages	1
mess	1
merrymakings	1
merrymakers	1
merrily	1
merriest	1
merits	1
mentor	1
memorable	1
member	1
melody	1
meetin	1
meekly	1
meek	1
meditative	1
meditation	1
meditates	1
meditated	1
meditate	1
mediator	1
meanness	1
meal	1
maze	1
mayhap	1
mayer	1
maxim	1
matrons	1
matrimony	1
mates	1
material	1
mate	1
matchmakers	1
masterstroke	1
masterful	1
mask	1
mary	1
martyrs	1
marshes	1
marsh	1
market	1
marked	1
mark	1
mariners	1
mariner	1
margins	1
margin	1
mantel	1
manor	1
manners	1
mankind	1
manifest	1
malleable	1
malevolence	1
male	1
makin	1
majority	1
maintenance	1
maintain	1
mainstay	1
mail	1
magnetised	1
madness	1
lynn	1
lyin	1
luxury	1
lungs	1
loyalty	1
lower	1
lounging	1
loudest	1
losers	1
looks	1
lookin	1
lono	1
longlegs	1
longing	1
longest	1
lonely	1
loneliness	1
lodges	1
lodged	1
lodge	1
loathinof	1
livin	1
listener	1
link	1
lingers	1
lingering	1
lines	1
limits	1
limited	1
likewise	1
likes	1
likelihood	1
liked	1
liis	1
lightness	1
lightly	1
lighter	1
liehten	1
lid	1
liberty	1
liberal	1
libel	1
liars	1
leisure	1
legs	1
legacy	1
leg	1
ledge	1
lectures	1
leather	1
leastways	1
learning	1
learnin	1
leapt	1
leaned	1
lazy	1
lawyers	1
latent	1
latch	1
lass'll	1
lapse	1
lanterns	1
lamented	1
laid	1
lacon	1
lachrymose	1
knowed	1
knit	1
knelt	1
knell	1
knees	1
knavery	1
kissing	1
kindness	1
kindliest	1
kindled	1
kin	1
keynote	1
keyhole	1
kennel	1
jutting	1
jump	1
joyous	1
jovially	1
joke	1
jerked	1
jealousy	1
jealous	1
jaunty	1
jauntily	1
jack	1
j	1
iterated	1
itera	1
it's	1
it'll	1
issues	1
islington	1
irritated	1
irresistible	1
irreproachable	1
irl	1
irishman	1
irish	1
involving	1
invitation	1
invaded	1
intrigue	1
intricacies	1
intestate	1
interwoven	1
interruption	1
interrupt	1
interpreted	1
interfering	1
interference	1
interchanging	1
intentions	1
intent	1
intend	1
intellect	1
insult	1
instrument	1
instructor	1
instinctively	1
inspiration	1
inspection	1
insolent	1
inquiringly	1
inquiring	1
inquire	1
inoffensive	1
injunction	1
initials	1
inheritor	1
inhabitants	1
ingenuity	1
informant	1
inform	1
inferences	1
infect	1
infatuated	1
inexorable	1
inevitable	1
ine	1
indulging	1
indolence	1
individual	1
indiscreet	1
indicate	1
indefinite	1
incriminate	1
incredulously	1
increase	1
incontrovertible	1
inconceivably	1
incomplete	1
inclination	1
incarnate	1
incapable	1
imputed	1
impute	1
impulse	1
impudent	1
imprisonment	1
imposed	1
implored	1
implore	1
imperturbable	1
impertinent	1
imperative	1
impending	1
impelled	1
impatiently	1
impatient	1
impatience	1
imbued	1
imbibing	1
imbecile	1
imagination	1
ills	1
ignominy	1
ignoble	1
idlers	1
idiotcy	1
idiot	1
identity	1
identification	1
ideas	1
icy	1
i'd	1
hymeneal	1
hustled	1
huskily	1
hushed	1
hurt	1
hunter	1
humdrum	1
humanity	1
hum	1
hullo	1
huge	1
hug	1
hows'ever	1
howled	1
howl	1
housewife	1
housekeeper	1
household	1
horrors	1
horrified	1
hopelessly	1
hooked	1
hoo	1
homeward	1
homestead	1
homely	1
holler	1
hoarsely	1
hoarse	1
hm	1
historic	1
his'n	1
hio	1
hints	1
hint	1
himscli	1
highly	1
highest	1
higher	1
hig	1
hie	1
hiding-place	1
hidin	1
hided	1
hidden	1
hid	1
hereabout	1
hens	1
henceforth	1
helplessness	1
helper	1
helm	1
heiress	1
heir	1
heights	1
heels	1
heeded	1
hearty	1
hearts	1
hearse	1
hears	1
healthful	1
heads	1
hazarded	1
hayrick	1
haunted	1
haunt	1
hated	1
hate	1
hatching	1
hastening	1
hastened	1
harshness	1
harshly	1
harsh	1
harrowing	1
harp	1
harmoniously	1
harbinger	1
hapless	1
handsome	1
hall	1
hailin	1
haggard	1
hadn't	1
hacked	1
hack	1
ha'porths	1
gyel	1
guy	1
gust	1
gurgling	1
guns	1
gulp	1
guise	1
guiky	1
guided	1
guidance	1
guessing	1
guesses	1
guarded	1
grunting	1
growth	1
grown	1
growled	1
grow	1
groups	1
grot	1
groom	1
grip	1
grinned	1
grin	1
grimace	1
grievous	1
grieved	1
greyness	1
grey	1
greetings	1
greatly	1
greater	1
graver	1
gravely	1
gravel	1
gratitude	1
gratifying	1
gratification	1
grass	1
grasping	1
grasp	1
granting	1
granted	1
granddaughter	1
grand	1
grain	1
gownd	1
gown	1
gooseberry	1
good-natured	1
golden	1
goings	1
goggle	1
gods	1
god	1
gnashed	1
gloves	1
gloomy	1
glittering	1
glistening	1
glinted	1
glint	1
gling	1
glimpse	1
gliding	1
glib	1
gleamed	1
gleam	1
glaring	1
glancing	1
glanced	1
giv	1
girls	1
gigs	1
gigantic	1
giant	1
gi	1
gets	1
germ	1
george	1
genuine	1
gentlemen	1
geniality	1
genial	1
generally	1
general	1
gem	1
gay	1
gasped	1
garments	1
gap	1
gambler	1
gains	1
gaining	1
gaily	1
furnished	1
funny	1
funds	1
functions	1
fumbled	1
fulfilled	1
frustrate	1
frown	1
froward	1
frost	1
frock	1
frightening	1
frighten	1
friendship	1
friendliness	1
frequent	1
frenzy	1
freedom	1
frayed	1
frank	1
framed	1
fragments	1
foxes	1
four	1
foul	1
fostered	1
forwards	1
fortunately	1
forthcoming	1
former	1
formal	1
forgot	1
forgetting	1
forger	1
foresight	1
foresaw	1
forcing	1
forbade	1
for'ard	1
foolishness	1
fond	1
folly	1
foliage	1
foiled	1
fog	1
foe	1
flying	1
fly	1
fluttering	1
fluttered	1
flush	1
fluently	1
fluent	1
flowers	1
flouting	1
floods	1
flock	1
floating	1
flinging	1
flighty	1
flies	1
flew	1
flesh	1
flee	1
fled	1
flavour	1
flats	1
flash	1
flapped	1
fix	1
five	1
fits	1
fists	1
finery	1
findino	1
finding*	1
finally	1
final	1
fill	1
figures	1
fighting	1
fight	1
fiftieth	1
fierce	1
fiend	1
fidgeted	1
fever	1
fetch	1
fervour	1
fervent	1
fellowship	1
fees	1
feels	1
feedin	1
features	1
feather	1
feast	1
feasible	1
fears	1
fearlessly	1
fearful	1
favourable	1
fathom	1
fates	1
fatally	1
fat	1
fastening	1
fastened	1
fashioned	1
farthings	1
fantastic	1
faltering	1
falter	1
falling	1
faithful	1
faintly	1
faintest	1
failing	1
fading	1
facts	1
facing	1
facetious	1
faced	1
fable	1
f	1
eyebrows	1
exuberant	1
extremity	1
extremely	1
extravagant	1
extent	1
expressive	1
expressions	1
expressing	1
express	1
expres	1
explains	1
expired	1
experiences	1
expenses	1
expending	1
expended	1
expectation	1
expectantly	1
expectancy	1
existing	1
exhilaration	1
exhibition	1
exhibited	1
exhaustion	1
excuses	1
excursion	1
excitements	1
excitedly	1
excite	1
exasperated	1
examining	1
exacted	1
evoked	1
everywhere	1
event	1
evenings	1
evenin	1
eve	1
et	1
estimate	1
escort	1
error	1
erected	1
equivalent	1
equals	1
equal	1
eone	1
eo	1
enveloping	1
envelope	1
entitle	1
entirely	1
enticed	1
enthusiasm	1
entertaining	1
entertained	1
entertain	1
enters	1
entering	1
entailed	1
ensure	1
enmesh	1
enlivened	1
enjoyment	1
enjoy	1
england	1
engagements	1
enforced	1
enforce	1
energy	1
energetically	1
enea^ed	1
enduring	1
endowed	1
encouragingly	1
encountered	1
empty	1
emptied	1
employer	1
emphatic	1
emphasis	1
emotion	1
emed	1
embrace	1
em's	1
eloquent	1
eloquence	1
eligible	1
elevated	1
eldridore	1
eldridcje	1
eldrid^e	1
eldest	1
ejaculation	1
eirl	1
ehvin	1
effusiveness	1
effectively	1
effective	1
efface	1
eerie	1
edy	1
education	1
edit	1
economical	1
echo	1
eavesdropper	1
east	1
easiest	1
ease	1
earthly	1
earnestness	1
earlier	1
ear	1
dwellers	1
dutiful	1
dur	1
dungheap	1
dun	1
dumb	1
dulled	1
duellist	1
duck	1
dry	1
drubbing	1
drop	1
drooping	1
droll	1
drivers	1
drinkin	1
dressing	1
dressed	1
drearily	1
dreaming	1
dreamed	1
dream	1
dreadful	1
drawing-room	1
drawed	1
drapers	1
drank	1
drain	1
drafted	1
downright	1
downhearted	1
dower	1
doubtfully	1
doses	1
dooty	1
dominant	1
domestic	1
doggedly	1
dogged	1
divorce	1
divined	1
divine	1
dividing	1
diverted	1
divert	1
ditches	1
ditch	1
disturbance	1
distressful	1
distracting	1
distractedly	1
distorting	1
distinguished	1
disregard	1
disputing	1
disputed	1
displeasure	1
displeased	1
dispelling	1
dispel	1
dispatch	1
disloyal	1
disliked	1
dishes	1
disguised	1
disguise	1
discussion	1
discuss	1
discovering	1
discomfited	1
disclosure	1
discharging	1
discharge	1
discernible	1
disavowal	1
disarmed	1
disappointing	1
disappointed	1
disappear	1
disagreeably	1
disadvantage	1
directions	1
dire	1
diplomacy	1
diningroom	1
dined	1
din	1
dimly	1
diminish	1
diligently	1
dignity	1
difficulties	1
difference	1
differ	1
diet	1
die	1
dictation	1
dictate	1
dick	1
diabolical	1
dge	1
devour	1
devoted	1
devise	1
developed	1
detected	1
detect	1
destined	1
despondent	1
despondency	1
despite	1
despised	1
desperation	1
despairingly	1
despairing	1
desk	1
design	1
deserve	1
descry	1
describing	1
described	1
descending	1
derived	1
depths	1
depth	1
deprived	1
dependent	1
dependence	1
departure	1
departed	1
deny	1
denoted	1
deluded	1
delivery	1
delivered	1
deliver	1
delights	1
delicacy	1
deliberation	1
dejectedly	1
dejected	1
deigning	1
degradation	1
defined	1
defiance	1
defending	1
defence	1
defeat	1
deeper	1
deductions	1
decree	1
declined	1
declaring	1
deciding	1
decent	1
dearest	1
dealt	1
dealings	1
dealing	1
deaden	1
dawn	1
dash	1
darted	1
daring	1
dangling	1
dangerous	1
dance	1
dame	1
damaging	1
dainty	1
dabbs	1
cuttinsf	1
cute	1
customer	1
curtained	1
curse	1
curiously	1
culprit	1
culminating	1
cue	1
crunching	1
crowned	1
crowd	1
crouched	1
crops	1
critically	1
crisis	1
crirl	1
crew	1
crebbs	1
crazy	1
crand	1
courting	1
courtin	1
courageous	1
country	1
counterbalance	1
counter	1
countenances	1
count	1
couldn't	1
coughed	1
cough	1
couch	1
costume	1
cost	1
cos	1
correspondent	1
correspond	1
correctness	1
corner	1
cordially	1
cordiality	1
coquette	1
convincing	1
convicted	1
conveyed	1
convey	1
converted	1
conversing	1
converse	1
conversations	1
controlling	1
contrived	1
continuous	1
contingency	1
contest	1
contents	1
content	1
contact	1
constantly	1
constant	1
constable	1
consists	1
consisting	1
consign	1
considering	1
consecutively	1
consciousness	1
conscience	1
conquest	1
connected	1
connect	1
conjecture	1
congratulation	1
congratulated	1
congratulate	1
confute	1
confound	1
confirmed	1
confirmation	1
confidences	1
confess	1
conferring	1
conditions	1
conclusive	1
conclusion	1
concerning	1
concentrated	1
conceding	1
concealing	1
conceal	1
compulsion	1
compromise	1
comprehending	1
complying	1
comply	1
completed	1
complaint	1
complacency	1
compensation	1
compels	1
compassion	1
compared	1
companions	1
compact	1
common-sense	1
committing	1
commit	1
commiseration	1
commenced	1
commands	1
cominor	1
comings	1
comfortin	1
comforter	1
comes	1
combined	1
colours	1
colour	1
collection	1
collect	1
coldness	1
coldly	1
coincidence	1
cognomen	1
cocks	1
coasts	1
cmose	1
clyde	1
clutching	1
clumsy	1
clump	1
clown	1
clowes	1
cloven	1
cloud	1
closing	1
clingto	1
clinging	1
climbing	1
climbed	1
climb	1
clerk	1
clenched	1
clematis	1
clay	1
claiver	1
claim	1
circulated	1
circuitous	1
cigarette	1
chuckling	1
chuckled	1
choppin	1
choosing	1
choose	1
choking	1
chimed	1
childish	1
chiefly	1
chicken	1
cherished	1
cheated	1
chatty	1
chatting	1
chattering	1
chatted	1
chasing	1
charming	1
charm	1
charing	1
charges	1
characters	1
chancre	1
chanced	1
challenge	1
chagrining	1
chagrin	1
chaffed	1
certificate	1
cepting	1
cept	1
cement	1
ceaseless	1
cattle	1
catch	1
casual	1
carriages	1
carriage	1
carpeting	1
caring	1
cargoes	1
caress	1
carelessly	1
cards	1
capsize	1
capacities	1
canopy	1
candidates	1
calumniators	1
callous	1
calling	1
caller	1
calculation	1
cajoling	1
buzzing	1
buyer	1
buxom	1
butter	1
busied	1
buryin	1
burnt	1
burning	1
buried	1
bure	1
bulrushes	1
bullet	1
bt	1
brushed	1
brownish	1
broodings	1
broads	1
broach	1
briskly	1
brisk	1
brino	1
brightness	1
brighter	1
brightened	1
bred	1
bream	1
bread	1
brawls	1
brasnct	1
branded	1
braced	1
boys	1
boyhood	1
bow	1
bout	1
bounds	1
bounding	1
bounded	1
bouncing	1
bottles	1
bottle	1
bothering	1
borrow	1
boots	1
boohoo	1
boo	1
boisterous	1
bodies	1
bodes	1
boastfulness	1
boast	1
blushing	1
blundered	1
blown	1
blowing	1
blossoms	1
blissful	1
bliss	1
blinding	1
blew	1
blemished	1
bleed	1
blasts	1
blankly	1
blameless	1
blamed	1
bitterly	1
bits	1
birth	1
bird	1
bigger	1
bidding	1
bewilderment	1
betting	1
betrothals	1
betraying	1
betrayed	1
betimes	1
bet	1
berry	1
benevolently	1
beneficial	1
beneath	1
bend	1
below	1
beloved	1
belonged	1
bellowing	1
bell	1
beings	1
behoved	1
beggars	1
beggar	1
beg	1
beerhouse	1
beer	1
beckon	1
beating	1
bearin	1
beard	1
bays	1
bathed	1
basket	1
bashfulness	1
base	1
barring	1
barely	1
barb	1
banned	1
bankers	1
banker	1
bank	1
bang	1
balance	1
bade	1
backs	1
babies	1
awoke	1
awkwardly	1
awkward	1
awfullest	1
awakens	1
awakening	1
avowing	1
avoiding	1
avoid	1
average	1
ave	1
authority	1
aunt	1
aught	1
audacious	1
attorney	1
attitudes	1
attire	1
attending	1
attendant	1
attempts	1
attempted	1
attainment	1
attacking	1
athwart	1
astounded	1
astonishing	1
aster	1
associated	1
associate	1
assist	1
assail	1
ass	1
aspirations	1
ashamed	1
asfain	1
ascend	1
arts	1
articles	1
article	1
arrival	1
arrayed	1
arising	1
arisen	1
arise	1
arguments	1
ardent	1
arded	1
arched	1
arch	1
apt	1
approvingly	1
appreciate	1
applied	1
apples	1
appetite	1
appended	1
appears	1
appearances	1
apollo	1
aofain	1
ao	1
anywhere	1
anyway	1
antiquities	1
antipathy	1
anticipatory	1
anticipating	1
answers	1
answering	1
anomalous	1
annual	1
annoyance	1
announced	1
ankles	1
animals	1
anguish	1
angrier	1
angler	1
angle	1
angelic	1
anew	1
ancient	1
amusing	1
amiss	1
amidst	1
amid	1
amiability	1
american	1
ambition	1
amazed	1
amateur	1
alternative	1
altered	1
alter	1
aloud	1
allusions	1
allayed	1
alive	1
alf	1
alehouse	1
alacrity	1
airs	1
ain	1
aimed	1
aim	1
ailing	1
ai	1
agreeing	1
agitating	1
agitated	1
age	1
afflict	1
affected	1
aeain	1
advising	1
advise	1
advantages	1
advantageous	1
adopted	1
admitting	1
admittance	1
admits	1
adjusting	1
addressing	1
addressed	1
acts	1
activity	1
active	1
acre	1
acquittal	1
acquainted	1
acquaintances	1
acknowledge	1
accusers	1
accordingly	1
according	1
accord	1
accomplish	1
accepts	1
acceptance	1
abuse	1
abstracted	1
absolute	1
abject	1
aback	1
a^ain	1
^ht	1
\	1
?'	1
<	1
/	1
.,	1
.)	1
-"	1
!"'	1
