,	7333
the	6151
.	5851
and	3135
'	3135
of	2768
to	2393
a	2346
—	2150
i	1678
in	1597
he	1550
you	1522
it	1511
was	1369
that	1359
is	1118
his	1079
.'	1003
?	885
for	811
with	810
she	809
not	802
;	752
all	719
as	697
be	686
this	677
we	661
have	658
!	655
they	638
but	628
her	616
there	547
are	541
my	533
had	522
at	518
will	516
your	470
what	455
or	454
|'s|	452
no	448
one	445
on	433
man	430
if	426
*	424
so	421
:	417
said	416
were	402
who	377
him	375
would	362
about	354
which	338
lucian	338
do	321
me	317
up	304
by	304
an	302
them	294
old	287
then	286
out	276
more	275
margaret	270
when	264
father	253
house	251
know	248
from	245
money	242
think	239
their	238
burley	238
been	238
family	227
like	220
must	219
has	214
very	213
oh	212
now	211
never	211
great	211
only	207
could	206
well	199
us	198
nothing	197
any	196
john	191
go	190
can	189
calvert	187
did	185
these	184
see	177
other	176
upon	175
should	170
dear	170
say	167
people	167
own	166
don't	157
here	156
may	155
into	155
years	154
son	153
down	152
how	151
our	149
little	149
thing	147
over	147
grandfather	147
time	146
"	146
world	144
perhaps	144
am	143
such	142
some	140
shall	140
name	139
than	138
away	138
young	136
again	134
make	132
why	130
before	130
went	129
sir	129
much	129
most	126
got	126
come	125
tell	124
face	124
after	124
made	123
things	122
ella	121
two	120
room	120
long	120
eyes	119
let	118
work	116
quite	116
first	116
mother	115
looked	115
back	115
new	114
good	114
get	113
life	109
because	107
something	106
found	105
always	105
men	104
even	104
too	103
way	101
want	101
look	101
left	101
fortune	101
papers	100
thought	99
sat	99
woman	98
take	98
yes	95
day	95
children	95
told	94
might	94
every	94
where	92
knew	92
ever	92
|arabic1digit|	90
same	90
find	90
still	88
history	88
came	88
those	87
himself	86
without	85
wife	84
read	84
girl	83
everything	83
took	81
suppose	81
anything	81
millions	80
hands	79
whole	78
lucinda	78
home	78
poor	77
many	77
going	77
mind	76
claim	76
mr	75
girls	75
another	75
ancestors	75
dream	73
died	73
rich	71
certain	71
cannot	71
portraits	70
can't	70
put	69
place	69
miser	69
kind	69
give	69
door	69
yet	67
talk	67
head	67
it's	66
last	65
herbert	65
course	65
better	65
street	64
ran	64
just	64
hand	64
case	64
believe	64
asked	64
estate	62
clarence	62
began	62
|romannumeral|	61
done	61
college	61
remember	60
cousin	59
saw	58
lady	58
since	57
business	57
women	56
night	56
became	56
three	55
used	54
therefore	54
once	54
least	54
fact	54
brother	54
auntie	54
understand	53
husband	53
aunt	53
sit	52
portrait	52
live	52
child	52
charles	52
year	51
secret	51
round	51
cried	51
called	50
among	50
heard	49
feel	49
far	49
dead	49
cousins	49
born	49
yourself	48
letter	48
chair	48
through	47
science	47
its	47
zealand	46
letters	46
hear	46
also	46
westminster	45
stood	45
part	45
opened	45
nor	45
gone	45
does	45
clary	45
paper	44
off	44
moment	44
keep	44
being	44
turned	43
right	43
replied	43
profession	43
however	43
doubt	43
ask	43
alone	43
ago	43
shame	42
rest	42
married	42
five	42
except	42
certainly	42
already	42
|arabic4digit|	41
wealth	41
mean	41
lived	41
else	41
repeated	40
possible	40
open	40
light	40
help	40
fell	40
exactly	40
enough	40
black	40
wanted	39
voice	39
upstairs	39
side	39
nicholson	39
morning	39
become	39
together	38
though	38
seen	38
heir	38
half	38
dreadful	38
wish	37
thinking	37
knows	37
full	37
brought	37
age	37
whom	36
table	36
show	36
set	36
lost	36
laughed	36
everybody	36
burleigh	36
words	35
spoke	35
myself	35
matter	35
lay	35
heirs	35
while	34
ten	34
sure	34
present	34
partner	34
none	34
mothers	34
impossible	34
hope	34
heart	34
days	34
church	34
call	34
begin	34
•	33
whose	33
under	33
truth	33
true	33
treasury	33
reason	33
question	33
nobody	33
mine	33
indeed	33
each	33
daughter	33
bed	33
whatever	32
till	32
strange	32
silence	32
office	32
master	32
manner	32
known	32
grandson	32
deal	32
daughters	32
chapter	32
care	32
strong	31
soul	31
ought	31
next	31
listen	31
few	31
death	31
changed	31
american	31
wait	30
unless	30
sometimes	30
really	30
quiet	30
person	30
past	30
lord	30
ladies	30
james	30
hundred	30
connexion	30
turn	29
says	29
meant	29
looking	29
lender	29
leave	29
ho	29
followed	29
end	29
claimants	29
|arabic3digit|	28
wonderful	28
won't	28
use	28
themselves	28
presently	28
outside	28
order	28
laugh	28
inheritance	28
i've	28
estates	28
eldest	28
destruction	28
brothers	28
both	28
books	28
best	28
."	28
wall	27
until	27
small	27
seemed	27
rose	27
pictures	27
picture	27
nursery	27
noble	27
means	27
learn	27
income	27
facts	27
.,	27
-	27
|arabicprice|	26
|arabic2digit|	26
twelve	26
subject	26
speak	26
soon	26
scientific	26
remembered	26
rather	26
prove	26
need	26
marriage	26
mad	26
love	26
london	26
happy	26
gentleman	26
filled	26
evening	26
bring	26
actually	26
wouldn't	25
word	25
real	25
pride	25
living	25
laid	25
interest	25
friend	25
four	25
curse	25
connected	25
boy	25
belong	25
woodbury	24
trouble	24
story	24
stairs	24
received	24
point	24
poet	24
ourselves	24
lovely	24
generation	24
fear	24
dr	24
discovery	24
desire	24
able	24
wonder	23
walked	23
town	23
thousand	23
study	23
silent	23
satisfied	23
property	23
please	23
longer	23
genealogy	23
forgotten	23
curious	23
country	23
connect	23
change	23
burghley	23
branch	23
book	23
|arabic5+digit|	22
unexpected	22
thank	22
talked	22
suddenly	22
sisters	22
simple	22
sent	22
seems	22
queen	22
pater	22
middle	22
likely	22
late	22
houses	22
held	22
hair	22
gave	22
discovered	22
dinner	22
deceased	22
beautiful	22
white	21
whether	21
walls	21
unhappy	21
talking	21
steps	21
sons	21
second	21
promise	21
memory	21
knowledge	21
herself	21
hard	21
happened	21
grand	21
given	21
fallen	21
drawing-room	21
dishonour	21
dark	21
afraid	21
]	21
you've	20
wrote	20
week	20
sugar	20
streets	20
society	20
shook	20
search	20
resemblance	20
ready	20
possession	20
played	20
physician	20
nearly	20
naturally	20
kept	20
isn't	20
front	20
devil	20
chance	20
ashamed	20
america	20
against	20
above	20
written	19
wives	19
within	19
threw	19
send	19
sake	19
run	19
returned	19
respectable	19
respect	19
reading	19
power	19
places	19
placed	19
others	19
often	19
mrs	19
lawyer	19
large	19
itself	19
i'm	19
gold	19
future	19
forget	19
floor	19
fifty	19
easy	19
early	19
crime	19
covered	19
court	19
class	19
century	19
brain	19
beside	19
behind	19
bear	19
anyone	19
anybody	19
ancestor	19
uncle	18
twenty	18
try	18
songs	18
somehow	18
sister	18
self	18
proof	18
perfectly	18
names	18
makes	18
line	18
led	18
inquest	18
hke	18
hanged	18
garden	18
fire	18
empty	18
dressed	18
dreams	18
die	18
coroner	18
consider	18
close	18
carried	18
bit	18
article	18
account	18
wrong	17
windows	17
terror	17
taken	17
straight	17
spent	17
showed	17
short	17
ruined	17
proved	17
pay	17
pale	17
million	17
making	17
lie	17
law	17
evidence	17
england	17
disaster	17
descendants	17
dancing	17
considered	17
complete	17
company	17
coincidence	17
character	17
certificate	17
bright	17
beyond	17
between	17
almost	17
whispered	16
weeks	16
wants	16
walk	16
waiting	16
voices	16
vast	16
unfortunate	16
stopped	16
sleep	16
six	16
sitting	16
sins	16
sin	16
serious	16
save	16
proud	16
poverty	16
natural	16
misery	16
looks	16
less	16
high	16
happiness	16
happen	16
grey	16
grew	16
grandmother	16
friends	16
figures	16
felt	16
expect	16
convict	16
continued	16
common	16
closed	16
clearly	16
city	16
carry	16
asleep	16
anxiety	16
yours	15
worth	15
we've	15
ways	15
thoughts	15
tears	15
stepped	15
stay	15
sorry	15
smile	15
slowly	15
remain	15
proofs	15
probably	15
marjorie	15
manager	15
lucy	15
learned	15
formerly	15
folded	15
faces	15
euin	15
doing	15
dare	15
cut	15
cupboard	15
confess	15
concerning	15
clerk	15
breakfast	15
beginning	15
bad	15
)	15
worse	14
works	14
workhouse	14
wooden	14
wickedness	14
temptation	14
tall	14
superstition	14
suffered	14
stand	14
square	14
solicitor	14
smiled	14
ruin	14
red	14
play	14
pauper	14
ours	14
neither	14
murmured	14
moneylender	14
modern	14
misfortunes	14
mere	14
lending	14
lawyers	14
kissed	14
instance	14
infamy	14
important	14
hour	14
henry	14
heavens	14
hanging	14
god	14
glad	14
frames	14
forehead	14
forefathers	14
feeling	14
established	14
especially	14
english	14
echoes	14
criminal	14
colour	14
caused	14
big	14
besides	14
becomes	14
baker	14
avery	14
authority	14
arms	14
anxious	14
afternoon	14
window	13
understood	13
trade	13
superstitious	13
somewhere	13
sixty	13
shameful	13
seem	13
sad	13
pretty	13
pounds	13
plain	13
patience	13
painted	13
merry	13
mass	13
lying	13
low	13
lives	13
jury	13
heaven	13
ghosts	13
gentlemen	13
gambling	13
furniture	13
frame	13
forty	13
fair	13
explained	13
expected	13
existence	13
enormous	13
elder	13
either	13
dollars	13
doesn't	13
date	13
crown	13
coming	13
clothes	13
burleys	13
broken	13
broad	13
bonfire	13
ancient	13
air	13
abbey	13
■	12
wretched	12
welcome	12
wasn't	12
vision	12
trust	12
tried	12
tea	12
sum	12
stories	12
step	12
sing	12
shake	12
settled	12
return	12
remarkable	12
relations	12
questions	12
purpose	12
public	12
ninety	12
named	12
months	12
lower	12
lover	12
lifted	12
interesting	12
highest	12
hesitated	12
heads	12
handed	12
groaned	12
fortunes	12
form	12
fleet	12
feet	12
downstairs	12
didn't	12
cry	12
clear	12
christian	12
chain	12
cause	12
buy	12
baby	12
attention	12
art	12
appeared	12
announcement	12
along	12
advance	12
'?	12
youth	11
youngest	11
wicked	11
toys	11
top	11
tomorrow	11
thus	11
terrible	11
taking	11
suffer	11
sudden	11
struck	11
standing	11
st	11
speaking	11
song	11
somebody	11
single	11
shut	11
sense	11
rooms	11
resolved	11
represented	11
professional	11
prison	11
prepared	11
practice	11
position	11
pleasant	11
pile	11
parlour	11
paid	11
otherwise	11
original	11
ordinary	11
note	11
newly	11
missing	11
miserable	11
marry	11
madness	11
m	11
lot	11
leaves	11
later	11
joshua	11
interrupted	11
immense	11
i'll	11
hung	11
honourable	11
higher	11
having	11
greatest	11
goes	11
generally	11
fine	11
fellow	11
fall	11
expression	11
escaped	11
em	11
dress	11
deep	11
cradle	11
couldn't	11
clue	11
choose	11
built	11
box	11
bent	11
belonged	11
anne	11
altogether	11
(	11
younger	10
write	10
working	10
wide	10
vine	10
troubled	10
tree	10
transported	10
touch	10
times	10
sweet	10
sunday	10
success	10
starve	10
spread	10
spirit	10
sorrow	10
sighed	10
scandals	10
saying	10
richest	10
remains	10
record	10
reached	10
quickly	10
pulled	10
private	10
pray	10
persons	10
percent	10
patient	10
partly	10
parish	10
pain	10
page	10
obeyed	10
newspaper	10
music	10
mouth	10
misfortune	10
minutes	10
meantime	10
listening	10
listened	10
lips	10
leading	10
inherit	10
importance	10
ill	10
hundreds	10
histories	10
gravely	10
grave	10
further	10
forward	10
forth	10
fashion	10
fancy	10
families	10
enjoy	10
eh	10
drew	10
doctor	10
disease	10
difficult	10
daily	10
curiosity	10
corner	10
contented	10
clever	10
chorus	10
cheerful	10
cheeks	10
caught	10
burned	10
boys	10
bowed	10
board	10
believed	10
appears	10
appearance	10
anywhere	10
answered	10
answer	10
aloud	10
allow	10
afterwards	10
added	10
actor	10
yesterday	9
worst	9
walking	9
view	9
unknown	9
third	9
tempted	9
taught	9
takes	9
t	9
symptoms	9
sun	9
successful	9
stop	9
stock	9
spot	9
spend	9
spelled	9
speech	9
sorrows	9
sick	9
shown	9
seven	9
rise	9
rights	9
remained	9
relationship	9
reasons	9
rang	9
prophet	9
possibly	9
plum	9
peaceful	9
owner	9
opinion	9
obscure	9
memories	9
mahogany	9
madge	9
lap	9
joyous	9
inherited	9
imagination	9
ignorance	9
hospital	9
haven't	9
hat	9
hardly	9
hall	9
grow	9
green	9
greater	9
golden	9
gets	9
gathered	9
fully	9
fortnight	9
foolish	9
follow	9
fingers	9
famous	9
excited	9
establish	9
escape	9
enjoyed	9
easily	9
dropped	9
drawn	9
drawers	9
dolls	9
different	9
courage	9
condition	9
coldly	9
claims	9
chairs	9
capital	9
burden	9
bought	9
bo	9
australia	9
arrived	9
around	9
arc	9
advice	9
across	9
writer	8
water	8
watched	8
watch	8
waited	8
thereabouts	8
succession	8
stronger	8
spoken	8
someone	8
sign	8
sight	8
shoulders	8
shortly	8
ship	8
share	8
seventy	8
school	8
safe	8
rule	8
roof	8
reputation	8
reply	8
renounced	8
religious	8
recovered	8
recognise	8
r	8
promised	8
produced	8
principal	8
preserved	8
possessed	8
policeman	8
pointed	8
pipe	8
piano	8
old-fashioned	8
odd	8
observed	8
observe	8
news	8
nervous	8
matters	8
masterful	8
m.d	8
lucky	8
locked	8
likeness	8
level	8
king	8
key	8
increased	8
ignorant	8
husbands	8
horrible	8
hang	8
handsome	8
ghost	8
george	8
generations	8
food	8
follows	8
following	8
fathers	8
eyed	8
experience	8
entertainment	8
engaged	8
echoed	8
eat	8
e	8
dust	8
during	8
drink	8
dignity	8
destroyed	8
desired	8
crying	8
cribs	8
continually	8
consequences	8
consent	8
concern	8
comfortable	8
comes	8
clerks	8
clasped	8
clapped	8
claimant	8
chose	8
chief	8
carefully	8
cared	8
buried	8
break	8
blessings	8
bis	8
below	8
bell	8
awful	8
assumed	8
approval	8
appear	8
ancestry	8
amuse	8
alike	8
acknowledged	8
accustomed	8
absolutely	8
^	8
writing	7
wept	7
weak	7
warm	7
wanting	7
wake	7
visit	7
value	7
usual	7
tied	7
throw	7
thousands	7
thirty	7
sympathy	7
surprise	7
surely	7
summer	7
suggested	7
suffering	7
successor	7
striking	7
strangely	7
stone	7
starved	7
stands	7
south	7
softly	7
situation	7
simply	7
silver	7
silk	7
shutters	7
shows	7
shoulder	7
shock	7
shadow	7
settle	7
service	7
seldom	7
seized	7
saving	7
sadness	7
rolled	7
resolute	7
research	7
reported	7
repentance	7
release	7
recognised	7
quick	7
proper	7
prayed	7
possibility	7
possibilities	7
pocket	7
pleased	7
plate	7
plainly	7
pity	7
pinker	7
personal	7
paragraph	7
palace	7
outlived	7
origin	7
openly	7
occupied	7
noise	7
nephews	7
neck	7
necessity	7
near	7
nature	7
narrow	7
moved	7
move	7
moth	7
moments	7
miserly	7
met	7
meaning	7
loved	7
lose	7
lies	7
laughing	7
kinds	7
keeping	7
joy	7
invited	7
inquiry	7
innocent	7
housekeeper	7
hoped	7
hold	7
hell	7
heavy	7
happier	7
gutter	7
greatly	7
grandchildren	7
generous	7
general	7
gaunt	7
garret	7
furnished	7
fresh	7
free	7
flat	7
flames	7
fit	7
firm	7
finished	7
features	7
faith	7
evil	7
endure	7
ended	7
employed	7
eighteenth	7
eaten	7
earth	7
due	7
dreamed	7
document	7
dives	7
distress	7
distinction	7
disgraceful	7
discussion	7
disappeared	7
descended	7
cruel	7
criminals	7
contained	7
considerable	7
colonial	7
coat	7
closely	7
clergyman	7
cleaned	7
circumstances	7
choice	7
chest	7
cheerfulness	7
chaptee	7
carpet	7
calls	7
calling	7
broke	7
boxes	7
blame	7
birth	7
bedroom	7
badly	7
b	7
armchair	7
apparently	7
advanced	7
act	7
acknowledge	7
according	7
?'	7
zealanders	6
you're	6
you'll	6
wore	6
wondering	6
wo	6
windfalls	6
windfall	6
well-known	6
we'll	6
vulgar	6
vices	6
vengeance	6
various	6
vanished	6
upright	6
unto	6
unlucky	6
twilight	6
tom	6
today	6
thinks	6
theatre	6
tables	6
swept	6
suspicion	6
supposed	6
sunshine	6
succeed	6
stuck	6
strongly	6
strength	6
sterling	6
started	6
stage	6
sprang	6
splendid	6
space	6
soft	6
signs	6
sigh	6
shares	6
settler	6
september	6
sank	6
sang	6
running	6
row	6
road	6
rid	6
richer	6
retired	6
restless	6
resolution	6
renounce	6
reminded	6
regards	6
regarded	6
refused	6
reasonable	6
reality	6
rate	6
raised	6
quarter	6
pull	6
profligate	6
prodigal	6
presence	6
powers	6
points	6
pocketbook	6
perceived	6
paused	6
park	6
paintings	6
painter	6
outward	6
ordered	6
opportunity	6
occasion	6
obliged	6
o'clock	6
o	6
number	6
notorious	6
nonsense	6
nice	6
necessary	6
merchant	6
members	6
meekly	6
material	6
marked	6
manners	6
madman	6
luck	6
lou	6
liked	6
lent	6
leaving	6
laughter	6
lad	6
kill	6
k.c.m.g	6
job	6
j	6
iron	6
interested	6
intelligence	6
instead	6
inside	6
idea	6
humble	6
horrid	6
honour	6
highwayman	6
hereditary	6
harvest	6
happens	6
h	6
guineas	6
guess	6
ground	6
grandfathers	6
gloom	6
getting	6
gazing	6
gaming	6
funeral	6
founder	6
fortunate	6
fork	6
forebodings	6
flock	6
fireplace	6
finding	6
finally	6
fast	6
faced	6
eye	6
expenses	6
excellent	6
examined	6
eoyal	6
eleven	6
ease	6
earlier	6
eager	6
duty	6
drove	6
drawing	6
drank	6
dot	6
disgrace	6
disasters	6
differently	6
dad	6
curtains	6
cost	6
containing	6
conducted	6
concluded	6
compensation	6
committed	6
commit	6
comfortably	6
comfort	6
club	6
climbed	6
clean	6
certificates	6
career	6
captain	6
cab	6
brow	6
britain	6
brief	6
breath	6
brass	6
branches	6
borrowed	6
borrow	6
bible	6
belonging	6
awakened	6
average	6
avarice	6
attempted	6
assistance	6
arrive	6
arm	6
although	6
allowed	6
ah	6
acted	6
acquired	6
accident	6
accept	6
abroad	6
..,	6
..	6
york	5
yellow	5
y	5
wits	5
whisper	5
warnings	5
w	5
vulgarity	5
visitor	5
visited	5
visions	5
visible	5
victoria	5
verdict	5
useless	5
unfolded	5
unable	5
type	5
tyburn	5
turning	5
touched	5
title	5
tired	5
thrown	5
thin	5
theory	5
theirs	5
terrors	5
terms	5
surprised	5
sung	5
sums	5
succeeded	5
stiff	5
stepping	5
steady	5
state	5
start	5
stair	5
spelling	5
somewhat	5
solicitors	5
sole	5
sofa	5
social	5
smiling	5
showing	5
shivered	5
shelf	5
shawl	5
sharply	5
sharp	5
served	5
servant	5
separated	5
sentiment	5
seeing	5
searching	5
scrap	5
saved	5
satisfaction	5
sacred	5
s	5
roughly	5
rosy	5
robbed	5
rightly	5
respectability	5
residence	5
report	5
rent	5
remind	5
religion	5
registers	5
register	5
realise	5
reach	5
rags	5
quietly	5
prospect	5
proprietor	5
produce	5
prince	5
pretend	5
presented	5
poured	5
post	5
plenty	5
pleasure	5
piled	5
piccadilly	5
philosophy	5
perceive	5
passage	5
pass	5
party	5
panels	5
occurred	5
nurse	5
nodded	5
nights	5
nieces	5
nephew	5
needlework	5
mulberry	5
mounted	5
month	5
modest	5
mo	5
miss	5
miracle	5
midst	5
mentioned	5
maniac	5
managed	5
magnificent	5
machinery	5
loving	5
loss	5
literary	5
link	5
lines	5
likenesses	5
legs	5
legal	5
lawful	5
latest	5
land	5
knife	5
kitchen	5
kingdom	5
jumped	5
joyousness	5
jokes	5
join	5
jemmy	5
invisible	5
investments	5
intestate	5
including	5
impatiently	5
hush	5
humbly	5
human	5
household	5
hospitals	5
honest	5
holes	5
hers	5
heiress	5
he's	5
he'd	5
harm	5
hardness	5
handkerchief	5
habit	5
grows	5
group	5
good-looking	5
glory	5
gives	5
genealogist	5
gazed	5
gasped	5
gallery	5
gallant	5
frock	5
foundations	5
foundation	5
forgery	5
force	5
footsteps	5
folly	5
fled	5
finds	5
figure	5
fight	5
fields	5
fellows	5
fate	5
fame	5
false	5
falls	5
faint	5
extraordinary	5
extent	5
explain	5
expectancy	5
events	5
entered	5
enormously	5
effect	5
eemember	5
editor	5
driven	5
drive	5
dresses	5
dreaming	5
dragged	5
dozen	5
documents	5
distinguished	5
disgraced	5
discover	5
disappointment	5
disappointed	5
disagreeable	5
diningroom	5
dingy	5
difference	5
descent	5
descend	5
delays	5
deeply	5
decorated	5
de	5
darkness	5
dangerous	5
d	5
curtain	5
cure	5
crusts	5
crib	5
creature	5
counting	5
convinced	5
contempt	5
considering	5
connexions	5
conduct	5
completely	5
cold	5
climb	5
circle	5
chin	5
cheap	5
charming	5
champagne	5
cashier	5
carriage	5
cares	5
card	5
build	5
british	5
bread	5
boundless	5
bookcase	5
body	5
blow	5
begins	5
becoming	5
bacillus	5
author	5
asks	5
aside	5
army	5
arise	5
argument	5
approve	5
amount	5
alive	5
agitated	5
affections	5
adviser	5
advertisement	5
admitted	5
address	5
accursed	5
accumulated	5
\iargaret	5
♦	4
■'	4
yourselves	4
ye	4
yard	4
worn	4
won	4
wig	4
wholly	4
whither	4
weeping	4
weep	4
wasted	4
virtue	4
villain	4
verses	4
verse	4
vanity	4
unusual	4
universal	4
undertake	4
uke	4
troubles	4
trembled	4
tremble	4
treasure	4
transformed	4
touching	4
tonight	4
throat	4
thoughtfully	4
thou	4
thick	4
tha	4
telling	4
teach	4
swear	4
suspected	4
survive	4
supper	4
superstitions	4
supernatural	4
stuff	4
student	4
store	4
stocks	4
stick	4
stayed	4
stated	4
staring	4
spiritual	4
spindle	4
spends	4
spectator	4
speaker	4
sort	4
solemn	4
sold	4
slight	4
slept	4
sleeping	4
sky	4
skeleton	4
sixteen	4
singer	4
shillings	4
sheet	4
shaky	4
shaken	4
several	4
seriously	4
seeking	4
security	4
secrets	4
seat	4
sea	4
scornfully	4
satisfy	4
safely	4
rolling	4
rocks	4
robbery	4
ring	4
rhyme	4
reward	4
reverend	4
revenge	4
revelations	4
revelation	4
responsible	4
respects	4
resemblances	4
requires	4
reproach	4
reporter	4
repeat	4
remembers	4
related	4
regard	4
referred	4
recover	4
recently	4
recall	4
realised	4
rare	4
rapidly	4
raise	4
pursued	4
purposes	4
punishment	4
publicity	4
prospered	4
properly	4
promising	4
profits	4
printed	4
priest	4
price	4
prettier	4
presents	4
prayer	4
practised	4
pound	4
postman	4
possess	4
portion	4
popular	4
poetical	4
pious	4
pinnacle	4
pieces	4
picked	4
persuaded	4
permission	4
pen	4
patients	4
partnership	4
parents	4
parentage	4
paragraphs	4
panel	4
pair	4
packet	4
oxford	4
offered	4
offer	4
offended	4
nobility	4
niece	4
neglected	4
nearest	4
mustn't	4
musical	4
murder	4
moving	4
mountain	4
moonlight	4
misers	4
misdeeds	4
midnight	4
mental	4
meeting	4
meet	4
meditation	4
mechanical	4
marries	4
mantelshelf	4
mantel	4
majesty	4
maidens	4
maiden	4
maggie	4
lowest	4
lots	4
lords	4
literature	4
lit	4
linger	4
limits	4
limited	4
lights	4
lifelong	4
lest	4
lend	4
leaned	4
lead	4
landed	4
knoav	4
kiss	4
kindly	4
kerb	4
keen	4
japhet	4
jack	4
ireland	4
investigate	4
invent	4
interfere	4
intended	4
intellectual	4
intellect	4
innocence	4
iniquities	4
informed	4
information	4
increase	4
imagined	4
illustration	4
ill-gotten	4
hymn	4
hunt	4
humility	4
huge	4
hours	4
hitherto	4
highway	4
hid	4
hesitation	4
helped	4
hate	4
harmony	4
hangings	4
handwriting	4
handle	4
grubber	4
grown	4
grin	4
grief	4
grasp	4
gradually	4
gracious	4
goodness	4
glorious	4
glass	4
gifts	4
gift	4
gamblers	4
gallows	4
fruit	4
frightened	4
founded	4
former	4
forger	4
forefinger	4
forced	4
flushed	4
fireside	4
fired	4
finger	4
fender	4
female	4
feels	4
feebly	4
faster	4
farther	4
falling	4
ezekiel	4
eyebrows	4
extremely	4
extreme	4
experienced	4
expectant	4
excitement	4
examine	4
evidently	4
eoyalty	4
entirely	4
enjoys	4
engineer	4
elderly	4
effort	4
edward	4
edge	4
ears	4
earls	4
eagerly	4
dying	4
duke	4
drop	4
draw	4
doubtful	4
double	4
disturbed	4
distant	4
disreputable	4
disinherited	4
disgust	4
direct	4
difficulty	4
difficulties	4
dies	4
destroy	4
desk	4
deserted	4
descendant	4
delightful	4
delicate	4
delay	4
deeper	4
decided	4
deceive	4
customary	4
custom	4
curiously	4
creeper	4
created	4
conversation	4
contrary	4
contents	4
content	4
consult	4
consolation	4
connecting	4
congratulate	4
confidence	4
compound	4
companions	4
command	4
comedy	4
coloured	4
colossal	4
colony	4
coal	4
closer	4
cloister	4
clifford	4
cleared	4
civil	4
circles	4
churches	4
chiefly	4
cheek	4
charged	4
changing	4
chambers	4
certainty	4
cathedral	4
cast	4
carved	4
carries	4
carelessly	4
careful	4
cap	4
calm	4
butterfly	4
busy	4
burst	4
builder	4
bristol	4
bouse	4
bonnet	4
bones	4
bond	4
boast	4
blue	4
blessing	4
belongs	4
begun	4
beg	4
beauty	4
beastly	4
barons	4
bankrupt	4
band	4
baking	4
bag	4
attractive	4
attitude	4
attend	4
attempt	4
astonishment	4
assurance	4
assistant	4
assist	4
assembled	4
aspect	4
artistic	4
apart	4
annual	4
announced	4
amusement	4
amazement	4
amassed	4
alas	4
agree	4
aged	4
agatha	4
affairs	4
advise	4
addressed	4
action	4
accepted	4
abandon	4
wretch	3
wrapped	3
worship	3
worked	3
wondered	3
witness	3
withdraw	3
wishes	3
wished	3
wiser	3
wine	3
wild	3
wigs	3
widow	3
whispers	3
welcomed	3
weight	3
weather	3
wealthy	3
watching	3
warned	3
warmed	3
wainscoted	3
vou	3
veres	3
ventured	3
venture	3
vainglory	3
useful	3
untold	3
unsuspected	3
unspeakable	3
unmistakable	3
unlike	3
unjust	3
undertaker	3
understanding	3
uncles	3
uncertain	3
ugly	3
u	3
twist	3
turns	3
truly	3
trifle	3
trick	3
trembling	3
treatment	3
treated	3
treat	3
traditions	3
tlio	3
timidly	3
tiled	3
throws	3
throwing	3
thrift	3
thirsty	3
they're	3
they'll	3
theatrical	3
thankful	3
testament	3
tavern	3
tatters	3
taste	3
tale	3
swagger	3
suspense	3
surprising	3
surname	3
supposing	3
sufferings	3
submission	3
students	3
strictest	3
stricken	3
strengthened	3
strangers	3
stooped	3
statesman	3
states	3
statement	3
startled	3
stared	3
staff	3
spring	3
spoiled	3
spell	3
speculations	3
spectacles	3
specially	3
spare	3
sound	3
sorts	3
sooner	3
sobbed	3
smug	3
smooth	3
smiles	3
smart	3
slums	3
slender	3
sinners	3
sinned	3
singular	3
singing	3
sinful	3
signed	3
sides	3
shuddered	3
shrink	3
shrank	3
shouldn't	3
shorthand	3
shop	3
she'd	3
shared	3
shape	3
seventeen	3
servants	3
separate	3
sentenced	3
selfishness	3
sees	3
secretaries	3
secondly	3
season	3
scruples	3
scrape	3
schemes	3
scattered	3
scandal	3
sarcastic	3
saloons	3
sadly	3
rubbish	3
romantic	3
roll	3
roguery	3
robbing	3
rivals	3
rings	3
ringing	3
rightful	3
ridiculous	3
riches	3
reveal	3
returns	3
returning	3
retire	3
retail	3
resume	3
result	3
restraint	3
reserve	3
resembles	3
resembled	3
resemble	3
researches	3
require	3
representing	3
repeating	3
remembering	3
relieve	3
relief	3
relation	3
rejoice	3
recorded	3
reckon	3
receive	3
reader	3
quarrelled	3
puts	3
pure	3
pulse	3
published	3
publish	3
psychological	3
provided	3
proverb	3
protect	3
propped	3
proposed	3
proportions	3
prolong	3
project	3
profitably	3
profit	3
producing	3
proceed	3
pretensions	3
pretending	3
pretended	3
pressed	3
press	3
preserve	3
premier	3
prejudice	3
precious	3
praying	3
powerful	3
pour	3
port	3
pointing	3
poetry	3
plebeian	3
plans	3
pinched	3
pillar	3
piece	3
picturesque	3
physical	3
perpetual	3
period	3
perfect	3
pens	3
pence	3
peer	3
pedigree	3
peace	3
pause	3
passion	3
passing	3
passed	3
parted	3
parliament	3
parent	3
pages	3
pace	3
oyez	3
overlooked	3
outset	3
orgies	3
opening	3
op	3
older	3
oil	3
obscurity	3
november	3
notice	3
notes	3
noted	3
noav	3
nine	3
nerves	3
nelly	3
neglect	3
needs	3
necessarily	3
nay	3
national	3
nation	3
nasty	3
n	3
murmur	3
multitudes	3
multiplied	3
motives	3
mostly	3
moreover	3
monument	3
moneylending	3
model	3
mistaken	3
minute	3
miniature	3
minded	3
millionaire	3
miles	3
mend	3
member	3
meekness	3
meek	3
meditate	3
medical	3
meanwhile	3
meanest	3
matron	3
martyr	3
marian	3
maria	3
march	3
mankind	3
maintained	3
main	3
maid	3
madam	3
lowered	3
loveless	3
losing	3
lofty	3
lodging	3
locks	3
lock	3
list	3
lingers	3
lincoln	3
limner	3
limitations	3
lift	3
levels	3
leg	3
leather	3
leaders	3
latter	3
latin	3
lately	3
lasted	3
larger	3
lands	3
lancaster	3
lace	3
knowing	3
knees	3
kidnapped	3
kicked	3
keys	3
june	3
jump	3
judge	3
joyful	3
journals	3
iu	3
island	3
ir	3
invested	3
invest	3
invention	3
interests	3
insult	3
instantly	3
inspired	3
inquire	3
inn	3
initials	3
iniquity	3
infamous	3
independent	3
independence	3
improbable	3
immediately	3
imagine	3
illustrious	3
i'd	3
hysterical	3
hurt	3
hunting	3
hunger	3
hump	3
humanity	3
hourly	3
hoping	3
hopes	3
holding	3
hide	3
hidden	3
helpless	3
heen	3
hearts	3
hearthrug	3
hearing	3
heaps	3
heap	3
headache	3
haunts	3
hateful	3
hated	3
harder	3
haired	3
guard	3
grovelling	3
greek	3
greatness	3
granted	3
granduncle	3
grandsons	3
grandmothers	3
grandeur	3
granddaughter	3
gotten	3
goodbye	3
gods	3
gloomy	3
gilt	3
giddiness	3
ghostly	3
gh	3
gesture	3
german	3
gently	3
gaze	3
gathering	3
freedom	3
fraud	3
france	3
fourth	3
fourteen	3
formed	3
forgot	3
forged	3
foretell	3
follies	3
folk	3
flowers	3
floating	3
flight	3
fixed	3
firelight	3
fill	3
fighting	3
fifty-five	3
fever	3
farthing	3
familiar	3
failure	3
faded	3
factory	3
f.r.s	3
expressed	3
explanation	3
expecting	3
exists	3
executed	3
ex	3
everywhere	3
evenings	3
escheated	3
equally	3
enter	3
enjoyment	3
enjoying	3
englishman	3
engines	3
engine	3
engagements	3
ends	3
endowments	3
endowment	3
endowed	3
endow	3
encouraging	3
emotions	3
emotion	3
emigrated	3
embarkation	3
embark	3
element	3
education	3
educated	3
earl	3
dwell	3
drops	3
dropping	3
dread	3
drawer	3
drag	3
doubtless	3
domestic	3
division	3
disturb	3
distrait	3
dispute	3
disgraces	3
diseases	3
dirty	3
dirt	3
directions	3
direction	3
devoted	3
determined	3
destitute	3
destined	3
despite	3
desires	3
deserved	3
described	3
demanded	3
demand	3
declare	3
decide	3
debt	3
dears	3
dean	3
deacon	3
dates	3
dated	3
dared	3
dance	3
dainty	3
customs	3
curses	3
cursed	3
curled	3
curate	3
cup	3
critical	3
crisis	3
creatures	3
create	3
craving	3
cramped	3
covers	3
courts	3
county	3
council	3
correspond	3
coronet	3
copy	3
conviction	3
conveyed	3
continue	3
continual	3
contentment	3
console	3
consideration	3
confessed	3
condemned	3
concerned	3
con	3
compared	3
communication	3
commonly	3
commentary	3
commander	3
comforted	3
collection	3
coldest	3
cloud	3
clothed	3
cloisters	3
clock	3
client	3
claiming	3
chosen	3
choked	3
chloe	3
cheerfully	3
charity	3
charitable	3
charge	3
changes	3
centre	3
central	3
celebrated	3
cathie	3
castles	3
capable	3
candle	3
calculations	3
burning	3
burn	3
bundle	3
building	3
builders	3
browning	3
brown	3
brings	3
bringing	3
brave	3
bore	3
boots	3
bohemia	3
bogey	3
blood	3
blessed	3
blankets	3
blackness	3
bits	3
bereaved	3
benevolent	3
benches	3
belief	3
begging	3
bedside	3
bedrooms	3
bearing	3
baroness	3
baptism	3
babies	3
ba	3
awhile	3
avere	3
avent	3
attracted	3
attaching	3
assure	3
associations	3
assertion	3
asking	3
ashes	3
ascertained	3
ascertain	3
artist	3
arranging	3
arranged	3
arch	3
appetite	3
angry	3
ancestral	3
amazed	3
ahem	3
afford	3
advertise	3
advantage	3
advancing	3
advancement	3
admonition	3
administered	3
adjective	3
addition	3
add	3
actual	3
active	3
acting	3
accountants	3
accord	3
absurd	3
absorbed	3
absence	3
abandoned	3
--	3
you'd	2
yearn	2
yacht	2
xow	2
wrongs	2
wronged	2
wrecked	2
wrath	2
workmen	2
wonderfully	2
woke	2
witnesses	2
withdrew	2
witch	2
wit	2
wisely	2
wise	2
wiped	2
winced	2
willingly	2
willing	2
widower	2
whitewashed	2
whichever	2
wherever	2
whereas	2
whenever	2
wheels	2
west	2
welford	2
weed	2
wear	2
weakness	2
wdth	2
wbat	2
waved	2
washing	2
warmer	2
wandering	2
wander	2
walks	2
wales	2
waistcoat	2
wag	2
wafer	2
vurry	2
voyage	2
vows	2
vnw	2
vista	2
virginal	2
violin	2
vile	2
views	2
vice	2
vested	2
vessel	2
venerable	2
variety	2
valued	2
uttle	2
utmost	2
usurer	2
urging	2
upwards	2
upper	2
untouched	2
unmoved	2
unlooked-for	2
unlooked	2
unlikely	2
union	2
unfortunately	2
unexpectedly	2
unenviable	2
undoubtedly	2
undisturbed	2
undistinguished	2
undertaken	2
underground	2
undergraduate	2
unconscious	2
uncommon	2
uncomfortable	2
unclaimed	2
unbroken	2
twopenny	2
twice	2
twenty-two	2
twenty-three	2
twenty-one	2
tumbling	2
trying	2
trustee	2
trusted	2
truckle	2
troops	2
treasures	2
transportation	2
transparent	2
transgressions	2
transaction	2
tragedy	2
tradition	2
trades	2
trader	2
towards	2
touches	2
torn	2
topmost	2
topers	2
tliat	2
tips	2
tion	2
tin	2
timidity	2
timid	2
tilings	2
tightness	2
tie	2
thy	2
threatening	2
threatened	2
threaten	2
thoroughly	2
thirteen	2
thirst	2
thieves	2
they've	2
thesis	2
thames	2
tent	2
tenor	2
tender	2
tendencies	2
tenant	2
tempting	2
temper	2
teeth	2
teacher	2
tavo	2
taunted	2
task	2
taller	2
tackle	2
tablets	2
syllable	2
swiftly	2
swift	2
sweat	2
suspiciously	2
suspects	2
suspect	2
surrounded	2
superiority	2
sunlight	2
sundays	2
sulting	2
suited	2
suitable	2
suit	2
suggesting	2
successfully	2
substantial	2
subjects	2
stupid	2
studies	2
studied	2
strongest	2
stroke	2
string	2
stretched	2
stream	2
stranger	2
straightened	2
stoop	2
stones	2
stolen	2
stir	2
stigma	2
starving	2
starvation	2
stars	2
star	2
stank	2
stamped	2
stalls	2
staircase	2
squandered	2
squalid	2
spoons	2
spontaneously	2
spoil	2
splendours	2
spite	2
spiritually	2
spirits	2
sphere	2
spendthrift	2
speedily	2
speculative	2
special	2
spear	2
spanish	2
sour	2
sounded	2
souls	2
sorrowful	2
sordid	2
solitude	2
solid	2
solemnly	2
soldier	2
softening	2
softened	2
soften	2
societies	2
sobs	2
smith	2
smallpox	2
smallest	2
slum	2
sloping	2
slightly	2
slice	2
sleeves	2
skylarks	2
skill	2
size	2
sixpence	2
sinner	2
simultaneously	2
simulated	2
simplest	2
similar	2
signatures	2
sideways	2
sideboard	2
short-lived	2
shops	2
shirt	2
shining	2
shelves	2
sheets	2
sheep	2
sheaves	2
shaven	2
sharing	2
sharer	2
shakes	2
shade	2
sew	2
settlers	2
settlement	2
setting	2
sermon	2
serenely	2
separately	2
sends	2
sending	2
selling	2
selfish	2
secluded	2
sec	2
searched	2
screamed	2
scraping	2
scoff	2
schools	2
schoolfellow	2
scholar	2
scheme	2
samaria	2
sallied	2
saddened	2
ruining	2
royal	2
rough	2
root	2
romance	2
roaming	2
river	2
rising	2
risen	2
rheumatic	2
revolutions	2
reviews	2
revett	2
reverence	2
revealed	2
retreat	2
restored	2
rested	2
responsibility	2
resign	2
reserved	2
requiring	2
required	2
representatives	2
repose	2
replace	2
repentant	2
repeats	2
repaired	2
renewed	2
removed	2
remnants	2
remark	2
relieved	2
relics	2
relentless	2
rejected	2
regular	2
regretting	2
regret	2
region	2
regilt	2
refuses	2
refusal	2
reflection	2
reference	2
reeled	2
recovery	2
records	2
recollection	2
recollect	2
recognition	2
reckoned	2
recesses	2
recent	2
receiving	2
receives	2
recalled	2
reap	2
readily	2
readers	2
rarely	2
ranks	2
rank	2
raking	2
raked	2
railway	2
ragged	2
rage	2
race	2
quieter	2
questioned	2
quarters	2
quantity	2
qualities	2
quack	2
pyramid	2
putting	2
pushed	2
pursuit	2
purse	2
purple	2
puritan	2
purchase	2
punished	2
punch	2
providing	2
providence	2
proves	2
protestantism	2
prosperous	2
prose	2
prophetic	2
prophetess	2
prophecy	2
pronounced	2
prolonged	2
projecting	2
progenitors	2
profoundly	2
profound	2
profligates	2
professed	2
proclaimed	2
proclaim	2
probable	2
prize	2
privations	2
prisoner	2
print	2
primrose	2
prevent	2
prevailed	2
pretender	2
pretences	2
presumption	2
presumably	2
prescription	2
preparing	2
prejudices	2
prefer	2
predecessor	2
preaches	2
prays	2
practises	2
pounced	2
poster	2
possessor	2
portly	2
polly	2
politics	2
polite	2
pole	2
poetically	2
pleasures	2
pleasing	2
pleases	2
player	2
plan	2
pitiless	2
pities	2
pitiable	2
pipes	2
pinch	2
pillows	2
physicians	2
photographs	2
philanthropy	2
phenomenon	2
pew	2
personally	2
persistence	2
perpetually	2
permitted	2
pearl	2
pauperise	2
path	2
passengers	2
parts	2
parsimony	2
paring	2
parcel	2
paradise	2
parade	2
painters	2
painful	2
p	2
owned	2
outsiders	2
ou	2
orders	2
opinions	2
opens	2
odds	2
oddly	2
occupies	2
occupants	2
occasions	2
occasionally	2
obvious	2
oblivion	2
objects	2
objected	2
obedience	2
oavn	2
nymphs	2
nymph	2
nurses	2
nunnery	2
nun	2
numbered	2
novels	2
nose	2
noon	2
nonexistent	2
nobler	2
nightly	2
nigh	2
nie	2
nick	2
neighbours	2
needlewoman	2
needless	2
native	2
narrative	2
namely	2
nameless	2
nails	2
nail	2
nabob	2
mystery	2
mysterious	2
murmurs	2
mud	2
moustache	2
mount	2
mould	2
mortgage	2
morbid	2
morality	2
moralist	2
moral	2
moody	2
mood	2
monstrous	2
monk	2
monastery	2
modesty	2
mmd	2
mixed	2
misunderstand	2
mistake	2
misgivings	2
miseries	2
mischievous	2
mischief	2
miracles	2
minister	2
minds	2
mighty	2
methusalem	2
metbusclam	2
melancholy	2
mc	2
mattress	2
mattered	2
massachusetts	2
marylebone	2
marks	2
mark	2
marion	2
manhood	2
management	2
makers	2
maker	2
maintain	2
maids	2
magnitude	2
magazines	2
machine	2
lucrative	2
loud	2
lottery	2
losses	2
looldng	2
lonely	2
lodgings	2
loan	2
limbs	2
liis	2
lightly	2
lightened	2
library	2
letting	2
lessons	2
lesson	2
lesser	2
lessee	2
lengthened	2
lenders	2
leisure	2
legitimately	2
lecture	2
lease	2
lean	2
lazarus	2
laughlit	2
lastly	2
lapsed	2
language	2
landlord	2
lamented	2
lamentable	2
lament	2
labours	2
labour	2
laboratory	2
koyal	2
knock	2
kinship	2
kings	2
kin	2
killing	2
kettle	2
keeper	2
k.c.b	2
justice	2
juncture	2
jumpy	2
jumping	2
journey	2
journalists	2
jewels	2
jet	2
jest	2
jacket	2
ith	2
it'll	2
islands	2
invitation	2
investigations	2
investigation	2
invented	2
interviewers	2
intervals	2
intend	2
intelligent	2
instruments	2
institutions	2
inquired	2
inmate	2
injustice	2
inform	2
influence	2
inflict	2
infants	2
infant	2
industry	2
induce	2
indirectly	2
indifferent	2
indicated	2
india	2
incredible	2
include	2
incapable	2
inability	2
improvised	2
impression	2
imperfect	2
impatient	2
imaginative	2
imaginary	2
illegitimate	2
iiow	2
ihave	2
ignoble	2
ie	2
idle	2
ia	2
hypocrite	2
hypochondriac	2
hut	2
hurts	2
humph	2
humiliation	2
hot	2
horse	2
horror	2
horribly	2
hoops	2
honoured	2
holy	2
hollow	2
hob	2
hitch	2
historiographer	2
historical	2
hissing	2
hire	2
highly	2
heredity	2
henery	2
henceforth	2
hells	2
heiresses	2
hears	2
healthy	2
health	2
haunted	2
haste	2
hasn't	2
hardest	2
hapless	2
haggard	2
habitable	2
guinea	2
guilty	2
guest	2
guessed	2
guarded	2
grumbled	2
grumble	2
grub	2
growing	2
groans	2
grievous	2
greed	2
gratefully	2
grate	2
grass	2
grapes	2
grandniece	2
grammars	2
gown	2
government	2
gorgeous	2
goose	2
gnawed	2
glow	2
gloves	2
glorified	2
gloomily	2
gleam	2
glasses	2
gentry	2
gentlefolk	2
genius	2
genealogists	2
gear	2
gasp	2
gas	2
garrets	2
gardens	2
gaping	2
gamester	2
gained	2
g	2
fuss	2
fun	2
fuller	2
frocks	2
fringe	2
frighten	2
frequented	2
freely	2
fraction	2
fountain	2
forwards	2
fortyfive	2
fortress	2
formal	2
forgiven	2
forge	2
forces	2
football	2
foot	2
foolscap	2
foolishness	2
fool	2
fly	2
flood	2
flashed	2
flame	2
fitting	2
fitted	2
finishes	2
finish	2
finest	2
finer	2
finch	2
fifth	2
fifteen	2
fiercer	2
fiercely	2
fenced	2
fellowship	2
feather	2
feast	2
fears	2
feared	2
favour	2
fatal	2
fat	2
farewell	2
falsehood	2
faithful	2
fairy	2
fairly	2
fairies	2
fainted	2
fain	2
fails	2
failed	2
factor	2
f	2
extracted	2
extra	2
extend	2
exposed	2
explains	2
exile	2
exchange	2
example	2
evident	2
evidences	2
everyone	2
evangelist	2
evaded	2
european	2
establishes	2
essentials	2
essentially	2
erect	2
ere	2
envy	2
envelope	2
entitled	2
entertainments	2
entertained	2
entertain	2
enriched	2
engravings	2
englishwoman	2
engineering	2
energy	2
endured	2
endurance	2
endeavour	2
eminent	2
embers	2
electricity	2
eighteen	2
eich	2
egyptian	2
effected	2
ed	2
echo	2
eather	2
easiest	2
earthquakes	2
earnest	2
ear	2
eady	2
dwelling	2
dutch	2
drury-lane	2
dressing	2
dreamy	2
dramatist	2
doors	2
doomed	2
doll	2
dogmatically	2
dog	2
documentary	2
doctors	2
docs	2
dizzy	2
divined	2
divine	2
diverted	2
ditch	2
distinguish	2
distance	2
disposition	2
disposed	2
displeasure	2
displayed	2
display	2
dismantled	2
dislike	2
discoveries	2
disclose	2
directly	2
dire	2
dignified	2
differences	2
diamonds	2
devils	2
developments	2
developed	2
detestable	2
determination	2
details	2
detail	2
destroying	2
desperate	2
despair	2
desiring	2
desirable	2
designs	2
design	2
desert	2
descents	2
derision	2
depths	2
depend	2
deny	2
den	2
degree	2
definitely	2
definite	2
default	2
declared	2
decision	2
deception	2
debts	2
deathbed	2
dearest	2
daylight	2
darkened	2
danger	2
dane	2
danced	2
damn	2
daisies	2
dagger	2
dado	2
curtsied	2
current	2
cupboards	2
culture	2
cultivated	2
crushing	2
crowd	2
crooked	2
crockford	2
critically	2
crimson	2
crimes	2
cremated	2
cowper	2
cousinship	2
couple	2
countess	2
counter	2
cottage	2
costs	2
corridor	2
corresponds	2
corners	2
coral	2
copper	2
copies	2
cool	2
convincing	2
conventional	2
control	2
continues	2
contemplate	2
contains	2
consulted	2
consisting	2
considers	2
conscious	2
conscience	2
conjecture	2
confidential	2
confessor	2
confession	2
condolence	2
condescension	2
conclude	2
concerns	2
conceit	2
concealed	2
compromise	2
completed	2
competence	2
compatriots	2
companion	2
communicated	2
communicate	2
commandment	2
comers	2
comediettas	2
colonies	2
colleges	2
collar	2
coincidences	2
clumsy	2
cling	2
cleverer	2
clay	2
classes	2
claret	2
clad	2
choir	2
chins	2
childless	2
childhood	2
cheese	2
checked	2
chatter	2
chase	2
charities	2
characters	2
characteristic	2
chaplain	2
chapel	2
chained	2
cessation	2
cent	2
cecils	2
ceased	2
cease	2
cattle	2
casts	2
cash	2
cases	2
carrying	2
carpets	2
careless	2
canvases	2
canvas	2
canons	2
callings	2
cad	2
bygones	2
buying	2
butchers	2
bustled	2
bullied	2
bulges	2
buildings	2
buckingham	2
broader	2
brighter	2
brightening	2
brig	2
briefly	2
bride	2
breathlessly	2
breathed	2
breathe	2
bloom	2
blinded	2
blaze	2
blamed	2
bitter	2
bishops	2
biological	2
binds	2
binding	2
biggest	2
bid	2
bereavement	2
belongings	2
beloav	2
belle	2
believing	2
believes	2
behoves	2
behold	2
begs	2
begged	2
bedstead	2
beds	2
beating	2
beat	2
beard	2
basket	2
basest	2
based	2
bartered	2
baronet	2
bare	2
bankruptcy	2
bank	2
banged	2
ball	2
bakers	2
bade	2
bacon	2
backwards	2
backs	2
awoke	2
aware	2
awaken	2
avould	2
avoid	2
averted	2
ave	2
avay	2
avant	2
autumnal	2
audience	2
au	2
attic	2
attended	2
attached	2
atmosphere	2
astonishing	2
astonished	2
asthma	2
assured	2
ash	2
ascents	2
articles	2
arose	2
aright	2
arguments	2
arched	2
apron	2
approach	2
appearances	2
appeal	2
apparent	2
annals	2
animation	2
animated	2
anew	2
amusing	2
amuser	2
ample	2
ambition	2
altered	2
almighty	2
alleged	2
alarmed	2
airy	2
aims	2
ail	2
aiid	2
agreement	2
agreed	2
agony	2
ages	2
affection	2
affected	2
affect	2
aesthetic	2
advised	2
adventure	2
adorned	2
admonitions	2
admit	2
administrators	2
administrator	2
adam	2
acquire	2
achieve	2
accomplished	2
accompanied	2
accede	2
abundantly	2
abundant	2
absorbing	2
absolute	2
absalom	2
ability	2
aavay	2
^yhat	2
^,	2
\iy	2
\	2
<	2
.:	2
'.	2
',	2
&	2
"'	2
!"	2
■^	1
•svork	1
•i've	1
•?	1
«	1
~	1
}■	1
},	1
{:	1
zealous	1
zealot	1
zealander	1
yoursek	1
yon	1
yomig	1
yom'self	1
yom	1
yoit	1
yoiith	1
yellowish	1
yawned	1
yawn	1
ya	1
xxxvni	1
xni	1
xcw	1
x^ossessed	1
wtoto	1
wtis	1
wrung	1
wrongfully	1
writings	1
writes	1
writers	1
wrinkles	1
wrinkled	1
wrinkle	1
wriggle	1
wretches	1
wretchedness	1
wreck	1
worthy	1
worthier	1
worships	1
worry	1
workmanship	1
wordy	1
woods	1
wood	1
wont	1
wonderingly	1
womanly	1
woidd	1
woeii	1
woe	1
wliore	1
wlio	1
withdraws	1
withdrawn	1
withal	1
witches	1
wishing	1
wisest	1
wisdom	1
wisconsin	1
wiping	1
winter	1
wingless	1
wines	1
wind	1
wilt	1
wills	1
willingness	1
willbe	1
wilful	1
wildfire	1
wield	1
widows	1
widest	1
widen	1
wickedly	1
wi	1
whoso	1
whore	1
whomsoever	1
wholesome	1
wholesale	1
whole^the	1
who've	1
whitewasher	1
whit	1
whip	1
whine	1
whim	1
wherein	1
where'd	1
whence	1
wheel	1
whea	1
whe	1
whatsoever	1
whackery	1
well-being	1
welcoming	1
weird	1
weighed	1
weigh	1
weelcs	1
weekly	1
weedy	1
wedlock	1
weddings	1
wedding	1
wears	1
wearily	1
weapon	1
weakest	1
weakens	1
weakening	1
we're	1
wdll	1
wdiole	1
wdio	1
wc	1
wbo	1
waxed	1
wax	1
waving	1
watli	1
waters	1
watchmg	1
watches	1
waste	1
warships	1
warmth	1
war	1
wantons	1
wandered	1
wand	1
waking	1
waits	1
wainscotted	1
wainscot	1
wagon	1
wages	1
wading	1
w^ouldn't	1
vui	1
vrith	1
vom	1
volumes	1
volume	1
vnth	1
viz	1
vividly	1
vivid	1
vivers	1
vivacious	1
vitiation	1
vitiate	1
vitals	1
visits	1
visitors	1
visiting	1
visitations	1
visitation	1
viscounts	1
virtuous	1
virtues	1
virginian	1
virginia	1
violently	1
vindictively	1
villains	1
villainous	1
village	1
vie	1
victims	1
victim	1
vicar	1
vhi	1
vexed	1
vertical	1
verstegan	1
veritable	1
verily	1
verbal	1
verandah	1
vera	1
ver	1
venturesome	1
velvet	1
vegetables	1
ve	1
varying	1
variously	1
varies	1
varied	1
variant	1
vapjety	1
vanish	1
vanderbilts	1
valuation	1
valuable	1
vakiable	1
vain	1
vague	1
vagabond	1
v>^ho	1
v/orldthat	1
uves	1
uved	1
uttermost	1
utterly	1
usury	1
usurers	1
usually	1
using	1
uses	1
usefully	1
upward	1
uplifting	1
upholstered	1
uphill	1
uot	1
unworthily	1
unwilling	1
unwieldy	1
unwashed	1
unvarying	1
untie	1
unsuspecting	1
unsuccessful	1
unsubstantial	1
unsoundness	1
unshaken	1
unsettling	1
unscientific	1
unrivalled	1
unrighteous	1
unrelenting	1
unreason	1
unpublished	1
unprinted	1
unprincipled	1
unpacked	1
unopened	1
unnoticed	1
unmistakably	1
unmindful	1
unmerited	1
unmarried	1
unlooi	1
unlocked	1
unlikeness	1
units	1
unia'erse	1
unholy	1
unheeded	1
unheard	1
unhappiness	1
unhappily	1
unhampered	1
unfit	1
unfinished	1
unfelt	1
unexpectedness	1
undoubted	1
undo	1
undisputed	1
undiscovered	1
undesirably	1
underwood	1
undertook	1
understands	1
underpaid	1
undecided	1
uncultivated	1
unconsciously	1
unconnected	1
unclouded	1
uncleaned	1
uncivilised	1
uncertainty	1
uncanny	1
unbuttoned	1
unbounded	1
unborn	1
unboimded	1
unbidden	1
unbalanced	1
unavoidable	1
unanswered	1
unanimously	1
unaccustomed	1
unaccountable	1
umbrella	1
umbrageous	1
ui^on	1
udll	1
ud	1
typewriter	1
twopence	1
twitching	1
twitched	1
twitch	1
twinkling	1
twenty-four	1
twenty-five	1
twenties	1
tweeds	1
twcnty	1
turncoat	1
turf	1
tunes	1
tumbled	1
tucking	1
tub	1
truthful	1
trumpery	1
truest	1
truer	1
truck	1
trove	1
trousseau	1
trodden	1
triumphal	1
triumph	1
trinity	1
trimmed	1
trifles	1
tricks	1
tribe	1
trhat	1
tress	1
tremendous	1
trembles	1
trees	1
treats	1
treachery	1
travelled	1
transmitted	1
transmit	1
transgressed	1
transforming	1
transform	1
transferred	1
transfer	1
transept	1
transacted	1
tranquil	1
tramping	1
tram	1
traits	1
traitorous	1
trained	1
train	1
tragic	1
tragedies	1
trading	1
tradespeople	1
track	1
traces	1
traced	1
trace	1
tpie	1
toy	1
towns	1
tower	1
tothill	1
total	1
tossed	1
toss	1
torture	1
tornado	1
topical	1
topic	1
toothsome	1
tooth	1
tongues	1
tongue	1
tone	1
tombstone	1
toll	1
tolerated	1
tolerably	1
tobacco	1
toasting	1
tm*ned	1
tluat	1
tllr	1
tlle	1
tlic	1
tl	1
tjiat	1
titles	1
tite	1
titania	1
tins	1
tinker	1
tinged	1
tinder	1
tije	1
tiie	1
tightly	1
tight	1
tide	1
tickets	1
ticket	1
thwackery	1
throngli	1
throng	1
throe	1
throats	1
thrice	1
threshold	1
thread	1
thpy	1
thoughtful	1
thorough	1
thomas	1
thoi	1
thmks	1
thirties	1
thirteenth	1
thirds	1
thinner	1
thinly	1
thinliing	1
thinli	1
thing^everything	1
thicker	1
they'd	1
theu	1
thereupon	1
thereon	1
thera	1
theological	1
theme	1
thej	1
theatricals	1
theatres	1
thcni	1
thanksgiving	1
thanks	1
thanking	1
th	1
tffldesamanf	1
texts	1
testhetically	1
testator	1
terrify	1
terraces	1
ter	1
tennyson	1
tendency	1
tenants	1
tempts	1
tempter	1
temptations	1
tempests	1
tempered	1
temperature	1
temperament	1
tells	1
telescopes	1
telescope	1
telegrams	1
technical	1
teas	1
tearful	1
teapot	1
teacups	1
teacup	1
teaching	1
teachers	1
tca»	1
tbougbt	1
tbcy	1
tax	1
tartan	1
tapees	1
tangled	1
tangible	1
talks	1
tales	1
talents	1
tags	1
tag	1
tacenda	1
tabic	1
tabernacle	1
t\	1
t)ileams	1
system	1
sympathises	1
sympathetic	1
sydney	1
swung	1
sworn	1
sword	1
swells	1
sweetened	1
sweep	1
sway	1
swamps	1
swam	1
swains	1
sustaining	1
suspension	1
suspended	1
survivor	1
survives	1
survived	1
surveyed	1
surrounding	1
surround	1
surrender	1
surpasses	1
surpassed	1
surmounted	1
surmised	1
surface	1
supreme	1
supremacy	1
suppression	1
suppress	1
supposes	1
supported	1
support	1
supplies	1
supplied	1
supplemented	1
supinessio	1
superintended	1
sunset	1
summoned	1
sullenly	1
suj)pose	1
suggestive	1
suggestions	1
suggestion	1
suggest	1
sufficiently	1
suffers	1
succour	1
successors	1
successions	1
successes	1
succeeding	1
substituted	1
substitute	1
substantiated	1
substantiate	1
submits	1
submit	1
submissively	1
submissive	1
style	1
sty	1
stupidly	1
stupefied	1
stunned	1
stum	1
studio	1
stubborn	1
stuart	1
strrxt	1
stroked	1
strode	1
stripes	1
strikingly	1
strike	1
strictly	1
strengthen	1
streamed	1
strangeness	1
strand	1
straits	1
strained	1
strain	1
straightway	1
stove	1
stoutly	1
stout	1
storm	1
storehouse	1
stored	1
stops	1
stopping	1
stooping	1
stony	1
stole	1
stlnwers	1
stitch	1
stimulus	1
sticks	1
stern	1
steering	1
steerage	1
steeped	1
steep	1
steel	1
steamer	1
steam	1
steal	1
steak	1
steadily	1
stationed	1
station	1
standpoint	1
standi	1
standard	1
stammered	1
stalwart	1
stalled	1
stall	1
stalked	1
stale	1
stain	1
staggering	1
staggered	1
srottiswoodf	1
squalled	1
spun	1
sprung	1
sprightliness	1
spoiling	1
split	1
spirited	1
spire	1
spiowers	1
spin	1
spiced	1
spendthrifts	1
spending	1
spelung	1
speedier	1
speculation	1
speculated	1
speculate	1
spectres	1
spectacle	1
specimens	1
specialist	1
sparkling	1
spain	1
spacious	1
sown	1
sovereign	1
southern	1
southeast	1
sources	1
source	1
sounds	1
sought	1
sou	1
sorvice	1
sorest	1
sore	1
sorceress	1
soothes	1
soothed	1
songn	1
son^	1
sometime	1
someavhere	1
solu	1
solo	1
solitudes	1
solitary	1
solis	1
solemnity	1
soldiers	1
sohdity	1
sohcitors	1
softer	1
socks	1
socialist	1
sobbing	1
soarings	1
soar	1
soap	1
snowy	1
snatched	1
smugness	1
smoothly	1
smoothed	1
smoke	1
smocks	1
smithcrs	1
smaller	1
sm	1
slumbered	1
slumber	1
sluid	1
sluggish	1
slower	1
slow	1
slip	1
slightest	1
sleeve	1
sleepwalking	1
sleeps	1
sleepless	1
slaving	1
slaves	1
slaughter	1
slapped	1
slall	1
skull	1
skirt	1
skilful	1
skies	1
sketch	1
sj	1
sixty-five	1
sixth	1
siva	1
situations	1
situated	1
sits	1
site	1
sinking	1
sink	1
singularly	1
singlo	1
singled	1
singings	1
sincerely	1
sincere	1
simplicity	1
silvery	1
silently	1
siioweijs	1
signing	1
signet	1
signature	1
sights	1
sighs	1
sidering	1
sickness	1
sibilants	1
sib	1
shylock	1
shy	1
shutting	1
shrill	1
shrieking	1
shreds	1
shred	1
showman	1
showers	1
showered	1
shoving	1
shout	1
shot	1
shooting	1
shooters	1
shone	1
shomng	1
shoes	1
shoals	1
shivering	1
shiver	1
shipwreck	1
shipbuilding	1
shine	1
shifty	1
shiftily	1
shields	1
shepherds	1
shepherding	1
shepherd	1
sheepskin	1
she'll	1
shark	1
shaped	1
shan't	1
shames	1
shamefully	1
sham	1
shaking	1
shadowy	1
shades	1
shaded	1
shabby	1
sh	1
sfloaveils	1
seymours	1
sex	1
sewed	1
severely	1
severe	1
severance	1
sever	1
seventy-three	1
seventy-five	1
seth	1
servitude	1
services	1
serpent	1
sermons	1
sermoli	1
seriousness	1
serenity	1
serene	1
sere	1
sequel	1
separation	1
separates	1
sentences	1
sentence	1
sented	1
sensual	1
sensitive	1
sensible	1
senses	1
senseless	1
senex	1
semblance	1
selves	1
sell	1
self-evident	1
seize	1
seemly	1
seek	1
seedy	1
secure	1
secretly	1
secretary	1
secrecy	1
secondhand	1
seclusion	1
seats	1
seasons	1
seasoned	1
seas	1
seach	1
sdenee/	1
scuttle	1
scrupulously	1
scrub	1
screech	1
scraps	1
scramble	1
scowled	1
scowl	1
scourge	1
scomfuuy	1
scoffers	1
sclioolmen	1
scilly	1
sciences	1
schoolboy	1
schoolbooks	1
scholarships	1
scholarship	1
scats	1
scathing	1
scarlet	1
scarcely	1
scapegoat	1
scandalous	1
scalpel	1
scale	1
sawyers	1
saviour	1
savings	1
sausage	1
satyrs	1
satisfying	1
satisfactory	1
satin	1
satiety	1
sashes	1
sapient	1
sanguine	1
sandy	1
sanded	1
sand	1
salvation	1
saloon	1
salary	1
salaries	1
sainted	1
sailing	1
sailed	1
sah	1
sagacity	1
safety	1
sacrifice	1
sacked	1
sack	1
sabbath	1
s^vakk	1
s'sveet	1
ry	1
ruthless	1
rustic	1
rushes	1
rushed	1
rush	1
rupees	1
runaway	1
rum	1
rules	1
ruled	1
ruflles	1
ruffles	1
rufflers	1
rudely	1
rude	1
rubbed	1
rr.odtgal	1
roused	1
rounded	1
roughness	1
roughest	1
rot	1
rosier	1
rosewood	1
roses	1
rortraits	1
ropes	1
rope	1
rooted	1
rone	1
rondolence	1
romid	1
roman	1
rolls	1
rollod	1
rollers	1
rogue	1
roeteaits	1
rode	1
rocked	1
roaring	1
rnmaples	1
rliyme	1
riverside	1
ripe	1
riotous	1
rilik	1
rigid	1
rifles	1
rifle	1
ridicule	1
ridi	1
riclj	1
richly	1
ribbons	1
rhymes	1
rheumatics	1
rewarded	1
revived	1
revive	1
revival	1
reviewed	1
review	1
reverberation	1
revengeful	1
revealing	1
rev	1
retribution	1
retiring	1
resumed	1
restore	1
resting	1
resrister	1
responsibilities	1
respectively	1
respected	1
resources	1
resolve	1
resolutely	1
resist	1
resigned	1
resident	1
resentment	1
researcli	1
request	1
repudiate	1
reptile	1
reproduction	1
reproachfully	1
reproachful	1
repressing	1
repress	1
representative	1
reporting	1
replying	1
rephed	1
repented	1
repent	1
repelled	1
repartee	1
rents	1
renouncing	1
renounce^my	1
renewal	1
render	1
remote	1
remorse	1
reminiscence	1
reminds	1
remenaber	1
remembsr	1
remarked	1
relying	1
reluctantly	1
reluctance	1
relieves	1
relate	1
rejoinder	1
rejoicing	1
rejoiced	1
reigned	1
rehance	1
regrets	1
regiments	1
regiment	1
reg'lar	1
refrahi	1
reflectively	1
reflections	1
reflected	1
refinement	1
refers	1
refer	1
reembarked	1
reeling	1
reducing	1
reduced	1
rediscovered	1
recriminations	1
recommend	1
recollections	1
recognises	1
reclaim	1
reckons	1
recitation	1
receptive	1
receipt	1
rebuked	1
rebellions	1
rebellion	1
rebelled	1
reassured	1
reappears	1
reamer	1
realm	1
readiness	1
readier	1
reaction	1
rd	1
razor	1
ray	1
raving	1
ravenous	1
raved	1
rausfc	1
rattled	1
rates	1
rapt	1
rapped	1
rapid	1
ramble	1
rally	1
raldsh	1
rakes	1
rake	1
railings	1
railing	1
rail	1
radley	1
racing	1
racecourse	1
r)rother	1
quoted	1
quote	1
quips	1
quill	1
quietest	1
quicker	1
quickened	1
quicken	1
queer	1
quarrels	1
quaint	1
qi	1
pyre	1
puzzles	1
pushing	1
pushes	1
push	1
pursed	1
purred	1
purposely	1
puritanic	1
purifying	1
purifies	1
purchasing	1
punishments	1
punish	1
pulpit	1
pulling	1
puffy	1
publishing	1
publisher	1
psychical	1
prrss	1
prowl	1
provo	1
provision	1
provides	1
proverbs	1
proudly	1
protesting	1
protest	1
protects	1
protecting	1
protected	1
prosperity	1
prosper	1
prospects	1
prosecute	1
prosaic	1
propose	1
proposal	1
prophesied	1
prophecies	1
prop	1
pronunciation	1
promises	1
prolonging	1
projector	1
programme	1
profligacy	1
professors	1
professor	1
professions	1
professionals	1
professionally	1
professing	1
products	1
production	1
produces	1
prodigals	1
prodigality	1
procured	1
procure	1
proclaiming	1
procession	1
process	1
proceeds	1
proceedings	1
problem	1
prizes	1
prized	1
privileged	1
privilege	1
privately	1
prints	1
princesses	1
princes	1
priesthood	1
preyed	1
previous	1
preventing	1
prevented	1
prevalent	1
pretext	1
pretends	1
presses	1
presidents	1
president	1
presentiments	1
prerogative	1
preparation	1
preoccupied	1
prematurely	1
prejudiced	1
prehistoric	1
preferred	1
predominates	1
predominate	1
predisposition	1
predecessors	1
precise	1
precincts	1
preachers	1
pre	1
prayers	1
prairie	1
practitioners	1
practically	1
practical	1
powerless	1
powder	1
pouring	1
pouncet	1
potosi	1
potboys	1
postpone	1
postmark	1
postern	1
posterity	1
posted	1
postage	1
possessions	1
possessing	1
possesses	1
positively	1
ports	1
portrayed	1
portraitof	1
portfolio	1
porters	1
porter	1
porothy	1
porches	1
porch	1
populated	1
popularise	1
poorly	1
ponderous	1
pomted	1
polytechnics	1
polluted	1
politician	1
politeness	1
politely	1
poisoned	1
poison	1
poi'trait	1
poetic	1
poems	1
plunging	1
plunge	1
plums	1
ploughboys	1
plough	1
pleted	1
plentiful	1
pleasantly	1
plead	1
playing	1
playful	1
playbills	1
plates	1
plastered	1
plank	1
planets	1
plainness	1
placid	1
pkodigal	1
pjlliston	1
piushes	1
pitched	1
pital	1
pit	1
pink	1
pillow	1
pillars	1
pill	1
pilgrims	1
pilgrimage	1
piles	1
piiit	1
pigsty	1
pig	1
piercing	1
pierced	1
pictured	1
pictm'es	1
pictm	1
picnics	1
picking	1
pick	1
physically	1
photograph	1
philosophising	1
philosophic	1
philosophers	1
philosopher	1
philanthropic	1
phenomena	1
phase	1
pewter	1
petty	1
petticoats	1
petition	1
pestilential	1
persuading	1
persuade	1
persistently	1
persistent	1
persistency	1
persist	1
perseverance	1
permit	1
permanently	1
periods	1
perfunctory	1
performer	1
performed	1
performances	1
perform	1
perfecting	1
peremptory	1
per	1
pensive	1
pension	1
penny	1
penniless	1
penelope	1
pencil	1
penal	1
peloponnose	1
peess	1
pedigrees	1
pedestals	1
pecuniary	1
peculiarities	1
peculiar	1
peacefully	1
pclhng	1
pays	1
paying	1
paws	1
pawned	1
pawing	1
pavement	1
paul	1
pattern	1
patter	1
patted	1
paternal	1
patee	1
pastor	1
passionate	1
passes	1
pasha	1
partners	1
partnehsiiip	1
particular	1
parsimonious	1
parodies	1
parleyings	1
parlance	1
parishioners	1
pardon	1
parchment	1
parable	1
pantxersiiip	1
panes	1
pandering	1
pandean	1
pamphlet	1
pallor	1
palette	1
pal	1
pak	1
paints	1
painting	1
paint	1
pains	1
painlessly	1
painless	1
paiitxeiisiiip	1
pagan	1
paetnekshcp	1
packing	1
packed	1
pack	1
pacing	1
paced	1
pa33ed	1
p.l^.yont	1
p'r'aps	1
ox	1
owners	1
owir	1
owing	1
owes	1
ovid	1
overwork	1
overslept	1
overpowers	1
overpowered	1
overhear	1
overhead	1
overcome	1
ov^'n	1
outlying	1
outlive	1
outlines	1
outlast	1
outer	1
outdoor	1
outcome	1
outburst	1
oughts	1
oughtn't	1
ouf	1
oti	1
ornament	1
orleans	1
origm	1
origins	1
originals	1
originally	1
orighial	1
organisation	1
organ	1
orchard	1
oppression	1
opposite	1
opportune	1
operation	1
ong	1
omnibus	1
ominously	1
omens	1
om	1
oliver	1
oli	1
oldest	1
okb	1
oit	1
oioposite	1
oftice	1
oflke	1
ofliice	1
ofl	1
official	1
officer	1
offering	1
offend	1
offence	1
odin	1
october	1
octavo	1
ocean	1
occurs	1
occurrence	1
occur	1
occupy	1
occupier	1
occupation	1
occupant	1
occasional	1
obtained	1
obtain	1
obstinately	1
obstinate	1
obstinacy	1
observation	1
oblong	1
obliging	1
oblige	1
objection	1
object	1
obey	1
obedient	1
oat	1
oalvert	1
oae	1
nvev..r	1
nursed	1
nup	1
nunsera	1
nuns	1
nundbeds	1
numbering	1
nugget	1
ns	1
nrrivcd	1
np	1
nowadays	1
novelty	1
novelist	1
novel	1
noughts	1
nought	1
notoriety	1
noticing	1
noticed	1
notebook	1
nostrils	1
noses	1
normal	1
nobly	1
nobles	1
nobleman	1
noah	1
nnluclcy	1
nkv	1
niser	1
nineteenth	1
nightmare	1
nicely	1
newspapers	1
newest	1
newcomer	1
newbegin	1
neuralgia	1
nether	1
nest	1
nesses	1
nepos	1
negro	1
needful	1
needed	1
neat	1
nearer	1
ncdled	1
ncav	1
navvies	1
naughts	1
narrated	1
napoleon	1
nahthquakes	1
nade	1
mysteriously	1
mysteries	1
mv	1
mutton	1
musician	1
museum	1
murmuring	1
murdering	1
murderer	1
mundane	1
mummy	1
multitudinous	1
multitude	1
multiplying	1
multiply	1
muddy	1
mto	1
mth	1
movement	1
mouthpiece	1
mourning	1
mournful	1
mourners	1
mounts	1
mountains	1
motive	1
motioned	1
motilens	1
motheks	1
mothees	1
moses	1
mortification	1
mortgaged	1
morocco	1
mornings	1
moralists	1
morahst	1
mop	1
moors	1
moon	1
moods	1
moo	1
monthly	1
monotony	1
monotonous	1
monosyllables	1
moneys	1
moneymaking	1
moneylenders	1
mollys	1
modestly	1
moderation	1
moderate	1
mock	1
moaned	1
moan	1
mne	1
mmimised	1
mme	1
mlkss	1
mjuions	1
mj	1
mixture	1
mixing	1
mitigated	1
mistress	1
misspelt	1
misses	1
misrepresented	1
misled	1
misgotten	1
misfortunate	1
misfortmies	1
miseen	1
mirthful	1
mirth	1
mire	1
miraculously	1
ministerial	1
mingled	1
mimicking	1
mime	1
miluons	1
millstone	1
milhonaires	1
mile	1
mieacle	1
middle-aged	1
michael	1
mice	1
mheritanco	1
mfi	1
metrical	1
methuselah	1
methods	1
methodists	1
methodical	1
messes	1
messages	1
mess	1
merriment	1
merits	1
merit	1
mercy	1
mercutio	1
merciless	1
merciful	1
mercies	1
mercantile	1
mentions	1
mention	1
mentally	1
memorials	1
memorandum	1
memoirs	1
melt	1
melody	1
meetings	1
mediteval	1
meditations	1
meditating	1
meditated	1
medicines	1
medicine	1
mediaeval	1
meddle	1
mechanically	1
meat	1
measure	1
meals	1
meal	1
mcnt	1
maxims	1
maxim	1
maurs	1
mathematician	1
maternal	1
match	1
mat	1
mastery	1
masterfulness	1
massively	1
masses	1
massacre	1
marvellous	1
martyrdom	1
marshes	1
marsfaret	1
marriages	1
marriageable	1
marred	1
marquises	1
marquis	1
markets	1
market	1
margaret^don't	1
mansoul	1
mansion	1
manipulate	1
manifestly	1
manifestations	1
manifest	1
managing	1
managers	1
manage	1
mamma	1
malignity	1
malignant	1
malice	1
malefactors	1
maladies	1
make-up	1
maintenance	1
mail	1
magnificently	1
magnificence	1
magnanimity	1
magistrate	1
magician	1
magazine	1
mag	1
maegaret	1
madniaii	1
madly	1
maddening	1
maddened	1
madams	1
machines	1
ma'am	1
ma	1
ly	1
lust	1
lurks	1
lunch	1
lunatic	1
lumps	1
lump	1
luminous	1
lumber	1
lui	1
lugged	1
luckiest	1
lucidity	1
luciau	1
lriioi	1
loyal	1
loses	1
longing	1
longest	1
loiter	1
loftier	1
locutions	1
locus	1
locality	1
loaves	1
loathsome	1
loathed	1
loathe	1
loans	1
loaded	1
load	1
lo	1
lneian^	1
lncian	1
lloor	1
ll	1
lixcy	1
liverpool	1
liver	1
lively	1
livelihood	1
liveliest	1
lists	1
listenings	1
lire	1
lircian	1
lip	1
liow	1
lionse	1
lion	1
linked	1
lingered	1
ling	1
linen	1
lindisfarn	1
limpid	1
limp	1
limitation	1
limit	1
lilies	1
likes	1
like^i	1
lightning	1
lighthearted	1
lighted	1
lifetime	1
lieutenant	1
lier	1
lid	1
licked	1
lical	1
liberal	1
liability	1
lh'oud	1
levites	1
lever	1
lessen	1
leper	1
lentils	1
length	1
leland	1
legitimate	1
legible	1
legged	1
legend	1
legacy	1
lectures	1
learning	1
learnedly	1
leaps	1
leafy	1
leaf	1
leaded	1
laying	1
layers	1
laws	1
lavy	1
lavished	1
lavighed	1
laud	1
latch	1
lasts	1
lasting	1
lashes	1
largely	1
languages	1
lane	1
landing	1
lamps	1
lamp	1
lakes	1
laiowledge	1
lads	1
ladder	1
lacking	1
lacked	1
lack	1
labouring	1
labourers	1
laborious	1
labelled	1
l^lartirquakes	1
l.dy	1
l'rtie	1
kve	1
kun	1
kumour	1
kuin	1
kubbish	1
krio	1
koy	1
kot	1
kose	1
koscius	1
knowledire	1
knocked	1
knitting	1
knights	1
knight	1
knidness	1
knick	1
knee	1
kncav	1
knacks	1
kindness	1
kim^s	1
killiug	1
killed	1
kil	1
kidneys	1
kidney	1
kev	1
kensington	1
keligious	1
keeps	1
keally	1
kead	1
kcgister	1
kaloo	1
kage	1
kachel	1
k	1
justifying	1
justify	1
justified	1
jungle	1
judicious	1
judicial	1
judgements	1
journeyman	1
jones	1
jolm	1
jolly	1
johnnies	1
johnnie	1
johanan	1
jocund	1
jobn	1
joan	1
jneaning	1
jn	1
jlillions	1
jive	1
jerry	1
jend	1
jealousy	1
jealous	1
jaws	1
jar	1
japhets	1
jammed	1
jalousies	1
jakhs	1
jackman	1
jackets	1
j^ersis	1
itsolf	1
ithout	1
italy	1
italian	1
israel	1
irritation	1
irritated	1
irritable	1
ironclad	1
ip	1
iou	1
involved	1
involuntarily	1
inviting	1
invite	1
invitations	1
investigating	1
inventor	1
inventing	1
invaluable	1
invade	1
introduce	1
intolerable	1
intestacy	1
interviewed	1
interruption	1
interrogating	1
interpreter	1
interposed	1
intermediate	1
interjections	1
intention	1
intends	1
intending	1
integrity	1
intact	1
insuperable	1
insulting	1
insufficiency	1
instructed	1
instmct	1
institute	1
instinct	1
inspiration	1
insomuch	1
insomnia	1
insist	1
insipid	1
insensible	1
inscription	1
insatiable	1
inroad	1
inquiringly	1
inquires	1
inquests	1
inoculate	1
inmates	1
inkstand	1
ink	1
injury	1
injured	1
injure	1
injunction	1
initio	1
iniiser	1
inihis	1
iniarian	1
iniargaret	1
inheritor	1
inheriting	1
inheritances	1
inhabited	1
influenza	1
inflicted	1
infirmary	1
infinite	1
infernal	1
inference	1
infantry	1
inexplicable	1
inental	1
indolence	1
individual	1
indisposed	1
indignation	1
indignant	1
indigestion	1
indies	1
indicating	1
indexed	1
independently	1
indefinitely	1
ind	1
incurious	1
incurable	1
incredibly	1
inconsiderable	1
inconceivably	1
inconceivable	1
incomes	1
inclined	1
inclinations	1
incidental	1
incident	1
inch	1
incapacity	1
incalculably	1
inaudible	1
inan	1
in'oavled	1
improvising	1
improvement	1
improved	1
improve	1
imprisonments	1
impressed	1
imported	1
imploring	1
implore	1
impending	1
impecunious	1
impatience	1
impalpable	1
immoral	1
imminent	1
immigrant	1
immensely	1
imite	1
imargaret	1
imargarct	1
imaginations	1
imadvanced	1
ima	1
im'^ntions	1
im	1
ilt	1
illustriously	1
illustrations	1
illustrating	1
illustrates	1
illustrated	1
illustrate	1
illiterate	1
illegitimacy	1
iliat	1
iipon	1
iiom	1
iio	1
iijay	1
iiion	1
ihonght	1
ihe	1
ih	1
igth	1
ignore	1
ifmnj	1
ifc	1
iend	1
idols	1
idly	1
idl^	1
idhysician	1
ideas	1
ideal	1
id	1
icy	1
icnife	1
ic	1
i]ar	1
i\iy	1
i'obber	1
i'equirements	1
hythe	1
hypocrites	1
hymns	1
hve	1
huxley	1
husky	1
hushed	1
husbancvs	1
hurting	1
hurst	1
hurried	1
hurled	1
hunted	1
humiliations	1
humiliating	1
humiliate	1
humbugging	1
humbug	1
humblings	1
humblest	1
humans	1
hue	1
hub	1
ht	1
hrier	1
hoy	1
howards	1
hovv	1
hovering	1
houso	1
housewives	1
housewifery	1
housetop	1
housemaid	1
housed	1
hought	1
hotter	1
hotly	1
hostility	1
host	1
hos	1
horses	1
horizon	1
hopeless	1
hopeful	1
hop	1
hook	1
honours	1
honeymoon	1
honesty	1
homely	1
homelike	1
holder	1
hoi^e	1
hodmen	1
hoarsely	1
hoarse	1
hoards	1
hoard	1
hoar	1
hit	1
histvry	1
historian	1
hiss	1
hired	1
hints	1
hinted	1
hint	1
hindrance	1
hilt	1
hill	1
higlicr	1
high-spirited	1
high-minded	1
hie	1
hiding	1
hides	1
hicks	1
hia	1
hi	1
hght	1
hesitating	1
hesitate	1
hes	1
heroics	1
hero	1
heritage	1
hereafter	1
heralds	1
heraldry	1
hera	1
hem	1
helplessness	1
helplessly	1
helping	1
heights	1
heighten	1
height	1
hei	1
heel	1
heavily	1
heavenwards	1
heavenward	1
heaved	1
heath	1
heat	1
heartsick	1
heartless	1
hearted	1
heaped	1
healed	1
heading	1
headed	1
headdresses	1
headdress	1
hea^	1
hea\dness	1
haven	1
hauling	1
hatred	1
hastings	1
hastily	1
hasbrought	1
harshly	1
harry	1
harley	1
hardened	1
happily	1
happiest	1
hangs	1
hangman	1
handled	1
handbill	1
hampstead	1
hampered	1
hamper	1
hammers	1
halls	1
hahry	1
hadn't	1
hackney	1
hacked	1
habitually	1
habitual	1
habits	1
guiltily	1
guilt	1
guiding	1
guidance	1
guardians	1
guaranteed	1
gruw	1
grumbling	1
grubbers	1
grovel	1
grouped	1
grieved	1
greybeard	1
gretna	1
greeted	1
greet	1
greenland	1
greedy	1
greatcoat	1
gratitude	1
gratify	1
gratified	1
grasped	1
grape	1
grant	1
grandnephews	1
grandmother^my	1
grandeurs	1
granddaughters	1
granddad	1
grandchild	1
granaries	1
gradual	1
graceful	1
grace	1
governor	1
governess	1
gordon	1
goodnight	1
goi)ig	1
goest	1
godless	1
gnawing	1
glum	1
gloat	1
glimpse	1
glancmg	1
glanced	1
gladstone	1
giving	1
girlish	1
ginayon	1
gilding	1
gilded	1
gild	1
gigantic	1
giddy	1
gi	1
gf	1
gestures	1
germany	1
geography	1
genuine	1
gentlewomen	1
gentlewoman	1
gentles	1
gentle	1
gentility	1
generosity	1
generals	1
genealogies	1
gccd	1
gazette	1
gay	1
gauged	1
gather	1
gates	1
gate	1
gasping	1
garrulous	1
garb	1
gaps	1
gaol	1
gamesters	1
games	1
gamble	1
gambhng	1
galton	1
gallop	1
gallantry	1
gallantly	1
gains	1
gain	1
gabriel	1
gaberdine	1
fyundation	1
fyom	1
furtively	1
furthermore	1
furnishes	1
funny	1
funniest	1
funerals	1
funds	1
fund	1
functions	1
fulfil	1
ft	1
fruits	1
frown	1
frothy	1
frost	1
fro	1
friendly	1
friendless	1
friday	1
freshwater	1
freshly	1
frequently	1
frequent	1
french	1
freeman	1
frederick	1
frankly	1
frank	1
franciscans	1
framed	1
frail	1
fragrant	1
fragrance	1
fourths	1
fountains	1
founding	1
fought	1
fou	1
foti	1
forwarded	1
forty-eight	1
fortunately	1
fortuije	1
fortitude	1
fortime	1
forties	1
forthcoming	1
formulated	1
formula	1
forms	1
formidable	1
formalities	1
forgiveness	1
forging	1
forgetting	1
forgets	1
forgetful	1
forg	1
foreshore	1
foresee	1
foresaw	1
foreign	1
forefather	1
forbids	1
forbid	1
footstool	1
footfall	1
footed	1
fools	1
foolishly	1
foohshuess	1
fon	1
followers	1
folks	1
folding	1
fold	1
foi'e	1
fob	1
fmger	1
fmd	1
flying	1
flute	1
flush	1
flre	1
flowered	1
flowerbeds	1
flowel*	1
flowed	1
flourishing	1
flourish	1
float	1
flirtation	1
flights	1
flies	1
flexible	1
flee	1
flaw	1
flavour	1
flattery	1
flatter	1
flaming	1
flamed	1
fittings	1
fits	1
fitly	1
fist	1
firmness	1
firmest	1
fireproof	1
firej)lace	1
finishing	1
finisher	1
fininight	1
findshimself	1
fills	1
filling	1
fikst	1
fifty-two	1
fifty-six	1
fifty-eight	1
fifties	1
fierce	1
field	1
fiee	1
fiction	1
fiancde	1
fi'ank	1
fi	1
fetched	1
fetch	1
festivity	1
fervour	1
fence	1
feminine	1
felo	1
fellowships	1
felfc	1
feelings	1
feelingly	1
fed	1
feature	1
feasts	1
fearful	1
fbances	1
favourite	1
fatness	1
fatiguing	1
father-in-law	1
fastened	1
fashionable	1
farm	1
fare	1
farce	1
faniily	1
fanaticism	1
fanatic	1
famted	1
faltered	1
falsifying	1
falsely	1
falsehoods	1
faitiily	1
faithfully	1
faintness	1
faintly	1
fainting	1
failing	1
fail	1
fag	1
fad	1
facof	1
fables	1
fabiily	1
fa9ades	1
f.e.s	1
exultation	1
extravagance	1
extract	1
extinct	1
extensive	1
expresses	1
express	1
explored	1
exploration	1
explanations	1
expire	1
expiation	1
expert	1
experiment	1
experiences	1
expensively	1
expensive	1
expense	1
expenditure	1
expects	1
expectations	1
expectation	1
exorbitant	1
existing	1
existed	1
exhibited	1
exhausted	1
exeter	1
exertion	1
exercised	1
excuses	1
exclusive	1
exclusion	1
excluded	1
exclude	1
excite	1
exchequer	1
exchanged	1
exceptionally	1
excepting	1
excellently	1
exceedingly	1
examination	1
exaltation	1
exaggeration	1
exacting	1
exacted	1
exact	1
evildoing	1
everythmg	1
eventually	1
eventful	1
event	1
eve	1
evasively	1
evangeust	1
europe	1
eurghley	1
eun	1
euiston	1
eua	1
eternity	1
et	1
estunated	1
estimating	1
estimated	1
estimate	1
esteemed	1
essays	1
escaping	1
escapades	1
erected	1
equivalent	1
equipped	1
equalled	1
equality	1
equal	1
episode	1
episcopal	1
epaulettes	1
eobbcr	1
eo	1
envying	1
envious	1
enumerate	1
entrusted	1
entreaties	1
entertainer	1
enters	1
enterprising	1
enterprises	1
enterprise	1
entering	1
entenain	1
ennoble	1
enlarged	1
enlarge	1
englishwomen	1
engineers	1
enghsh	1
engage	1
energies	1
endo"s\anent	1
endless	1
ending	1
endeavom'ing	1
encouragingly	1
encouragements	1
encouragement	1
encouraged	1
encourage	1
enclosure	1
enclosed	1
enact	1
enables	1
enable	1
employment	1
employes	1
employer	1
empire	1
emphasising	1
emphasised	1
emphasis	1
emeralds	1
embroidery	1
embroidering	1
embroideries	1
embroider	1
embrace	1
embarrassing	1
elwes	1
elsewhere	1
elizabeth	1
eligible	1
elevation	1
elevating	1
elementary	1
eleanor	1
elbow	1
eji	1
eighty-five	1
eighty	1
eighth	1
eight	1
egypt	1
egg	1
eft'ectively	1
efi^ete	1
effigy	1
effete	1
effectually	1
effects	1
effective	1
eeverend	1
eev	1
eest	1
eequiescat	1
eelease	1
eegent	1
eed	1
eecovery	1
eeally	1
eead	1
edges	1
edgar	1
eden	1
ecstasy	1
echpse	1
ecclesiastical	1
ecclesiastic	1
eccentric	1
ecad	1
eautlkiuakes	1
eastern	1
easel	1
earthly	1
earth(^uake	1
earnestness	1
earliest	1
eams	1
eagerness	1
dynamite	1
duties	1
dusty	1
duplicate	1
dunstan	1
duns	1
duly	1
dukes	1
duels	1
duel	1
duds	1
ducarel	1
dubiously	1
dryasdust	1
drunkenness	1
drunkards	1
drunkard	1
drumming	1
druik	1
drudgery	1
drowned	1
drooped	1
droop	1
driving	1
drinks	1
dries	1
dried	1
dreammg	1
dreamless	1
dreamily	1
dreamer	1
draymen	1
drawings	1
draught	1
dramatically	1
dramatic	1
dramas	1
drama	1
draining	1
drage	1
drab	1
draavers	1
dow^l	1
dour	1
doubted	1
doubles	1
doubled	1
dormers	1
dormer	1
doorway	1
doorsteps	1
doorstep	1
doorplate	1
doom	1
donors	1
donations	1
dominican	1
dolt	1
dols	1
dollys	1
doleful	1
doggedly	1
dogged	1
doctrine	1
docks	1
dock	1
do'^	1
divorce	1
divided	1
divide	1
diversions	1
divagations	1
ditchwater	1
disturbing	1
disturbance	1
distribution	1
distressing	1
distraction	1
distinguisvi	1
distinctly	1
dissuade	1
dissolved	1
dissolve	1
dissipated	1
disrespect	1
disreputably	1
dispersed	1
dispensing	1
dispenser	1
dispelled	1
dispatch	1
dismay	1
disinheritance	1
dishonest	1
dish	1
disgusting	1
disgusted	1
disgorge	1
diseased	1
discussed	1
discreditable	1
discovers	1
discoverer	1
discordant	1
discontinued	1
disconcerted	1
discipline	1
discern	1
discard	1
disbelieving	1
disapprove	1
disappearing	1
disappear	1
dis.inguished	1
directing	1
directed	1
dining	1
dines	1
dined	1
dine	1
diminished	1
dimensions	1
dim	1
diligently	1
dilated	1
digging	1
digestion	1
dig	1
difticulty	1
differ	1
dick	1
dialogues	1
diagnose	1
di*eam	1
dexterously	1
dexterous	1
dewy	1
devoutly	1
devoured	1
devote	1
devolve	1
devising	1
devilled	1
develop	1
detriment	1
detractors	1
deter	1
detected	1
detaching	1
detach	1
desu'ed	1
desu	1
destructive	1
destroyer	1
destitution	1
despiser	1
despise	1
desperately	1
desjdair	1
desisted	1
designing	1
designed	1
deserves	1
description	1
describe	1
descends	1
derided	1
dered	1
derby	1
deranged	1
depth	1
deprives	1
deposited	1
deplorable	1
depends	1
dependence	1
department	1
depart	1
dens	1
denotes	1
denied	1
demoralise	1
demonstrate	1
demoniac	1
democratic	1
demi	1
demands	1
delude	1
delirious	1
delight	1
delicately	1
deliberately	1
deliberate	1
degrade	1
degradations	1
degradation	1
degenerate	1
defied	1
defiance	1
deferred	1
defeat	1
deepest	1
deemed	1
deeds	1
deed	1
dee	1
deductions	1
decorate	1
declining	1
declined	1
declares	1
decidedly	1
decent	1
december	1
deceiving	1
deceassd	1
decay	1
decanter	1
decalogue	1
debtor	1
debarred	1
deathisno	1
deary	1
dealers	1
deafened	1
deaf	1
deadly	1
dazzling	1
daytime	1
david	1
daugliters	1
daubs	1
daub	1
darwin	1
darling	1
darkest	1
darker	1
darkens	1
daphnes	1
daphne	1
dangles	1
dangerously	1
dancmg	1
dancers	1
damsels	1
dame	1
dagon	1
cwquemort	1
cuts	1
customers	1
curtsy	1
cursing	1
curried	1
curls	1
curiosities	1
cunning	1
crust	1
crush	1
crumbling	1
cruise	1
crowned	1
crowds	1
crowded	1
crow	1
crossed	1
cross	1
croquemorvs	1
croppers	1
crocodiles	1
critic	1
cries	1
cribbed	1
cribbage	1
crew	1
crept	1
cremation	1
creepy	1
creeping	1
creepers	1
creep	1
creed	1
credulous	1
creditably	1
creditable	1
credible	1
creative	1
creation	1
crazy	1
craze	1
crawled	1
crawl	1
craved	1
crave	1
crash	1
crammed	1
crafts	1
craft	1
cracks	1
crackling	1
cowley	1
cowardice	1
coverlets	1
coverings	1
cover	1
cousms	1
cousina	1
courses	1
counts	1
countesses	1
countenance	1
counted	1
count	1
counsels	1
counsellor	1
counsel	1
councils	1
cough	1
cottages	1
costume	1
costly	1
corrupting	1
corrupt	1
corresponding	1
correspondences	1
correspondence	1
corrected	1
correct	1
corporal	1
cornice	1
cornelius	1
cork	1
corinthian	1
cords	1
cord	1
corated	1
cor	1
copied	1
convulsed	1
convmced	1
convinces	1
convey	1
convert	1
conversations	1
convenient	1
contumacy	1
contriving	1
contrive	1
contradicted	1
continuing	1
continental	1
contentedly	1
contemptuously	1
contemptuous	1
contemptible	1
contain	1
consulting	1
consultation	1
consul	1
construction	1
constructed	1
constitute	1
constantly	1
conspirators	1
conspiracy	1
consols	1
consisted	1
consign	1
considur	1
consider^all	1
conservation	1
consequence	1
conseciuences	1
consciously	1
conquer	1
conne	1
congratulation	1
congratulating	1
confusion	1
confused	1
confront	1
confine	1
confiding	1
confident	1
confidences	1
confessors	1
confessing	1
condole>xe	1
conditions	1
condescend	1
condemns	1
conclusive	1
conclusions	1
conclusion	1
concessions	1
concert	1
conceal	1
con\dcted	1
comus	1
comprehensively	1
comprehensive	1
compositor	1
composed	1
complexion	1
complex	1
completion	1
completing	1
complei	1
compiled	1
compeller	1
compel	1
compassion	1
comparisons	1
comparison	1
comparable	1
commuted	1
commutation	1
community	1
communications	1
communicating	1
commonplaces	1
commodes	1
commode	1
committees	1
committee	1
commercial	1
commentaky	1
commends	1
commend	1
commemorated	1
commemorate	1
comit	1
comic	1
comforts	1
combat	1
com	1
columns	1
column	1
colourless	1
collectors	1
collective	1
collected	1
coixld	1
coiai	1
coflfers	1
coffers	1
cockyouy	1
cocker	1
cobweb	1
coarsest	1
coarser	1
coarse	1
coach	1
co	1
cmming	1
clutch	1
clouds	1
clothing	1
clothe	1
closing	1
clocks	1
clo	1
clinging	1
climbing	1
clients	1
clerlv	1
clerics	1
cleric	1
clergymen	1
clearing	1
clearer	1
cleaning	1
cle	1
claws	1
clawing	1
claimed	1
claeence	1
civilian	1
cither	1
citadel	1
cistercian	1
circulation	1
circulating	1
circular	1
cinderella	1
cigars	1
cigalc	1
cicerone	1
cicero	1
chronicles	1
christians	1
christenings	1
christening	1
choristers	1
chophouse	1
chop	1
choke	1
chimney	1
chimed	1
chilly	1
chilled	1
cherub	1
cherished	1
cheques	1
cheque	1
chef	1
cheeses	1
cheerily	1
cheeked	1
check	1
cheat	1
cheapside	1
chattering	1
chattered	1
characterises	1
chaptek	1
chapels	1
chances	1
chancellor	1
chamber	1
centuries	1
cellar	1
ceiluig	1
ceilings	1
ceiling	1
cecil	1
cave	1
causes	1
catholic	1
catherine	1
catechism	1
catchy	1
catch	1
caste	1
carving	1
carters	1
carted	1
carpeted	1
carpenter	1
cargoes	1
caresses	1
cards	1
cardinal	1
captive	1
capacity	1
cantle	1
candour	1
candlesticks	1
candles	1
candid	1
campaigns	1
campaign	1
cambridge	1
calmly	1
callcll	1
calculating	1
calculated	1
calamity	1
calamities	1
caimot	1
cabs	1
cabinet	1
c^	1
c.ilvcr	1
byword	1
byname	1
bygone	1
bursting	1
burley'a	1
burlesques	1
burleighs	1
buricy	1
burial	1
burdens	1
burdened	1
bundles	1
bumps	1
bumping	1
bullies	1
bulge	1
buildhig	1
buiiey	1
bui	1
buffalo	1
bueley	1
bucket	1
bubble	1
btreet	1
brutal	1
brusque	1
brushes	1
brush	1
browned	1
brotherhood	1
brook	1
brooding	1
brooded	1
brood	1
brochure	1
briskly	1
brilliantly	1
brightest	1
bridling	1
bridge	1
brick	1
bribe	1
briar	1
breed	1
bred	1
breathing	1
breast	1
breaks	1
breakers	1
breaker	1
bravely	1
brandishing	1
brand	1
brains	1
brained	1
boxing	1
bowl	1
bow	1
bout	1
bourgeois	1
bounds	1
bounden	1
boudoir	1
bottles	1
bottlenose	1
boston	1
bosom	1
borrowing	1
borrowers	1
borderland	1
boom	1
bookshelf	1
booksellers	1
booked	1
bony	1
bonfires	1
bone	1
bom	1
bold	1
bogies	1
bob	1
boat	1
boards	1
bmieys	1
bmiey	1
blushes	1
blushed	1
blotted	1
bloomsbury	1
bloc	1
bloater	1
blinds	1
blind	1
blight	1
bless	1
blazer	1
blasphemy	1
blanket	1
blank	1
blandly	1
blanched	1
blake	1
blacker	1
birds	1
biologist	1
biographer	1
bind	1
bim	1
bills	1
billiards	1
bill	1
bigger	1
bidding	1
beyovt	1
bewilderment	1
bewildering	1
betrayed	1
bethnal	1
betaveen	1
bestowed	1
besieged	1
bertie	1
berths	1
bereft	1
bereave	1
benefit	1
beneficent	1
benefactor	1
bend	1
ben	1
bemg	1
belted	1
belt	1
bells	1
bel'ond	1
behaviour	1
behaved	1
behave	1
begm	1
beginniug	1
beginnings	1
beggars	1
beggar	1
befriending	1
befriended	1
befits	1
beer	1
bedridden	1
beautifully	1
beats	1
beaten	1
beardless	1
bead	1
battledores	1
battle	1
bathed	1
bathe	1
bath	1
bat	1
bass	1
basn	1
baskets	1
bask	1
basins	1
basiness	1
bars	1
barristers	1
barracks	1
baronets	1
baron	1
bargain	1
barefaced	1
baptised	1
banquet	1
banks	1
banjo	1
bang	1
bands	1
balustrade	1
ballroom	1
ballet	1
balance	1
bakmg	1
bakery	1
baked	1
bags	1
baffled	1
baen	1
badge	1
background	1
backed	1
bacilu	1
bachelors	1
babylon	1
babes	1
babble	1
axj	1
awkwardness	1
awfully	1
awestruck	1
awe	1
awake	1
awaits	1
awaiting	1
awaited	1
avritten	1
avrite	1
avorthy	1
avoollen	1
avomen	1
avoided	1
avits	1
avitli	1
avised	1
avise	1
avioh	1
avind	1
avig	1
avhispering	1
avhether	1
avhere	1
aveep	1
avears	1
avaved	1
avatching	1
avaricious	1
avamce	1
avalked	1
autumn	1
autographs	1
authorities	1
austriilia	1
austerely	1
august	1
audible	1
attributes	1
attribute	1
attracts	1
attractions	1
attorney-general	1
attorney	1
attired	1
attentions	1
attaches	1
atmo	1
atlantic	1
athlete	1
atapiri	1
asylum	1
astuteness	1
astors	1
assume	1
assuaged	1
associates	1
assistants	1
asset	1
asserted	1
assent	1
assault	1
assailed	1
assail	1
aslvcd	1
ascetic	1
arts	1
artlessly	1
articled	1
artful	1
arrogant	1
arrival	1
arresting	1
array	1
arrangements	1
arrangement	1
arrange	1
arks	1
aristocrat	1
arguing	1
argued	1
arduous	1
ardent	1
archway	1
architects	1
architect	1
archimedes	1
archiepiscopal	1
archbishop	1
archangel	1
arcbitects	1
ar	1
aptitude	1
apt	1
approaching	1
approached	1
apprentice	1
apprehensions	1
apprehended	1
appreciated	1
appointments	1
apply	1
applied	1
appertaining	1
appeaihid	1
appeai	1
appcai'ance	1
apology	1
apiece	1
apathy	1
ap	1
anyway	1
anyhow	1
anxiously	1
anxioui	1
anundutifulsou	1
antiquated	1
answering	1
annoyed	1
annoyance	1
announce	1
anner	1
anger	1
angel	1
anfractuosities	1
andtheimn	1
andfather	1
andeuin	1
anb	1
anacreon	1
amused	1
amounts	1
amounting	1
amounted	1
amongst	1
amiiseineiit	1
amicably	1
amerioans	1
amd	1
ambush	1
amble	1
amatory	1
amassing	1
amass	1
amaryllis	1
alter	1
almshouses	1
almoner	1
allowing	1
allotted	1
alligators	1
alleys	1
alleviating	1
allegory	1
allegorically	1
alice	1
alibis	1
alfred	1
alert	1
alcohol	1
albany	1
al	1
aisle	1
airs	1
airily	1
ain't	1
ain	1
aim	1
ails	1
aiext	1
ahead	1
agriculture	1
agreenignt	1
aglow	1
afterward	1
aftee	1
aft'ectionate	1
afresh	1
aflix	1
affrighted	1
affright	1
affluence	1
afflicts	1
afflictions	1
afflicted	1
affirmation	1
affects	1
affectionate	1
affecting	1
affair	1
afc	1
aesthetics	1
aee	1
advisers	1
advertiser	1
advertised	1
adventures	1
adventurer	1
advances	1
adulteress	1
adorn	1
adopted	1
admonished	1
admmistration	1
admitting	1
admits	1
admission	1
admiring	1
admire	1
admiration	1
admirably	1
admirable	1
administration	1
administrate	1
adjoined	1
adjectives	1
adjacent	1
addressing	1
adding	1
adamantine	1
acts	1
actors	1
activity	1
acres	1
acquisitions	1
acknowledgment	1
achieving	1
achievements	1
achieved	1
accuserg	1
accusations	1
accusation	1
accumulate	1
accovding	1
accordingly	1
accomplishments	1
accommodation	1
accommodate	1
accession	1
accepting	1
academy	1
abuse	1
absurdly	1
abstractedly	1
abstract	1
absorb	1
absently	1
absent	1
abruptly	1
abraham	1
abound	1
aboriginal	1
abject	1
abingdon	1
abilities	1
abetter	1
abbe	1
abandonment	1
aa'ere	1
^yindow	1
^yill	1
^yhy	1
^yhose	1
^yent	1
^vhatevcr	1
^largaret	1
^ig	1
^:	1
^.'	1
^)ocause	1
^'isit	1
];	1
])	1
\vlio	1
\ve	1
\iiser	1
\ien	1
\ieantime	1
\iay	1
\iadge	1
\[illions	1
\.	1
=	1
7zz	1
3urleys	1
2ig	1
.„	1
.;	1
..;	1
....	1
...	1
..'	1
-•■-;	1
-.	1
-,	1
*ome	1
*eest	1
**	1
*'	1
),	1
'■	1
'.-	1
'-^	1
&mily	1
">	1
""-	1
!,	1
!'	1
