,	6088
the	3317
and	2202
of	2078
.	1867
i	1651
to	1596
a	1472
"	1302
—	1212
my	915
in	892
that	755
you	729
;	700
was	625
it	591
his	587
with	584
me	542
not	521
he	491
for	487
is	485
as	439
which	432
but	391
had	386
have	364
at	341
said	328
by	318
her	292
so	290
your	281
."	275
be	256
one	253
this	246
from	243
|'s|	238
him	226
!	222
on	214
we	206
an	202
all	201
no	192
are	188
or	187
will	184
what	184
our	180
if	173
she	161
than	159
'	156
more	154
were	151
very	150
upon	149
?	149
who	144
there	144
when	135
!"	133
now	130
they	128
into	128
us	125
do	121
love	119
:	118
man	117
been	115
would	114
well	114
uncle	113
has	106
never	103
isora	103
most	98
|romannumeral|	96
their	95
own	94
then	93
could	93
gerald	91
sir	90
its	89
over	88
too	87
time	87
some	87
like	87
how	87
can	87
only	86
myself	86
little	86
did	86
aubrey	84
first	83
good	79
them	78
other	78
am	77
much	76
(	76
made	75
before	75
any	75
know	74
yet	72
shall	72
?"	72
ever	71
heart	70
even	70
life	69
devereux	68
great	67
those	66
count	66
tarleton	65
cried	65
think	64
should	64
old	64
morton	64
may	64
long	64
after	64
himself	62
st	60
day	60
see	59
mr	58
lady	58
)	58
say	57
|arabic1digit|	56
through	56
house	56
up	55
nothing	55
nature	55
might	55
e	55
world	54
thought	54
these	54
thee	54
such	54
brother	54
without	53
tell	53
out	53
left	53
seemed	52
last	52
eyes	52
though	51
john	51
hand	51
father	49
about	49
why	48
air	48
abbe	48
two	47
look	47
whom	46
still	46
name	46
while	45
mother	45
however	45
make	43
till	42
thy	42
montreuil	42
always	42
saw	41
room	41
nor	41
must	41
barnard	41
priest	40
poor	40
perhaps	40
mind	40
every	40
once	39
let	38
both	38
true	37
thou	37
moment	37
letter	37
felt	37
boy	37
being	37
william	36
voice	36
towards	36
three	36
less	36
honour	36
against	36
where	35
part	35
face	35
cannot	35
again	35
indeed	34
found	34
fear	34
between	34
beauty	34
whole	33
turned	33
hope	33
gentleman	33
door	33
court	33
better	33
away	33
young	32
same	32
person	32
leave	32
heard	32
don	32
character	32
chapter	32
answered	32
age	32
next	31
enough	31
yes	30
years	30
speak	30
round	30
power	30
eye	30
come	30
believe	30
answer	30
alone	30
*	30
|arabic3digit|	29
take	29
present	29
men	29
lord	29
just	29
here	29
heaven	29
give	29
dear	29
thing	28
something	28
place	28
nay	28
looked	28
hasselton	28
full	28
d	28
countenance	28
came	28
because	28
""	28
sword	27
read	27
new	27
within	26
wit	26
things	26
rather	26
pleasure	26
passed	26
least	26
head	26
evening	26
certain	26
another	26
word	25
woman	25
way	25
returned	25
oh	25
often	25
night	25
mine	25
itself	25
friend	25
fielding	25
few	25
far	25
earth	25
ah	25
words	24
wish	24
whose	24
under	24
seen	24
school	24
right	24
o	24
morning	24
many	24
loved	24
lips	24
fellow	24
early	24
does	24
cause	24
best	24
women	23
spaniard	23
secret	23
r	23
ill	23
daughter	23
tis	22
tears	22
side	22
go	22
expression	22
entered	22
.?"	22
*'	22
|arabic2digit|	21
youth	21
truth	21
tone	21
therefore	21
small	21
respect	21
passion	21
knowledge	21
faith	21
each	21
drew	21
conversation	21
change	21
certainly	21
already	21
want	20
u	20
took	20
told	20
subject	20
soon	20
somewhat	20
smile	20
ground	20
favour	20
either	20
down	20
.'	20
.""	20
thus	19
state	19
spoke	19
son	19
possessed	19
passions	19
order	19
none	19
knight	19
gentlemen	19
fine	19
exactly	19
done	19
country	19
cheek	19
back	19
among	19
ambition	19
added	19
whether	18
went	18
vol	18
town	18
single	18
since	18
set	18
remember	18
real	18
pardon	18
others	18
off	18
master	18
half	18
end	18
company	18
child	18
alvarez	18
also	18
almost	18
affection	18
wliich	17
stood	17
seems	17
return	17
ourselves	17
open	17
light	17
home	17
hear	17
hall	17
got	17
find	17
fate	17
doubt	17
desmarais	17
de	17
dark	17
book	17
became	17
ask	17
^	17
yourself	16
valet	16
strange	16
silent	16
rose	16
received	16
reader	16
pretty	16
people	16
met	16
lost	16
london	16
large	16
ha	16
grew	16
forth	16
forget	16
features	16
family	16
common	16
brought	16
acquaintance	16
''	16
vanity	15
thoughts	15
taken	15
stranger	15
slowly	15
show	15
short	15
seek	15
second	15
reason	15
object	15
manner	15
looking	15
late	15
jest	15
hour	15
high	15
gentle	15
genius	15
gave	15
friendship	15
friends	15
feeling	15
favourite	15
diego	15
began	15
appeared	15
appearance	15
!""	15
wont	14
visit	14
tomorrow	14
themselves	14
temper	14
tall	14
sure	14
suffer	14
step	14
safety	14
rival	14
really	14
quite	14
question	14
pride	14
pressed	14
play	14
party	14
p	14
opportunity	14
oath	14
natural	14
matter	14
makes	14
longer	14
known	14
knew	14
human	14
god	14
get	14
evil	14
desire	14
departure	14
days	14
blood	14
become	14
art	14
ye	13
week	13
viz	13
virtue	13
turn	13
thousand	13
surprise	13
story	13
sea	13
put	13
promise	13
picture	13
petty	13
length	13
lay	13
kind	13
history	13
having	13
handsome	13
green	13
gad	13
four	13
fortune	13
fell	13
feelings	13
despite	13
confidence	13
care	13
brothers	13
bless	13
.''	13
wise	12
wine	12
whenever	12
times	12
thrown	12
spirit	12
sound	12
soul	12
sooner	12
silence	12
sid	12
sense	12
scarcely	12
sat	12
resolved	12
pray	12
possible	12
peculiar	12
past	12
passage	12
means	12
matters	12
lip	12
hitherto	12
happy	12
future	12
equal	12
england	12
death	12
called	12
broke	12
birth	12
bed	12
beautiful	12
beau	12
around	12
arm	12
allow	12
work	11
water	11
tliat	11
suddenly	11
strong	11
spot	11
sort	11
sedley	11
ran	11
puppet	11
private	11
personal	11
period	11
perceived	11
peace	11
paper	11
noble	11
nevertheless	11
money	11
mingled	11
madam	11
living	11
letters	11
learned	11
humour	11
hearts	11
french	11
fixed	11
fit	11
feel	11
fashion	11
fair	11
especially	11
english	11
drink	11
confess	11
colonel	11
cold	11
children	11
charles	11
broken	11
behold	11
beheld	11
ay	11
asked	11
arms	11
approached	11
apartment	11
afterwards	11
affections	11
address	11
above	11
write	10
wig	10
whatever	10
vain	10
talk	10
t	10
sympathy	10
steele	10
sometimes	10
soft	10
servant	10
seem	10
raised	10
quiet	10
presence	10
placed	10
opposite	10
opinion	10
opened	10
memory	10
lover	10
led	10
laugh	10
king	10
kindness	10
joined	10
interest	10
iniorton	10
immediately	10
idea	10
herself	10
hat	10
hastened	10
hands	10
gold	10
gives	10
general	10
forgot	10
dull	10
different	10
covered	10
cloak	10
claim	10
chair	10
celebrated	10
call	10
calculated	10
brow	10
breast	10
body	10
along	10
alas	10
absence	10
?""	10
),	10
•	9
yours	9
worthy	9
wife	9
whispered	9
war	9
value	9
until	9
universal	9
together	9
table	9
swift	9
suspicions	9
study	9
speech	9
solitary	9
service	9
send	9
sdeath	9
scene	9
resolution	9
request	9
rendered	9
recovered	9
reading	9
point	9
pause	9
neither	9
mystery	9
monsieur	9
middle	9
low	9
loves	9
live	9
keen	9
instructions	9
idle	9
hurried	9
honest	9
holy	9
held	9
haughty	9
guest	9
greatly	9
greater	9
going	9
france	9
foot	9
fire	9
fierce	9
familiarity	9
f	9
extraordinary	9
exact	9
emotion	9
else	9
eh	9
effect	9
easy	9
easily	9
don't	9
dignity	9
devil	9
departed	9
delicate	9
deep	9
danger	9
cottage	9
comes	9
cleland	9
channel	9
calm	9
bold	9
beside	9
avoid	9
anger	9
affected	9
account	9
accompanied	9
^^	9
wound	8
worst	8
worldly	8
weeks	8
walk	8
von	8
vast	8
various	8
utterly	8
understand	8
trust	8
tower	8
threw	8
third	8
terrible	8
suspicion	8
supposed	8
suited	8
suffered	8
station	8
startled	8
speaking	8
several	8
sentiment	8
seeing	8
saying	8
replied	8
repeated	8
repaired	8
ray	8
rank	8
prithee	8
possession	8
pleased	8
pity	8
paused	8
pass	8
partly	8
obtain	8
objects	8
necessary	8
naturally	8
moved	8
months	8
mere	8
mentioned	8
meet	8
marriage	8
leg	8
later	8
la	8
kings	8
intrigue	8
imagined	8
hero	8
help	8
grace	8
gone	8
giving	8
given	8
generous	8
generally	8
gained	8
former	8
form	8
following	8
figure	8
female	8
existence	8
examination	8
especial	8
engaged	8
enemy	8
dressed	8
drawn	8
divine	8
discover	8
described	8
deny	8
dangerous	8
cut	8
countess	8
conversing	8
concealed	8
companion	8
chamber	8
century	8
ceased	8
carry	8
broad	8
books	8
bitter	8
beneath	8
belief	8
bear	8
attention	8
attempt	8
attachment	8
aside	8
approaching	8
apartments	8
anything	8
anti	8
ago	8
abruptly	8
abode	8
?''''	8
.,	8
zeal	7
window	7
wearied	7
watchman	7
uttered	7
twice	7
trial	7
treasure	7
touched	7
thin	7
thanks	7
taste	7
taking	7
sum	7
suit	7
sufficiently	7
sufficient	7
street	7
stay	7
spread	7
spoken	7
sought	7
sorrow	7
solitude	7
soldier	7
softness	7
sneer	7
slight	7
six	7
sitting	7
sinking	7
singular	7
silver	7
sight	7
shut	7
sharp	7
sex	7
seized	7
scenes	7
says	7
save	7
rest	7
resist	7
renewed	7
remained	7
religion	7
re	7
rarely	7
race	7
quick	7
pupil	7
proud	7
property	7
profound	7
prevent	7
post	7
possess	7
portrait	7
poetry	7
pay	7
parted	7
parson	7
pair	7
od'sfish	7
occurred	7
mouth	7
mistress	7
misfortune	7
mental	7
melancholy	7
mean	7
lived	7
lines	7
line	7
lie	7
learning	7
latter	7
knows	7
kiss	7
justice	7
judge	7
joy	7
jealous	7
intellectual	7
instead	7
impression	7
hours	7
hopes	7
honoured	7
hold	7
heavens	7
hatred	7
hair	7
guinea	7
grey	7
greatest	7
godfrey	7
glass	7
garden	7
g	7
fresh	7
frame	7
followed	7
follow	7
fly	7
filled	7
fellows	7
fearful	7
favoured	7
farewell	7
familiar	7
experience	7
expected	7
exchange	7
escape	7
eldest	7
ed	7
earnest	7
dwelled	7
during	7
due	7
dress	7
dog	7
distinction	7
dislike	7
die	7
description	7
demand	7
deceived	7
deadly	7
dead	7
dare	7
custom	7
curiosity	7
continued	7
coloured	7
colour	7
childhood	7
characters	7
caught	7
case	7
bring	7
brief	7
born	7
bolingbroke	7
bitterly	7
besides	7
bent	7
behind	7
b	7
assured	7
assumed	7
alive	7
advice	7
admitted	7
addressed	7
according	7
?''"'	7
.''"	7
youngest	6
yielded	6
yield	6
writing	6
worship	6
wonderful	6
wishes	6
wisdom	6
wild	6
wide	6
wicked	6
wholly	6
whig	6
weak	6
watch	6
walking	6
walked	6
violent	6
vanished	6
usual	6
use	6
unless	6
trembled	6
tongue	6
today	6
thinking	6
thank	6
teeth	6
talking	6
syllable	6
sweet	6
superior	6
success	6
studies	6
studied	6
spring	6
souls	6
solely	6
shore	6
shape	6
sexton	6
severe	6
sent	6
self	6
seemingly	6
schemes	6
scheme	6
sarcasm	6
sake	6
rushed	6
rude	6
richly	6
retired	6
resumed	6
restless	6
respecting	6
require	6
reputation	6
released	6
rejected	6
reflection	6
rascal	6
rage	6
qualities	6
pursuit	6
pure	6
praise	6
politics	6
political	6
pointed	6
please	6
path	6
pale	6
paid	6
offer	6
observation	6
note	6
notable	6
nephew	6
neck	6
native	6
n	6
music	6
mrs	6
moments	6
mirrors	6
mirror	6
meanwhile	6
married	6
manhood	6
louis	6
literary	6
listened	6
likeness	6
lean	6
language	6
join	6
irresistible	6
intellect	6
innocent	6
independent	6
imagine	6
i'll	6
horse	6
honours	6
homeward	6
hereafter	6
height	6
hard	6
happiness	6
hang	6
glittering	6
glad	6
gently	6
gay	6
garb	6
fully	6
freshness	6
foe	6
flying	6
fish	6
firm	6
finest	6
exquisite	6
excellent	6
evidently	6
event	6
ease	6
earlier	6
duchess	6
dozen	6
domestic	6
distance	6
disappointed	6
died	6
despise	6
denton	6
declared	6
coxcomb	6
course	6
courage	6
control	6
contest	6
contempt	6
constant	6
considered	6
confessed	6
conduct	6
condition	6
coat	6
coach	6
closely	6
circumstances	6
chosen	6
changed	6
carriage	6
carefully	6
breath	6
boys	6
blessed	6
black	6
birds	6
betrayed	6
betray	6
beauties	6
beach	6
approach	6
anguish	6
amiable	6
afforded	6
affectation	6
advantage	6
admire	6
admirable	6
accordingly	6
able	6
^^^	6
((	6
"'	6
younger	5
yonder	5
written	5
wounds	5
worn	5
wished	5
wings	5
wealth	5
ways	5
waves	5
watchmen	5
wait	5
visits	5
violence	5
vill	5
view	5
velvet	5
veil	5
vehemently	5
utter	5
usually	5
unknown	5
trifles	5
trace	5
tory	5
tonight	5
ties	5
throughout	5
thick	5
tevereux	5
termed	5
talent	5
swinging	5
suspect	5
sun	5
suffering	5
sudden	5
succeeded	5
struck	5
stories	5
stately	5
spent	5
spectator	5
speaker	5
soil	5
smiling	5
smiled	5
skill	5
sign	5
sigh	5
sick	5
shook	5
shame	5
serve	5
seated	5
seat	5
science	5
satisfied	5
sanctity	5
sad	5
rooms	5
romance	5
rogue	5
rochester	5
road	5
rich	5
retirement	5
respectful	5
reply	5
removed	5
remarkably	5
remain	5
rejoined	5
recovery	5
reception	5
reasons	5
rare	5
raising	5
quoth	5
quietly	5
pursuits	5
purity	5
profession	5
presented	5
prayers	5
powerful	5
posterity	5
policy	5
poet	5
playing	5
plan	5
persuaded	5
persons	5
perceive	5
passing	5
pagoda	5
pages	5
orders	5
od's	5
occupied	5
nine	5
neglect	5
necessity	5
near	5
mysterious	5
murmured	5
montreuifs	5
momentary	5
modesty	5
mistaken	5
mighty	5
mien	5
messenger	5
merry	5
merit	5
marshal	5
making	5
loud	5
loss	5
load	5
listen	5
likely	5
liis	5
liim	5
leaves	5
learn	5
leap	5
le	5
laughing	5
land	5
laid	5
kneller	5
kept	5
it's	5
interrupted	5
intended	5
inspiration	5
insensible	5
informed	5
influence	5
impossible	5
important	5
identity	5
hung	5
humble	5
horses	5
hilt	5
harley	5
harkee	5
hark	5
grand	5
graces	5
graceful	5
gods	5
gloves	5
glorious	5
gifts	5
ghost	5
gaze	5
gallant	5
friendly	5
freedom	5
formed	5
forgotten	5
forehead	5
fond	5
flaxen	5
flattering	5
five	5
fiddle	5
favours	5
fan	5
faltered	5
fact	5
experienced	5
exiled	5
excited	5
example	5
evident	5
everything	5
events	5
escaped	5
entrance	5
enjoy	5
education	5
ecclesiastic	5
eagerly	5
eager	5
duty	5
dreams	5
draw	5
doing	5
distaste	5
discovered	5
dignified	5
devotion	5
devoted	5
determination	5
desires	5
designs	5
depart	5
demeanour	5
dearest	5
cruel	5
crowd	5
creatures	5
cowley	5
contrary	5
continuance	5
conceive	5
concealment	5
compliments	5
compliment	5
collected	5
coarse	5
closer	5
closed	5
clever	5
claims	5
cibber	5
cheeks	5
charming	5
characteristic	5
champagne	5
cast	5
carried	5
cane	5
can't	5
business	5
breathe	5
bound	5
bottle	5
bond	5
boat	5
blush	5
bit	5
benevolence	5
beat	5
avould	5
aught	5
astonishing	5
assurance	5
ashes	5
angry	5
amusements	5
affairs	5
adventure	5
admiration	5
abigail	5
.^"	5
.'*"	5
.'"	5
!)	5
»	4
y	4
wrote	4
worthless	4
wore	4
wonder	4
witticism	4
winter	4
widow	4
whisper	4
whence	4
weapon	4
watching	4
watched	4
waste	4
warm	4
wanderings	4
virtues	4
villainous	4
vigour	4
verse	4
vengeance	4
used	4
union	4
unhappy	4
ungrateful	4
unfortunate	4
uneasy	4
understood	4
un	4
tutor	4
turning	4
triumph	4
trick	4
tremble	4
tree	4
tories	4
tolerably	4
thirty	4
tenderness	4
tender	4
ten	4
temperament	4
tells	4
tale	4
system	4
swords	4
swear	4
susceptible	4
surveying	4
survey	4
surrounded	4
surprised	4
surely	4
suppose	4
supported	4
sunk	4
summer	4
sullen	4
subtleties	4
strongly	4
stretched	4
strength	4
stream	4
strain	4
stockings	4
started	4
stars	4
stamped	4
stairs	4
spite	4
sore	4
songs	4
solemnity	4
softened	4
snuff	4
smooth	4
situated	4
sirrah	4
sin	4
simple	4
signal	4
shy	4
shrewd	4
shot	4
shadow	4
shade	4
seven	4
settled	4
servants	4
sentiments	4
senses	4
selfish	4
secretary	4
sated	4
saltero	4
sacred	4
rudeness	4
rise	4
rigid	4
ridicule	4
ride	4
revolted	4
reveal	4
reserved	4
resembling	4
requires	4
required	4
reproach	4
report	4
religious	4
recorded	4
readily	4
rapidly	4
quitted	4
quarter	4
purse	4
purpose	4
pulled	4
public	4
provided	4
proposed	4
proposal	4
proof	4
produce	4
priests	4
previous	4
pretensions	4
preserve	4
pooh	4
politician	4
pointing	4
plot	4
pleasures	4
pleasing	4
pleasant	4
plays	4
places	4
pitiful	4
philosophy	4
philosophers	4
philosopher	4
personage	4
persecutor	4
persecution	4
perpetually	4
perfectly	4
perfect	4
penance	4
peers	4
patient	4
park	4
palm	4
painting	4
painter	4
page	4
oysters	4
owl	4
ordinary	4
orange	4
opening	4
offspring	4
office	4
occupation	4
occasion	4
obtained	4
observed	4
oblige	4
o'carroll	4
numerous	4
notes	4
noted	4
nose	4
nicholls	4
news	4
nearly	4
narrow	4
mv	4
muttering	4
muttered	4
mute	4
motives	4
motion	4
monsters	4
mode	4
minutes	4
melted	4
meeting	4
marked	4
mares	4
manners	4
mankind	4
malignant	4
m	4
lose	4
locked	4
literally	4
lingered	4
leaving	4
leaf	4
laughter	4
ladyship	4
ladies	4
lace	4
knit	4
kisses	4
kissed	4
key	4
keeping	4
keep	4
jealousy	4
islet	4
iron	4
involuntary	4
introduction	4
intrigues	4
interrupting	4
internal	4
interesting	4
intercourse	4
intense	4
instruction	4
instant	4
inspired	4
inquiry	4
indulgence	4
indulged	4
induce	4
illustrious	4
ignorance	4
i'm	4
hurt	4
hundred	4
humbly	4
household	4
horace	4
hon	4
homage	4
hence	4
heir	4
heartily	4
heads	4
hast	4
harsh	4
handwriting	4
habits	4
guests	4
guess	4
grown	4
grow	4
grim	4
grief	4
grave	4
grammont	4
gout	4
goodness	4
gloom	4
glided	4
glance	4
girl	4
game	4
gallants	4
gaiety	4
furnished	4
furious	4
forgive	4
foolish	4
fool	4
flowed	4
flattered	4
flanders	4
finger	4
fashionable	4
farther	4
fancy	4
fallen	4
fall	4
fairly	4
extent	4
exposed	4
explain	4
exile	4
exhausted	4
excuse	4
excess	4
etherege	4
esteem	4
errors	4
equally	4
envy	4
entitled	4
enter	4
enjoyment	4
energy	4
enemies	4
endure	4
endeavouring	4
empty	4
employed	4
embrace	4
emblem	4
effort	4
earnestness	4
dusk	4
dressing	4
dreadful	4
drawing	4
doctor	4
distant	4
dissipation	4
dispute	4
disposition	4
displeasing	4
dismissed	4
dismiss	4
disguised	4
disguise	4
disgrace	4
disappeared	4
dim	4
difference	4
dialogue	4
devotions	4
deveeeux	4
destitute	4
despair	4
descended	4
delighted	4
delicious	4
deemed	4
daring	4
dame	4
daily	4
curls	4
crossed	4
crime	4
creator	4
creation	4
courts	4
coquette	4
converse	4
contents	4
content	4
containing	4
contained	4
constitution	4
consider	4
consequence	4
conscience	4
congratulate	4
confusion	4
conference	4
communication	4
commission	4
commenced	4
coming	4
comely	4
cloud	4
cliff	4
clear	4
circumstance	4
church	4
chinese	4
childish	4
chariot	4
changes	4
chance	4
certainty	4
caution	4
castle	4
career	4
calmly	4
burst	4
brotherly	4
bright	4
break	4
box	4
bowed	4
bosom	4
bestow	4
bequeathed	4
belonging	4
belonged	4
bell	4
beginning	4
beg	4
beaten	4
bay	4
barrier	4
barber	4
bad	4
awe	4
aversion	4
ave	4
author	4
audience	4
attached	4
atmosphere	4
astonishment	4
assembled	4
aspect	4
arrived	4
aristocratic	4
arbour	4
application	4
appear	4
anxious	4
angel	4
ancestors	4
alternately	4
alike	4
alexander	4
alarmed	4
affect	4
admiring	4
admired	4
adieu	4
add	4
across	4
accept	4
^^^^	4
.?	4
.''''	4
}	3
zounds	3
youthful	3
wrong	3
writes	3
writers	3
writer	3
worse	3
works	3
woods	3
wood	3
wonderfully	3
witty	3
wits	3
withered	3
wiser	3
wisely	3
windows	3
win	3
wills	3
white	3
whim	3
wert	3
welcome	3
weighed	3
weary	3
wearisome	3
wearing	3
wasted	3
warn	3
warmth	3
wandering	3
vulgar	3
vow	3
voices	3
visible	3
vipon	3
vindicate	3
village	3
vigilant	3
vigilance	3
verdure	3
vein	3
vehemence	3
vanities	3
valuable	3
useful	3
upper	3
unworthy	3
unusually	3
unlike	3
united	3
unequal	3
understanding	3
uncommonly	3
uncommon	3
unamiable	3
unable	3
twin	3
twenty	3
tune	3
truly	3
tremblingly	3
trees	3
trapdoor	3
tour	3
touches	3
topics	3
topic	3
tomb	3
toasts	3
timidly	3
tide	3
thrust	3
throwing	3
threshold	3
threats	3
thoughtful	3
thoroughly	3
thorough	3
thirteen	3
thinks	3
thine	3
testified	3
terribly	3
terms	3
term	3
tenderly	3
tended	3
temple	3
teacher	3
taught	3
tartar	3
tarry	3
tamned	3
tame	3
taller	3
talked	3
talents	3
sworn	3
swore	3
sustained	3
suspicious	3
suspected	3
surrendered	3
supper	3
sunshine	3
summoned	3
suitable	3
successful	3
substance	3
stung	3
strove	3
strikingly	3
strengthened	3
streets	3
streamed	3
stopped	3
stones	3
stillness	3
stern	3
steps	3
stature	3
statesmen	3
stand	3
sprung	3
splendour	3
splendid	3
spleen	3
spiritual	3
spirits	3
speed	3
spectre	3
species	3
spanish	3
sounds	3
sorry	3
sole	3
society	3
snares	3
smiles	3
sleep	3
skin	3
situation	3
sister	3
sire	3
simile	3
shrinking	3
showing	3
shocking	3
shocked	3
shillings	3
shed	3
shared	3
share	3
shake	3
shadows	3
separated	3
sensible	3
sensation	3
sending	3
seldom	3
searching	3
scruple	3
scornfully	3
scholar	3
saved	3
sage	3
sagacious	3
safe	3
rural	3
run	3
rule	3
ruin	3
rt	3
routine	3
roman	3
rode	3
rod	3
rings	3
ring	3
reverie	3
returning	3
retreat	3
result	3
respected	3
resistance	3
residence	3
reserve	3
resembles	3
resemble	3
reprobate	3
represents	3
repeat	3
repay	3
repaid	3
renew	3
render	3
reminds	3
remembrance	3
remembered	3
remarkable	3
remaining	3
relieved	3
relief	3
relations	3
regret	3
regard	3
reflections	3
refer	3
red	3
recur	3
recited	3
receive	3
recalled	3
reached	3
rapture	3
rapier	3
rapid	3
railleries	3
questions	3
queen	3
quarrelled	3
quality	3
pursued	3
punch	3
prudent	3
proved	3
promised	3
profusion	3
profess	3
produced	3
proceeded	3
priority	3
prior	3
principles	3
principle	3
prince	3
prime	3
priestcraft	3
prettiest	3
pretend	3
press	3
preserved	3
presents	3
premature	3
precious	3
preceptor	3
precaution	3
praised	3
powell	3
poverty	3
pour	3
pot	3
positively	3
portion	3
popish	3
polished	3
poison	3
points	3
pockets	3
pledge	3
plain	3
placing	3
pint	3
physicians	3
phrases	3
perpetual	3
periwig	3
peremptory	3
penetration	3
peculiarly	3
patrician	3
patience	3
paths	3
parts	3
particular	3
partially	3
partiality	3
paris	3
palpably	3
palled	3
pain	3
owner	3
outstretched	3
ought	3
orpheus	3
ornamented	3
origin	3
oracular	3
opposed	3
opine	3
ones	3
offence	3
odd	3
obtaining	3
observe	3
obscurity	3
obscure	3
obliged	3
number	3
notice	3
nobody	3
nightly	3
nice	3
negotiations	3
negligence	3
need	3
nation	3
names	3
mutual	3
museum	3
murmur	3
move	3
moreover	3
moral	3
mood	3
month	3
mohawks	3
modest	3
mixture	3
mix	3
missed	3
misfortunes	3
minister	3
minds	3
military	3
metropolis	3
methought	3
message	3
mercury	3
mention	3
meditation	3
materials	3
mask	3
malice	3
main	3
madeira	3
madame	3
lying	3
lustre	3
lovers	3
looks	3
lodging	3
locks	3
literature	3
listening	3
licence	3
liberty	3
leisure	3
leibnitz	3
leech	3
leaned	3
leading	3
lawful	3
laughed	3
latent	3
lamp	3
lackland	3
lackey	3
laced	3
knocked	3
kit	3
k	3
joyful	3
jesuit	3
jests	3
jesting	3
jean	3
jacobite	3
isora'	3
irrevocably	3
irresistibly	3
involuntarily	3
invitation	3
intrusive	3
intrusion	3
intruder	3
interview	3
interval	3
intention	3
insult	3
instantly	3
instance	3
inseparable	3
inquiries	3
inquired	3
inly	3
inir	3
ing	3
inexpressibly	3
indifference	3
indian	3
increasing	3
incoherent	3
inclination	3
imprimis	3
impressed	3
importance	3
impatient	3
imorton	3
immense	3
imaginable	3
idol	3
husband	3
hugh	3
hues	3
hue	3
hourly	3
horror	3
hoop	3
honourable	3
hither	3
hints	3
hill	3
hesitated	3
henceforth	3
hazard	3
haste	3
happen	3
halifax	3
guilt	3
group	3
gravity	3
gravely	3
gratitude	3
grateful	3
gradual	3
gown	3
golden	3
goddesses	3
goddess	3
gloomy	3
gift	3
gibber	3
getting	3
gentleness	3
gate	3
gallery	3
gallantry	3
furnish	3
front	3
fro	3
frequent	3
forward	3
fortunate	3
forthwith	3
formerly	3
formal	3
foreigner	3
foreign	3
fools	3
flowers	3
floor	3
flock	3
flirtation	3
fixing	3
fingers	3
finds	3
fifty	3
fierceness	3
fie	3
fever	3
ferocity	3
ferocious	3
fencing	3
feet	3
feature	3
favourable	3
faults	3
fat	3
farquhar	3
fame	3
false	3
falling	3
faithful	3
fade	3
extreme	3
external	3
extended	3
expressing	3
express	3
expect	3
existed	3
exertion	3
execute	3
excursion	3
exclusive	3
excitement	3
exceed	3
examined	3
exalted	3
evinced	3
eternal	3
et	3
established	3
entertained	3
engrossed	3
endeavoured	3
enclosed	3
enable	3
en	3
emotions	3
eminently	3
eminent	3
embracing	3
embarrassment	3
em	3
elsewhere	3
eloquence	3
elder	3
egress	3
effected	3
earthly	3
ear	3
dying	3
drove	3
dropped	3
dost	3
divulge	3
distinguished	3
displayed	3
display	3
disgust	3
discovery	3
disciples	3
discharge	3
directly	3
directed	3
direct	3
dinner	3
diminish	3
difficulty	3
dick	3
diamond	3
di	3
destiny	3
despondency	3
desirous	3
desired	3
deserve	3
depended	3
delusion	3
delightful	3
delight	3
deity	3
defend	3
deeply	3
deem	3
dedication	3
declare	3
decide	3
deceit	3
dames	3
customs	3
curse	3
curious	3
cry	3
crucifix	3
creep	3
creed	3
creature	3
created	3
cravat	3
crafty	3
covild	3
courtly	3
courtesy	3
couple	3
cost	3
corner	3
cool	3
conversion	3
contradict	3
contented	3
contemptuous	3
contains	3
constituted	3
considering	3
consequently	3
consent	3
conquered	3
connected	3
conjecture	3
congreve	3
congeniality	3
confused	3
confirm	3
confide	3
confer	3
condemned	3
conceal	3
con	3
composition	3
compelled	3
communicate	3
commune	3
comfort	3
comedy	3
com	3
collar	3
coffee	3
co	3
clung	3
club	3
close	3
clelia	3
clasped	3
clancathcart	3
civilised	3
circle	3
choice	3
chocolate	3
charge	3
centre	3
cease	3
cavern	3
cave	3
cavalier	3
cat	3
careless	3
cared	3
cards	3
candour	3
canaille	3
buy	3
busy	3
burning	3
bull	3
brilliant	3
breeding	3
breathless	3
breathes	3
breaking	3
bravo	3
brain	3
bowing	3
bounds	3
boughs	3
bom	3
bodily	3
blushed	3
blind	3
blame	3
bishop	3
bird	3
bill	3
bid	3
beyond	3
below	3
bells	3
begone	3
becoming	3
becomes	3
bearing	3
battle	3
base	3
balm	3
backed	3
avail	3
authority	3
attract	3
attired	3
attentively	3
attentions	3
attend	3
attempted	3
attained	3
ascertained	3
artificial	3
arthur	3
aroused	3
anxiety	3
antiquarian	3
antipathy	3
anticipated	3
animation	3
amusement	3
alteration	3
aloud	3
ally	3
alarm	3
aha	3
agreed	3
agreeable	3
agree	3
agony	3
agitation	3
afford	3
advancement	3
adorned	3
addressing	3
addicted	3
action	3
act	3
acquired	3
acquainted	3
acknowledge	3
accustomed	3
accompany	3
absorbed	3
absent	3
abased	3
^^^^^	3
]	3
?'"'	3
?'	3
?"'	3
/	3
.'"'	3
'*	3
''''	3
!'	3
„„,	2
«	2
zephyr	2
zealously	2
zealous	2
zauns	2
yovi	2
you're	2
you'll	2
yellow	2
yearning	2
yearned	2
year	2
yea	2
writings	2
worth	2
worked	2
woodland	2
won	2
womb	2
woe	2
wlio	2
wittily	2
wittiest	2
witnesses	2
witness	2
withdrawing	2
wishing	2
wiping	2
winked	2
widened	2
whither	2
whirlpools	2
whigs	2
wherein	2
wept	2
wedlock	2
weather	2
wear	2
weakness	2
weaker	2
waters	2
washed	2
warriors	2
warrant	2
warning	2
warmer	2
wants	2
wanton	2
wanting	2
wanted	2
wan	2
walks	2
waiter	2
waited	2
waistcoat	2
wainscoat	2
wager	2
w	2
volume	2
visitations	2
visitation	2
vision	2
vis	2
virtuous	2
virtuoso	2
virgin	2
virgil	2
violently	2
vigorous	2
victim	2
vicissitudes	2
vicious	2
vices	2
vice	2
vexed	2
vex	2
verily	2
verdant	2
verbal	2
venture	2
vent	2
venom	2
veins	2
vehicle	2
vastly	2
varlet	2
variety	2
varied	2
valley	2
valets	2
vale	2
vague	2
upwards	2
upward	2
upstairs	2
unwilling	2
unwelcome	2
unutterable	2
unto	2
unseen	2
unseemly	2
unpedantic	2
unmoved	2
unhand	2
undignified	2
unclouded	2
unbroken	2
unattended	2
ultimately	2
twinkling	2
twilight	2
turf	2
trusting	2
trouble	2
trifling	2
tried	2
trials	2
trembling	2
treat	2
treasures	2
treason	2
traveller	2
travail	2
transparent	2
transitory	2
transfer	2
tradition	2
tout	2
tourville	2
tortoise	2
tonne	2
tongues	2
toilet	2
toast	2
titles	2
title	2
tinged	2
tilt	2
tiling	2
tie	2
tidings	2
tides	2
thyself	2
thrusting	2
throw	2
throat	2
thrill	2
threaten	2
thither	2
thence	2
thefts	2
theatrical	2
theatre	2
terror	2
terrified	2
terminated	2
temptation	2
teach	2
tatler	2
task	2
tarnished	2
tapestry	2
tames	2
tail	2
symmetry	2
swell	2
swears	2
swam	2
suspense	2
surgeons	2
surface	2
supreme	2
suppressing	2
supply	2
superstitious	2
superstition	2
superiority	2
summons	2
sullied	2
sullenness	2
suiting	2
suite	2
succeed	2
suburb	2
subtle	2
subterranean	2
subjects	2
sturdy	2
stunned	2
student	2
struggling	2
struggle	2
strongest	2
strolled	2
stroll	2
stroke	2
strode	2
strive	2
striking	2
strike	2
strangers	2
strangely	2
storm	2
stores	2
stone	2
stocking	2
stirring	2
sternness	2
statue	2
statesman	2
states	2
standing	2
stamping	2
staircase	2
staggered	2
stages	2
stage	2
sports	2
sphere	2
speculative	2
speaks	2
sparkling	2
spare	2
sovereign	2
sources	2
sorrowful	2
sons	2
soliloquy	2
solemnly	2
solemn	2
softly	2
soften	2
sofa	2
social	2
sober	2
smoothed	2
smoke	2
smart	2
smaller	2
slow	2
slipped	2
slie	2
sleeps	2
slandered	2
skilful	2
skies	2
sketch	2
size	2
sit	2
sincerely	2
simplicity	2
similar	2
silken	2
signs	2
shrink	2
shows	2
showed	2
shouldst	2
shoulders	2
shoulder	2
shoul	2
shortly	2
shortest	2
shone	2
shock	2
shining	2
shines	2
shilling	2
shifts	2
sheds	2
sharpened	2
shaking	2
shaken	2
shadowy	2
shadowed	2
severing	2
services	2
served	2
separation	2
separate	2
seneca	2
select	2
seizing	2
seize	2
sees	2
secure	2
secrets	2
secrecy	2
secondly	2
seconded	2
seating	2
seasons	2
season	2
searched	2
search	2
seaport	2
sealed	2
seal	2
scrutiny	2
screech	2
screaming	2
scotland	2
scar	2
satisfying	2
satisfy	2
satisfactory	2
satisfaction	2
satire	2
sarcastic	2
sands	2
sanction	2
saluted	2
salter	2
salop	2
saloon	2
saint	2
sails	2
sacrifices	2
s	2
rustic	2
running	2
ruffles	2
royster	2
rover	2
route	2
rivalry	2
risk	2
rising	2
ripened	2
ringing	2
rightly	2
riding	2
rid	2
reward	2
revolved	2
reverend	2
reverence	2
revenge	2
retreated	2
retailing	2
restore	2
restlessly	2
respite	2
resources	2
repressed	2
represented	2
representative	2
repine	2
repent	2
repartee	2
renown	2
renders	2
reminded	2
remarks	2
remains	2
relish	2
release	2
relative	2
relationship	2
relation	2
rejoiced	2
reject	2
reigned	2
regular	2
regretted	2
refused	2
refuse	2
reform	2
reflects	2
reflected	2
reflect	2
referred	2
reentered	2
reduced	2
redoubted	2
redoubled	2
recovering	2
recover	2
record	2
reconcile	2
reckless	2
recesses	2
receives	2
reasonable	2
reappeared	2
reality	2
ready	2
readiness	2
reach	2
rays	2
ranks	2
rang	2
raise	2
railing	2
quitting	2
quickness	2
quickly	2
quarrelsome	2
puts	2
pushing	2
pushed	2
push	2
purple	2
purchase	2
providence	2
protection	2
protected	2
protect	2
prosperity	2
prose	2
propos	2
proportions	2
properly	2
proper	2
propensities	2
progress	2
profligate	2
profited	2
profit	2
prodigious	2
proceeds	2
proceeding	2
probably	2
probability	2
privilege	2
price	2
previously	2
prevents	2
prevented	2
prevalent	2
prettily	2
presume	2
presiding	2
prescribed	2
prepossessions	2
prepared	2
prepare	2
prematurely	2
preliminary	2
precise	2
preacher	2
prayer	2
prayed	2
powers	2
pouring	2
poured	2
pouch	2
potations	2
possibly	2
portraits	2
ponto	2
pomps	2
poets	2
pocket	2
plumed	2
plots	2
plebeians	2
plate	2
plainness	2
plaguey	2
pities	2
pish	2
piquancy	2
pipe	2
pious	2
pining	2
pine	2
pindar	2
pinch	2
pillow	2
pike	2
pierce	2
pieces	2
piece	2
piazza	2
physician	2
phrase	2
philosophical	2
phials	2
phantasma	2
perverted	2
pert	2
persuasion	2
persuade	2
personally	2
periodical	2
perilous	2
pericles	2
perceptible	2
penitent	2
penetrating	2
pedigree	2
pausing	2
paternal	2
patches	2
passionately	2
passages	2
parting	2
particularly	2
partial	2
partake	2
paroxysm	2
parents	2
papers	2
pang	2
panegyric	2
paltry	2
paint	2
owlits	2
owe	2
overtures	2
overthrow	2
overflowing	2
overcome	2
outward	2
outer	2
otherwise	2
orthodox	2
originality	2
organisation	2
ordinarily	2
ordered	2
oppressed	2
opinions	2
openly	2
omitted	2
older	2
oftener	2
offers	2
oddities	2
occasioned	2
observing	2
observations	2
oavti	2
oaths	2
o\vn	2
nurse	2
nonchalance	2
noblest	2
nights	2
nightcap	2
nether	2
nest	2
nerve	2
neighbourhood	2
neglected	2
needleham	2
nearer	2
narrative	2
narrated	2
mysteries	2
myriad	2
muscular	2
muscle	2
murdered	2
mum	2
multa	2
moving	2
mournfully	2
mournful	2
mount	2
mould	2
motley	2
motive	2
motionless	2
mortal	2
morbidity	2
morbid	2
monarchs	2
modify	2
modern	2
moderate	2
mock	2
mistrust	2
mistaking	2
misery	2
miser	2
misanthropy	2
mirth	2
mincing	2
millinery	2
miles	2
milder	2
midst	2
methinks	2
merriment	2
merely	2
mercy	2
merciful	2
menacing	2
members	2
member	2
mellow	2
meester	2
medicine	2
mechanical	2
measure	2
meanness	2
maxim	2
matt	2
mates	2
masters	2
mass	2
masculine	2
marvellously	2
marry	2
marriages	2
marched	2
marble	2
mansion	2
manifested	2
mandarin	2
mall	2
male	2
maintained	2
maidens	2
maid	2
magnificent	2
m'hich	2
lucky	2
loving	2
lovely	2
lovell	2
lot	2
looped	2
longed	2
lonely	2
loneliness	2
loitering	2
loftier	2
lock	2
lo	2
lives	2
livery	2
liveliness	2
littleness	2
lit	2
linger	2
limit	2
limbs	2
limb	2
liked	2
lightning	2
lightly	2
lightest	2
lighter	2
lifting	2
lift	2
lies	2
licentious	2
liad	2
liable	2
letting	2
lest	2
lent	2
lending	2
legitimate	2
legibly	2
league	2
leads	2
lead	2
laying	2
languid	2
lack	2
knowing	2
knowest	2
knees	2
kingdom	2
kindred	2
kindled	2
killed	2
keeper	2
keenness	2
joking	2
jniorton	2
jmy	2
jide	2
jesus	2
jesters	2
james	2
j	2
i„	2
isora^	2
isora"	2
inward	2
invite	2
invisible	2
invaluable	2
intruded	2
introduced	2
intimately	2
interruption	2
interludes	2
interfere	2
intently	2
intentions	2
intelligible	2
intelligence	2
insulted	2
institute	2
instinct	2
inspires	2
insolent	2
insisted	2
insinuated	2
insignificant	2
insensibly	2
insensibility	2
inquire	2
innocence	2
innate	2
inmates	2
injustice	2
injuries	2
inieanwhile	2
inhaling	2
inhabitants	2
ingenuous	2
inform	2
influenced	2
infantine	2
infant	2
inexpressible	2
inexperienced	2
industrious	2
indulging	2
inducements	2
inducement	2
indolence	2
indifferently	2
independence	2
increase	2
inclined	2
incline	2
incapable	2
impudence	2
impotence	2
imposing	2
imported	2
impertinent	2
imperfectly	2
impatience	2
imcle	2
imbecility	2
image	2
im	2
ill-fated	2
ignorant	2
ignoble	2
idlest	2
hypocrite	2
hush	2
hurriedly	2
humph	2
humorous	2
humiliation	2
huge	2
ht	2
hot	2
hospitality	2
hospitable	2
honourably	2
historians	2
hinted	2
highly	2
higher	2
hideous	2
hesitate	2
hers	2
herodotus	2
heritage	2
herd	2
herb	2
heightened	2
heed	2
hebe	2
heartless	2
hearth	2
hearing	2
headmaster	2
he's	2
haughtily	2
hath	2
hate	2
hasty	2
hastily	2
hardihood	2
hardened	2
hallows	2
halfway	2
habitual	2
habit	2
haberdasher	2
h	2
guineas	2
guilty	2
guard	2
grounds	2
gross	2
groaned	2
grieves	2
grieved	2
grieve	2
greeted	2
greatness	2
graver	2
graven	2
gratify	2
gratification	2
grasping	2
grasped	2
granted	2
grandfather	2
grain	2
gradually	2
gothic	2
goot	2
good-natured	2
good-humour	2
goes	2
goal	2
glow	2
glove	2
glory	2
glide	2
glancing	2
glances	2
gifted	2
ghosts	2
german	2
george	2
gazed	2
gaudy	2
gathered	2
gall	2
gain	2
fury	2
further	2
funeral	2
fulfil	2
frivolities	2
fringed	2
fringe	2
frequently	2
frequented	2
frenchman	2
fraught	2
fragrant	2
fragrance	2
fourteen	2
fountain	2
forsook	2
forsake	2
forms	2
forgetfulness	2
foresaw	2
foreboded	2
forced	2
force	2
forbid	2
fop	2
footstep	2
food	2
fondly	2
follows	2
follies	2
foils	2
foes	2
flush	2
flung	2
flown	2
flourish	2
flit	2
flirted	2
flinging	2
flight	2
flatters	2
flatter	2
flashed	2
flash	2
fitted	2
fishing	2
firmly	2
finish	2
finding	2
fill	2
fighting	2
fifteen	2
fervour	2
fence	2
feels	2
fearless	2
fearfully	2
feared	2
fathers	2
farthest	2
famous	2
familiarly	2
falsehood	2
fairy	2
faint	2
failed	2
faculties	2
expressed	2
expose	2
explained	2
experiment	2
expense	2
existing	2
exist	2
exhibit	2
exercises	2
exercise	2
exclaimed	2
exciting	2
excite	2
excitation	2
excesses	2
exception	2
excepted	2
except	2
excellence	2
excelled	2
exceedingly	2
exceeding	2
exalt	2
exactness	2
exacted	2
ex	2
evidence	2
everybody	2
ethereges	2
ethereal	2
esteemed	2
estates	2
estate	2
est	2
essential	2
espoused	2
error	2
ere	2
equestrian	2
epistle	2
enviable	2
enveloped	2
envelope	2
entirely	2
enthusiasm	2
enterprise	2
enraged	2
ennui	2
enjoyments	2
enjoyed	2
engagement	2
enduring	2
ended	2
encouraging	2
encouraged	2
encourage	2
emulation	2
employing	2
emphasis	2
embraced	2
emboldened	2
elements	2
eighteen	2
eight	2
effrontery	2
efforts	2
effeminate	2
educated	2
edge	2
eclipse	2
easier	2
ears	2
earnestly	2
earliest	2
eagerness	2
dye	2
dwell	2
dust	2
duller	2
duke	2
dry	2
drum	2
dropping	2
drop	2
drinking	2
dried	2
dreaming	2
dreamer	2
dreamed	2
dream	2
drama	2
dr	2
doubts	2
doors	2
dogberry	2
doctrine	2
divulged	2
division	2
divinity	2
divided	2
disturbed	2
district	2
distressed	2
distorted	2
distinctions	2
disregard	2
disposes	2
dispense	2
dismount	2
dismal	2
dish	2
disgusted	2
disease	2
disdained	2
discredit	2
discovers	2
discontent	2
disclaim	2
discard	2
disappearing	2
dis	2
director	2
direction	2
dint	2
difficult	2
differ	2
didst	2
diamonds	2
dew	2
devouring	2
devotional	2
devereuxs	2
detained	2
detailed	2
detail	2
destroy	2
destitution	2
destined	2
despised	2
desperately	2
desolate	2
design	2
deserved	2
describe	2
descending	2
depth	2
deplored	2
depicted	2
depends	2
dependent	2
denied	2
den	2
demands	2
demanded	2
deliver	2
delicacy	2
degrade	2
deficiency	2
defiance	2
deference	2
defender	2
deepened	2
dedications	2
declares	2
decided	2
deceive	2
debt	2
deal	2
deadliest	2
dazzling	2
darkness	2
darkened	2
darken	2
dared	2
damp	2
customary	2
curve	2
curtailed	2
cursed	2
curiously	2
cure	2
cultivated	2
crying	2
crushed	2
crown	2
crowded	2
crimes	2
crept	2
credulous	2
craven	2
cracked	2
coxcombry	2
coward	2
cover	2
courtiers	2
courtier	2
courted	2
countship	2
counter	2
counted	2
corporeal	2
coquet	2
copy	2
convinced	2
conversations	2
contrasted	2
contrast	2
contesting	2
contagious	2
consumed	2
construed	2
constrained	2
constantly	2
considerations	2
considerably	2
conscious	2
conquest	2
connexion	2
conjectured	2
congregation	2
confirmation	2
confined	2
confession	2
concluded	2
concern	2
conceived	2
conceits	2
conceit	2
compression	2
compound	2
composure	2
composed	2
complexion	2
completed	2
complain	2
complacent	2
compatible	2
compassion	2
comparison	2
companionship	2
compact	2
commonplace	2
committed	2
commerce	2
commanding	2
commanded	2
comedies	2
combated	2
colourless	2
colouring	2
coll	2
coldest	2
colder	2
cogitation	2
clothed	2
closing	2
clergy	2
clay	2
classical	2
clasp	2
civet	2
city	2
citizens	2
circles	2
choose	2
chivalrous	2
chilled	2
chill	2
chief	2
chest	2
charm	2
charity	2
charged	2
chapel	2
channels	2
changing	2
chambers	2
chairs	2
ceremony	2
centuries	2
ccarroll	2
caused	2
cats	2
catch	2
catastrophe	2
cashed	2
carries	2
caressing	2
carelessly	2
card	2
capricieuse	2
capable	2
canter	2
cant	2
canoe	2
calmuc	2
calls	2
burnt	2
bundle	2
built	2
brightened	2
bride	2
brethren	2
breakfast	2
breach	2
bravely	2
brave	2
branch	2
boyish	2
bows	2
bow	2
boungbroke	2
bottles	2
borrowed	2
bore	2
boon	2
bookworm	2
boats	2
boast	2
blushingly	2
bloom	2
blessings	2
blessing	2
blanched	2
blade	2
birthright	2
billet-doux	2
bias	2
beware	2
betrothed	2
bestowed	2
beseech	2
bend	2
believed	2
behalf	2
begin	2
beaux	2
beating	2
bashful	2
bared	2
bar	2
banished	2
bade	2
bachelor	2
awful	2
awed	2
avhom	2
avhile	2
avenge	2
auto	2
authorship	2
austrian	2
aunt	2
audacity	2
au	2
attraction	2
attracted	2
attentive	2
attended	2
attendants	2
attendant	2
attendance	2
attacked	2
assure	2
assume	2
assistance	2
ass	2
asleep	2
asking	2
ascended	2
ascendancy	2
articles	2
article	2
arrival	2
arrayed	2
army	2
argument	2
arch	2
appropriate	2
approbation	2
apprehension	2
applause	2
apparently	2
apparent	2
apelles	2
apart	2
answering	2
annihilated	2
animates	2
animals	2
angels	2
ancients	2
amused	2
amuse	2
ample	2
amidst	2
altogether	2
alternative	2
altered	2
allowed	2
alligator	2
allied	2
alien	2
aie	2
agreeably	2
agitate	2
aged	2
affliction	2
affectionately	2
affair	2
advocate	2
advances	2
advanced	2
adopt	2
admit	2
admission	2
admirer	2
administration	2
additional	2
addison	2
adam	2
acute	2
actual	2
acts	2
actress	2
actor	2
active	2
actions	2
acquisitions	2
acquisition	2
acquire	2
acknowledging	2
acknowledged	2
accomplished	2
accommodation	2
accepted	2
accent	2
academies	2
academical	2
abyss	2
abusing	2
abstracted	2
absolutely	2
abrupt	2
abb	2
^"	2
?'''	2
?'"	2
.?""	2
..	2
.)	2
-|-	2
--	2
-	2
**	2
('	2
'•	2
'"*	2
'"	2
"*	2
!*"	2
!''''	2
!''	2
■„	1
™y	1
™'"^te„ot	1
••'	1
•^^tach	1
•='	1
„ust	1
„f	1
„e	1
„,	1
„	1
«wic	1
«er^and	1
£	1
},	1
})	1
}''	1
}"	1
zoned	1
zest	1
youve	1
youngsters	1
yon	1
yoitr	1
yoimgsters	1
yoic	1
yo	1
ynth	1
yjlace	1
yil	1
yielding	1
yesterday	1
yearn	1
ycoi	1
yawning	1
yards	1
xoyoi	1
xiav	1
x)wer	1
x)sition	1
x)etry	1
wyndham	1
wycherleys	1
wych	1
wry	1
wrung	1
wrt	1
wrongs	1
wronged	1
wrinkle	1
wretched	1
wretch	1
wrestled	1
wrestle	1
wrested	1
wrecks	1
wreck	1
wrath	1
wrapped	1
wovild	1
wortny	1
worthlessness	1
worthiness	1
worships	1
worshipper	1
worms	1
worlds	1
worldlier	1
workr	1
working	1
wooer	1
wooed	1
wooden	1
won't	1
womankind	1
womanhood	1
wo	1
wlwh	1
wlioever	1
witri	1
witnessing	1
witnessed	1
witii	1
withholds	1
withhold	1
withers	1
wither	1
withdrew	1
withdrawn	1
wistfully	1
wirey	1
wintery	1
winking	1
wink	1
wing	1
wines	1
winds	1
winding	1
wilt	1
willingly	1
willing	1
williams	1
wilfully	1
wiley	1
wildest	1
wigs	1
wield	1
width	1
widower	1
widout	1
widely	1
whomsoever	1
whiteness	1
whitei	1
whit	1
whistled	1
whispers	1
whirled	1
whip	1
whiggism	1
wherewithal	1
wherefore	1
wheels	1
wheel	1
whatsoever	1
whatbeautieswemade	1
weve	1
well-bred	1
welfare	1
welch	1
weight	1
weepingly	1
weeping	1
weeds	1
weed	1
weddings	1
wedded	1
wears	1
weariness	1
wealthy	1
weakest	1
weakened	1
we'll	1
wculd	1
waving	1
wavelike	1
waved	1
wave	1
wath	1
watery	1
watchwords	1
watches	1
watch-house	1
wasting	1
wastes	1
wary	1
warton	1
wars	1
warrior	1
warp	1
warnings	1
warfare	1
wards	1
warder	1
wantonness	1
wanness	1
wanderer	1
wandered	1
wander	1
walls	1
waistcoats	1
wafts	1
vvas	1
vv'ere	1
vulture	1
vulgarly	1
vulgarity	1
vulcan	1
voyage	1
vouch	1
vou	1
votes	1
votaries	1
volvune	1
volunteer	1
volumes	1
voluble	1
volontiers	1
void	1
vocal	1
vnicn	1
vn\l	1
vm	1
vivifying	1
vivacity	1
vitus	1
vittered	1
visitors	1
visitor	1
visioned	1
visionary	1
visibly	1
visage	1
vip	1
viole.ice	1
vinous	1
vindicated	1
vinced	1
villars	1
villainously	1
villain	1
vilely	1
viiich	1
vigorously	1
vigil	1
views	1
victory	1
victor	1
vicino	1
vicinity	1
veyius	1
vexatious	1
vet	1
vestibus	1
vesprit	1
verum	1
version	1
versed	1
versatile	1
verj	1
verging	1
verge	1
vere	1
veraciously	1
venus	1
ventures	1
venting	1
venomless	1
venerable	1
vendo	1
velocity	1
vel	1
vei'sant	1
vehement	1
veered	1
vauxhall	1
vative	1
vat	1
vassals	1
varies	1
variations	1
vapours	1
vapour	1
values	1
valued	1
valour	1
valorous	1
vainly	1
vainglory	1
vagvie	1
vaguer	1
vagrancies	1
vagabond	1
vacation	1
v>athin	1
uttering	1
ute	1
using	1
ushered	1
usefully	1
urgent	1
urged	1
urbanity	1
un}x)pular	1
unwonted	1
unwearying	1
unvarying	1
unuttered	1
unusual	1
unupbraiding	1
untruth	1
unthoughtful	1
unthess	1
untainted	1
unt	1
unsuspected	1
unsubstantial	1
unsleeping	1
unsheltered	1
unsheathed	1
unseemliness	1
unruffled	1
unromantic	1
unrelenting	1
unreasonable	1
unreal	1
unquenchable	1
unphilosophical	1
unpenetrated	1
uno	1
unnoticed	1
unmoor	1
unmolested	1
unmeaning	1
unmake	1
unlucky	1
unlock	1
unkindness	1
unjoyous	1
universally	1
units	1
unite	1
uninteresting	1
unintelligible	1
uninjured	1
uniform	1
unhesitating	1
unheeding	1
unheard	1
unhappiness	1
unhappily	1
unhallowing	1
unhallowed	1
ungracious	1
ungovernable	1
ungar	1
unfriended	1
unfrequented	1
unfrequent	1
unfounded	1
unfold	1
unfavourable	1
unfamiliar	1
unexpressed	1
unexpectedly	1
unexpected	1
unexercised	1
unexceptionable	1
unexamined	1
uneven	1
unemployed	1
uneasily	1
unearthl	1
une	1
undulating	1
undue	1
undrest	1
undressing	1
undressed	1
undreamt	1
undisturbed	1
undisguised	1
undeserved	1
underwent	1
undertake	1
undermined	1
undergoing	1
undefinable	1
undeceive	1
unde	1
undainty	1
uncontrollable	1
unconscious	1
unconquerable	1
uncommunicative	1
uncomely	1
unclipt	1
unceremonious	1
uncared	1
unbuttoned	1
unbiassed	1
unbaffled	1
unawares	1
unavailing	1
unarmed	1
unappeasable	1
unannounced	1
unaffectedly	1
unacquainted	1
unaccustomed	1
unaccovmtedfor	1
umph	1
uiiliappily	1
uevereux	1
ueveb.eux	1
uaut.s	1
tyrannical	1
type	1
twitching	1
twirling	1
twirled	1
twins	1
twere	1
twenty-three	1
twenty-eight	1
twelve	1
twang	1
turns	1
turbulence	1
turbid	1
turally	1
tuneful	1
tumultuous	1
tuition	1
tug	1
tua^iveuphe	1
try	1
trusty	1
trusted	1
trunk	1
truants	1
troubling	1
troublesome	1
troubled	1
trodden	1
trivial	1
triumphs	1
tritons	1
tripe	1
trifle	1
tricks	1
tribe	1
tremouille	1
treatises	1
treatise	1
treasonable	1
treachery	1
travelling	1
travellers	1
trap	1
transporting	1
transport	1
transmitted	1
translating	1
transgress	1
transformed	1
tranquillizing	1
tranquillity	1
trample	1
traitor	1
trained	1
trailing	1
tragedy	1
traduce	1
tradesman	1
traces	1
traced	1
toys	1
toym	1
tournament	1
touching	1
touch	1
totally	1
total	1
toryism	1
torturing	1
torpor	1
torpid	1
tormented	1
torment	1
tore	1
torches	1
torch	1
top	1
tonnes	1
tongvie	1
tongued	1
tones	1
token	1
toiling	1
toiled	1
toil	1
tobacconist	1
toani	1
toad	1
tnaitre	1
tlic	1
tl	1
tjiey	1
tiy	1
tissue	1
tirely	1
tired	1
tipstaves	1
tippler	1
tippetly	1
tip	1
tions	1
tin	1
timorous	1
timon	1
timing	1
tiiough	1
tigure	1
tied	1
ticklish	1
ticket	1
tibi	1
thvunpem	1
thu„	1
thumbs	1
thumbed	1
ths	1
thrummings	1
throughovit	1
throno	1
thronged	1
throne	1
throb	1
thrilling	1
thrilled	1
thrice	1
thraldom	1
thovight	1
thovigh	1
thousands	1
thouo	1
thoughtfulness	1
thorns	1
thnt	1
thirsted	1
thirst	1
thirdly	1
thinning	1
thiners	1
thieving	1
thicknesses	1
thereupon	1
thereon	1
therein	1
theoretical	1
theodicoea	1
thenceforth	1
thelandlady	1
theirs	1
thanked	1
tha	1
th	1
texture	1
text	1
tether	1
testimony	1
testimonies	1
terrarum	1
terque	1
tero	1
termination	1
terminating	1
tered	1
tent	1
tenets	1
tendresse	1
tending	1
tenant	1
tempting	1
tempt	1
temporary	1
temporaries	1
temples	1
tempered	1
telling	1
tediousness	1
tedious	1
teasing	1
tear	1
teapot	1
teaching	1
tcte	1
tavern	1
taunting	1
taunted	1
tation	1
tastes	1
tassel	1
tart	1
tarried	1
tarle	1
tapping	1
tantalise	1
tamen	1
tam	1
tairs	1
taint	1
tailor	1
tactics	1
tacles	1
taciturn	1
tachios	1
t.tama	1
systematised	1
systematic	1
synonymous	1
synonimous	1
synod	1
sympathising	1
sympathise	1
sylvia	1
swordsman	1
swifts	1
swelled	1
sweeter	1
sweat	1
swallow	1
swain	1
swaggerer	1
swagger	1
svibpoenaed	1
sve	1
suspiciously	1
suspended	1
surviving	1
survives	1
surveyed	1
surtout	1
surrounds	1
surrounding	1
surround	1
surpassed	1
surnamed	1
surmounted	1
surmised	1
surmise	1
surgeon	1
surety	1
surest	1
surer	1
supremacy	1
suppressed	1
supporting	1
support	1
supplying	1
supplied	1
supplication	1
supplicating	1
supping	1
supineness	1
superstitions	1
superlatively	1
superiors	1
superfluous	1
superficial	1
supercilious	1
superb	1
sup	1
suns	1
sunlight	1
sundry	1
sullenly	1
suitor	1
suifered	1
sui*prised	1
suggestions	1
suggested	1
suftering	1
suffers	1
sufferings	1
sufferer	1
successor	1
succeeds	1
suc	1
subtly	1
substitute	1
substances	1
subsists	1
subsistence	1
subservient	1
subscribed	1
sublimer	1
sublime	1
subjected	1
subdued	1
sub	1
style	1
stuff	1
stubborn	1
stuart	1
struts	1
strusgled	1
struggled	1
strug	1
stronrr	1
stronger	1
strolling	1
stroking	1
striving	1
stripped	1
strephon	1
strengthen	1
streams	1
streamlet	1
stratum	1
strangest	1
strand	1
straight	1
stouter	1
stout	1
store	1
stopping	1
stop	1
stomachers	1
stomacher	1
stomach	1
stolen	1
stole	1
stocks	1
stock	1
stitch	1
stirs	1
stir	1
stip	1
stinging	1
sting	1
stimulus	1
stimulating	1
stillremain	1
stifle	1
stiff	1
sticks	1
sternly	1
sterling	1
sterility	1
sterile	1
stem	1
steal	1
steadiness	1
stead	1
stayed	1
staunch	1
stationed	1
starving	1
starveling	1
starved	1
starve	1
startling	1
startle	1
starting	1
start	1
starry	1
starlit	1
starlight	1
stared	1
star	1
standard	1
stances	1
stall	1
stake	1
staid	1
stagnate	1
srets	1
squires	1
squeak	1
square	1
spurring	1
sprinkled	1
springs	1
sprightly	1
sport	1
spontaneously	1
spoils	1
splashed	1
spiritvial	1
spiritually	1
spiracy	1
spinosa	1
spiiitual	1
spice	1
spenser	1
spelling	1
spell	1
speedy	1
speechless	1
speeches	1
sped	1
spectral	1
spectacles	1
specimen	1
specific	1
special	1
speakest	1
spattered	1
sparks	1
sparklingenchantmentofharper	1
spark	1
spaniel	1
spake	1
spain	1
space	1
source	1
soundest	1
soun	1
sou	1
sosia	1
sorrbw	1
sorely	1
soothsayer	1
soothing	1
soothe	1
sonnets	1
song	1
somehow	1
somehoav	1
solve	1
solution	1
solomon	1
solitudes	1
soliloquizing	1
solicitation	1
solicit	1
solacing	1
solaced	1
soigner	1
soi	1
softening	1
sofas	1
societ	1
sobbed	1
so-so	1
snugly	1
snuffest	1
snuffbox	1
snppres	1
snowy	1
snivelsnip	1
sneeze	1
sneering	1
snatched	1
smuggling	1
smugglers	1
smuggler	1
smug	1
smote	1
smoothness	1
smoothing	1
smoking	1
smells	1
smell	1
smack	1
sly	1
slut	1
slumbers	1
slu'cwd	1
slowest	1
slouched	1
slily	1
sliines	1
slightly	1
slightingly	1
slightest	1
slighter	1
slieathed	1
slidino	1
slid	1
slept	1
slender	1
sleepiness	1
slavery	1
slave	1
slapped	1
slanderers	1
slander	1
slaked	1
slain	1
slab	1
skulked	1
skirts	1
skirmishing	1
skilled	1
sketches	1
sj^ectacles	1
sj5€c	1
sixteen	1
sixpence	1
site	1
sirrali	1
sirous	1
sion	1
sins	1
singularly	1
singers	1
sinful	1
sincerity	1
sincere	1
simultaneously	1
simpleton	1
simpers	1
silly	1
sillily	1
silk	1
signify	1
significant	1
significance	1
sighted	1
sighs	1
sighing	1
sighed	1
sidney	1
sicyon	1
sickness	1
sickly	1
sickening	1
sicken	1
si	1
shun	1
shuffle	1
shrunk	1
shrubs	1
shrill	1
showy	1
shown	1
shower	1
shop	1
shoot	1
shoe	1
shiveringly	1
shivering	1
shis	1
shirt	1
ship	1
shine	1
shield	1
shelter	1
shell	1
sheet	1
sheepfold	1
sheddeth	1
sheathed	1
shaving	1
sharpening	1
sharing	1
shapes	1
shamest	1
shamefully	1
sham	1
shalloav	1
shal)ille	1
shakespeare	1
shades	1
shackell	1
sexe	1
severely	1
severed	1
settling	1
settles	1
settlement	1
settle	1
servile	1
serpents	1
seriousness	1
seriously	1
serious	1
seraph	1
sequestered	1
sepulchral	1
sentinels	1
sensibly	1
seniority	1
senior	1
semi	1
semblances	1
semblance	1
selton^s	1
selton	1
selection	1
selected	1
seiior	1
seig	1
sefior	1
seest	1
seemly	1
seemings	1
seeming	1
seeks	1
seeino	1
seed	1
seduced	1
sedleys	1
sedateness	1
sedate	1
security	1
securing	1
secured	1
sect	1
secretumque	1
secretly	1
seconde	1
sec	1
seashore	1
seas	1
seagreen	1
sdl	1
scurrilous	1
scrutinise	1
scruples	1
scroll	1
scripture	1
scribe	1
screened	1
screen	1
scrawled	1
scratching	1
scraps	1
scrapes	1
scrape	1
scrap	1
scour	1
scorn	1
score	1
scolded	1
scold	1
scoitndrel	1
scissors	1
scipio	1
scion	1
schools	1
schoolman	1
schoolfellows	1
schoolboy	1
scholastic	1
scholarship	1
scholars	1
schemings	1
sceptres	1
sceptic	1
scent	1
scarlet	1
scarf	1
scarcity	1
scarce	1
scapegoat	1
scai'cely	1
sb	1
sayings	1
savouring	1
saving	1
savage	1
sav	1
sauntered	1
saunter	1
saturnalia	1
saturday	1
satirist	1
satirised	1
satirical	1
satires	1
satiety	1
sardinian	1
sapient	1
sanguincness	1
sang	1
samples	1
sample	1
sameness	1
salvation	1
salutation	1
saloons	1
salon	1
salloav	1
sal	1
sagesj	1
sages	1
sagacity	1
safely	1
sadness	1
sadly	1
saddest	1
sacrifice	1
sacre	1
sabre	1
sabbath	1
rymer	1
rvib	1
rust	1
rumours	1
rumour	1
ruling	1
ruining	1
ruffle	1
ruby	1
rubicon	1
rubbish	1
rubbing	1
rub	1
royal	1
rowley	1
rowed	1
row	1
rovmd	1
roving	1
roves	1
roved	1
rove	1
routines	1
roused	1
roundness	1
rough	1
rosary	1
ropes	1
roper	1
rope	1
rooting	1
roof	1
romans	1
roguishly	1
rocky	1
rocks	1
rock	1
rochefoucauld	1
robert	1
robed	1
roav	1
ro.?a	1
rivulet	1
riviere	1
river	1
rivals	1
ritual	1
rippling	1
riot	1
ril	1
rigidly	1
rigidity	1
righteously	1
righteous	1
rien	1
ridiculous	1
rides	1
ridere	1
riddles	1
riddle	1
ribbons	1
ribbon	1
rhymes	1
rhr\gtuo.u)yea	1
rhina	1
rheum	1
revulsion	1
revolutions	1
revolutionist	1
revolution	1
reviving	1
revivified	1
revived	1
revival	1
reversed	1
reverse	1
reverently	1
reverential	1
reverenced	1
revels	1
revelry	1
revelant	1
revel	1
returns	1
retun^	1
retrospection	1
retract	1
retort	1
retiring	1
retained	1
resvnned	1
restraint	1
restoration	1
respects	1
respective	1
respectino	1
respectfully	1
respectability	1
resort	1
resolves	1
resolute	1
resold	1
resisted	1
resignation	1
resemblance	1
researches	1
rescued	1
res	1
requisite	1
requesting	1
repulsive	1
repugnant	1
republic	1
reprovingly	1
reprobates	1
represses	1
reported	1
replying	1
replace	1
repentance	1
repeating	1
repartees	1
rent	1
renounced	1
renounce	1
renoa\	1
rencontre	1
remove	1
removal	1
remounted	1
remote	1
reminding	1
remind	1
remembrances	1
remembers	1
remembering	1
remedy	1
remarked	1
rely	1
reluctantly	1
relinquishing	1
relinquished	1
relieve	1
releasing	1
relaxing	1
relaxation	1
relates	1
related	1
relate	1
rejoice	1
rejection	1
reiterated	1
reinforcement	1
reimbursed	1
reigning	1
reign	1
rehearsals	1
regularly	1
regularity	1
regularities	1
regtdar	1
regretful	1
regions	1
refusing	1
refusal	1
refugee	1
refrain	1
refining	1
refined	1
refincj	1
reenter	1
redressing	1
redemptionless	1
redeemed	1
redeem	1
recurring	1
recurred	1
rectitude	1
recounted	1
records	1
recording	1
reconnoitre	1
recondite	1
recommended	1
recollects	1
recollection	1
recollecting	1
recoiled	1
recognised	1
recognise	1
recluse	1
recess	1
recent	1
reasonings	1
reasonably	1
rear	1
realisation	1
reads	1
ratified	1
rash	1
rascals	1
rascally	1
rarest	1
rarer	1
raquested	1
rapturous	1
rap	1
rano	1
rankled	1
rankle	1
rancour	1
ramilies	1
ralph	1
rainbow	1
rain	1
rails	1
railer	1
rah	1
rags	1
raggamuffins	1
rae	1
quoting	1
quotation	1
quota	1
quoits	1
quod	1
quivering	1
quivered	1
quiver	1
quis	1
quietest	1
quiescent	1
quicker	1
quicken	1
questioned	1
quatorze	1
quatn	1
quaterque	1
quarrels	1
quarrelling	1
quarfier	1
quam	1
qualm	1
quaint	1
quailed	1
quadrille	1
quadrangular	1
pvmctilious	1
puzzle	1
putting	1
pursue	1
purposely	1
purposed	1
purport	1
purloined	1
purifies	1
purified	1
purchases	1
purchased	1
pupils	1
punned	1
punishment	1
punishers	1
punish	1
punctilious	1
punctilio	1
pulverised	1
pulsion	1
pull	1
publicly	1
prudish	1
prudence	1
proving	1
provide	1
proverbs	1
prove	1
proudly	1
prouder	1
protract	1
prototypes	1
proteus	1
protestant	1
protest	1
protesilaus	1
protector	1
protecting	1
prostituted	1
prosperovis	1
prosperous	1
prospects	1
prospect	1
proprietor	1
propose	1
proportion	1
propoitions	1
properties	1
promptly	1
promises	1
prominent	1
prometheus	1
prolix	1
projects	1
projecting	1
project	1
prohibit	1
progressive	1
progressed	1
profundity	1
profoundly	1
profits	1
profiting	1
profiter	1
profitably	1
profiles	1
profile	1
proficient	1
professors	1
professions	1
professing	1
productions	1
producing	1
prodigy	1
prodigiously	1
prodigal	1
proclaiming	1
proceed	1
problem	1
proaching	1
prize	1
privately	1
prisoners	1
prisoner	1
printed	1
print	1
principally	1
principal	1
princess	1
princes	1
primness	1
primitive	1
primaeval	1
prim	1
priestship	1
prided	1
prevention	1
prevailed	1
pretends	1
pretending	1
pretended	1
presumption	1
pressing	1
presses	1
president	1
preserves	1
preser	1
presently	1
presenting	1
presentiment	1
prescribe	1
prerogative	1
preposterously	1
preposterous	1
prepossession	1
prepossessing	1
preparatory	1
preorders	1
preordered	1
premises	1
prematurity	1
prejudices	1
prejudiced	1
pregnant	1
prefixed	1
preferred	1
preference	1
prefer	1
preeminent	1
prediction	1
predestined	1
predestination	1
precocious	1
precautions	1
preaches	1
preached	1
pre	1
pratterly	1
prance	1
praises	1
practical	1
powerless	1
powerfully	1
powelfs	1
powei'ful	1
posture	1
posts	1
possibility	1
possessor	1
possessing	1
possesses	1
positive	1
position	1
portly	1
portions	1
porter	1
portentous	1
portal	1
porch	1
popular	1
pope	1
pomp	1
pomatum	1
polynices	1
polo	1
politeness	1
polite	1
poisoned	1
poetic	1
poems	1
poem	1
pocketing	1
plunge	1
plotters	1
plotter	1
plinius	1
plimneus	1
plied	1
plebeian	1
pleasvu*e	1
pleasurable	1
plead	1
playwriters	1
playhouse	1
player	1
played	1
plato	1
plaintiff	1
plainly	1
plainer	1
pitifvil	1
piqued	1
pipes	1
pion	1
pins	1
piness	1
pined	1
pinched	1
pin	1
pile	1
pig	1
piety	1
piercing	1
pierced	1
picturesque	1
pickpocket	1
pickle	1
picked	1
physiognomy	1
physic	1
phin	1
philoso	1
phical	1
phaedra	1
petitioner	1
petitioned	1
petis	1
petersburg	1
perversion	1
pervading	1
pervaded	1
peruvians	1
pertinence	1
pertinacious	1
personated	1
persius	1
persisted	1
persecuting	1
persecute	1
permit	1
permanent	1
perjured	1
perished	1
perishable	1
perish	1
perils	1
peril	1
perience	1
perfumes	1
perform	1
perforated	1
perfecting	1
perchance	1
perception	1
perceiving	1
perambulations	1
per\'erted	1
per	1
peopled	1
pensive	1
pension	1
penseroso	1
pennyless	1
penned	1
penetrate	1
pencilled	1
pencil	1
penalty	1
pen	1
pelham	1
pegasus	1
peer	1
pecuniary	1
peculiarity	1
peculiarities	1
peasant	1
pearls	1
peaceably	1
paying	1
pawnbroker	1
pav™	1
paving	1
pavement	1
pausanias	1
paups	1
paufs	1
patting	1
patterns	1
patronise	1
patronage	1
patron	1
patriots	1
patrick	1
pathetically	1
pathetic	1
patent	1
patched	1
patch	1
pastors	1
passionate	1
passer	1
passengers	1
participate	1
parterre	1
parsons	1
parry	1
parentage	1
parent	1
pardons	1
pardoned	1
parden	1
pard	1
parched	1
paralytic	1
paragon	1
paradise	1
parade	1
papillon	1
panegyrics	1
pamphlet	1
palliate	1
pallet	1
palla	1
paler	1
paleness	1
paired	1
paintings	1
painted	1
pains	1
painfully	1
pai'ative	1
pah	1
pagei>	1
padsei	1
padlock	1
packet	1
pacing	1
pacifying	1
pa^	1
o„d	1
oxford	1
owni	1
owii	1
owa	1
ovn	1
ovm	1
overwhelming	1
overture	1
overpoweringly	1
overpower	1
overhung	1
overhimg	1
overflowed	1
overdo	1
overcame	1
overawes	1
ovenus	1
ove	1
outside	1
outlines	1
outline	1
outlet	1
outlandish	1
ou	1
ostentatious	1
ossible	1
oscillation	1
orur	1
orphan	1
ornaments	1
ornamental	1
ornament	1
ormond	1
orlando	1
originally	1
original	1
oriel	1
organ	1
orer	1
ore	1
orderly	1
ordering	1
ordei	1
ordains	1
ordained	1
orbs	1
orbit	1
orator	1
oracles	1
ora	1
opulence	1
opposition	1
oppose	1
opponent	1
operations	1
operate	1
operas	1
oozes	1
oneself	1
omitting	1
omission	1
omi	1
omers	1
oleased	1
old-fashioned	1
oifered	1
oftei	1
officiated	1
offices	1
offered	1
offensive	1
offends	1
offended	1
offences	1
offe.eas>x	1
ofcun	1
odsfish	1
odol	1
odium	1
odious	1
odes	1
oderic	1
ode	1
oddity	1
od\sfish	1
od'sflsh	1
och	1
ocean	1
occurs	1
occurrenti	1
occurrences	1
occurrence	1
occupy	1
occupations	1
occupant	1
occasions	1
occasione	1
occasional	1
obviously	1
obtuseness	1
obtuse	1
obtains	1
objection	1
obeying	1
obeyed	1
obedience	1
oavaied	1
oaken	1
oa\ti	1
o.„„e	1
nursed	1
nuptials	1
nunnery	1
numbing	1
numberless	1
nulla	1
nowadays	1
novs	1
nous	1
notwithstanding	1
notorious	1
notoriety	1
notions	1
noting	1
noticing	1
nostril	1
norwich	1
northeast	1
nors	1
noon	1
non	1
nominativo	1
noisiest	1
noise	1
noii\	1
nodding	1
nocturnal	1
nobles	1
nobler	1
nobleness	1
nobleman	1
nobility	1
nmstachio	1
niot	1
nineteen	1
nil	1
niind	1
nichols	1
nicholle	1
nicety	1
nhich	1
ng	1
nf	1
newest	1
newcastle	1
nets	1
nervous	1
nerving	1
nerves	1
nereids	1
neptune	1
nell	1
neighbours	1
neighbouring	1
neighbour	1
needs	1
needle	1
necromancy	1
necessitate	1
necessarily	1
neatness	1
nb	1
naut	1
naturel	1
naturedly	1
natured	1
nations	1
national	1
nasty	1
narroav	1
narration	1
namesake	1
nameless	1
nakedness	1
naked	1
naivete	1
na	1
n^	1
mythology	1
mystical	1
mutually	1
mutter	1
mutilated	1
musty	1
mustj	1
musingly	1
musing	1
musician	1
musically	1
musical	1
muses	1
muse	1
mus	1
murmurs	1
murmuring	1
muo	1
mummy	1
mulberry	1
muff	1
mthout	1
mse	1
ms	1
movmted	1
moves	1
movable	1
mourning	1
mountebank	1
mountains	1
mound	1
moulder	1
motto	1
mots	1
motions	1
mot	1
mortify	1
mortified	1
mortifications	1
mortgaged	1
mortality	1
morose	1
morals	1
moping	1
moonlight	1
moon	1
moody	1
montreviil	1
montreuirs	1
monstrous	1
monkey	1
monarch	1
mon	1
molests	1
moistening	1
mohawk	1
moeton	1
modestly	1
moderately	1
models	1
model	1
mockery	1
mob	1
mmd	1
mjt^	1
mj	1
mixing	1
misunderstood	1
mistake	1
mission	1
misses	1
misogyny	1
misconstrued	1
misconceptions	1
mire	1
miraculously	1
miracle	1
minutise	1
minutiae	1
minutest	1
minor	1
ministry	1
ministers	1
minion	1
mingling	1
mingle	1
miner	1
mined	1
mimicry	1
milliner	1
mill	1
milk	1
mile	1
mil	1
mignonne	1
mies	1
midnight	1
microcosm	1
mice	1
mi	1
meum	1
metier	1
methodistical	1
metaphysician	1
metaphysical	1
messrs	1
messieurs	1
messengers	1
merton	1
merrier	1
merits	1
mercilessly	1
mercenary	1
mer	1
mentally	1
mending	1
menaces	1
menaced	1
menace	1
memories	1
memoirs	1
melts	1
melon	1
mellowed	1
melioribus	1
melanclioly	1
melancholic	1
meetino	1
meek	1
medical	1
mediation	1
meddling	1
mechanism	1
measures	1
measured	1
meaocre	1
meant	1
meanly	1
meaningly	1
meaning	1
meamvliile	1
maybe	1
maxims	1
mavellously	1
maturity	1
matted	1
matrimony	1
matrimonial	1
mathematical	1
math	1
maternal	1
material	1
match	1
mastery	1
massive	1
masking	1
masked	1
mashams	1
masham	1
marvellous	1
marvelled	1
marvel	1
mart	1
mars	1
marlborough	1
marks	1
mark	1
mariner	1
margmal	1
margin	1
marechal	1
mare	1
marco	1
marcli	1
march	1
mantled	1
manley	1
mand	1
manchester	1
management	1
managed	1
mamier	1
maligners	1
malignancy	1
malicious	1
maledictory	1
malady	1
mal	1
majesty	1
maison	1
mained	1
maiden	1
magnificently	1
magnet	1
magnes	1
magnanimous	1
magical	1
magic	1
madman	1
mackerel	1
machinations	1
mable	1
ma	1
l„	1
luxury	1
luxuriance	1
lute	1
lusty	1
lust	1
lurking	1
luiwonted	1
ludicrous	1
luckily	1
luck	1
lowest	1
lowering	1
lower	1
lovemaking	1
loveliness	1
loured	1
loudly	1
losing	1
lory	1
lore	1
loosely	1
loose	1
loophole	1
loop	1
loog	1
lon	1
lolas	1
loiterers	1
loholly	1
lofty	1
loftiest	1
lodgings	1
lodgement	1
loatliing	1
loatlie	1
loan	1
livingly	1
liveries	1
lively	1
litus	1
littlest	1
lith	1
listless	1
listeners	1
listener	1
lisp	1
liquid	1
lions	1
lion	1
lingo	1
lingeringly	1
lingering	1
liking	1
lights	1
lighted	1
lifted	1
lifeless	1
lief	1
licentiousness	1
library	1
libidinous	1
libeller	1
liar	1
liaisons	1
levities	1
levellers	1
level	1
lessons	1
lesbia	1
lend	1
lemonade	1
legs	1
legislator	1
legend	1
lees	1
lee	1
lecteur	1
leaveth	1
leather	1
leashes	1
learns	1
leapt	1
leanins	1
leaning	1
leani	1
leagued	1
lea	1
ldft	1
lays	1
layings	1
layers	1
laws	1
lawfulness	1
law	1
lavished	1
lavings	1
lavema	1
launched	1
laujjhed	1
lauded	1
laudable	1
laud	1
lattices	1
latterly	1
latin	1
lately	1
lasts	1
lasting	1
lassitude	1
largely	1
lapdogs	1
laocoon	1
lant	1
langviishing	1
languor	1
languishes	1
languages	1
lands	1
landlady	1
lampooned	1
lampoon	1
lamenting	1
lamented	1
lamentation	1
lamentable	1
lame	1
lain	1
laertius	1
ladders	1
lad	1
lacrymose	1
labyrinth	1
labour	1
labelled	1
label	1
l^elieve	1
kuclid	1
kt	1
knotty	1
knocking	1
knighted	1
kniffht	1
knelt	1
kneel	1
knee	1
kinsmen	1
kinsman	1
kingdoms	1
kindly	1
kindling	1
kindles	1
kindle	1
kim	1
kill	1
kick	1
keeps	1
keepers	1
keenly	1
kant	1
jzkl	1
jxk)ple	1
jx)werful	1
jx)wer	1
jvist	1
justly	1
justify	1
justified	1
jupiter	1
julian	1
juggle	1
judicious	1
judging	1
judgement	1
judged	1
jtaxot	1
js	1
joys	1
joyously	1
jovial	1
journey	1
journal	1
jour	1
jou	1
jot	1
jolly	1
jolcdge	1
jointures	1
johnson	1
johns	1
jockeyship	1
jockelton	1
jnjy	1
jnionsieur	1
jniasham.*	1
jkjsure	1
jiad	1
jfixing	1
jetting	1
jesuits	1
jested	1
jessamine	1
jervas	1
jealousies	1
jdevereijx	1
jaunttemanp	1
jaraes	1
japanese	1
jacobites	1
jackboot	1
j^et'it	1
j^	1
j)rate	1
i„„	1
ixv'vn	1
ixjat	1
iw	1
ivory	1
ivmgs	1
itp	1
ith	1
itch	1
italian	1
itali	1
issued	1
issue	1
ism	1
isle	1
island	1
irritation	1
irreverence	1
irresolution	1
irresolute	1
irrenewahle	1
irregularity	1
irregular	1
irrefragable	1
irreconcilable	1
irony	1
ironically	1
irksome	1
irish	1
ireland	1
ire	1
irama	1
irais	1
iqion	1
ior	1
inwardly	1
invests	1
investigated	1
invention	1
invenids	1
invasion	1
invariably	1
inured	1
intuitive	1
intrusions	1
intruders	1
intrude	1
introducing	1
introduce	1
intriguant	1
intricate	1
intoxicated	1
intimidated	1
intimidate	1
intimation	1
intimate	1
interrupt	1
interrogatories	1
interpreted	1
interpretations	1
interpretation	1
interlaced	1
interfered	1
interests	1
interested	1
interdicted	1
intentness	1
intentional	1
intent	1
intensely	1
intends	1
intend	1
intellects	1
insvilt	1
insurrection	1
insults	1
instrument	1
instnict	1
instituting	1
instituted	1
instilled	1
instigation	1
instigate	1
instantaneously	1
inspkations	1
inspire	1
insist	1
insipidity	1
insipid	1
insinuation	1
insignificance	1
insight	1
inscribedby	1
inscribed	1
inqviire	1
inquit	1
inquiring	1
inonarque	1
ino	1
innuendo	1
inns	1
inlr	1
inlieritance	1
inlaid	1
ink	1
injure	1
injunctions	1
iniy	1
iniustice	1
inirs	1
inior	1
iniercy	1
iniatt	1
iniarlborough	1
inhospitality	1
inhospitable	1
inheritance	1
inherit	1
inherent	1
inhabiting	1
inhabited	1
ingenuity	1
informs	1
information	1
influensha	1
influences	1
infinitely	1
inferiors	1
inferior	1
inference	1
infectious	1
infection	1
infected	1
infancy	1
inexactitude	1
inestimable	1
inesti	1
inequalities	1
ineffaceable	1
ineffable	1
indueretur	1
induces	1
induced	1
individuals	1
individually	1
indistinct	1
indissolubly	1
indisposition	1
indisposed	1
indispensable	1
indiscretion	1
indignantly	1
indignant	1
indifferent	1
indicative	1
indicate	1
indescribable	1
indemnifies	1
indeetl	1
indecorous	1
inde	1
ind	1
incurs	1
incurring	1
incur	1
inculcated	1
increased	1
incorporeal	1
inconsiderable	1
incongruities	1
inconclusive	1
incompatible	1
incoherencies	1
inclinations	1
incidental	1
inches	1
inch	1
incessant	1
incense	1
inaudible	1
inattentively	1
inattentive	1
inactive	1
imy	1
imre	1
imputation	1
impunity	1
impudentest	1
impudent	1
imprudent	1
imprudence	1
improve	1
impressive	1
impregnable	1
impotent	1
imposture	1
importunity	1
implored	1
implore	1
implied	1
implicit	1
implicating	1
implicates	1
impious	1
impetuous	1
impertinents	1
imperiously	1
imperfect	1
impera	1
impenetrable	1
impede	1
impatiently	1
impassioned	1
impartial	1
imparted	1
imoral	1
imnd	1
immoveably	1
immortalities	1
immortal	1
immorality	1
immoralities	1
immediate	1
imitation	1
imitating	1
imitates	1
imgraceful	1
imbued	1
imbibe	1
imandarin	1
imagination	1
imaginary	1
ilpon	1
illustrations	1
illustrate	1
illumining	1
illumine	1
ills	1
iliade	1
ijearing	1
ije	1
iiave	1
ihk	1
ignoramus	1
ignobler	1
ignavi	1
idwer	1
idolatry	1
idly	1
idlers	1
idler	1
idiotism	1
ideal	1
id	1
i=«nn*	1
i.tfnl	1
i've	1
i'tlsno	1
i'faith	1
hypocrisy	1
hy	1
hvige	1
hurting	1
hurtful	1
hurrying	1
hurry	1
huntsman	1
hunter	1
humours	1
humourist	1
humoredly	1
humility	1
humbler	1
humbled	1
hum	1
hulking	1
hugo	1
hueless	1
hts	1
hroilierl	1
hoy	1
howard	1
hovers	1
houses	1
hound	1
hosts	1
horseradish	1
hoping	1
hopeful	1
hoped	1
hoofs	1
hoods	1
hood	1
hons	1
honoiu*	1
honeysuckle	1
honeyed	1
honeycomb	1
honestis	1
homilies	1
hollowness	1
hollowed	1
hollow	1
holiness	1
holier	1
holiday	1
hole	1
hockley	1
hoc	1
hoavever	1
hoarsely	1
hoariness	1
hoarded	1
ho1e	1
ho	1
hit'wn	1
hit	1
historian	1
his^ne	1
hippolytus	1
hint	1
hillock	1
higgins	1
hien	1
hie	1
hide	1
hidden	1
hidaloo	1
hid	1
hhii	1
hesitating	1
heroism	1
heroine	1
hermitage	1
hermes	1
hereupon	1
heretical	1
herbage	1
henry	1
henrietta	1
henchman	1
henceforward	1
hemmed	1
hem	1
heiress	1
heinous	1
hei	1
heavy	1
heavily	1
heathens	1
heat	1
hearty	1
hears	1
heap	1
health	1
healing	1
healed	1
heal	1
headstrong	1
headlong	1
headed	1
headache	1
hazarded	1
hauteur	1
hauntings	1
hats	1
hates	1
hatch	1
hastening	1
hasten	1
hasselton'	1
hassan	1
harsher	1
harmonious	1
harl	1
hardy	1
hardships	1
harder	1
harbinger	1
hapsburg	1
happily	1
happiest	1
happened	1
hap	1
hangings	1
hanging	1
handsomer	1
handmaids	1
handles	1
handkerchief	1
hamlet	1
halls	1
hallowed	1
halloo	1
hairs	1
hailed	1
hai*sh	1
hadst	1
hacknied	1
hackney	1
habitable	1
h80	1
gwynne	1
gushings	1
gushed	1
gush	1
gunpowder	1
gun	1
gumdragon	1
gulp	1
guildhall	1
guided	1
guessed	1
guardian	1
guarded	1
gryphon	1
grunts	1
grsgci	1
growth	1
grows	1
growing	1
groves	1
grouped	1
groundlings	1
grotesquely	1
grotesque	1
grossness	1
grossieretes	1
grooms	1
groaning	1
groan	1
grinning	1
grievously	1
greeting	1
greet	1
greek	1
gratifying	1
gratified	1
grass	1
grant	1
grands	1
grandmothers	1
grandeur	1
grandest	1
grana^wther	1
grammarian	1
grades	1
graciously	1
gracious	1
graceless	1
government	1
governing	1
gottest	1
gossip	1
gorgeous	1
goods	1
good-looking	1
golley	1
goiivernante	1
godolphin	1
glowingly	1
glowing	1
gloss	1
gloire	1
glittered	1
glitter	1
glishman	1
gling	1
glimpse	1
glean	1
glassy	1
glasses	1
glanced	1
gladness	1
glades	1
giveme	1
girth	1
girt	1
girlishly	1
gird	1
gilt	1
gideon	1
giants	1
giant	1
gi'anted	1
gets	1
gesture	1
germains	1
germ	1
geometry	1
gentry	1
gentlest	1
gentles	1
gentler	1
gentility	1
genteel	1
gens	1
geniuses	1
genii	1
genie	1
genial	1
generations	1
gems	1
gazing	1
gazers	1
gauntness	1
gaunt	1
gaultier	1
gauiculus	1
gather	1
gasping	1
garrulous	1
garrulity	1
garniture	1
garment	1
gardens	1
gaping	1
gamester	1
gallon	1
galling	1
galliculus	1
gallic	1
galled	1
gallantly	1
galen	1
galaxy	1
gal	1
gait	1
gai	1
f„	1
furtherance	1
furrow	1
furniture	1
furbelows	1
fund	1
fullness	1
fullest	1
fuller	1
fulfilled	1
fui'uish	1
fugitive	1
fruits	1
fruitless	1
fruition	1
fruit	1
frrand	1
frozen	1
frown	1
frosty	1
frost	1
frontispiece	1
fro^vned	1
frivolous	1
fritters	1
frittered	1
frisk	1
frigidity	1
frightful	1
friendsliip	1
friendless	1
fribbleden	1
fribble	1
fretting	1
fret	1
fresher	1
frenzy	1
freights	1
freeze	1
freely	1
free	1
fraud	1
fraternal	1
frankness	1
frankly	1
frank	1
fran.e	1
frailty	1
frailties	1
fpll	1
fox	1
fowl	1
fovmdation	1
fourthly	1
fourth	1
founded	1
foundation	1
fought	1
fostered	1
forwards	1
fortunately	1
fortnight	1
fortifying	1
forswore	1
forjjiven	1
forgets	1
forgetful	1
forfeit	1
forethought	1
foretell	1
foretaste	1
forests	1
foresight	1
foresees	1
foresee	1
foremost	1
foregone	1
forefinger	1
forebodings	1
fore	1
forbids	1
forbidden	1
forbade	1
footsteps	1
fontenelle	1
fondest	1
fomented	1
folly	1
folio	1
folds	1
folded	1
folcf'jz	1
foibles	1
foi	1
foh	1
focus	1
fo	1
flushed	1
fluent	1
fluensha	1
fluency	1
flows	1
flower	1
flow	1
flourished	1
florid	1
flocked	1
floating	1
flo^vtl	1
fll	1
flitting	1
flirting	1
flirt	1
flew	1
flesh	1
fleet-street	1
fleet	1
fled	1
flaw	1
flattery	1
flatteringly	1
flat	1
flames	1
flagged	1
fitting	1
fitter	1
fits	1
fist	1
firmness	1
fiov	1
finun	1
finishing	1
finished	1
finery	1
finally	1
final	1
filthy	1
filial	1
figliting	1
fighter	1
fight	1
fiercely	1
fields	1
fieldins	1
field	1
fidelity	1
fiddling	1
fiddlina	1
fiddler	1
fictitious	1
fiat	1
fi*ench	1
feverish	1
feud	1
fetters	1
festivities	1
festivals	1
fervent	1
fertility	1
fertile	1
feronia	1
fencer	1
fellowship	1
fellow-creatures	1
felicity	1
feigned	1
fees	1
feeble	1
fed	1
favourites	1
faulty	1
fault	1
fattening	1
fatiguing	1
fatigue	1
fathom	1
fates	1
fated	1
fatalism	1
fastidious	1
fastening	1
fasten	1
fasliion	1
fascinate	1
fares	1
fared	1
fare	1
farcical	1
faoi	1
fantasy	1
fanning	1
fanciful	1
fancied	1
fanatics	1
fames	1
falteringiy	1
falsely	1
falseliood	1
fallow	1
faithless	1
faithfully	1
fait	1
faintest	1
fainted	1
fain	1
failings	1
fail	1
faijt	1
fag	1
fading	1
faded	1
faculty	1
facility	1
facile	1
facetious	1
faces	1
fabulous	1
fabled	1
fable	1
e„„	1
eying	1
eyelids	1
exultation	1
exult	1
extricating	1
extricated	1
extremely	1
extravagantly	1
extravagances	1
extra	1
extolled	1
extinguishing	1
externally	1
exterior	1
extensive	1
expressions	1
expostulating	1
explore	1
explanatory	1
expired	1
expiration	1
expenses	1
expec	1
expanse	1
expanding	1
expanded	1
exotics	1
exorbitant	1
exit	1
exists	1
existent	1
exiles	1
exhilarate	1
exhibition	1
exhibiting	1
exhibited	1
exhaust	1
exertions	1
exert	1
exercised	1
executioner	1
execrated	1
excuses	1
excursions	1
excruciate	1
exclusively	1
exclamation	1
excise	1
exchanging	1
exchanged	1
excessively	1
exceptions	1
excel	1
excavations	1
excavation	1
examine	1
exaggeration	1
exaggerated	1
exacting	1
ew	1
evincing	1
evils	1
eves	1
everlasting	1
eventful	1
evenness	1
evenings	1
eve	1
european	1
euripides	1
euly	1
eulogy	1
eulogised	1
etheie„es	1
eternity	1
eternities	1
eteocles	1
estimation	1
establishments	1
establish	1
espionage	1
especiall}'^	1
escaping	1
es	1
erroneously	1
errata	1
errantry	1
errand	1
ergo	1
erf	1
erect	1
eradicate	1
era	1
equitably	1
equipage	1
equilibrium	1
equals	1
episodical	1
epigram	1
eo	1
envied	1
enumerated	1
entreated	1
entreat	1
entre	1
entle	1
entire	1
enthusiastic	1
entertaining	1
entermg	1
entering	1
ensued	1
enovigh	1
enormous	1
ennobles	1
ennobled	1
enmity	1
enlightening	1
enlightened	1
enjoined	1
engrossment	1
engrossingly	1
engross	1
engravers	1
engendered	1
eng	1
enfre	1
enffacjed	1
energies	1
endeavour	1
endearingly	1
endearing	1
encumbered	1
encroach	1
encq'mity	1
encouragement	1
encountered	1
encloses	1
encircle	1
enchantment	1
enchanted	1
enamoured	1
enacting	1
enabled	1
emulating	1
emptying	1
empress	1
employer	1
empires	1
emphatically	1
emperor	1
emissaries	1
eminence	1
emilia	1
emigration	1
emerge	1
emerald	1
embroidevy	1
embraces	1
embitter	1
embellishment	1
embark	1
emanates	1
emaciation	1
eloquently	1
eloquent	1
eloped	1
elizabeth	1
elis	1
eleven	1
elevating	1
elevated	1
elegance	1
elected	1
elated	1
elate	1
elasticity	1
ejaculated	1
eiicc^	1
eighteenth	1
eifort	1
eifect	1
ei.o	1
ei'ly	1
ei'ect	1
ehead	1
ehair	1
egregiously	1
egotist	1
ego	1
egad	1
effusions	1
efficacious	1
effectually	1
effects	1
effec	1
effaced	1
efface	1
edward	1
educate	1
editor	1
edifying	1
edification	1
edged	1
echoes	1
echoed	1
echo	1
ecclesiastics	1
eccentricity	1
eating	1
eaten	1
eastern	1
earthborn	1
earning	1
earned	1
earl	1
duties	1
durable	1
dullness	1
dullard	1
dulcinea	1
duenna	1
duel	1
dryden	1
dross	1
droops	1
drooping	1
droll	1
drily	1
dredwiththat	1
dreary	1
dreamy	1
dreamlike	1
dreads	1
dreaded	1
dread	1
drawing-room	1
drawers	1
draught	1
drank	1
dramng	1
downward	1
dovm	1
doux	1
doubting	1
doubtful	1
doublet	1
doubled	1
double	1
dorset	1
dont	1
donor	1
donna	1
domville	1
domini	1
domi	1
domains	1
dolt	1
doleful	1
dol	1
dogma	1
dogget	1
doggedly	1
dogfish	1
doff	1
dodona	1
doctrines	1
docket	1
doatingly	1
dmomtions	1
dleased	1
dkveueux	1
divinities	1
divines	1
divide	1
divested	1
dives	1
divert	1
diversity	1
diverse	1
distrust	1
distinguishing	1
distinctness	1
distillers	1
distasteful	1
dissuading	1
dissuade	1
dissolve	1
dissipations	1
dissipated	1
dissensions	1
dissatisfied	1
disrespect	1
disposed	1
dispose	1
displeasure	1
displeasingly	1
displeased	1
displays	1
dispenses	1
dispensed	1
disparagement	1
disown	1
disorder	1
disobey	1
dismounted	1
dismissal	1
dismayed	1
dishonours	1
dishonourable	1
dishonour	1
dishevelled	1
disgraced	1
diseases	1
disdaining	1
disdainfully	1
disdain	1
discuss	1
discretional	1
discretion	1
discoverable	1
discourses	1
discontented	1
disconsolate	1
disconcerted	1
discomfort	1
disclosure	1
disclosed	1
discharging	1
discarded	1
disbelieving	1
disbelieve	1
disaster	1
disarming	1
disappointment	1
disant	1
disajipeared	1
dirty	1
dirt	1
directino	1
diplomatic	1
diplomacy	1
diogenes	1
dingy	1
dine	1
dimness	1
dimmed	1
diminished	1
diligently	1
dilemma	1
dilating	1
dilapidated	1
dijfferent	1
diimer	1
dignifies	1
diffident	1
differs	1
dieu	1
dies	1
dieo	1
dieffo	1
diearo	1
dictatis	1
dictates	1
dictate	1
dicky	1
dickey	1
dice	1
diately	1
diana	1
diable	1
dey	1
dexterous	1
dexterity	1
dews	1
devout	1
devote	1
devoid	1
devkkeus	1
devf.heux	1
deveueut	1
deverfeux	1
devereuw	1
deveretrx	1
devereiix	1
development	1
develop	1
develleux	1
deuce	1
detroy	1
detracting	1
determine	1
deter	1
detain	1
destructive	1
destroys	1
destroyer	1
destroyed	1
destination	1
despotic	1
despot	1
despondingly	1
despondent	1
despicable	1
despairs	1
despairingly	1
desmarais"	1
desm	1
desjjair	1
designed	1
deshabille	1
deserted	1
desert	1
descry	1
descriptions	1
describing	1
descent	1
des	1
deriving	1
derived	1
deride	1
depths	1
deprived	1
deposit	1
deposed	1
dependents	1
dependant	1
denying	1
dense	1
denial	1
demureness	1
demure	1
demolished	1
demme	1
demean	1
delusions	1
deluded	1
delirium	1
delinquency	1
delightfully	1
delay	1
del	1
dejectedly	1
deities	1
degrees	1
degraded	1
degagce	1
defied	1
deficiencies	1
deferential	1
defends	1
defending	1
defended	1
defendant	1
defence	1
defects	1
deepest	1
deeper	1
deeming	1
deeds	1
deed	1
dedicated	1
decreed	1
decorous	1
decorated	1
declaring	1
declarations	1
declaration	1
decision	1
deciding	1
decidedly	1
decent	1
decencies	1
debts	1
debtors	1
debility	1
debauches	1
debauchery	1
debated	1
debasing	1
debasement	1
debase	1
dearer	1
dean	1
deaf	1
dazzled	1
daylight	1
daybreak	1
davenant	1
daughters	1
dativo	1
date	1
dat	1
dastard	1
dasses	1
dashed	1
darted	1
darkest	1
darker	1
dares	1
dapper	1
dao	1
dangers	1
dangerously	1
dancing	1
dance	1
damsels	1
damnation	1
damn	1
dammed	1
damask	1
daisically	1
dagger	1
dad	1
d'alvarez	1
c„„np	1
c„„.a^	1
cyprian	1
cxjurt	1
cxf	1
cuttingly	1
cutting	1
custurbed	1
custemed	1
cushion	1
curved	1
curtains	1
curtain	1
curses	1
current	1
curiosities	1
curing	1
cures	1
cured	1
curb	1
cultivate	1
cuff	1
crushing	1
crowding	1
crossing	1
cromwell	1
critics	1
criminate	1
crested	1
creeping	1
creates	1
create	1
cream	1
crawling	1
crawled	1
crane	1
crags	1
cradle	1
crabbed	1
crab	1
cowardice	1
covuitenance	1
covet	1
covert	1
covering	1
covent	1
cousin	1
courtyard	1
courteous	1
courses	1
coursed	1
couples	1
coupled	1
county	1
countrymen	1
counterfeits	1
counterfeit	1
counsel	1
council	1
coun	1
couch	1
cou	1
cotter	1
cotemporary	1
costume	1
costs	1
costly	1
costliest	1
cossack	1
cos	1
cortreous	1
corslet	1
corruption	1
corrupt	1
corroboration	1
corroborate	1
correspondence	1
correction	1
corrected	1
corporate	1
corollary	1
cornucopia	1
corn	1
coriolanus	1
cords	1
cordiality	1
cord	1
cor	1
coquetted	1
coquetry	1
copse	1
copia	1
coolness	1
coolly	1
cook	1
convulsion	1
convince	1
conviction	1
convict	1
conveyed	1
convert	1
conversed	1
convenient	1
convenience	1
convalescence	1
conu'ades	1
controlling	1
contributed	1
contrasts	1
contrasting	1
contraire	1
contradictions	1
contracting	1
contract	1
contraband	1
continue	1
continental	1
contention	1
contemptible	1
contemplative	1
contemplating	1
contemplated	1
contact	1
consummation	1
consultation	1
consult	1
constitutional	1
constitute	1
consternation	1
consoled	1
console	1
consolation	1
consists	1
consistent	1
consistency	1
consisted	1
consigning	1
consign	1
consideration	1
considerable	1
consequential	1
consequent	1
consecrates	1
consecrated	1
consecrate	1
consciousness	1
conqueror	1
conquering	1
conquer	1
conned	1
congenial	1
confuse	1
confronting	1
confront	1
confounded	1
conflicts	1
confirmed	1
confinement	1
confessor	1
confessions	1
conferences	1
confederate	1
conducted	1
condense	1
concomitants	1
conclusive	1
conclusions	1
conclusion	1
conclave	1
conciliating	1
concerning	1
concentrating	1
conceited	1
conceding	1
concealing	1
con^tnentary	1
comte	1
comrades	1
comrade	1
compulsion	1
comprehension	1
comprehend	1
compounded	1
composing	1
comply	1
complimented	1
complied	1
compliance	1
completion	1
complete	1
complaints	1
complaint	1
complained	1
complainant	1
complacency	1
competitions	1
competition	1
compensation	1
compensate	1
compels	1
compass	1
compare	1
companions	1
compagnons	1
communications	1
communicating	1
communicated	1
commonwealth	1
commonly	1
commonest	1
commodious	1
committing	1
commercial	1
comments	1
commented	1
commentators	1
comment	1
commended	1
commemorated	1
commands	1
comjdanion	1
comical	1
comforting	1
cometh	1
combined	1
combination	1
comb	1
columns	1
column	1
colours	1
colossal	1
colley	1
college	1
collectively	1
collecting	1
coldness	1
coldly	1
coins	1
coin	1
coiffeur	1
coheiresses	1
coffers	1
coffeehouse	1
coevals	1
cocket	1
coast	1
coarser	1
coals	1
coadjutors	1
coaches	1
co'niparable	1
cluster	1
clue	1
clouds	1
clouded	1
clothes	1
clothe	1
closeted	1
closest	1
cloister	1
clockwork	1
clocked	1
clock	1
climates	1
climate	1
clijgps	1
cliffs	1
cliamber	1
cleverness	1
cleverest	1
cleveland	1
clerk	1
clerical	1
clenching	1
clenched	1
cleave	1
clearly	1
clearing	1
claverine	1
clatter	1
classes	1
class	1
clasping	1
clashing	1
clarendon	1
clan	1
civilly	1
civility	1
civilities	1
civil	1
citizenship	1
cities	1
circumference	1
circulation	1
circular	1
circuitous	1
circling	1
ciiiid	1
ciiair	1
ci-devant	1
churchyard	1
christmas	1
christian	1
chose	1
choleric	1
choicest	1
chloe	1
chivalry	1
chit	1
chiselling	1
chiselled	1
china	1
chin	1
chimney-piece	1
chills	1
chiefly	1
chevalier	1
cherries	1
cherished	1
cherish	1
chequered	1
chemist	1
chelsea	1
cheerless	1
cheering	1
cheered	1
cheer	1
checked	1
cheating	1
cheated	1
cheap	1
chastity	1
chaste	1
charmed	1
charges	1
characterised	1
charac.er	1
chaps	1
changeful	1
changeable	1
chang	1
challenge	1
chain	1
cfag	1
cessfid	1
ces	1
censure	1
censorious	1
censor	1
cement	1
cell	1
celestial	1
celebrity	1
cela	1
ceiving	1
ceiling	1
ceaselessly	1
cdlow	1
ccwiditions	1
caviller	1
cautious	1
caustic	1
causes	1
cau	1
catullus	1
cattish	1
catholicism	1
catholic	1
cathcart	1
catches	1
casuistry	1
cast-off	1
cassock	1
cases	1
carve	1
carthusians	1
cart	1
carrying	1
carroll	1
carpet	1
carnal	1
carlisle	1
caress	1
cares	1
carent	1
cardinal	1
car	1
capture	1
captivating	1
capricious	1
capitalian	1
capital	1
capacity	1
cap	1
canst	1
canse	1
candidly	1
candidate	1
candid	1
camr^	1
campaign	1
calmer	1
calling	1
calf	1
calculating	1
calculate	1
caimot	1
caesar	1
cael	1
ca7i	1
c/«ei'a/ier	1
byestander	1
bv	1
buzz	1
buz	1
buyer	1
buttons	1
buttoning	1
button	1
butt	1
buta	1
bustle	1
busily	1
bursts	1
buried	1
burgundy	1
buraing	1
bumpkins	1
bully	1
bulky	1
bul	1
building	1
bui'ning	1
budget	1
brute	1
brusque	1
brushed	1
brush	1
bruised	1
brudenel	1
brotherhood	1
brooklet	1
brooked	1
brocade	1
broadsword	1
brisk	1
brilliancy	1
brilliance	1
brightness	1
brighten	1
briefly	1
bridgewater	1
bricklayer	1
breezes	1
breezeless	1
breed	1
breeches	1
breaths	1
breathing	1
breaks	1
breakfasted	1
breadth	1
brazen	1
brawling	1
brawl	1
brandishing	1
branches	1
bradley	1
bracegirdle	1
boxwood	1
boxing	1
boxes	1
bowl	1
bowers	1
bourn	1
bottom	1
borrowing	1
borroaving	1
borgia	1
bordering	1
boots	1
booth	1
bookseller	1
bony	1
bonkeur	1
boldness	1
boiled	1
bohngbroke	1
bohng	1
bodies	1
bobbins	1
boaster	1
boasted	1
boarded	1
board	1
bnt	1
bluslied	1
blushing	1
blushes	1
blunts	1
blunt	1
blue	1
blown	1
blossom	1
blore	1
blooming	1
bloodiest	1
bliss	1
blindfold	1
blessedness	1
blent	1
blenheim	1
blending	1
blended	1
bleeding	1
bleakness	1
blasphemer	1
blander	1
blackest	1
bitting	1
bitterness	1
bitterest	1
bishopric	1
biographical	1
biographer	1
biogiiapheb	1
binds	1
bind	1
billet	1
bigod	1
bigger	1
big	1
bidding	1
bezonian	1
bewildering	1
beveretlx	1
betwixt	1
betterton	1
bestows	1
beo	1
benighted	1
benig	1
benefit	1
benefactor	1
benedict	1
bends	1
bemg	1
belt	1
belong	1
belly	1
bellair	1
believing	1
believes	1
believer	1
belial	1
beings	1
beholding	1
beholder	1
beholden	1
behaviour	1
begun	1
beguiling	1
beguile	1
begins	1
beggarly	1
beggar	1
begari	1
befriended	1
beetle	1
bedside	1
beckon	1
beautifier	1
beatus	1
beastly	1
beards	1
beams	1
beamed	1
beadrou	1
bcm	1
bce	1
baylis	1
battalion	1
bath	1
baseless	1
barriers	1
barrenness	1
barren	1
baring	1
bargain	1
barefooted	1
barefoot	1
bare	1
barbara	1
banter	1
banquet	1
banners	1
bank	1
banged	1
banded	1
band	1
balls	1
ballroom	1
ball	1
bailiffs	1
bailey	1
bah	1
baffle	1
bacon	1
backward	1
bacchanalian	1
azure	1
awkwardly	1
awing	1
aware	1
awaiting	1
await	1
avriting	1
avrapped	1
avord	1
avood	1
avoman	1
avoiding	1
avoided	1
avocations	1
avithout	1
avithin	1
avithered	1
avind	1
avilliam	1
avidibly	1
avhole	1
avhenever	1
averted	1
averse	1
avere	1
aver	1
avenues	1
avelli	1
avatch	1
avait	1
av^aiter	1
av	1
autumn	1
authors	1
authoritative	1
authorised	1
austere	1
augustus	1
audibly	1
audible	1
auctions	1
aubery	1
attractions	1
attire	1
attaining	1
attain	1
attacking	1
atoned	1
atone	1
atlengtli	1
atkins	1
astronomy	1
astrange	1
astonishes	1
astonished	1
associations	1
associated	1
assizes	1
assistants	1
assistant	1
assigned	1
assign	1
assiduity	1
assertion	1
assert	1
assemblies	1
assemble	1
assassins	1
assassin	1
asp	1
askant	1
ashamed	1
ascetic	1
ascertain	1
arts	1
artliur	1
artist	1
artfully	1
arrogant	1
arrogance	1
arrested	1
arraying	1
array	1
arras	1
arrangement	1
arovised	1
arouse	1
aroimd	1
armoury	1
armies	1
armed	1
aristocrat	1
aristocracy	1
arise	1
arguments	1
argue	1
argosy	1
arethusa	1
ardour	1
ardently	1
ardent	1
archness	1
arches	1
arcadia	1
aquiline	1
apt	1
apropos	1
approved	1
appropriated	1
apprenticeship	1
apprehensions	1
apprehend	1
appreciates	1
appointments	1
applicable	1
applauses	1
appended	1
appearing	1
appeal	1
apparition	1
apostate	1
apologising	1
apologise	1
apollo	1
apiece	1
aperture	1
apathy	1
apathetic	1
anywhere	1
anyone	1
anxiously	1
antiquities	1
antiquated	1
antipodes	1
anticipative	1
anticipations	1
anticipation	1
antagonist	1
anon	1
announced	1
announce	1
annihilates	1
annihilate	1
anne	1
animosity	1
animated	1
angusta	1
angler	1
angle	1
angered	1
angelic	1
anew	1
anecdote	1
andj	1
andbesu	1
andalusian	1
andalusia	1
anciently	1
ancient	1
anchorite	1
anchor	1
anaudience	1
anatomized	1
anatomist	1
ana	1
amour	1
amorously	1
amorous	1
amongst	1
amongs	1
amity	1
ambush	1
ambitious	1
ambergris	1
ambassadors	1
ambassador	1
amazingly	1
amazed	1
amanuensis	1
amadis	1
although	1
alters	1
altars	1
altar	1
alpheus	1
alow	1
aloi>e	1
almighty	1
allusion	1
allured	1
alluded	1
alloy	1
allows	1
allotted	1
allies	1
alliances	1
alliance	1
allegory	1
allege	1
allant	1
aliqua	1
alikein	1
ale	1
alderman	1
alcibiades	1
alberoni	1
akin	1
ajjam	1
ajipointments	1
ajid	1
aing	1
aiford	1
ai'ound	1
agonising	1
agonised	1
agitates	1
agitated	1
agility	1
aggravated	1
agar	1
affronted	1
afflictions	1
afflict	1
affinity	1
affectionate	1
affecting	1
affectations	1
affec	1
afar	1
af	1
aether	1
aet	1
ae	1
adviser	1
advised	1
adversity	1
adventures	1
adventurers	1
advantages	1
advantageous	1
advancing	1
adroit	1
adorning	1
adorna	1
adores	1
adore	1
adoption	1
adopted	1
admonitions	1
admirably	1
adjutores	1
adjunct	1
adieux	1
adherents	1
adequate	1
adepts	1
adding	1
adder	1
adapted	1
actually	1
actresses	1
actors	1
actively	1
acted	1
acrid	1
acres	1
acquits	1
acquiring	1
acquirement	1
acquiescent	1
acquaintances	1
acquaint	1
acme	1
accused	1
accusations	1
accurately	1
accurate	1
accuracy	1
accountable	1
accosted	1
accordance	1
accord	1
accor	1
accomplishments	1
accomplishment	1
accommodating	1
acclivity	1
accidentally	1
accession	1
acceptation	1
acceptable	1
accents	1
acadlical	1
acadetmcal	1
academy	1
academuar	1
ac	1
abused	1
abstruser	1
abstraction	1
abstractedtrom	1
abstractedly	1
abstinence	1
abstemious	1
absorbing	1
absolve	1
absolution	1
abridged	1
abridge	1
abovit	1
ablativo	1
ability	1
abilities	1
abhorred	1
abhor	1
abated	1
abash	1
abandoned	1
a^hiat	1
^vith	1
^v^nch	1
^rgot	1
^nia	1
^neid	1
^lother	1
^jsserve	1
^iliiur	1
^^neas	1
^^irriire'trng	1
^^^^^^■"trjf	1
^^^^^^ll^zt	1
^^^^^^^^	1
^^^,	1
^^.^„,	1
^^.^^	1
^\ith	1
^2/	1
^.	1
^,	1
^'	1
^""^	1
]}	1
]!;	1
\vith	1
\falpole	1
\<^orst	1
\	1
[	1
?^'	1
?*"	1
?''"	1
?''	1
?'"''	1
?"'*	1
>vith	1
>	1
7iow	1
5^/&	1
3iarechale	1
0^<	1
/,	1
.„„	1
.^^	1
.^-^^^^^^^^^^^	1
.^""	1
.^	1
.]	1
.?'	1
.'*	1
.''*'''	1
.'''''	1
.'''"	1
.''"'"'	1
.''""	1
.'""	1
."'"'	1
."'	1
.!-"	1
-~^^	1
*■	1
*^	1
*<	1
*,	1
**'	1
*"	1
).^	1
).	1
)'	1
()	1
'■'	1
'^	1
'?	1
'<	1
',	1
'''	1
''"'	1
''"	1
'&"	1
'"'	1
&	1
%vith	1
"^	1
"*"	1
"'''	1
"":	1
""""	1
!*	1
!'"	1
!";	1
!"*	1
!"''	1
!"'	1
