,	2404
the	1637
.	1183
and	1009
to	871
of	870
i	802
a	667
was	651
it	595
in	526
that	495
he	475
'	394
you	294
"	288
his	272
as	258
not	231
but	231
had	225
for	212
my	206
on	199
at	198
with	185
be	184
there	174
said	169
what	168
him	165
this	163
which	156
|'s|	155
me	144
is	141
have	137
?	137
:	131
out	126
or	120
no	116
;	116
mr	113
some	111
by	110
so	109
one	109
were	107
if	106
when	102
been	102
all	102
up	100
from	98
could	98
an	97
they	95
about	93
we	92
very	87
well	86
then	85
."	84
now	81
would	77
say	77
do	77
know	74
see	71
.'	71
them	68
she	67
like	67
only	66
more	66
did	63
after	62
her	61
time	59
think	57
says	57
over	57
dr	56
room	55
man	55
into	55
something	54
don't	54
came	54
come	53
any	52
two	50
house	49
must	48
who	47
off	47
made	47
upon	46
old	46
should	45
much	43
door	43
than	42
little	42
before	42
your	41
seemed	41
night	41
such	40
down	40
are	40
am	40
our	39
day	39
can	39
thought	38
sir	38
!	38
uncle	37
thing	37
looked	37
here	37
ashton	37
will	36
tell	36
put	36
next	36
might	36
may	36
first	36
dean	36
went	35
nothing	35
just	35
got	35
back	35
why	34
way	34
worby	33
their	33
other	33
never	33
morning	33
go	33
(	33
too	32
sure	32
mrs	32
being	32
took	31
though	31
its	31
head	31
where	30
saul	30
himself	30
has	30
great	30
going	30
find	30
father	30
away	30
again	30
same	29
many	29
hand	29
years	28
these	28
mary	28
good	28
face	28
yes	27
saw	27
myself	27
last	27
it's	27
choir	27
side	26
own	26
men	26
how	26
heard	26
denton	26
told	25
take	25
seen	25
rather	25
palmer	25
get	25
doctor	25
bed	25
another	25
|arabic1digit|	24
us	24
place	24
lord	24
long	24
done	24
tomb	23
look	23
light	23
lake	23
yet	22
three	22
oldys	22
indeed	22
found	22
church	22
both	22
turned	21
right	21
moment	21
miss	21
i'm	21
dear	21
window	20
under	20
make	20
frank	20
enough	20
end	20
course	20
cathedral	20
believe	20
suppose	19
still	19
part	19
open	19
oh	19
maple	19
boys	19
bit	19
anything	19
round	18
once	18
near	18
mind	18
knew	18
keep	18
hear	18
few	18
|arabic2digit|	17
whether	17
through	17
quite	17
punch	17
looking	17
james	17
gone	17
every	17
call	17
box	17
things	16
perhaps	16
nor	16
left	16
give	16
four	16
far	16
even	16
business	16
)	16
work	15
without	15
town	15
those	15
shall	15
poor	15
minster	15
matter	15
master	15
he'd	15
hands	15
hair	15
gave	15
evening	15
days	15
boy	15
better	15
behind	15
among	15
*	15
you'll	14
times	14
reason	14
others	14
name	14
let	14
ever	14
dog	14
dark	14
called	14
black	14
began	14
aunt	14
almost	14
view	13
story	13
press	13
most	13
kind	13
i've	13
however	13
henslow	13
eyes	13
doubt	13
brought	13
book	13
asked	13
|arabic4digit|	12
used	12
top	12
small	12
service	12
people	12
pattern	12
new	12
minutes	12
late	12
laid	12
hour	12
happened	12
garden	12
floor	12
felt	12
body	12
best	12
across	12
taken	11
table	11
soon	11
simpkins	11
show	11
several	11
sat	11
particular	11
need	11
interest	11
having	11
half	11
given	11
fact	11
diary	11
coming	11
close	11
chamber	11
books	11
because	11
against	11
abell	11
.,	11
|romannumeral|	10
young	10
year	10
words	10
whole	10
together	10
stuff	10
stopped	10
set	10
remember	10
red	10
quinn	10
question	10
piece	10
person	10
passed	10
paper	10
opened	10
likely	10
leave	10
later	10
hall	10
grave	10
grass	10
evans	10
does	10
didn't	10
dead	10
curtains	10
certain	10
breakfast	10
bowman	10
ask	10
also	10
able	10
|arabic3digit|	9
wish	9
whatever	9
voice	9
use	9
truth	9
towards	9
till	9
talk	9
study	9
spearman	9
sleep	9
size	9
sight	9
seems	9
poynter	9
point	9
north	9
mother	9
london	9
letter	9
known	9
key	9
itself	9
held	9
hard	9
full	9
friend	9
fire	9
fell	9
eye	9
else	9
either	9
dream	9
death	9
couldn't	9
christmas	9
certainly	9
can't	9
between	9
attention	9
always	9
afternoon	9
),	9
you'd	8
yard	8
wrong	8
word	8
whose	8
whom	8
wall	8
verger	8
usual	8
trouble	8
thin	8
stood	8
sitting	8
since	8
short	8
screen	8
party	8
particularly	8
neither	8
met	8
mean	8
making	8
least	8
lay	8
large	8
lady	8
keys	8
inclined	8
i'd	8
home	8
help	8
glass	8
gentleman	8
fright	8
feel	8
fancy	8
family	8
everything	8
em	8
early	8
clear	8
arm	8
answer	8
already	8
ah	8
write	7
within	7
wife	7
while	7
until	7
true	7
tried	7
trees	7
tomorrow	7
thinking	7
ten	7
taking	7
suddenly	7
stone	7
steps	7
state	7
standing	7
stand	7
south	7
sound	7
sent	7
second	7
saying	7
rest	7
really	7
read	7
picked	7
persons	7
papers	7
outside	7
order	7
odd	7
occasion	7
meant	7
leaving	7
kildonan	7
job	7
islington	7
i'll	7
hundred	7
hold	7
henry	7
ground	7
glad	7
furniture	7
effect	7
deal	7
cry	7
clock	7
chapter	7
case	7
care	7
cannot	7
candle	7
bring	7
besides	7
along	7
afterwards	7
afraid	7
account	7
yourself	6
you've	6
you're	6
wrote	6
won't	6
whitminster	6
wanted	6
want	6
understand	6
turn	6
talking	6
street	6
spoke	6
speak	6
sometimes	6
slab	6
servants	6
sense	6
scene	6
sawflies	6
sale	6
running	6
remembered	6
remarkable	6
ran	6
quiet	6
pulpit	6
proved	6
pretty	6
post	6
possessed	6
parish	6
pale	6
opportunity	6
none	6
noise	6
nights	6
nearer	6
month	6
minute	6
lucas	6
life	6
legs	6
idea	6
heart	6
ghost	6
getting	6
further	6
former	6
figure	6
feet	6
fear	6
exactly	6
events	6
eliza	6
easily	6
earl	6
each	6
during	6
dress	6
doing	6
daresay	6
d	6
common	6
cold	6
closed	6
chink	6
child	6
charlett	6
chair	6
casbury	6
bands	6
assure	6
appeared	6
altar	6
accordingly	6
world	5
wood	5
wholly	5
weeks	5
weed	5
wasn't	5
volumes	5
visible	5
twenty	5
torn	5
toby	5
tale	5
supposed	5
summer	5
straight	5
stick	5
sort	5
sorry	5
somewhat	5
sky	5
single	5
shut	5
shape	5
seem	5
seated	5
rustling	5
rose	5
residence	5
report	5
record	5
rate	5
quick	5
pursuer	5
portion	5
play	5
plain	5
parlour	5
ordinary	5
opinion	5
often	5
occupied	5
obliged	5
object	5
o'clock	5
notes	5
nephew	5
neighbourhood	5
music	5
moving	5
months	5
mischief	5
mine	5
means	5
manor	5
lot	5
locked	5
lived	5
less	5
length	5
lad	5
knowing	5
king	5
judy	5
judge	5
ill	5
human	5
holding	5
high	5
hardly	5
guess	5
giving	5
general	5
friends	5
forget	5
following	5
fly	5
firm	5
finished	5
fellow	5
feeling	5
expression	5
explanation	5
experience	5
expect	5
except	5
especially	5
eleven	5
edge	5
dry	5
drew	5
drawers	5
disturbed	5
cut	5
curious	5
country	5
corner	5
conversation	5
company	5
comes	5
chance	5
caught	5
cattell	5
canon	5
bow	5
bedroom	5
bad	5
ayloff	5
arms	5
agreed	5
ago	5
younger	4
yesterday	4
wouldn't	4
worse	4
wonder	4
women	4
woman	4
woke	4
wits	4
wished	4
wind	4
white	4
week	4
waiting	4
wait	4
w	4
twice	4
try	4
tongue	4
today	4
terrible	4
telling	4
talisman	4
tablet	4
suspicion	4
surprised	4
suitable	4
subject	4
strange	4
stop	4
step	4
stairs	4
stage	4
spirits	4
southminster	4
sounds	4
sounding	4
solemn	4
slowly	4
slipped	4
sketch	4
showed	4
shoulder	4
sharply	4
settled	4
september	4
senior	4
send	4
seeing	4
run	4
rubbish	4
rights	4
rendcomb	4
remarked	4
rector	4
real	4
ready	4
quarter	4
putting	4
pulled	4
progress	4
printed	4
price	4
present	4
prepared	4
prebendary	4
prayers	4
prayer	4
pointed	4
please	4
placed	4
pillow	4
physician	4
pen	4
pay	4
past	4
pass	4
parts	4
parcel	4
ought	4
organ	4
opening	4
number	4
news	4
neck	4
nave	4
nature	4
naturally	4
nasty	4
names	4
move	4
moon	4
money	4
mistake	4
merely	4
mere	4
members	4
meet	4
mason	4
manage	4
lyall	4
lovely	4
loud	4
lost	4
lighted	4
kept	4
keeping	4
jennett	4
instant	4
inch	4
immediately	4
husband	4
hours	4
hope	4
history	4
herself	4
hearing	4
he's	4
handed	4
hadn't	4
growing	4
fully	4
front	4
form	4
force	4
five	4
fit	4
fine	4
figures	4
fall	4
explain	4
everywhere	4
ere	4
episode	4
entered	4
emily	4
easy	4
east	4
dropped	4
drop	4
drawing	4
disappointed	4
dinner	4
difficulty	4
different	4
died	4
detail	4
describe	4
crying	4
cross	4
copied	4
considerable	4
college	4
cloth	4
clearly	4
chintzes	4
century	4
cats	4
catch	4
catalogue	4
carrying	4
carry	4
calls	4
calling	4
broken	4
breath	4
big	4
beyond	4
bells	4
bell	4
begin	4
became	4
beautiful	4
bagman	4
aware	4
arrangement	4
appears	4
anyhow	4
allowed	4
air	4
affair	4
ad	4
acting	4
accustomed	4
accompanied	4
|arabic5+digit|	3
written	3
writing	3
worth	3
windows	3
william	3
whoever	3
wet	3
west	3
we're	3
watch	3
warwickshire	3
walking	3
walked	3
walk	3
wake	3
visitors	3
visitor	3
visit	3
viscount	3
vertical	3
various	3
useless	3
urt	3
upstairs	3
upset	3
unless	3
unable	3
ugly	3
triforium	3
transept	3
tragedy	3
touch	3
timber	3
throw	3
threw	3
thomas	3
thirty	3
themselves	3
thank	3
terror	3
terms	3
task	3
tall	3
sydall	3
suspect	3
suited	3
suit	3
suggestion	3
sufficient	3
successor	3
subjects	3
struck	3
strong	3
stretched	3
stepped	3
statement	3
started	3
stamped	3
spent	3
spend	3
somewhere	3
somehow	3
soft	3
smooth	3
smile	3
slept	3
sleeping	3
sit	3
sister	3
sill	3
silent	3
sign	3
shoved	3
shoulders	3
shone	3
shakespeare	3
shadow	3
sexton	3
seven	3
servant	3
serious	3
series	3
sensation	3
season	3
scripture	3
scared	3
satyr	3
saturday	3
satisfaction	3
samples	3
sack	3
rushed	3
rough	3
rooms	3
roof	3
rising	3
ridiculous	3
returned	3
remark	3
remained	3
relative	3
regular	3
reflection	3
reading	3
reader	3
reached	3
quarters	3
quadrangle	3
purpose	3
purchased	3
prospect	3
property	3
promise	3
proceeded	3
private	3
presence	3
power	3
pounds	3
possible	3
porch	3
popular	3
pleasure	3
pleasant	3
playing	3
plaster	3
pink	3
picture	3
perfectly	3
passing	3
passage	3
pardon	3
owing	3
organist	3
objects	3
noticed	3
notice	3
noted	3
note	3
noble	3
nine	3
needed	3
movement	3
mouth	3
mistaken	3
middle	3
metal	3
meeting	3
meaning	3
matters	3
marketplace	3
main	3
luck	3
loose	3
looks	3
lock	3
listening	3
listen	3
lips	3
lines	3
linen	3
led	3
leaves	3
learn	3
lays	3
laughing	3
lasted	3
larger	3
language	3
lane	3
knocked	3
kindly	3
justice	3
june	3
isn't	3
irish	3
ireland	3
interesting	3
instead	3
inside	3
indifferent	3
incident	3
inches	3
impression	3
hurried	3
housekeeper	3
horse	3
horror	3
horrible	3
horizon	3
honest	3
hi	3
helped	3
heavy	3
hearne	3
heads	3
hastily	3
grandfather	3
god	3
glance	3
girl	3
gazed	3
gathered	3
games	3
friday	3
free	3
forgot	3
forced	3
foot	3
folds	3
flung	3
fixed	3
finding	3
fifty	3
fashion	3
families	3
faint	3
extent	3
expressed	3
express	3
example	3
examined	3
evil	3
evidently	3
evidence	3
erected	3
enormous	3
elder	3
echo	3
dreams	3
draught	3
dogs	3
distant	3
distance	3
disorder	3
discomfort	3
disappearing	3
disappearance	3
direction	3
difficult	3
design	3
dashed	3
curtain	3
curiosity	3
creature	3
covered	3
couple	3
convenient	3
consideration	3
connected	3
completely	3
companion	3
colour	3
collected	3
cockerel	3
coat	3
closely	3
clerk	3
clean	3
city	3
chrysalis	3
china	3
chest	3
catching	3
cask	3
carried	3
cap	3
building	3
broke	3
brain	3
bottom	3
bore	3
bone	3
blood	3
block	3
bid	3
bible	3
bethought	3
believed	3
beer	3
bedstaff	3
bedrooms	3
becoming	3
beat	3
bearing	3
baby	3
awake	3
ave	3
authority	3
august	3
asking	3
ashamed	3
ardly	3
apt	3
anybody	3
anxious	3
answered	3
annoyed	3
alive	3
alarm	3
agree	3
age	3
affidavit	3
advised	3
address	3
acrington	3
accident	3
.)	3
yellow	2
y	2
workmen	2
worked	2
witness	2
withered	2
wings	2
willingly	2
willing	2
wild	2
whispered	2
weighty	2
wednesday	2
weather	2
we've	2
ways	2
waved	2
watching	2
warwick	2
warrant	2
waited	2
wages	2
volume	2
voices	2
visits	2
visited	2
vision	2
violent	2
views	2
victims	2
victim	2
verse	2
ventured	2
value	2
valuable	2
using	2
upper	2
unturned	2
unseen	2
unready	2
unpleasant	2
undertake	2
uncomfortable	2
twitched	2
twelve	2
twas	2
tt	2
trying	2
truly	2
troubled	2
trifling	2
train	2
traces	2
tower	2
touching	2
touched	2
totally	2
topic	2
tone	2
tis	2
thursday	2
thrust	2
thrown	2
thoughts	2
third	2
thick	2
therefore	2
tennis	2
temporary	2
technical	2
tea	2
taste	2
tales	2
tables	2
sweep	2
suspiciously	2
suspected	2
surroundings	2
surgeon	2
supposing	2
summon	2
suggested	2
suffered	2
sudden	2
succeeded	2
substance	2
subscribe	2
style	2
structure	2
strict	2
strength	2
strangest	2
stout	2
stirred	2
stir	2
sticking	2
stay	2
statements	2
start	2
stanchions	2
stalls	2
spreading	2
spoken	2
specially	2
spark	2
spare	2
spade	2
southwest	2
source	2
sooner	2
son	2
society	2
smith	2
slope	2
slight	2
slabs	2
skirt	2
skin	2
situation	2
sinister	2
simple	2
signs	2
sigh	2
sickly	2
showing	2
shook	2
shoes	2
shiny	2
shift	2
shelves	2
shelf	2
sheet	2
sharper	2
sharp	2
severe	2
settle	2
services	2
sermon	2
seriously	2
seldom	2
seemingly	2
seconds	2
searched	2
sealed	2
scented	2
scattered	2
satisfy	2
sample	2
safe	2
sad	2
sacrifice	2
s.t.p	2
rushing	2
rung	2
roll	2
robust	2
robins	2
roared	2
rise	2
rid	2
ribbon	2
return	2
retired	2
resumed	2
result	2
restoration	2
restful	2
requires	2
required	2
reproduction	2
repeat	2
removal	2
remembrance	2
remarks	2
relieved	2
regret	2
referred	2
reel	2
reduced	2
reddish	2
recurrence	2
records	2
recollection	2
recollect	2
recognise	2
random	2
raised	2
r	2
quickly	2
questions	2
quantity	2
quality	2
puzzled	2
pull	2
public	2
providence	2
proper	2
probably	2
principally	2
principal	2
prevented	2
pressed	2
preserving	2
preferred	2
prebendaries	2
prceb	2
pray	2
pratt	2
practised	2
practice	2
possibly	2
polite	2
pointing	2
plot	2
pity	2
pit	2
pipes	2
pin	2
pieces	2
pick	2
personal	2
permit	2
period	2
perceived	2
peculiar	2
patted	2
path	2
pasted	2
passages	2
partly	2
parties	2
particulars	2
park	2
panelled	2
palm	2
pall	2
painted	2
paint	2
paid	2
page	2
pace	2
oxford	2
ow	2
ornament	2
original	2
orders	2
oppression	2
opposite	2
ones	2
ole	2
older	2
offer	2
october	2
occurred	2
occur	2
occupant	2
occasionally	2
observed	2
objected	2
numbers	2
nowadays	2
northern	2
nodded	2
nineteenth	2
nervous	2
neighbours	2
necessity	2
nearly	2
nearest	2
nay	2
natural	2
narrowly	2
namely	2
moved	2
motion	2
moth	2
monday	2
molly	2
modern	2
missed	2
minor	2
milton	2
midst	2
message	2
mentioned	2
memory	2
meetings	2
maybe	2
matching	2
mass	2
marked	2
manner	2
malice	2
makes	2
maid	2
lying	2
luke	2
low	2
lose	2
longer	2
lodgings	2
lodger	2
lodged	2
living	2
live	2
list	2
lisbon	2
line	2
likewise	2
liked	2
lifted	2
lie	2
lichfield	2
library	2
liberty	2
letters	2
leg	2
leather	2
leastways	2
laying	2
laughed	2
latter	2
lantern	2
lanes	2
lamp	2
labelled	2
label	2
knots	2
killing	2
kil	2
kidman	2
joined	2
it'll	2
isaiah	2
iron	2
interview	2
intercept	2
intended	2
inquiry	2
inquired	2
injury	2
indication	2
important	2
imagine	2
illness	2
iggins	2
hurrying	2
hung	2
host	2
horrified	2
horrid	2
horribly	2
higher	2
hide	2
hesitation	2
hen	2
helpful	2
heire	2
heir	2
heels	2
heap	2
hastened	2
harm	2
happy	2
happen	2
habit	2
guessed	2
grey	2
grew	2
greeted	2
greatly	2
greater	2
gradually	2
gothic	2
goodnight	2
goodness	2
gladly	2
generalities	2
gather	2
gate	2
gardener	2
gallop	2
gained	2
future	2
furnishes	2
funny	2
fruit	2
frightened	2
forward	2
forms	2
forgive	2
forcibly	2
footboard	2
foolish	2
folding	2
flies	2
finish	2
finally	2
fields	2
field	2
feature	2
feathers	2
feather	2
feared	2
fatal	2
fastened	2
fancies	2
famous	2
familiar	2
falling	2
fallen	2
fair	2
facing	2
fabric	2
f.s.a	2
extract	2
expressly	2
expressions	2
exposed	2
explained	2
expense	2
expected	2
excited	2
examine	2
examination	2
everard	2
eventually	2
etc	2
escaped	2
escape	2
engaged	2
ends	2
enclosure	2
employed	2
emotional	2
embassy	2
elsewhere	2
eighty	2
eh	2
eat	2
earnestly	2
e	2
dull	2
due	2
dressing	2
drawn	2
draw	2
dorsetshire	2
doors	2
donan	2
disposed	2
dispensing	2
disordered	2
disgust	2
discussion	2
disclosed	2
differences	2
devoted	2
devoid	2
details	2
detailed	2
desire	2
designed	2
description	2
described	2
deep	2
decided	2
december	2
deceived	2
dec	2
dearest	2
dealt	2
daylight	2
darkness	2
daddy	2
crystal	2
crossed	2
cried	2
creatures	2
crash	2
covering	2
cover	2
court	2
county	2
copy	2
copious	2
contribute	2
continued	2
contained	2
constantly	2
considered	2
consider	2
conscious	2
connexion	2
conditions	2
concluded	2
concerned	2
conceive	2
complexion	2
completed	2
complaint	2
communicating	2
commotion	2
commonly	2
commission	2
comfortable	2
coloured	2
collections	2
coll	2
coats	2
clung	2
clue	2
cloak	2
clearing	2
cleared	2
clasped	2
clapped	2
christian	2
chiming	2
chimes	2
cheese	2
chase	2
charming	2
charge	2
character	2
chalk	2
chaise	2
centre	2
caused	2
cast	2
cases	2
carefully	2
capital	2
canons	2
calmly	2
buy	2
burst	2
burscough	2
burial	2
bundle	2
brown	2
brother	2
broad	2
brings	2
brief	2
brick	2
breaking	2
break	2
bones	2
board	2
blushed	2
bloody	2
blindly	2
blind	2
blessed	2
blame	2
bits	2
bird	2
beneath	2
bend	2
below	2
belonged	2
belief	2
beings	2
begun	2
beg	2
become	2
beauty	2
beast	2
bears	2
beard	2
bear	2
base	2
bar	2
baize	2
awoke	2
audience	2
attracted	2
attract	2
attitude	2
assuredly	2
aside	2
artists	2
arrival	2
armchair	2
aren't	2
approval	2
approaching	2
apparently	2
apart	2
antiquaries	2
anthem	2
animal	2
angry	2
ancient	2
amount	2
amid	2
alterations	2
alone	2
allow	2
aisle	2
agreeable	2
advisable	2
advice	2
adopted	2
adding	2
add	2
acquiesced	2
acquaintances	2
access	2
accept	2
abstained	2
abroad	2
ability	2
/	2
..,	2
).	2
"'	2
}'."	1
youth	1
yours	1
yielded	1
yellowish	1
yards	1
xeether	1
wrung	1
writings	1
writer	1
worthy	1
worry	1
works	1
working	1
wore	1
worb}^	1
woollen	1
woodwork	1
woods	1
woodland	1
wonderful	1
wondered	1
wolved	1
witnesses	1
witnessed	1
witches	1
witch	1
wit	1
wise	1
wiping	1
winters	1
wine	1
wilfully	1
wildly	1
wig	1
widow	1
wide	1
wicked	1
who'd	1
whitish	1
whistled	1
whistle	1
whimsical	1
whichever	1
whereas	1
whence	1
wheel	1
whatsoever	1
western	1
weren't	1
welcome	1
wearing	1
wear	1
wealthy	1
waving	1
wavering	1
wave	1
watches	1
watched	1
waste	1
warped	1
warn	1
warmest	1
warm	1
wards	1
wardrobes	1
war	1
wandering	1
walls	1
wallpapers	1
walled	1
walks	1
wainscot	1
wafered	1
vulgate	1
voyage	1
vividly	1
visitation	1
viscounty	1
violently	1
vfoxisq	1
vexed	1
vexation	1
vestry	1
vestries	1
vestiges	1
vestige	1
veritable	1
verily	1
verdit	1
verdict	1
verbatim	1
venite	1
venerable	1
velvet	1
vd	1
varied	1
vanished	1
vanes	1
vampyre	1
vain	1
vail	1
vaguely	1
vacant	1
usually	1
upland	1
unwillingly	1
unwilling	1
unusually	1
untvin	1
untoward	1
untenanted	1
unsuccessful	1
unquiet	1
unprotected	1
unpin	1
unoccupied	1
unnoticed	1
unnaturally	1
unmistakable	1
unlooked	1
unlocking	1
unlikely	1
university	1
universal	1
ungry	1
unfulfilled	1
unfrequently	1
unfortunate	1
unfit	1
uneasy	1
uneasily	1
undoubtedly	1
undertaken	1
understood	1
uncovered	1
uncover	1
unconsidered	1
unconscious	1
uncommunicative	1
uncommon	1
uncertainly	1
uncertain	1
ultimately	1
uddled	1
u	1
twelfth	1
tutor	1
turning	1
turncock	1
tumbles	1
tumbled	1
trust	1
trump	1
troublesome	1
triumph	1
trinity	1
trifles	1
trifle	1
tricks	1
trick	1
trial	1
tresses	1
trembling	1
trembled	1
treated	1
treadings	1
tray	1
traversing	1
traverse	1
transient	1
transgression	1
transfer	1
transcends	1
tranquil	1
tramps	1
trait	1
trade	1
tracks	1
track	1
trace	1
torrent	1
torpid	1
tore	1
tops	1
topping	1
topography	1
topics	1
tonight	1
tombs	1
toll	1
todo	1
tobacco	1
titles	1
titled	1
tired	1
tion	1
tinged	1
tinderbox	1
tightly	1
tight	1
tied	1
tickling	1
tickle	1
thus	1
throwing	1
throne	1
throat	1
thrice	1
threshold	1
threshed	1
thread	1
thorax	1
this'll	1
thickly	1
they've	1
they'd	1
thereupon	1
thereby	1
there'll	1
theft	1
thankful	1
thanked	1
text	1
testify	1
terrifying	1
terrace	1
termed	1
term	1
tenor	1
tendency	1
tempting	1
tempted	1
tempered	1
temperament	1
temper	1
tells	1
tears	1
tearing	1
tear	1
teaching	1
teach	1
taught	1
tasks	1
tapped	1
tape	1
tamped	1
talked	1
taint	1
t	1
sys	1
symptom	1
sympathy	1
swings	1
swiftly	1
swift	1
swept	1
sweets	1
sweetest	1
sway	1
swan	1
sustained	1
suspicious	1
suspense	1
susan	1
survivor	1
survived	1
surprisingly	1
surface	1
support	1
supplied	1
supper	1
superstitious	1
supernatural	1
superficial	1
sunset	1
sunny	1
sunk	1
sunday	1
sun	1
summoned	1
summerhouse	1
sum	1
sullen	1
suite	1
suggestions	1
suggest	1
suffocation	1
sufficiently	1
sufficiency	1
successors	1
subtlety	1
substitute	1
substantial	1
submitted	1
styles	1
sturdy	1
studded	1
strung	1
strove	1
strongly	1
strongest	1
strolled	1
stroked	1
stroke	1
striving	1
stripped	1
strip	1
striking	1
strikes	1
stretching	1
stretch	1
stream	1
straw	1
strained	1
stove	1
stopping	1
stooped	1
stonework	1
stones	1
stomachs	1
stolen	1
stockings	1
stock	1
stirring	1
stepping	1
stems	1
steeply	1
steaming	1
stating	1
stated	1
startled	1
starting	1
starred	1
stared	1
stands	1
standish	1
stamping	1
stall	1
stair	1
stains	1
staggering	1
staggered	1
staffordshire	1
stack	1
st	1
squire	1
squeak	1
squaring	1
square	1
sqmeone	1
springing	1
spring	1
spots	1
spot	1
spoilt	1
splendour	1
spiteful	1
spite	1
spiritual	1
spell	1
speed	1
speeches	1
speech	1
spectacle	1
specific	1
special	1
speaks	1
speaking	1
spaniel	1
spacious	1
soup$on	1
soul	1
sought	1
sorted	1
sorely	1
sony	1
somethink	1
solo	1
solitary	1
sold	1
sojourn	1
soil	1
softly	1
softened	1
social	1
soberer	1
snuggle	1
sniggered	1
sniff	1
smouldering	1
smothered	1
smote	1
smoked	1
smiling	1
smashed	1
smartish	1
smart	1
smaller	1
slumbering	1
slumber	1
slower	1
slow	1
sloped	1
slipping	1
slip	1
slightly	1
slightest	1
skulls	1
skull	1
skeleton	1
sixteen	1
six	1
site	1
sink	1
singer	1
sing	1
sinful	1
simpsons	1
simpson	1
simply	1
simon	1
simeon	1
silvern	1
silver	1
silk	1
silence	1
significance	1
signalled	1
sighted	1
sides	1
sickness	1
sickening	1
sick	1
shyness	1
shutting	1
shutters	1
shutter	1
shuddering	1
shrugged	1
shrug	1
shrubs	1
shrubbery	1
shrouded	1
shows	1
shoving	1
shove	1
shouting	1
shouldn't	1
shot	1
shortly	1
shortened	1
shops	1
shocked	1
shivering	1
shirt	1
shining	1
shifted	1
sheets	1
sheep	1
shed	1
she'll	1
she'd	1
shaven	1
shared	1
shapes	1
shapeless	1
shaped	1
shallabalah	1
shady	1
shading	1
shade	1
seward	1
setting	1
serve	1
sermons	1
separated	1
sentiments	1
sentiment	1
sentence	1
senr	1
sendings	1
seized	1
seeming	1
sedative	1
secured	1
seclude	1
seat	1
seaside	1
search	1
sea	1
scroll	1
scream	1
scratched	1
scotch	1
schools	1
scheme	1
sceptic	1
scenes	1
scale	1
saxon	1
sawfly	1
sawflv	1
saving	1
saved	1
savage	1
satisfied	1
satanic	1
sash	1
sank	1
sanguine	1
sang	1
sake	1
saj^	1
sailors	1
sailor	1
sadly	1
sabbath	1
s.t.b	1
s'pose	1
s	1
rusty	1
rustle	1
rush	1
ruling	1
ruins	1
ruin	1
royal	1
row	1
roused	1
rouse	1
rounded	1
roughly	1
rougher	1
rot	1
rope	1
roo	1
romances	1
romance	1
rolled	1
robes	1
robert	1
roads	1
rite	1
risks	1
rippling	1
ripple	1
ringing	1
ringers	1
ringer	1
ring	1
rilhere	1
rigmarole	1
rightly	1
rifling	1
riddle	1
rich	1
ribbons	1
revulsion	1
revival	1
reverse	1
reverie	1
retrieving	1
retire	1
retained	1
retailed	1
resurrection	1
results	1
restoring	1
responsive	1
responsible	1
respectively	1
respected	1
respectable	1
respect	1
resonance	1
resist	1
residents	1
residential	1
residences	1
resembled	1
resemblance	1
research	1
request	1
reputed	1
repute	1
reputation	1
reproduced	1
reprehensibly	1
reposed	1
reported	1
reply	1
replacing	1
repair	1
rent	1
renewed	1
rend	1
reminds	1
reminded	1
remind	1
remembers	1
remedying	1
remedy	1
remedies	1
reluctantly	1
reluctance	1
relief	1
relevant	1
relating	1
relates	1
rejoined	1
rejoin	1
rejoiced	1
reject	1
regretted	1
refuge	1
refreshed	1
refresh	1
reformation	1
reflections	1
reflected	1
reference	1
reentered	1
reelly	1
redder	1
recovery	1
recovering	1
reconize	1
recommend	1
recognised	1
reckoning	1
recesses	1
receptacles	1
recently	1
receiver	1
received	1
receded	1
rebuking	1
rebuke	1
rebel	1
reassure	1
reasonable	1
reappeared	1
realty	1
reality	1
reads	1
readers	1
re	1
razed	1
ray	1
rattle	1
raths	1
rash	1
rarest	1
rarely	1
raptures	1
rapped	1
rant	1
rang	1
rajah	1
raising	1
rags	1
ragged	1
rage	1
radamistus	1
quote	1
quotation	1
quivered	1
quill	1
quietus	1
quietly	1
questioner	1
queen	1
quartos	1
quarto	1
quarrelled	1
qualify	1
qualified	1
q	1
puzzle	1
pursuing	1
pursuers	1
pursued	1
purposely	1
purple	1
purchase	1
puppet	1
pulling	1
prudent	1
protest	1
protect	1
proprietors	1
proposition	1
pronounced	1
prolific	1
prognosticated	1
profuse	1
produce	1
procure	1
probable	1
probability	1
prized	1
prize	1
prisoner	1
print	1
previous	1
prevalent	1
pretended	1
pretend	1
pretence	1
presume	1
presently	1
presented	1
prescribe	1
prenticed	1
prejudice	1
preferments	1
prefer	1
precisely	1
precedents	1
prebendal	1
prebend	1
preacher	1
preached	1
praying	1
prancing	1
practically	1
practical	1
powerful	1
pottered	1
potter	1
pother	1
posture	1
postilion	1
posted	1
postboy	1
possibility	1
possess	1
position	1
port	1
poring	1
pored	1
pore	1
pope	1
polish	1
policy	1
poker	1
points	1
pocket	1
plucked	1
pluck	1
plenary	1
pleased	1
pleasantly	1
plead	1
played	1
plans	1
plan	1
plaited	1
pitch	1
pipe	1
pint	1
pinnicle	1
pinned	1
pinioned	1
pinched	1
pillows	1
pillory	1
pillar	1
pile	1
piers	1
piercing	1
pie	1
picter	1
pickwick	1
picking	1
phrase	1
pew	1
peter	1
persuasive	1
persuaded	1
persuade	1
personable	1
perplexity	1
perpendicular	1
permission	1
perk	1
peril	1
performers	1
performance	1
perfect	1
perching	1
perceptibly	1
perceptible	1
perceive	1
per'aps	1
pensively	1
pensioner	1
pens	1
penitence	1
penalties	1
peering	1
peered	1
peer	1
peeping	1
peaked	1
payment	1
paying	1
pause	1
patterned	1
pattering	1
patients	1
patiently	1
pathos	1
patent	1
paste	1
partially	1
parted	1
parsons	1
parsonage	1
parlours	1
panpipes	1
panes	1
panelling	1
paling	1
palace	1
painter	1
painfully	1
painful	1
pages	1
packet	1
p	1
owns	1
owned	1
owl	1
overtook	1
overmantel	1
overhearing	1
overheard	1
overcome	1
overcast	1
outrageous	1
outrage	1
outlook	1
ouses	1
ourselves	1
otherwise	1
ostensibly	1
orphan	1
organs	1
orficers	1
ordinarily	1
ordained	1
orator	1
oppressing	1
opposition	1
opinions	1
ophion	1
onslaughts	1
omitted	1
ominous	1
oldish	1
oldest	1
old-fashioned	1
oftener	1
officials	1
offices	1
officers	1
offers	1
offensive	1
oddity	1
oddest	1
occupy	1
occupation	1
occupants	1
obvious	1
obtainable	1
obstruct	1
observing	1
observer	1
observations	1
observation	1
obscurum	1
obscurely	1
obscure	1
oblige	1
obligations	1
obeyed	1
oaks	1
oak	1
nurse	1
nuisance	1
nowhere	1
notorious	1
notion	1
nothink	1
notably	1
nose	1
noonday	1
nonsense	1
noises	1
nods	1
nodding	1
nobleman	1
nip	1
nightmares	1
nightcapped	1
nigh	1
niece	1
newly	1
ness	1
negligence	1
neglectful	1
necessitated	1
necessary	1
neatly	1
narrative	1
nails	1
nailed	1
mysore	1
mv	1
musing	1
muse	1
muscles	1
murder	1
muffled	1
muffin	1
mss	1
mourning	1
mould	1
morrow	1
moreover	1
moping	1
moonlight	1
monument	1
monte	1
monologue	1
moments	1
moistened	1
modifications	1
moderate	1
model	1
moaning	1
moan	1
mistress	1
mistook	1
missing	1
misconstruction	1
mischievous	1
mischance	1
mingling	1
minds	1
minded	1
millions	1
miles	1
mightn't	1
midnight	1
middlesex	1
mickle	1
metropolitan	1
methods	1
messenger	1
mess	1
merit	1
mercy	1
mercifully	1
mentioning	1
mention	1
mending	1
menage	1
menace	1
memorials	1
memoriall	1
membrane	1
member	1
melignity	1
melancholy	1
meditatively	1
medeevial	1
meddling	1
mechanism	1
measuring	1
measure	1
meanwhile	1
meantime	1
mausoleum	1
matting	1
matins	1
materials	1
material	1
match	1
masters	1
masonry	1
marsh	1
married	1
marks	1
marketing	1
mark	1
march	1
manuscript	1
manufactured	1
mantelpiece	1
mansions	1
mansion	1
manners	1
manly	1
mangled	1
malignant	1
maker	1
majr	1
mail	1
maidservants	1
maids	1
madeira	1
ma	1
luncheon	1
luggage	1
loyal	1
lovers	1
love	1
lots	1
loss	1
losing	1
lor	1
longlegs	1
longest	1
lofty	1
loft	1
locking	1
locate	1
local	1
lively	1
literature	1
literally	1
literal	1
lists	1
listener	1
listened	1
liqueur	1
lip	1
lined	1
limping	1
limits	1
limited	1
lime	1
likes	1
lights	1
lifts	1
lifter	1
lid	1
libry	1
librarians	1
librarian	1
liable	1
level	1
letting	1
lest	1
lessons	1
lesson	1
lessening	1
lends	1
lend	1
leisure	1
lefthand	1
ledgers	1
lectures	1
learning	1
learned	1
leapt	1
leaning	1
leaned	1
league	1
leafless	1
leads	1
leader	1
lead	1
lawyers	1
lawyer	1
lawn	1
law	1
laugh	1
lately	1
largish	1
largely	1
lamia	1
lamentable	1
lam	1
lain	1
lads	1
labourers	1
knows	1
knowledge	1
knoll	1
knocking	1
knelt	1
knees	1
kinsfolk	1
kingdom	1
kinds	1
kindness	1
kicking	1
kicked	1
kennel	1
justified	1
junr	1
juggling	1
judicial	1
judgement	1
jude	1
journal	1
jonathan	1
joining	1
joiners	1
join	1
john	1
jobs	1
jerome	1
jasper	1
january	1
jagged	1
jack	1
j^ards	1
j	1
items	1
italian	1
istory	1
irresistible	1
irons	1
investigator	1
invariable	1
intimation	1
intervals	1
interval	1
interruption	1
interrupter	1
interrogatively	1
interposed	1
interpose	1
intermission	1
interested	1
intercourse	1
intercepted	1
intentional	1
intention	1
intelligent	1
intact	1
insured	1
instantly	1
inspire	1
inspection	1
inspect	1
insisted	1
insist	1
insertions	1
inserted	1
insect	1
inscriptions	1
inscription	1
inscribed	1
inquiring	1
inquire	1
inquest	1
innocent	1
inn	1
inmates	1
inkstands	1
ink	1
initials	1
influence	1
infested	1
infer	1
inevitably	1
inevitable	1
ineffectual	1
inducement	1
induced	1
indisposed	1
indies	1
indicating	1
incurring	1
incumbent	1
incredulously	1
incomer	1
incoherent	1
included	1
include	1
inclination	1
incidents	1
incapable	1
inanimate	1
improvised	1
impossible	1
importance	1
import	1
impassioned	1
immensely	1
immediate	1
imagined	1
illustrative	1
illustration	1
ignorant	1
iding	1
identify	1
identical	1
ichneumon	1
ibi	1
hymn	1
hy	1
hush	1
hurt	1
hurriedly	1
humour	1
humanly	1
huff	1
huddled	1
howled	1
howl	1
houses	1
household	1
hotel	1
hot	1
hospitality	1
hopelessly	1
hoped	1
honoured	1
homely	1
hollerer	1
holiday	1
holder	1
hobbled	1
hoary	1
hitherto	1
hit	1
hired	1
hinted	1
hint	1
hindes	1
hillocky	1
hill	1
highly	1
hid	1
hia	1
hevil	1
hertfordshire	1
hers	1
heroine	1
hero	1
hereford	1
hence	1
hem	1
helps	1
helpless	1
height	1
heavier	1
heavens	1
healthy	1
he'll	1
haven't	1
hateful	1
hastening	1
haste	1
harassed	1
happening	1
hangings	1
hanging	1
handy	1
handsomely	1
handling	1
handle	1
handkerchiefs	1
handing	1
halfway	1
hairy	1
habits	1
habited	1
guineas	1
guilty	1
guide	1
guests	1
guesses	1
grudge	1
grown	1
grove	1
grounded	1
grope	1
grocer	1
groans	1
grimmest	1
grim	1
grieved	1
greetings	1
green	1
greatest	1
graveyards	1
graveyard	1
gravely	1
grasping	1
graced	1
gown	1
governor	1
goods	1
goodman	1
goodbye	1
golden	1
gold	1
goings	1
goes	1
godfathers	1
gloomy	1
glittering	1
glittered	1
glimpse	1
glanced	1
gives	1
gipsies	1
gingerly	1
gilding	1
giggles	1
gibbet	1
genuine	1
gently	1
gentle	1
gent	1
geniality	1
generally	1
gbeshail	1
gay	1
gaunt	1
gatwick	1
gates	1
gateposts	1
gas	1
garret	1
garlands	1
gap	1
game	1
gallows	1
gale	1
gain	1
fuseli	1
furthest	1
furnishing	1
furnished	1
furnish	1
funerals	1
funeral	1
fun	1
fulfilled	1
fruitless	1
frown	1
fro	1
fresh	1
frankly	1
framed	1
frame	1
fragments	1
fragment	1
fox	1
foundations	1
foul	1
fortunate	1
forthwith	1
forthcoming	1
forth	1
formulated	1
forgotten	1
forgetting	1
forewarned	1
foresta	1
foresee	1
foreigner	1
foreign	1
forehead	1
forecast	1
foreboding	1
footsteps	1
footprints	1
fool	1
followed	1
follow	1
foliage	1
folded	1
fold	1
flying	1
fluttering	1
flushed	1
flourished	1
flitted	1
flight	1
flew	1
flee	1
flea	1
flavour	1
flat	1
flask	1
flash	1
flapping	1
flannel	1
fixedly	1
fitting	1
fitted	1
firkin	1
fingers	1
finger	1
final	1
fill	1
fighting	1
fifty-five	1
fifteenth	1
fifteen	1
fierce	1
feverish	1
fever	1
fetch	1
fervent	1
female	1
feelings	1
feelers	1
feebly	1
fee	1
features	1
feast	1
fearful	1
favour	1
fauns	1
fathom	1
fathers	1
fate	1
fat	1
faster	1
fast	1
fascinated	1
fanned	1
falls	1
faithfulness	1
faithfully	1
faintly	1
fain	1
fail	1
fading	1
faded	1
faces	1
faced	1
fabulous	1
eyed	1
exultation	1
extremity	1
extremely	1
extreme	1
extravagancies	1
extraneous	1
extinct	1
extending	1
exquisite	1
expressing	1
expound	1
exploration	1
expletive	1
explanations	1
explaining	1
experiencing	1
experiences	1
expenditure	1
expended	1
expelled	1
expedient	1
expecting	1
expectation	1
expectant	1
exit	1
exists	1
exist	1
exhausted	1
exerted	1
exempt	1
execution	1
excuses	1
excuse	1
exclusive	1
exchanged	1
excepting	1
excellent	1
examining	1
exaggeration	1
exact	1
evident	1
everyone	1
everyday	1
everybody	1
evensong	1
eve	1
evans'll	1
evangelical	1
esteemed	1
estate	1
ercules	1
equipped	1
equipment	1
equally	1
entry	1
entrusted	1
entries	1
entrance	1
enthusiasm	1
enters	1
enterprise	1
entering	1
ensued	1
enjoyment	1
enjoying	1
england	1
engage	1
energy	1
endowments	1
endorsed	1
ended	1
enclosing	1
enchanting	1
enacted	1
enabled	1
enable	1
employ	1
emphasis	1
emity	1
emerging	1
emerged	1
emerge	1
embrace	1
embezzled	1
embarrassment	1
eluding	1
elude	1
eloquent	1
elizar	1
elicit	1
elegance	1
elders	1
elderly	1
elbow	1
elapsed	1
elaborate	1
eighteenth	1
eight	1
egbert	1
eg	1
efforts	1
effort	1
effectually	1
effects	1
effective	1
effected	1
edwin	1
educated	1
edging	1
ed	1
eaten	1
eastwards	1
easiest	1
ease	1
earwig	1
eartrending	1
earth	1
earlier	1
ear	1
ead	1
dying	1
dy	1
dwindled	1
dwelling	1
duty	1
dutifully	1
duties	1
dusted	1
dust	1
dusk	1
durdles	1
dug	1
drunk	1
drove	1
dror	1
drood	1
drive	1
drinkers	1
drift	1
dressed	1
dreamed	1
dreadful	1
dread	1
drayton	1
drawings	1
drawer	1
drawback	1
draughts	1
draty	1
draped	1
drama	1
dragging	1
drafts	1
drafted	1
dozen	1
dozed	1
doze	1
downstairs	1
downright	1
dower	1
doubtless	1
doubted	1
double	1
dossier	1
dorset	1
domed	1
doesn't	1
dodds	1
divulged	1
divinity	1
divine	1
diverted	1
ditch	1
disused	1
disturbance	1
disturb	1
distressing	1
distracted	1
distinguish	1
distingue	1
distinct	1
distaste	1
dissolution	1
disrespect	1
disquiet	1
displeased	1
displayed	1
dispersing	1
disorderly	1
dislikes	1
disinclined	1
disgusting	1
disgusted	1
disfavour	1
discretion	1
discreet	1
discovery	1
discoveries	1
discourse	1
discomfited	1
disco	1
disclosing	1
discernible	1
discern	1
disastrous	1
disappointment	1
disagreement	1
disagree	1
directories	1
directly	1
directed	1
dining	1
dined	1
dimly	1
dig	1
differently	1
difference	1
diar}^	1
diaper	1
devotee	1
developing	1
determined	1
detached	1
destroy	1
despondingly	1
desperately	1
despair	1
desired	1
desirability	1
designs	1
deserve	1
deserts	1
descry	1
descriptions	1
describing	1
deputy	1
deputed	1
depth	1
depends	1
department	1
dentqn	1
dentori	1
dentons	1
denied	1
demolition	1
demise	1
demanded	1
delinquencies	1
delights	1
delightfully	1
delighted	1
delays	1
delay	1
degree	1
deference	1
defendant	1
defaced	1
deemed	1
deed	1
declamation	1
decisive	1
decision	1
decencies	1
deceased	1
decanus	1
decani	1
debrett	1
debaucheries	1
deaths	1
deanery	1
dealers	1
dealer	1
deadly	1
dawdling	1
david	1
date	1
datchery	1
dashing	1
dash	1
darting	1
darker	1
dare	1
dangerous	1
damn	1
damaged	1
dainty	1
daily	1
customs	1
cursory	1
cursed	1
curling	1
curiously	1
curate	1
cupboard	1
cui	1
cuddle	1
cubavit	1
crushing	1
cruel	1
crows	1
crownpiece	1
crown	1
crowbar	1
crow	1
crouching	1
crool	1
croak	1
cristo	1
criminal	1
crime	1
cresh	1
crept	1
creeping	1
creep	1
credit	1
credible	1
creation	1
crack	1
coward	1
countrified	1
countertenor	1
count	1
coughed	1
costume	1
cost	1
correct	1
corpse	1
coronet	1
copse	1
cool	1
convivial	1
convinced	1
conviction	1
conversed	1
conversations	1
conversant	1
converge	1
contrive	1
contrast	1
contracted	1
continuously	1
continuous	1
contention	1
content	1
contemplating	1
contemplate	1
contain	1
contact	1
consummated	1
constitution	1
constituted	1
constables	1
consort	1
consoled	1
consists	1
consisted	1
considerably	1
consequences	1
consciousness	1
congregation	1
congratulated	1
confusion	1
confronted	1
confirmed	1
confirm	1
confined	1
confidential	1
confidence	1
confided	1
confession	1
confess	1
condition	1
condense	1
concurrence	1
concludes	1
concentrated	1
conceived	1
concealed	1
compulsion	1
compressed	1
composure	1
composing	1
compliments	1
compliment	1
complete	1
complaints	1
complained	1
compassion	1
comparatively	1
communication	1
communicate	1
commoner	1
common-sense	1
committed	1
comment	1
command	1
comfortablest	1
comers	1
colours	1
colouring	1
collegiate	1
collectors	1
collection	1
coins	1
coin	1
coil	1
coffin	1
coagulation	1
coach	1
clutching	1
clustering	1
clouds	1
cloud	1
clothes	1
closing	1
closet	1
clinging	1
client	1
clergymen	1
clergy	1
cleodora	1
clatter	1
clasping	1
clash	1
clapping	1
claim	1
clad	1
civil	1
cited	1
cite	1
circle	1
churchyard	1
churchwarden	1
churches	1
chronicle	1
chose	1
choristers	1
choral	1
choose	1
choke	1
choirmen	1
choice	1
chintz	1
chin	1
chilly	1
chill	1
children	1
childless	1
chicken	1
chelsea	1
cheery	1
cheering	1
cheerful	1
cheered	1
characters	1
chapel	1
chap	1
chant	1
changes	1
changed	1
change	1
chanced	1
chambers	1
chambermaid	1
chairs	1
ceremony	1
centaurs	1
censures	1
celebrity	1
ceased	1
cavalier	1
cattle	1
cattelps	1
cathe	1
catchit	1
cat	1
casualty	1
cased	1
carpets	1
carpenter	1
carneying	1
careful	1
career	1
car	1
captious	1
cant	1
calpigi	1
calm	1
calf	1
byronic	1
buttress	1
butler	1
busy	1
bushes	1
bursting	1
burnt	1
buried	1
bungling	1
bumping	1
built	1
builder	1
buffeted	1
budget	1
brush	1
brothers	1
broom	1
brooding	1
brogue	1
britain	1
briefly	1
bridge	1
bricks	1
breathing	1
breast	1
breakers	1
brass	1
boz	1
boxed	1
bowed	1
bounded	1
bound	1
bought	1
born	1
bored	1
borders	1
booth	1
bookcases	1
bono	1
boniface	1
bom	1
bolus	1
bolts	1
bolster	1
bolder	1
bodies	1
boards	1
blunt	1
bluebeard	1
blue	1
blowed	1
blow	1
bloomed	1
bleeding	1
blank	1
blake	1
blackness	1
bishopric	1
bishop	1
bind	1
bin	1
bier	1
bidding	1
bewilderedly	1
bewildered	1
betters	1
beside	1
berth	1
bermondsey	1
bending	1
beloved	1
belly	1
bellowing	1
bellow	1
believer	1
belie	1
behoved	1
behalf	1
beginning	1
begging	1
begged	1
bedtime	1
bedstead	1
bedclothes	1
becomes	1
beckoned	1
beauties	1
beaten	1
bearers	1
beaming	1
beadle	1
battles	1
battle	1
bats	1
bates	1
bars	1
bargains	1
bare	1
ball	1
baggage	1
bag	1
bade	1
backwards	1
background	1
backed	1
bachelor	1
b	1
axe	1
awkwardly	1
awful	1
awaking	1
awaiting	1
avorkmen	1
aving	1
available	1
authoriza	1
author	1
auteuil	1
audit	1
auctioneers	1
auction	1
attractive	1
attending	1
attended	1
attendant	1
attend	1
attempts	1
attempt	1
attack	1
attachment	1
attached	1
atheistical	1
assured	1
assistance	1
assented	1
asperity	1
aspect	1
asleep	1
ashtons	1
ascertained	1
ascended	1
artistic	1
artichokes	1
arthur	1
artful	1
arrant	1
arouse	1
arise	1
arid	1
archives	1
architect	1
arch	1
appurtenances	1
approached	1
appreciation	1
appreciable	1
appointed	1
applying	1
application	1
apple	1
applaud	1
appened	1
appearing	1
appearance	1
apparent	1
apologies	1
anxiety	1
antony	1
antivivisection	1
antiquity	1
antiquities	1
antique	1
antigenes	1
anticipated	1
anon	1
annually	1
annoying	1
announced	1
annexed	1
anna	1
ann	1
anj^how	1
anger	1
angels	1
amused	1
ambitious	1
amazed	1
alwaj^s	1
altogether	1
almshouse	1
alltoes	1
allege	1
alien	1
alert	1
alarming	1
alarmed	1
alacrity	1
aisles	1
airy	1
ain't	1
ahead	1
agitated	1
ages	1
agent	1
aged	1
afore	1
afoot	1
afield	1
affronted	1
affords	1
afford	1
affixed	1
affection	1
affecting	1
affected	1
affect	1
affairs	1
advising	1
adverse	1
advantage	1
advanced	1
admitted	1
admit	1
admiration	1
adjoining	1
adjacent	1
added	1
actuated	1
actually	1
actual	1
actions	1
action	1
acted	1
acquired	1
acknowledging	1
acknowledgements	1
acknowledged	1
achieving	1
accusation	1
accurately	1
accountable	1
according	1
accordance	1
accompany	1
accommodate	1
accidentally	1
accepted	1
acceptable	1
abundant	1
absurd	1
absolute	1
absalom	1
abruptly	1
abrupt	1
above	1
abominable	1
abode	1
abitual	1
abide	1
^sculapius	1
[	1
?).	1
?"	1
.]	1
'*	1
";	1
!)	1
!"	1
