,	6775
the	2973
.	2298
to	2221
i	1894
of	1798
and	1540
a	1355
was	1046
my	981
had	888
that	887
in	885
he	847
"	711
which	656
it	653
as	634
me	626
for	593
his	567
with	541
not	525
on	450
at	419
be	394
by	389
but	381
you	371
this	367
mr	343
."	327
have	326
—	300
;	291
we	279
so	262
from	257
him	252
been	252
were	246
would	226
who	222
an	209
what	204
could	199
all	197
no	192
is	192
her	191
said	185
one	177
when	172
very	170
they	167
*'	163
|'s|	162
she	160
or	158
some	156
if	156
made	140
skim	137
then	131
did	130
our	127
before	126
than	125
more	124
their	122
such	120
them	117
do	117
great	113
good	113
out	110
now	108
being	107
up	106
mother	106
might	105
myself	104
well	103
time	103
**	96
are	93
much	91
little	91
about	91
thought	89
there	89
sir	89
should	88
will	86
most	83
alderton	83
mason	82
say	79
having	79
your	78
us	78
any	77
into	76
while	75
haversham	75
?"	75
himself	71
found	71
like	70
know	70
''	68
!"	68
though	66
first	66
am	65
'*	65
these	64
rather	63
man	63
never	62
make	62
without	61
how	61
friend	61
day	61
!	60
|arabic1digit|	59
see	59
soon	57
saw	57
however	57
two	56
heard	56
after	55
way	54
thus	54
part	54
old	54
own	53
can	53
too	52
'	52
other	51
just	51
indeed	51
upon	50
think	50
must	50
right	49
quite	49
here	48
called	48
take	47
moment	47
told	46
those	46
seemed	46
same	46
put	45
nothing	45
even	45
again	45
something	44
person	44
once	44
may	44
give	44
whom	43
received	43
only	43
last	43
came	43
new	41
got	41
get	41
felt	41
eyes	41
every	41
considered	41
anything	41
through	40
look	40
father	40
(	40
replied	39
hand	39
young	38
really	38
gave	38
down	38
still	37
place	37
has	37
done	37
business	37
appeared	37
against	37
went	36
proceeded	36
its	36
began	36
another	36
where	35
go	35
appearance	35
taken	34
speech	34
remarked	34
over	34
mind	34
house	34
going	34
company	34
always	34
shall	33
seen	33
half	33
course	33
subject	32
manner	32
left	32
consequence	32
almost	32
|romannumeral|	31
took	31
stock	31
next	31
name	31
expected	31
yet	30
situation	30
hear	30
fine	30
?	30
thing	29
set	29
money	29
certainly	29
added	29
why	28
present	28
many	28
idea	28
employer	28
better	28
therefore	27
state	27
perhaps	27
hands	27
ground	27
far	27
whole	26
uncle	26
tell	26
spoke	26
matter	26
looked	26
fact	26
face	26
enough	26
come	26
)	26
whose	25
towards	25
tone	25
sale	25
passed	25
occasion	25
given	25
few	25
each	25
don't	25
continued	25
accordingly	25
supposed	24
since	24
priory	24
peter	24
people	24
off	24
o	24
mean	24
long	24
late	24
find	24
father-in-law	24
door	24
deal	24
chiswell	24
brought	24
answer	24
things	23
several	23
resolved	23
ought	23
often	23
loss	23
knew	23
hour	23
forward	23
disposed	23
became	23
true	22
three	22
themselves	22
suppose	22
struck	22
prepared	22
point	22
near	22
morning	22
lady	22
godfrey	22
former	22
doubt	22
call	22
words	21
wish	21
till	21
perceived	21
pay	21
looking	21
life	21
least	21
kind	21
friends	21
fortune	21
fellow	21
effect	21
because	21
attention	21
:	21
yes	20
wife	20
want	20
sure	20
satisfaction	20
others	20
opinion	20
means	20
lord	20
known	20
hundred	20
gentleman	20
forth	20
expressed	20
exclaimed	20
end	20
directed	20
conversation	20
cause	20
case	20
between	20
voice	19
understood	19
town	19
ten	19
second	19
scene	19
satisfied	19
repeated	19
public	19
persons	19
object	19
news	19
mrs	19
making	19
conduct	19
chapter	19
care	19
benjamin	19
away	19
air	19
advanced	19
wished	18
under	18
speak	18
round	18
previously	18
paid	18
night	18
necessary	18
murderer	18
less	18
length	18
julius	18
help	18
greece	18
general	18
ever	18
country	18
believe	18
among	18
account	18
turn	17
speaking	17
sometimes	17
small	17
scarcely	17
party	17
occurred	17
let	17
kindness	17
head	17
followed	17
feeling	17
close	17
boy	17
back	17
attended	17
attempted	17
.''	17
worth	16
times	16
taking	16
surprise	16
short	16
saying	16
room	16
return	16
pretty	16
ourselves	16
order	16
matters	16
manifested	16
laugh	16
instance	16
individual	16
heart	16
feel	16
exceedingly	16
evidently	16
dinner	16
court	16
countenance	16
considerable	16
character	16
certain	16
betterton	16
already	16
afterwards	16
accident	16
*	16
world	15
vol	15
use	15
shares	15
sent	15
receive	15
profit	15
poor	15
particular	15
office	15
obliged	15
napoli	15
murder	15
met	15
meet	15
likely	15
knowing	15
instead	15
inquired	15
home	15
happened	15
grand	15
glad	15
generally	15
following	15
engaged	15
easily	15
display	15
death	15
de	15
coat	15
circumstances	15
cannot	15
auctioneer	15
affair	15
adela	15
act	15
youth	14
years	14
word	14
understand	14
turned	14
treated	14
son	14
side	14
respectable	14
resolution	14
reply	14
reason	14
purpose	14
proved	14
pounds	14
pleased	14
opportunity	14
nor	14
mentioned	14
men	14
meant	14
love	14
leave	14
language	14
introduced	14
importance	14
hardly	14
greatly	14
further	14
entered	14
duty	14
dignity	14
days	14
board	14
best	14
become	14
bad	14
asked	14
answered	14
ajax	14
.'	14
water	13
used	13
succeeded	13
street	13
sensible	13
seeing	13
respect	13
remained	13
question	13
proper	13
presently	13
notice	13
learned	13
law	13
lately	13
interesting	13
husband	13
honour	13
hill	13
genteel	13
five	13
female	13
feelings	13
family	13
fall	13
english	13
else	13
consequences	13
concern	13
completely	13
carried	13
caesar	13
assured	13
also	13
turk	12
step	12
silent	12
serious	12
remarkably	12
quarter	12
proposed	12
produced	12
presented	12
pocket	12
patroclus	12
offered	12
obtained	12
mention	12
lost	12
longer	12
led	12
laughter	12
keep	12
interest	12
informed	12
hope	12
high	12
hat	12
greeks	12
gratitude	12
england	12
eloquence	12
demanded	12
delighted	12
dear	12
circumstance	12
bring	12
believed	12
view	11
unfortunate	11
thoughts	11
thief	11
sufficient	11
sudden	11
success	11
story	11
speeches	11
society	11
ridiculous	11
returned	11
resentment	11
regard	11
read	11
prove	11
power	11
open	11
offer	11
magistrate	11
london	11
laughed	11
large	11
ladies	11
knowledge	11
instantly	11
impression	11
immediately	11
hoped	11
greek	11
george	11
gentlemen	11
full	11
follow	11
finished	11
fallen	11
expense	11
exactly	11
everything	11
doing	11
directors	11
desired	11
described	11
den	11
common	11
coming	11
clerk	11
charge	11
calculated	11
burst	11
bear	11
appear	11
alarm	11
affected	11
able	11
year	10
within	10
wholly	10
whether	10
wanted	10
waited	10
vain	10
truth	10
taste	10
suspected	10
stood	10
stand	10
spoken	10
splendid	10
slightest	10
romania	10
remember	10
relations	10
reception	10
ready	10
produce	10
proceed	10
possible	10
polite	10
pointed	10
perfectly	10
perfect	10
passing	10
opened	10
offence	10
nearly	10
named	10
low	10
ill	10
happy	10
grave	10
giving	10
getting	10
fortunate	10
formerly	10
fixed	10
figure	10
feet	10
exchange	10
drew	10
di	10
devil	10
determined	10
deportment	10
committed	10
commenced	10
both	10
awful	10
alone	10
admiration	10
actually	10
absence	10
vexation	9
ventured	9
venture	9
twice	9
turkish	9
trial	9
table	9
surprised	9
suggested	9
sort	9
sorrow	9
somewhat	9
show	9
share	9
sham	9
services	9
service	9
serve	9
sell	9
run	9
result	9
remark	9
regret	9
ran	9
raised	9
price	9
prevailed	9
plainly	9
placed	9
period	9
pause	9
objects	9
number	9
noticed	9
noble	9
nature	9
moonshine	9
month	9
merely	9
member	9
kept	9
judge	9
interrupted	9
infinite	9
individuals	9
important	9
herself	9
hearing	9
hard	9
greater	9
furnished	9
failed	9
expression	9
explain	9
expect	9
exhibited	9
especially	9
equal	9
either	9
distress	9
distinctly	9
displayed	9
deemed	9
cry	9
courage	9
consideration	9
closed	9
classic	9
chance	9
caused	9
buy	9
broker	9
book	9
balloon	9
attend	9
ask	9
articles	9
approached	9
approach	9
apparent	9
anxious	9
afforded	9
advice	9
admitted	9
acquainted	9
above	9
),	9
yourself	8
wretches	8
worthy	8
whatever	8
week	8
twenty	8
third	8
thank	8
telling	8
tall	8
talking	8
talk	8
talents	8
talent	8
t	8
superior	8
streets	8
stranger	8
spot	8
spirits	8
spirit	8
spared	8
severity	8
sensibility	8
seem	8
save	8
rising	8
rest	8
recollection	8
reached	8
rage	8
puzzled	8
punishment	8
property	8
presence	8
premium	8
practice	8
pleasure	8
percent	8
parties	8
pardon	8
occasions	8
occasionally	8
observation	8
neighbourhood	8
natural	8
moments	8
mirth	8
minutes	8
members	8
meeting	8
meaning	8
lose	8
light	8
letter	8
lay	8
lad	8
kindly	8
joy	8
joint	8
itself	8
introduce	8
interpreter	8
haver	8
gone	8
gastouni	8
future	8
furniture	8
frequently	8
forget	8
finding	8
fell	8
eye	8
exultation	8
excellent	8
enter	8
enemy	8
efforts	8
ears	8
dress	8
dozen	8
disposition	8
dish	8
different	8
deny	8
degree	8
danger	8
cried	8
contrary	8
companion	8
command	8
clergyman	8
claptrap	8
claim	8
city	8
cases	8
bound	8
blows	8
besides	8
awkward	8
aware	8
attack	8
apartment	8
anxiety	8
along	8
allowed	8
afraid	8
affairs	8
acted	8
writing	7
wonder	7
woman	7
witnessed	7
wit	7
wine	7
whispered	7
walk	7
unexpectedly	7
treatment	7
tongue	7
today	7
thrown	7
thanked	7
tent	7
tears	7
sustained	7
supplied	7
sum	7
suddenly	7
subsequently	7
strange	7
started	7
speedily	7
sorry	7
solemn	7
slight	7
shortly	7
shillings	7
servant	7
sense	7
send	7
seized	7
respecting	7
required	7
rent	7
rendered	7
reminded	7
relieved	7
reflection	7
rascal	7
prudent	7
proof	7
prisoners	7
pressed	7
pieman	7
performed	7
particularly	7
operations	7
nose	7
native	7
moon	7
midst	7
magnificent	7
loud	7
lot	7
lordship	7
line	7
liberty	7
land	7
kitchen	7
journey	7
jenny	7
inwardly	7
intention	7
intelligence	7
instant	7
indignation	7
indicated	7
improved	7
immense	7
ht	7
houses	7
horse	7
hold	7
health	7
habit	7
h	7
grounds	7
gold	7
fool	7
folly	7
fit	7
fear	7
fairly	7
fair	7
experienced	7
escape	7
equally	7
endeavoured	7
ease	7
ear	7
distinguished	7
distant	7
distance	7
defence	7
dead	7
cut	7
curious	7
curiosity	7
crime	7
cordial	7
consider	7
connected	7
clothes	7
child	7
calling	7
born	7
blow	7
blood	7
black	7
benefit	7
begged	7
beg	7
beautiful	7
aunt	7
astonished	7
application	7
announced	7
age	7
afternoon	7
admired	7
admiral	7
absolutely	7
abated	7
wretch	6
worse	6
workmen	6
work	6
wealth	6
war	6
walked	6
vastly	6
vast	6
various	6
turning	6
trust	6
trouble	6
treat	6
threw	6
taught	6
suspect	6
supper	6
start	6
sound	6
smile	6
silence	6
sight	6
shocking	6
shaking	6
servants	6
selling	6
seated	6
says	6
sake	6
rose	6
rightly	6
retired	6
resumed	6
request	6
repeating	6
remembered	6
remarkable	6
relation	6
regular	6
refused	6
reflected	6
recovered	6
real	6
rate	6
questions	6
provided	6
prospectus	6
pronounced	6
progress	6
procured	6
prevented	6
preferred	6
preceding	6
pieces	6
paying	6
paused	6
parliament	6
park	6
parish	6
paper	6
overwhelmed	6
outrage	6
officers	6
obtain	6
observed	6
notwithstanding	6
none	6
need	6
names	6
mine	6
middle	6
maxwell	6
master	6
mail	6
magnificence	6
m'manus	6
m	6
live	6
landed	6
knocked	6
knock	6
justice	6
intended	6
inquiry	6
inn	6
indulged	6
induced	6
inclined	6
ideas	6
hydra	6
hint	6
hesitation	6
happen	6
guilty	6
guilt	6
grown	6
grew	6
government	6
gentry	6
gate	6
gained	6
gain	6
gaff	6
fury	6
friendly	6
french	6
formed	6
form	6
forgotten	6
forced	6
fire	6
finery	6
favourable	6
favour	6
fate	6
extraordinary	6
exhibition	6
excited	6
everybody	6
evening	6
enabled	6
elderly	6
dreadful	6
does	6
dismay	6
discovered	6
direction	6
difficulty	6
desperate	6
depend	6
departure	6
declared	6
decidedly	6
dandy	6
crown	6
crowd	6
crossed	6
connexion	6
conceived	6
compliment	6
complete	6
clever	6
change	6
ceremony	6
celebrated	6
carry	6
bye	6
bull	6
building	6
bought	6
bold	6
body	6
bid	6
beneath	6
belonged	6
attracted	6
attempt	6
assure	6
assisted	6
assistance	6
article	6
arrived	6
arm	6
apple	6
apparel	6
annoyed	6
anger	6
amiable	6
altogether	6
alarmed	6
agreed	6
agitation	6
affliction	6
affection	6
advised	6
addressing	6
addressed	6
address	6
acquaintance	6
accosted	6
accommodation	6
abruptly	6
abode	6
zounds	5
wrong	5
wind	5
west	5
weeks	5
watched	5
warmest	5
wants	5
walking	5
waistcoat	5
virtue	5
violence	5
vile	5
versham	5
ve	5
variety	5
usual	5
urged	5
unhappy	5
turks	5
tumult	5
try	5
together	5
supply	5
suit	5
sufficiently	5
suffer	5
strong	5
stopped	5
stay	5
stated	5
standing	5
stall	5
spectacle	5
sought	5
sooner	5
size	5
six	5
single	5
shore	5
severe	5
served	5
sentiments	5
selim	5
sail	5
rise	5
rings	5
retreat	5
resemblance	5
requited	5
repeat	5
remarking	5
remain	5
regarded	5
reflections	5
recommend	5
recognised	5
recently	5
recent	5
realised	5
reach	5
re	5
raise	5
quay	5
puy	5
pudding	5
prospect	5
properly	5
proofs	5
promised	5
promise	5
proceedings	5
probably	5
principal	5
possibly	5
positively	5
portion	5
pockets	5
please	5
piece	5
picture	5
phrases	5
personal	5
pathetic	5
partly	5
participate	5
pan	5
ordered	5
offensive	5
offended	5
occupied	5
nonsense	5
national	5
move	5
moral	5
miserable	5
mentally	5
melancholy	5
marriage	5
mark	5
manage	5
makes	5
m.p	5
luck	5
looby	5
living	5
lecture	5
laughing	5
laid	5
knows	5
jew	5
jackson	5
it's	5
invited	5
invitation	5
intruders	5
introduction	5
intimated	5
instructions	5
inspire	5
inquiries	5
inquire	5
information	5
increased	5
improve	5
impossible	5
humanity	5
human	5
host	5
horror	5
honoured	5
hke	5
hinted	5
highly	5
held	5
hastened	5
handsome	5
hammer	5
habits	5
ha	5
guess	5
guard	5
granted	5
good-humour	5
glory	5
glorious	5
glass	5
genius	5
free	5
four	5
fortunately	5
fortnight	5
forthwith	5
floor	5
flattered	5
fiercely	5
ferocious	5
fears	5
favoured	5
fast	5
fail	5
explanation	5
expedition	5
exertion	5
excuse	5
exclamation	5
example	5
evidence	5
eighteen	5
effort	5
education	5
edifice	5
during	5
doubted	5
double	5
dissipated	5
disorder	5
dismissed	5
disgusted	5
disgrace	5
dine	5
diamond	5
dey	5
detained	5
description	5
describe	5
delay	5
declined	5
declaring	5
declare	5
decision	5
dark	5
dare	5
cousin	5
courtesy	5
continue	5
contemptuous	5
constantly	5
consols	5
considering	5
confusion	5
confident	5
confess	5
conclusion	5
comprehend	5
complained	5
commit	5
coach	5
claimed	5
civil	5
cicero	5
children	5
carriage	5
capel	5
buying	5
brother	5
bringing	5
break	5
bow	5
bidders	5
beginning	5
begin	5
becoming	5
basket	5
bar	5
b	5
attire	5
attendance	5
astynomos	5
assurance	5
assist	5
aspect	5
asking	5
arranged	5
approbation	5
apply	5
apparently	5
apartments	5
amazement	5
alluded	5
affluence	5
advantages	5
advance	5
acting	5
accustomed	5
^	5
/	5
younger	4
wrote	4
wound	4
worst	4
worn	4
wore	4
won	4
women	4
wishes	4
willing	4
wearing	4
watch	4
warrant	4
wanting	4
vivacity	4
visit	4
violently	4
violent	4
victory	4
valesi	4
uttered	4
utter	4
utmost	4
unknown	4
truly	4
tried	4
topics	4
tolerably	4
tolerable	4
title	4
tidings	4
thousands	4
thinking	4
thin	4
thieves	4
terms	4
terminated	4
tender	4
teach	4
talked	4
tail	4
sympathy	4
swallowed	4
surrounded	4
supported	4
summit	4
sugar	4
suffering	4
suffered	4
submitted	4
submit	4
sublime	4
stupid	4
striking	4
strength	4
steps	4
stage	4
spring	4
speculations	4
speculation	4
spacious	4
sounding	4
soul	4
singularly	4
singular	4
simplicity	4
shunned	4
shown	4
shilling	4
settled	4
seriously	4
sentence	4
secured	4
seat	4
screw	4
scorn	4
scheme	4
scenes	4
sausage	4
saturday	4
satisfactory	4
sat	4
sample	4
sales	4
safety	4
sad	4
sacrificed	4
rudeness	4
romantic	4
road	4
river	4
risk	4
rich	4
revenge	4
retire	4
residence	4
reserved	4
reproach	4
represented	4
renewed	4
regularly	4
refractory	4
red	4
recollect	4
recognise	4
reaching	4
ray	4
rank	4
ragged	4
quick	4
putting	4
punctually	4
pulpit	4
prudence	4
prosperity	4
prosecute	4
proprietor	4
profound	4
profitable	4
professional	4
prodigious	4
probability	4
prison	4
praise	4
powerfully	4
possession	4
politics	4
politely	4
police	4
plan	4
places	4
pity	4
picked	4
persuaded	4
personages	4
personage	4
performance	4
perform	4
perceiving	4
perceive	4
peculiarity	4
patriotism	4
path	4
past	4
passion	4
pass	4
pain	4
pacify	4
outside	4
original	4
opposite	4
ones	4
omitted	4
omar	4
olive	4
officer	4
occur	4
observatory	4
objection	4
neither	4
neighbours	4
neighbour	4
necessity	4
narrow	4
mutton	4
moved	4
months	4
momentary	4
mo	4
merry	4
merit	4
mercy	4
matrimony	4
massy	4
marrying	4
manners	4
mainly	4
main	4
magnitude	4
lower	4
lofty	4
listened	4
linen	4
lights	4
liberally	4
liberal	4
leviathan	4
leaving	4
latter	4
lane	4
jury	4
judgement	4
judged	4
jolly	4
jokes	4
jives	4
j	4
interview	4
interposed	4
inspired	4
injury	4
inhabitants	4
indulge	4
indifferent	4
increasing	4
ignorant	4
hurt	4
hurry	4
household	4
hotel	4
hostility	4
honourable	4
hit	4
harm	4
guinea	4
growing	4
grief	4
gratify	4
god	4
gloom	4
gibbet	4
generous	4
gazed	4
frightful	4
freely	4
frankness	4
fowl	4
fourteen	4
forwards	4
forty	4
formidable	4
forgot	4
flattering	4
fitted	4
fingers	4
filled	4
fetch	4
ferocity	4
females	4
features	4
favourite	4
fatal	4
fancied	4
faint	4
extreme	4
exposed	4
expectations	4
expectation	4
exit	4
exhibit	4
exertions	4
excessively	4
excessive	4
excepted	4
eventually	4
estimation	4
established	4
entrance	4
enormous	4
engagement	4
engage	4
energy	4
employed	4
eminent	4
embarrassed	4
em	4
eight	4
effects	4
effected	4
early	4
e	4
drop	4
doors	4
doings	4
dog	4
displeasure	4
disappointment	4
dirty	4
directions	4
difficult	4
determine	4
demand	4
delicacy	4
deeply	4
custody	4
csesar	4
crying	4
cruelty	4
credit	4
creatures	4
creature	4
covered	4
couple	4
contrived	4
contributed	4
console	4
considerably	4
consent	4
confined	4
condemn	4
conceal	4
completed	4
compelled	4
commence	4
collar	4
cold	4
civility	4
checked	4
changes	4
centre	4
censured	4
catastrophe	4
carrying	4
career	4
capacity	4
can't	4
built	4
brokers	4
broadside	4
broad	4
british	4
bray	4
bowed	4
boundless	4
borrow	4
bore	4
blamed	4
bestowed	4
below	4
behalf	4
bail	4
backwards	4
awe	4
avail	4
attendants	4
attacked	4
attached	4
assuring	4
assassin	4
ashamed	4
arrested	4
ardent	4
approve	4
applied	4
apothecary	4
anticipated	4
answers	4
angry	4
ah	4
agreement	4
agreeable	4
ago	4
aged	4
affectionate	4
advantage	4
additions	4
addition	4
across	4
accomplished	4
accompany	4
..	4
.,	4
'"	4
|arabic3digit|	3
|arabic2digit|	3
yours	3
you're	3
wretched	3
worthies	3
wonderful	3
wondered	3
withdrew	3
withdrawing	3
withal	3
wishing	3
wiser	3
wise	3
window	3
wigsby	3
wig	3
widow	3
welcome	3
weight	3
weather	3
wealthy	3
watchmen	3
watching	3
waste	3
warmth	3
warm	3
walls	3
wall	3
waiting	3
w	3
voyage	3
villain	3
victim	3
verdict	3
vengeance	3
varieties	3
valuable	3
useful	3
upper	3
united	3
unfortunately	3
unfavourable	3
undertook	3
undertaker	3
unconscious	3
triumph	3
trifle	3
tremendous	3
transports	3
transpired	3
tower	3
touch	3
totally	3
torn	3
topic	3
tomorrow	3
toil	3
tim	3
thousand	3
thirty	3
tens	3
tenderness	3
temper	3
suspicion	3
sun	3
summer	3
suggest	3
sufficed	3
suddenness	3
succession	3
succeeding	3
subjects	3
style	3
struggled	3
strongly	3
strike	3
strangers	3
strangely	3
strain	3
stop	3
stocks	3
stepped	3
stating	3
startled	3
stare	3
st	3
springing	3
spread	3
sprang	3
spare	3
somebody	3
sold	3
sneeringly	3
snails	3
slowly	3
slow	3
slipped	3
sleep	3
slap	3
skill	3
sixpence	3
sit	3
sink	3
sincere	3
similar	3
sigh	3
shrunk	3
ship	3
shed	3
sending	3
seems	3
secure	3
season	3
seals	3
sea	3
scruples	3
scrip	3
school	3
scanty	3
saved	3
s	3
rushed	3
running	3
ruined	3
rude	3
roof	3
rob	3
richard	3
retreated	3
retorted	3
restored	3
resolve	3
resolutely	3
resentful	3
resent	3
requested	3
reproved	3
report	3
rephed	3
repetition	3
repeatedly	3
repaired	3
remuneration	3
remembering	3
remarks	3
reluctance	3
religious	3
regretted	3
referring	3
reduced	3
recourse	3
reconcile	3
recommending	3
recollecting	3
recollected	3
receipt	3
reading	3
reader	3
raptures	3
rapid	3
rain	3
quoted	3
quantity	3
quality	3
qualities	3
pursue	3
purchase	3
punish	3
promising	3
profession	3
prodigiously	3
proceeding	3
pride	3
prevent	3
presents	3
preparation	3
prejudice	3
precipice	3
prayer	3
pray	3
powerful	3
poverty	3
porter	3
politeness	3
pleasant	3
plate	3
phraseology	3
permitted	3
per	3
peneus	3
pence	3
peculiarly	3
peace	3
patients	3
patience	3
pastry	3
parts	3
parlour	3
papers	3
pair	3
p	3
orphan	3
opening	3
odd	3
occurs	3
occupation	3
obtaining	3
obligation	3
obeyed	3
numerous	3
notoriety	3
notion	3
nobody	3
negative	3
nay	3
navy	3
naturally	3
mysterious	3
mutual	3
murdered	3
mouth	3
mournful	3
mountain	3
mortals	3
moreover	3
mood	3
moderate	3
mission	3
miss	3
misfortunes	3
misfortune	3
mischief	3
mingled	3
midnight	3
merits	3
mere	3
measured	3
marry	3
married	3
maker	3
majesty	3
maintained	3
louder	3
loose	3
looks	3
loan	3
listening	3
listen	3
limbs	3
lifted	3
liberality	3
lest	3
leisure	3
learn	3
lamented	3
k	3
join	3
jobber	3
jan	3
jack	3
issue	3
involuntary	3
intrusion	3
intrude	3
interested	3
instances	3
insisted	3
inmates	3
ing	3
inflamed	3
indulging	3
indignantly	3
indignant	3
incumbent	3
income	3
incident	3
impulse	3
imposed	3
immediate	3
image	3
illuminated	3
illness	3
i'm	3
hysterics	3
hunger	3
hundreds	3
humble	3
humane	3
hopes	3
hole	3
holding	3
holder	3
hither	3
history	3
hints	3
hills	3
highest	3
hell	3
heels	3
heartily	3
harshness	3
harshly	3
happens	3
halt	3
guessed	3
guarded	3
grow	3
grin	3
green	3
grateful	3
grasped	3
grasp	3
grace	3
gloomy	3
glimpse	3
glazier	3
gets	3
gallows	3
g	3
furnish	3
fully	3
front	3
fresh	3
frequent	3
fraternity	3
frame	3
fortitude	3
forms	3
foreign	3
forcibly	3
flung	3
flow	3
flesh	3
firm	3
finish	3
finely	3
fellows	3
fancies	3
familiar	3
false	3
faithful	3
fainted	3
facts	3
faces	3
faced	3
extremely	3
extent	3
exquisite	3
explained	3
experiment	3
expenses	3
exhibiting	3
execution	3
excused	3
exceed	3
examination	3
exalted	3
exact	3
evinced	3
event	3
escaped	3
errand	3
entitled	3
entertainment	3
entertaining	3
enjoyed	3
enjoy	3
endured	3
endure	3
endeavouring	3
en	3
employ	3
embarrassment	3
elsewhere	3
eloquent	3
elegantly	3
elegant	3
effrontery	3
edifying	3
eat	3
easy	3
earnestly	3
earlier	3
eagerly	3
duties	3
dust	3
due	3
duck	3
dry	3
dread	3
draw	3
doctor	3
disturbed	3
disrespectful	3
dislike	3
disgust	3
disguise	3
disdain	3
disconcerted	3
dis	3
director	3
direct	3
dining	3
differ	3
died	3
determination	3
detached	3
destroyed	3
destroy	3
destined	3
desire	3
deserved	3
descended	3
delivered	3
delightfully	3
delight	3
deficient	3
defeated	3
defeat	3
deep	3
declining	3
decided	3
deceived	3
darkness	3
creditable	3
courteous	3
costume	3
costly	3
cordially	3
convulsion	3
convulsed	3
convinced	3
convince	3
contrast	3
continent	3
contents	3
contempt	3
contemplated	3
contain	3
consternation	3
constant	3
conspicuous	3
consoled	3
consisted	3
conscious	3
conjectured	3
conjecture	3
confounded	3
confidence	3
conducted	3
condition	3
concerned	3
concealed	3
compliments	3
complainant	3
companies	3
communication	3
commencement	3
comfortable	3
comfort	3
combined	3
colleague	3
coarse	3
clear	3
clarenza	3
claims	3
civilities	3
chis	3
cheek	3
chastisement	3
characters	3
champagne	3
chair	3
caution	3
causeway	3
caught	3
catch	3
catalogue	3
cash	3
captives	3
captive	3
broken	3
broke	3
brings	3
bright	3
bridge	3
bread	3
bravely	3
books	3
blue	3
beyond	3
bey	3
betray	3
belonging	3
behind	3
begun	3
beauty	3
bay	3
batter	3
bargains	3
bargain	3
bank	3
baggage	3
backward	3
avowed	3
auditors	3
audible	3
auctioneering	3
attired	3
attentions	3
attachment	3
atrocity	3
athens	3
assurances	3
ascertain	3
art	3
arrival	3
arguments	3
argument	3
argued	3
appalling	3
anticipation	3
answering	3
annual	3
annihilated	3
animation	3
amount	3
amazed	3
altered	3
allowing	3
alley	3
alarming	3
aiming	3
affirmative	3
affecting	3
advertisements	3
admonitions	3
admire	3
admirable	3
add	3
acknowledgments	3
acknowledgment	3
acknowledged	3
acknowledge	3
accounts	3
accost	3
according	3
accompanied	3
accommodate	3
accept	3
absolute	3
ability	3
.)	3
•*	2
•'	2
|arabic5+digit|	2
you've	2
yez	2
yesterday	2
written	2
write	2
wrath	2
wounded	2
workhouse	2
wood	2
witnessing	2
witnesses	2
witness	2
withdraw	2
winning	2
wink	2
wines	2
winds	2
wide	2
whisper	2
whims	2
whence	2
western	2
wench	2
wednesday	2
wear	2
weapon	2
wash	2
warmly	2
warming	2
warmer	2
wander	2
walks	2
waddled	2
volumes	2
voices	2
vociferated	2
vivid	2
visits	2
visitor	2
visible	2
vise	2
vindicate	2
vigilance	2
views	2
victims	2
vicissitudes	2
vexed	2
vessel	2
vented	2
velocity	2
veil	2
varied	2
variance	2
vanquished	2
vanished	2
vanish	2
value	2
vainly	2
uttering	2
using	2
ushered	2
urgent	2
urge	2
urbanity	2
uproarious	2
uplifted	2
unreasonable	2
unquestionably	2
unlike	2
unless	2
unkindness	2
unkind	2
unintelligible	2
unfrequently	2
unfeeling	2
unexpected	2
uneasy	2
uneasiness	2
undue	2
undoubted	2
undertake	2
understanding	2
undergo	2
uncouth	2
uncomfortable	2
uncles	2
unavailing	2
uke	2
twenties	2
twelve	2
trying	2
trousers	2
troubled	2
triumphed	2
triumphant	2
trickery	2
trick	2
trembling	2
traveller	2
travel	2
transactions	2
transaction	2
transact	2
tradesman	2
towers	2
towering	2
tousand	2
touching	2
top	2
tonne	2
tis	2
ting	2
tinder	2
tight	2
thunder	2
throwing	2
throw	2
throb	2
threatening	2
thoughtlessly	2
theme	2
theatres	2
theatre	2
thanks	2
thankfulness	2
thames	2
th	2
texture	2
tenderly	2
tempted	2
temporary	2
temple	2
temerity	2
teeth	2
tartly	2
talkative	2
tag	2
swinging	2
sweet	2
suspicious	2
suspecting	2
surprising	2
surpassing	2
surmise	2
supposition	2
supposing	2
sunday	2
sums	2
suited	2
suitable	2
suffice	2
sufferings	2
sufferers	2
substance	2
subsided	2
subscription	2
stupidity	2
study	2
studied	2
strongest	2
stronger	2
string	2
stretched	2
strained	2
stillness	2
stick	2
stewed	2
sternness	2
sternly	2
steen	2
steadfastly	2
stature	2
statement	2
staring	2
stared	2
stands	2
stammered	2
staggered	2
squatting	2
squat	2
sport	2
spoiled	2
spent	2
spectators	2
spectacles	2
specimens	2
speaker	2
sparks	2
sounds	2
sorts	2
soothing	2
song	2
somehow	2
solemnly	2
sober	2
snuff	2
sneeze	2
smoke	2
smiled	2
smack	2
slouch	2
slaughter	2
sixteen	2
sincerity	2
sincerely	2
simpleton	2
simile	2
silk	2
signified	2
signal	2
sighs	2
sides	2
shuffling	2
showing	2
shower	2
showed	2
shoulders	2
shot	2
shop	2
shoes	2
shock	2
shirt	2
shift	2
sheet	2
sheepish	2
sharp	2
shape	2
shame	2
shabby	2
sex	2
severely	2
seventy	2
seven	2
setting	2
series	2
separated	2
sentiment	2
sensations	2
senate	2
seeming	2
seeking	2
seek	2
secretly	2
secret	2
scrutiny	2
scruple	2
screamed	2
scream	2
scotchman	2
scornfully	2
scold	2
schooled	2
schemes	2
sceptical	2
scenery	2
saucy	2
satisfy	2
sanguine	2
sally	2
salary	2
sal	2
sailing	2
sagacious	2
safely	2
safe	2
sacred	2
sack	2
rushing	2
rush	2
ruin	2
rugged	2
ruffian	2
romping	2
rolled	2
roared	2
roar	2
risibility	2
risen	2
ripped	2
ridicule	2
reverse	2
reverend	2
reverence	2
returning	2
resume	2
resulted	2
restrained	2
restrain	2
restore	2
rested	2
respects	2
respectful	2
respected	2
respectability	2
resistance	2
resignation	2
reside	2
reserve	2
require	2
reputation	2
repulsive	2
reproof	2
reproached	2
reports	2
reported	2
repel	2
renew	2
render	2
removed	2
remonstrated	2
remains	2
remaining	2
reluctant	2
relieve	2
related	2
rejoiced	2
regained	2
regain	2
refusing	2
refreshments	2
refreshment	2
refer	2
recounted	2
recount	2
record	2
reconciled	2
recommended	2
recognition	2
receiving	2
recalled	2
reasons	2
readers	2
rational	2
rat	2
rashly	2
rash	2
rarely	2
rapidly	2
range	2
raising	2
rabble	2
questioned	2
query	2
quarrel	2
qualified	2
q	2
py	2
pushing	2
pursuit	2
purse	2
purchases	2
purchasers	2
pull	2
published	2
publish	2
prudently	2
proving	2
protect	2
prosecutor	2
proposition	2
proportions	2
project	2
professed	2
procure	2
proclaim	2
private	2
prisoner	2
pricked	2
prevail	2
pretend	2
presuming	2
presumed	2
pressing	2
preparations	2
premises	2
premature	2
preface	2
predict	2
precaution	2
prayers	2
powers	2
post	2
possibility	2
possess	2
population	2
populace	2
pooh	2
political	2
poet	2
poem	2
plump	2
plucked	2
plight	2
pleasantry	2
played	2
play	2
pitch	2
pinch	2
pillars	2
pile	2
pies	2
pie	2
pictures	2
pick	2
physiognomy	2
physician	2
physic	2
philosopher	2
persuasive	2
persuade	2
perpetrated	2
permission	2
perfection	2
pens	2
penny	2
pending	2
pen	2
peevishly	2
pecuniary	2
peaceable	2
pe	2
paul	2
patronage	2
passage	2
partner	2
parting	2
partial	2
parted	2
partake	2
parents	2
parental	2
parent	2
pains	2
pages	2
owned	2
overseers	2
overpowered	2
overheard	2
outlandish	2
ours	2
orthography	2
originally	2
orders	2
oratory	2
oranges	2
opulence	2
opportunities	2
operation	2
operated	2
olympus	2
oh	2
offspring	2
offender	2
oddly	2
occasioned	2
obviously	2
obstacle	2
obnoxious	2
objected	2
obey	2
oath	2
o'clock	2
noise	2
newspaper	2
nettled	2
nervous	2
neck	2
naval	2
nation	2
namely	2
n	2
mystery	2
mustachios	2
musing	2
murderous	2
moving	2
movement	2
mouse	2
mourning	2
mountains	2
motion	2
moses	2
mortifying	2
morals	2
monthly	2
monster	2
monastery	2
momentarily	2
modesty	2
modest	2
moderation	2
model	2
mode	2
ml	2
mixed	2
mistress	2
miscreant	2
mirthful	2
ministers	2
minister	2
mines	2
mill	2
mildness	2
milder	2
messenger	2
mess	2
merchant	2
mental	2
mended	2
memory	2
meditated	2
medicines	2
medical	2
meddle	2
meal	2
material	2
match	2
masterly	2
massacre	2
mass	2
marvellously	2
market	2
marked	2
march	2
mandate	2
manao	2
male	2
madam	2
mad	2
lying	2
luxury	2
loveliness	2
lots	2
lodging	2
lived	2
list	2
liquor	2
lips	2
lined	2
lieutenant	2
lies	2
letters	2
lengthened	2
lend	2
legs	2
leg	2
lectured	2
learning	2
lead	2
lavished	2
largely	2
lapland	2
lands	2
landlord	2
landlady	2
lame	2
lamb	2
lack	2
laboured	2
labour	2
kurdiokoph	2
knocking	2
knees	2
kiss	2
kill	2
keeping	2
keenest	2
justify	2
jupiter	2
judas	2
joyous	2
joyful	2
jobbing	2
jehoram	2
japhet	2
james	2
issued	2
irrational	2
involved	2
involuntarily	2
intolerable	2
intervals	2
interruption	2
interrupting	2
interior	2
interference	2
interfered	2
intelligible	2
integrity	2
inspiring	2
insist	2
innocence	2
ingenuity	2
influence	2
inflicting	2
infinitely	2
infant	2
inefficient	2
indulgent	2
induce	2
indifference	2
indescribable	2
independence	2
indecorous	2
inconvenience	2
incessant	2
incapable	2
impudent	2
imprudent	2
improving	2
improvement	2
impressive	2
impotent	2
immensely	2
imitation	2
imitated	2
imagine	2
ignorance	2
i'd	2
hypocritical	2
hut	2
hurried	2
humour	2
humbug	2
humanely	2
hst	2
hours	2
hot	2
horses	2
horrible	2
hopeful	2
honesty	2
honest	2
hinting	2
hey	2
heroic	2
hero	2
height	2
hebrew	2
heavy	2
heaven	2
heat	2
heartfelt	2
heads	2
he's	2
havershara	2
hardship	2
happiness	2
happily	2
hang	2
handkerchief	2
hair	2
hackney	2
guns	2
guineas	2
guide	2
grows	2
groves	2
grim	2
greatness	2
greatest	2
grammar	2
gracious	2
gracefully	2
gothic	2
glowed	2
glow	2
glories	2
glasses	2
glare	2
glanced	2
glance	2
gives	2
gift	2
gestures	2
german	2
genuine	2
gentlemanly	2
generation	2
gazette	2
gates	2
garret	2
garments	2
garment	2
gallery	2
gains	2
gaining	2
gaily	2
fullest	2
friendless	2
fraud	2
frantic	2
frankly	2
fourth	2
forwardness	2
fortress	2
forgive	2
forgetting	2
forest	2
foremost	2
forehead	2
force	2
forbids	2
forbearance	2
footing	2
foot	2
fools	2
fondly	2
fond	2
foes	2
fluently	2
flourishing	2
flood	2
flight	2
flatter	2
flat	2
fives	2
firmly	2
firing	2
fingerpost	2
finger	2
finest	2
finds	2
finances	2
finally	2
fight	2
fifteen	2
feelingly	2
feeble	2
featured	2
feast	2
feared	2
fault	2
fashionably	2
fashion	2
farther	2
famous	2
falling	2
fader	2
faded	2
facetious	2
fa	2
f	2
exulting	2
exulted	2
extricate	2
extremity	2
extremities	2
external	2
expressive	2
expressions	2
expressing	2
express	2
expert	2
experience	2
expedient	2
existed	2
exhausted	2
executed	2
execute	2
exclamations	2
exclaiming	2
exchanged	2
exceptions	2
exception	2
excepting	2
excelled	2
exasperation	2
evil	2
evident	2
european	2
establishment	2
error	2
entitle	2
entire	2
entertained	2
entertain	2
enterprise	2
enriched	2
enormities	2
enlarge	2
enemies	2
ended	2
encountered	2
encounter	2
employment	2
emotion	2
embraced	2
embellished	2
embarrassments	2
embarked	2
eloquently	2
eleven	2
elegance	2
elbow	2
effectually	2
edified	2
echo	2
eating	2
eastern	2
earth	2
earnestness	2
earnest	2
dying	2
dwell	2
durance	2
dropping	2
dropped	2
drink	2
dressed	2
dream	2
drawn	2
drawing-room	2
doubtless	2
doubtful	2
divided	2
divide	2
distributing	2
distressed	2
dissolute	2
dissembled	2
disregard	2
dispose	2
displaying	2
disorderly	2
dismal	2
disgraced	2
discussion	2
discussed	2
discourse	2
discount	2
discomfiture	2
discipline	2
discernment	2
disaster	2
disappointed	2
disabled	2
directly	2
diplomatic	2
dignified	2
differences	2
devoted	2
devote	2
devilish	2
detected	2
destruction	2
destroying	2
destroyers	2
despair	2
desiring	2
descending	2
derton	2
derision	2
deputy	2
depart	2
demosthenes	2
demolished	2
deliverer	2
delicious	2
degrade	2
decorated	2
decline	2
deceased	2
decay	2
debtor	2
debt	2
debate	2
dealt	2
dealing	2
daughters	2
date	2
dancing	2
d	2
cutting	2
customs	2
customers	2
cushions	2
curiously	2
cuffs	2
cruelly	2
cruel	2
cries	2
coveted	2
cousins	2
courts	2
counselled	2
counsel	2
cost	2
correctly	2
correct	2
corner	2
corfu	2
copy	2
copious	2
cool	2
conveyed	2
contribute	2
content	2
contemptuously	2
contemplating	2
contemplate	2
contained	2
contact	2
consulting	2
considerately	2
consented	2
consciousness	2
conscience	2
conquered	2
congratulate	2
confine	2
confessed	2
conferred	2
condole	2
condescension	2
condemned	2
concurrence	2
concurred	2
concluded	2
concert	2
concerns	2
conceiving	2
composed	2
complimenting	2
complexion	2
complain	2
compassion	2
compared	2
companions	2
communicated	2
commonplace	2
committing	2
commission	2
commiseration	2
commented	2
comment	2
commanding	2
colour	2
collected	2
coincidence	2
cognomen	2
coffee	2
cock	2
coats	2
clus	2
cloudy	2
clothed	2
cloth	2
closer	2
climax	2
clencher	2
clearly	2
cleanliness	2
clay	2
classical	2
civilly	2
circumlocution	2
church	2
chosen	2
chimed	2
cheerful	2
cheer	2
check	2
cheap	2
charity	2
chap	2
chances	2
chanced	2
chairs	2
cesar	2
censure	2
ceased	2
cattle	2
catalogues	2
cat	2
castle	2
carpets	2
caring	2
cares	2
carefully	2
capture	2
captors	2
captain	2
capital	2
capable	2
calumny	2
calm	2
calls	2
calf	2
calculation	2
caique	2
cafe	2
bv	2
bustle	2
businesslike	2
bureau	2
bunch	2
bump	2
builder	2
brute	2
brutal	2
brothers	2
broders	2
brilliant	2
breeding	2
breathing	2
breathed	2
breath	2
breaking	2
breakfast	2
brave	2
braiding	2
bowl	2
bother	2
borrowing	2
booby	2
boldly	2
boiled	2
boasted	2
blushed	2
bludgeon	2
blessing	2
bleeding	2
bit	2
bird	2
bestowing	2
bereft	2
bent	2
benevolent	2
bench	2
bell	2
belief	2
beheld	2
behaviour	2
bed	2
beauties	2
beard	2
beaming	2
battle	2
bastard	2
baseness	2
basely	2
bare	2
barbarity	2
barbarian	2
banks	2
banker	2
banditti	2
balance	2
awaited	2
avow	2
avoid	2
averted	2
availed	2
authorities	2
author	2
authenticity	2
aunts	2
august	2
auditory	2
audience	2
attitude	2
attempts	2
astonishment	2
astonishing	2
associations	2
association	2
associated	2
assert	2
assent	2
assembly	2
assault	2
ass	2
ascribed	2
ascending	2
artist	2
arrive	2
arrangements	2
army	2
arms	2
arch	2
apprehensive	2
appointed	2
applications	2
applause	2
appellation	2
appease	2
appears	2
appealed	2
anybody	2
anxiously	2
antagonist	2
annum	2
annoying	2
announcing	2
announcement	2
announce	2
animated	2
animals	2
animal	2
anguish	2
ancient	2
amusement	2
amiss	2
ambitious	2
almighty	2
allude	2
allow	2
alert	2
al	2
agree	2
agony	2
agent	2
afford	2
affable	2
advise	2
adverted	2
adventurers	2
advancing	2
advances	2
adorned	2
admonishing	2
admit	2
admiralty	2
admirably	2
administered	2
administer	2
adjoining	2
adding	2
actor	2
activity	2
active	2
action	2
acquitted	2
acquired	2
acquire	2
accused	2
accuse	2
accounted	2
accosting	2
accomplishments	2
accidents	2
accidentally	2
abstain	2
absorbed	2
abruptness	2
^^	2
\	2
-	2
'^	2
"'	2
!'*	2
!''	2
•	1
«	1
|arabic4digit|	1
|.	1
zion	1
zerynthus	1
zante	1
youthful	1
york	1
yoimg	1
yielding	1
yield	1
yetromkey	1
yetromkei/	1
yells	1
yellow	1
yell	1
yearly	1
ye	1
ybunger	1
yards	1
yard	1
yaourgitza	1
xcith	1
xapoli	1
xa.t	1
wsensibility	1
wry	1
wrongs	1
wronged	1
writers	1
wounds	1
wounding	1
worthlessness	1
workmanship	1
woody	1
wooden	1
wont	1
wonders	1
wondering	1
wonderfully	1
wm.r	1
wliich	1
wives	1
witty	1
witticism	1
withstand	1
withheld	1
withdrawn	1
wiseacres	1
wisdom	1
winter	1
winks	1
windsor	1
windows	1
windmills	1
winding	1
win	1
willingly	1
wilfully	1
wild	1
wicked	1
wholesome	1
whither	1
white	1
whistling	1
whispers	1
whispering	1
whimpered	1
whici^	1
wherever	1
whereupon	1
whenever	1
wet	1
westminster	1
welcomed	1
weio	1
wei	1
weeping	1
weekly	1
weary	1
wearisome	1
weak	1
we'll	1
ways	1
waved	1
wath	1
watery	1
waters	1
waterloo	1
watcliman	1
watchman	1
watches	1
watch/iouse	1
watch-house	1
wasn't	1
washing	1
washed	1
warranted	1
warnings	1
warning	1
warmhearted	1
wardrobe	1
warded	1
ward	1
wandered	1
waking	1
wakes	1
wake	1
waiter	1
wait	1
waglings	1
waggery	1
wag	1
w?h	1
vulgarity	1
vulgar	1
vscrip	1
vrere	1
voyages	1
vowing	1
voted	1
vote	1
votaries	1
vone	1
von	1
volunteered	1
volume	1
volubility	1
vocal	1
vocabulary	1
vitiated	1
vith	1
visitors	1
visitings	1
visiting	1
visited	1
visibly	1
visaged	1
virtuous	1
vintage	1
vines	1
vindication	1
ville	1
villainy	1
villains	1
viil	1
vigorous	1
viewed	1
victors	1
vicinity	1
vias	1
viands	1
vexatious	1
vexations	1
vex	1
vest	1
verses	1
verrem	1
vermin	1
verbally	1
verbal	1
venison	1
vengeful	1
vender	1
vein	1
veiled	1
vehicles	1
vehemently	1
vehemence	1
vauxhall	1
vas	1
varnham	1
variation	1
vanity	1
vanities	1
valuation	1
valuables	1
valour	1
valiant	1
vagabond	1
vaccination	1
uttle	1
utensils	1
usually	1
useless	1
usefully	1
usage	1
urchin	1
upstart	1
upstairs	1
uproar	1
uppermost	1
unwillingness	1
unwilling	1
unwell	1
unwearied	1
unwashed	1
unusually	1
untrue	1
untimely	1
unspeakable	1
unsparing	1
unseen	1
unsated	1
unresisting	1
unremittingly	1
unremitting	1
unreflecting	1
unquestionable	1
unprotected	1
unpromising	1
unpremeditated	1
unprejudiced	1
unpleasant	1
unpardonable	1
unostentatiously	1
unostentatious	1
unnecessary	1
unnecessarily	1
unmoved	1
unmixed	1
unmingled	1
unmindful	1
unmannerly	1
unmanageable	1
unlucky	1
unluckily	1
unlimited	1
unlettered	1
universally	1
universal	1
unite	1
unimproved	1
uniform	1
unhoped	1
unhand	1
unhallowed	1
ungrammatical	1
ungraceful	1
ungenteel	1
unfre	1
unfolding	1
unfolded	1
unfit	1
unfinished	1
unexceptionable	1
undying	1
undone	1
undisturbed	1
undervaluing	1
undervalue	1
undertaking	1
undertaken	1
underground	1
undergone	1
undefined	1
undecided	1
uncovered	1
uncontrollable	1
unconsidered	1
unconciliatory	1
unconcerned	1
uncommon	1
unclean	1
uncivil	1
unchristian	1
uncharitable	1
unceremoniously	1
unbounded	1
unbecoming	1
unassuming	1
unaffected	1
unable	1
unabated	1
un	1
ular	1
uinea	1
ugly	1
udgment	1
udged	1
udder	1
ud	1
tyrrel	1
tyrinthus	1
twopenny	1
twitching	1
twinkling	1
twelvemonth	1
tuscan	1
turrets	1
turnkey	1
tuneful	1
tuesday	1
truisms	1
troublesome	1
trodden	1
triumphs	1
triumphantly	1
tristram	1
trip	1
trio	1
trifles	1
tricks	1
trickled	1
tribute	1
tribe	1
trialy	1
trespasses	1
trespass	1
trepidation	1
trembled	1
tremble	1
trees	1
tree	1
treasury	1
treasures	1
treasure	1
treason	1
treadmill	1
tread	1
treachery	1
treacherous	1
traversed	1
traverse	1
travels	1
travellers	1
traps	1
trap	1
transport	1
translation	1
translate	1
transferring	1
tranquillized	1
tranquil	1
train	1
tragically	1
tragical	1
tragedy	1
tragedian	1
traces	1
traced	1
tour	1
tough	1
touched	1
totripolitza	1
torturing	1
torrents	1
tore	1
torchlight	1
torches	1
torch	1
tops	1
topper	1
tooth	1
tones	1
toned	1
tomb	1
toleration	1
toise	1
toes	1
toad	1
tliat	1
titter	1
tird	1
tip	1
tion	1
tinkling	1
tinderbox	1
timid	1
timely	1
tilings	1
tiling	1
tiiark	1
tigress	1
tighter	1
tightening	1
tie	1
tide	1
thwart	1
thunderstruck	1
thundering	1
thundered	1
thumb	1
thrust	1
throuo	1
throne	1
throat	1
thriving	1
threatened	1
threaten	1
threat	1
thread	1
thrashing	1
thrash	1
thouph	1
thoup	1
thouo	1
thoughtful	1
thoug	1
thoudit	1
thoroughly	1
thnik	1
thither	1
thins	1
thinks	1
thick	1
thfe	1
they're	1
thereupon	1
thereabouts	1
thenceforward	1
thence	1
theinaticians	1
thehon.mrs.balloon	1
thee	1
the>^ever	1
thanking	1
thankfully	1
thankful	1
testimony	1
testify	1
test	1
terton	1
terry	1
terror	1
terrier	1
terrible	1
tern	1
ter	1
tenth	1
tenfold	1
tendered	1
tended	1
tend	1
temptation	1
telligent	1
tearing	1
tearfully	1
tear	1
teaching	1
tea	1
tavern	1
taunt	1
tatters	1
tastefully	1
tasking	1
task	1
tarts	1
tart	1
tap	1
tankard	1
tamn	1
tamed	1
tale	1
takes	1
tailors	1
system	1
symptoms	1
symmetry	1
sylvester	1
syllables	1
sworn	1
swollen	1
swells	1
swelled	1
swell	1
sweetly	1
swarm	1
sustaining	1
sustain	1
suspiciously	1
susceptible	1
survey	1
surplus	1
surpassed	1
surmised	1
surface	1
supreme	1
supporters	1
support	1
supplies	1
supplication	1
supped	1
superstition	1
superscription	1
superiority	1
superintendance	1
superfluous	1
superfine	1
superb	1
superabundance	1
super	1
sup	1
sunk	1
summons	1
summary	1
sulphur	1
sulkily	1
sulked	1
sulk	1
sul	1
suits	1
suite	1
suilt	1
suggests	1
suggestions	1
suggestion	1
successors	1
successfully	1
successful	1
succeed	1
subterfuge	1
substitute	1
substantially	1
subsistence	1
subsiding	1
subsequent	1
subscribers	1
submitting	1
sublimity	1
sublimest	1
sublimely	1
subjected	1
subduing	1
subdued	1
subdue	1
sub	1
suavity	1
stylish	1
sty	1
stupendous	1
stunned	1
stumbling	1
stumble	1
stuffed	1
studying	1
studiously	1
studded	1
stubborn	1
strut	1
struggling	1
stroke	1
strive	1
strings	1
strikes	1
strictly	1
strict	1
streaming	1
strano	1
strand	1
straight	1
stormed	1
storm	1
stories	1
stoop	1
stool	1
stones	1
stone	1
stomach	1
stolen	1
stole	1
stockjobbing	1
stockings	1
stockbroker	1
stived	1
stir	1
stipulated	1
sticks	1
sternest	1
stern	1
stench	1
steep	1
steens	1
steel	1
stealth	1
stealing	1
stays	1
staying	1
statues	1
statue	1
stationing	1
station	1
statesmen	1
statesman	1
stately	1
starvation	1
starting	1
starling	1
stark	1
stao	1
stammering	1
stammerer	1
stalk	1
stairs	1
staircase	1
stained	1
staggering	1
stages	1
stable	1
srood	1
squeezed	1
squeaked	1
squall	1
spy	1
spurzheim	1
sprung	1
sprawling	1
spoonfuls	1
spoon	1
splendour	1
splashed	1
spite	1
spirited	1
spinage	1
spider	1
spezzia	1
spelling	1
speed	1
speculator	1
speculate	1
specula	1
specimen	1
specify	1
specified	1
specially	1
space	1
sovereign	1
southern	1
soured	1
sour	1
soup	1
soundings	1
sorrowfully	1
sorrel	1
sore	1
sordid	1
soothe	1
sons	1
solve	1
solitudes	1
solitude	1
soliloquy	1
solidity	1
solicitude	1
solemnity	1
soldiers	1
soiled	1
soil	1
softly	1
sofa	1
socially	1
sobbed	1
soapy	1
snubbed	1
snub	1
sneering	1
sneered	1
sneaking	1
sneaked	1
snatches	1
snatch	1
snarling	1
snarl	1
snare	1
smooth	1
smirkingly	1
smirking	1
smellers	1
smallpox	1
smallness	1
slyness	1
sly	1
slopping	1
slope	1
slightly	1
sliding	1
sleeves	1
slaves	1
slave	1
slaughtering	1
slater	1
slaps	1
skylight	1
sky	1
skittle	1
skin	1
sketch	1
sjered	1
sjdm	1
sized	1
sixty	1
sixpeimy	1
situations	1
situated	1
sitting	1
sire	1
sio	1
sins	1
singing	1
sin	1
simple	1
silken	1
silently	1
silenced	1
siich	1
signifying	1
signify	1
sights	1
sighed	1
sideways	1
sick	1
shy	1
shuttlecock	1
shuffle	1
shuddered	1
shrugs	1
shrugged	1
shrubs	1
shrinking	1
shrink	1
shrill	1
shrieked	1
shrewd	1
shpper	1
shouts	1
shouted	1
shoulderknots	1
shoulder	1
shores	1
shops	1
shone	1
shockingly	1
shocked	1
shivered	1
shipboard	1
shine	1
shin	1
shillinor	1
shillino	1
shihings	1
shelter	1
shedding	1
sharply	1
shareholders	1
shapes	1
shake	1
shade	1
shabbier	1
settle	1
sets	1
serzoms	1
serving	1
serviceable	1
servatory	1
serenely	1
sequences	1
sentimental	1
senter	1
sentences	1
senseless	1
sendiiio	1
senatorial	1
seming	1
sellers	1
self-denial	1
self-defence	1
self	1
seldom	1
seizing	1
sehni	1
securities	1
securing	1
seconded	1
seats	1
seasoning	1
seal	1
sd	1
scrutinising	1
scrutinised	1
scrutinise	1
screams	1
scratch	1
scrape	1
scrambled	1
scragged	1
scowls	1
scowling	1
scoundrel	1
scores	1
sconce	1
scoffed	1
scientific	1
scarred	1
scarf	1
scared	1
scarcity	1
scarce	1
scandalised	1
scamp	1
scale	1
saviour	1
savage	1
sausages	1
saunter	1
saucer	1
satirically	1
sated	1
sarcastic	1
sarcasm	1
santa	1
sank	1
sandy	1
samples	1
samian	1
salmon	1
sallow	1
sailed	1
saddle	1
sacrified	1
sacrifices	1
sacrifice	1
ruthless	1
russian	1
rumination	1
rum	1
rules	1
ruins	1
ruffled	1
ruffians	1
ruffianly	1
ruefully	1
rueful	1
royal	1
row	1
roused	1
roughly	1
rote	1
rosy	1
rope	1
rooin	1
romp	1
rolla	1
roguery	1
rocks	1
rock	1
roberts	1
robert	1
robbing	1
robbers	1
robber	1
roarings	1
roads	1
rival	1
risibihty	1
rises	1
rio	1
rins	1
ringing	1
ring	1
rims	1
rimmed	1
riiiserably	1
rigmarole	1
rights	1
righthand	1
ridiculously	1
riddle	1
richest	1
richer	1
rice	1
ribbons	1
rhyming	1
rheumatisms	1
reward	1
revolved	1
reverentially	1
revelations	1
retort	1
retiring	1
retaining	1
retained	1
restoring	1
restoration	1
response	1
respite	1
respectfully	1
resorted	1
resolutions	1
resolute	1
resident	1
resenting	1
resented	1
requite	1
requisite	1
requiring	1
reputed	1
reproachfully	1
reproaches	1
repressed	1
representatives	1
represent	1
reprehend	1
reposed	1
replying	1
repining	1
repine	1
repelled	1
repay	1
repast	1
repaid	1
reopened	1
reo	1
renowned	1
removing	1
remove	1
remonstrance	1
remnant	1
reminds	1
remind	1
reluctantly	1
relish	1
relio'ious	1
relief	1
reli	1
relentlessly	1
release	1
relaxed	1
relatives	1
relating	1
relapsing	1
rejoins	1
rejoined	1
rejoicings	1
rejoicing	1
rejoice	1
rejected	1
reiorn	1
rehearsed	1
regulation	1
regions	1
regaled	1
refute	1
refuse	1
refusal	1
refunding	1
refreshed	1
refrain	1
reformation	1
reflect	1
reference	1
reestablish	1
reeled	1
redress	1
redness	1
recur	1
recovering	1
recover	1
recorded	1
recommendation	1
recollections	1
reclined	1
reckoning	1
reciting	1
recesses	1
receiver	1
receipts	1
rebuking	1
reassure	1
reasonings	1
reasoning	1
reasonably	1
reasonableness	1
rearing	1
rear	1
realm	1
reality	1
readiness	1
readily	1
razed	1
rays	1
raw	1
raved	1
rated	1
raspberry	1
rascals	1
rascally	1
rare	1
rapturous	1
rapture	1
rap	1
rang	1
rambling	1
rallied	1
rags	1
raggamuffins	1
ragga	1
rag	1
raffles	1
racer	1
quitted	1
quires	1
quieted	1
quickly	1
quibbling	1
quently	1
queen	1
quarto	1
quarters	1
quarterly	1
quarrels	1
qa	1
q's	1
pyrgos^	1
pxdsitively	1
puzzler	1
putty	1
puts	1
push	1
pursuers	1
pursued	1
pursuance	1
purposely	1
purloiner	1
purloined	1
purlieus	1
purchased	1
puppies	1
punishing	1
punctuality	1
pument	1
pulse	1
pulling	1
puffed	1
puff	1
puerile	1
publication	1
pubhsh	1
pto	1
psalm	1
prussian	1
prowess	1
provoking	1
provision	1
providence	1
provide	1
proves	1
proudly	1
proud	1
protruding	1
protestations	1
protectress	1
protecting	1
prospectuses	1
prospects	1
prosing	1
prosecuting	1
prose	1
propriety	1
propounded	1
proportioned	1
proportion	1
prophetic	1
prophecy	1
propensities	1
pronounce	1
promptly	1
prompted	1
promote	1
promises	1
prominent	1
promenaded	1
prolong	1
projects	1
projectors	1
projected	1
profusion	1
profligate	1
profits	1
professionally	1
proferred	1
profane	1
productive	1
productions	1
produces	1
proclaimed	1
pro	1
priori	1
printing	1
principles	1
princes	1
prince	1
primitive	1
prices	1
prey	1
pretti/	1
pretended	1
presume	1
pressure	1
presided	1
preposterous	1
preparing	1
prepare	1
preparatory	1
prejudices	1
preferable	1
prefer	1
prefacing	1
prefaced	1
predominated	1
prediction	1
predicted	1
predicament	1
predecessors	1
precluded	1
precise	1
precipitated	1
preceptor	1
precedency	1
preak	1
preaching	1
preach	1
pre	1
praying	1
prayed	1
prater	1
prate	1
praiseworthy	1
praises	1
practitioner	1
practises	1
practicable	1
powerless	1
powders	1
powder	1
povv^der	1
poured	1
pound	1
poultry	1
pots	1
potatoes	1
potatoe	1
pot	1
postponed	1
posterity	1
possessed	1
position	1
posed	1
portrait	1
porters	1
pork	1
porgy	1
populous	1
popular	1
pope	1
pony	1
ponies	1
pond	1
pompous	1
pomp	1
polly	1
pollute	1
politic	1
polished	1
polish	1
poking	1
poke	1
poisonous	1
poised	1
points	1
pointing	1
pohte	1
pohcy	1
poetry	1
poetical	1
pocketed	1
plurality	1
plunging	1
plunge	1
plumply	1
plum	1
plue	1
plucking	1
ploy	1
plodding	1
plentiful	1
pledging	1
pledge	1
pleasures	1
pleasurable	1
pleasantries	1
playing	1
plausible	1
plant	1
planned	1
plainer	1
plain	1
pitying	1
pittance	1
pithy	1
pitched	1
pistol	1
piqued	1
pipes	1
pipe	1
pint	1
pine	1
pin	1
pig	1
piety	1
piercing	1
pickpockets	1
pickled	1
phrase	1
phiz	1
philosophic	1
petulantly	1
petticoats	1
petticoat	1
pervaded	1
perusal	1
persuasion	1
perspiration	1
personate	1
persecutors	1
persecution	1
persecutes	1
persecute	1
perrin	1
perplexities	1
perpetration	1
perpetrate	1
permit	1
perishing	1
perished	1
perilous	1
performer	1
perfections	1
peremptory	1
peremptorily	1
perception	1
perceptible	1
percentage	1
perceives	1
perambulating	1
peradventure	1
pensive	1
pension	1
pennyworth	1
pennyless	1
penitentiary	1
penetrating	1
penetrated	1
penetrate	1
penal	1
peloponnesus	1
peer	1
peeped	1
peep	1
peel	1
peculiarities	1
peculiar	1
pecks	1
peasants	1
pears	1
pearing	1
pear	1
peal	1
payments	1
payment	1
paws	1
paw	1
pavement	1
patrons	1
patron	1
patro	1
patriots	1
patriotic	1
patriot	1
patient	1
pathetically	1
paternal	1
patent	1
pate	1
pat	1
passers	1
passant	1
passages	1
pas	1
partridge	1
partlienian	1
particulars	1
partially	1
parthenon	1
parson	1
parrot	1
parodying	1
parliamentary	1
parishioner	1
paris	1
parhament	1
parchment	1
paramount	1
paragraph	1
paradise	1
papa	1
pantomime	1
paltry	1
pallet	1
palate	1
palatable	1
palamede	1
palace	1
paintings	1
painting	1
painted	1
painful	1
pail	1
packages	1
pacified	1
paces	1
p's	1
owing	1
owe	1
overwhelming	1
overwhelm	1
overtook	1
overthrown	1
overtake	1
overrated	1
overpowering	1
overpaid	1
overjoyed	1
overhanging	1
overflow	1
overclouded	1
oven	1
ov^^n	1
ouve	1
outsides	1
outs	1
outrl	1
outrageously	1
outraged	1
outer	1
ouineas	1
otherwise	1
ot	1
ornaments	1
ornamental	1
ornament	1
origin	1
oriental	1
orient	1
organ	1
ordinary	1
orations	1
oration	1
oratio	1
orange	1
options	1
oppression	1
opposition	1
opposed	1
oppose	1
opportune	1
opponent	1
opinions	1
opens	1
oood	1
ood	1
omnipotent	1
omitting	1
old-fashioned	1
oil	1
oifered	1
ofip	1
officiated	1
offices	1
offers	1
offering	1
offensively	1
offend	1
oders	1
ociate	1
occurrence	1
occupa	1
occasional	1
obstructing	1
obstreperous	1
obstinately	1
observing	1
obliterated	1
obliterate	1
oblique	1
obligino	1
obedient	1
obedience	1
ob	1
oaken	1
ny	1
numbered	1
nowadays	1
novelty	1
nov	1
nourish	1
noured	1
nought	1
notoriously	1
notorious	1
notions	1
nothins	1
nothino	1
northfleet	1
northern	1
northeast	1
noon	1
nodders	1
nodder	1
nod	1
nocturnal	1
nobleman	1
nite	1
nio	1
nineteen	1
nine	1
nil	1
nights	1
nified	1
nicest	1
neyed	1
newly	1
newgate	1
nevertheless	1
nev	1
neighbouring	1
negotiator	1
negotiations	1
negotiation	1
negotiating	1
negligent	1
neglecting	1
neglected	1
neglect	1
nefarious	1
needy	1
necks	1
neatness	1
neatly	1
nearest	1
naturedly	1
natives	1
nations	1
nasty	1
naming	1
naked	1
nab	1
mv	1
muttered	1
mute	1
musical	1
musa	1
murmur	1
murdering	1
murderers	1
munificent	1
multitude	1
multiplied	1
mug	1
muffled	1
muffin	1
mud	1
mstead	1
msist	1
movements	1
movables	1
mouthful	1
mournfully	1
mourned	1
motives	1
motive	1
motions	1
motionless	1
mother^.al	1
mortification	1
mortgage	1
mortal	1
morsel	1
morrow	1
mornins	1
morality	1
monsters	1
monosyllable	1
monmouth	1
monkey	1
monkd	1
moniously	1
moneyed	1
monday	1
monarch	1
mon	1
momentous	1
molestation	1
moffatville	1
moffat	1
modestly	1
modern	1
moderately	1
moder	1
models	1
mocked	1
mob	1
mn	1
mixtures	1
mixture	1
misunderstood	1
misunderstand	1
mistaken	1
missing	1
missal	1
misrepresentations	1
mislead	1
mishap	1
misgivings	1
misery	1
misdeeds	1
misconduct	1
misconceived	1
mischievous	1
miscellaneous	1
miscalled	1
miscalculations	1
mis	1
miportant	1
mio	1
minerva	1
minds	1
minding	1
minarets	1
milton	1
millions	1
millers	1
military	1
miles	1
mile	1
mildly	1
mild	1
miffht	1
middling	1
middle-aged	1
mice	1
mi	1
mg	1
mettled	1
metropolis	1
methinks	1
metal	1
merriment	1
merchants	1
mending	1
menagerie	1
menacing	1
memorials	1
melody	1
meditation	1
meddling	1
measures	1
measure	1
meanwhile	1
mazes	1
max	1
maura	1
maturity	1
matured	1
mattered	1
matted	1
matrimonial	1
maternal	1
mary	1
martyr	1
martin	1
mart	1
marsh	1
mars	1
marquee	1
marks	1
marking	1
marino	1
margery	1
marched	1
marble	1
mao^azine	1
manuscript	1
manus	1
manufacturing	1
manufacturers	1
manufacturer	1
manufactory	1
mansion	1
manoeuvre	1
mankind	1
manj'^	1
manifesting	1
maniac	1
manes	1
manager	1
managed	1
malta	1
malt	1
malicious	1
malice	1
maintain	1
maidservant	1
magnanimously	1
magnanimous	1
magic	1
magazine	1
madness	1
madmen	1
madeira	1
machine	1
macheath	1
mac	1
ma	1
m.tjs	1
m'kenzie	1
luxuries	1
luxuriance	1
lustre	1
lungs	1
lump	1
lumber	1
ludicrous	1
lucid	1
loyalty	1
loyal	1
lowered	1
loves	1
lover	1
lovely	1
loudest	1
losses	1
lorraine	1
lords	1
lordly	1
lorded	1
lollopping	1
loins	1
lohski	1
lodgers	1
lodge	1
locks	1
lock	1
located	1
livestock	1
lives	1
livery	1
livelihood	1
littleness	1
literature	1
literally	1
listeners	1
lish	1
lired	1
liquors	1
lip	1
lion	1
lining	1
limited	1
limit	1
likeness	1
likened	1
liked	1
lightning	1
lighter	1
lieved	1
lier	1
liberties	1
liberation	1
libel	1
lessons	1
lesson	1
lerma	1
leno	1
lenity	1
lending	1
legally	1
legal	1
leering	1
leeks	1
ledge	1
leaves	1
lease	1
leaf	1
leads	1
leader	1
lawyer	1
laws	1
lawn	1
laudatory	1
latin	1
larger	1
lap	1
lanterns	1
lanterneon	1
languor	1
lanes	1
landing	1
lamentable	1
lament	1
lake	1
lagged	1
ladyship	1
lads	1
laden	1
ladder	1
lackey	1
lacerated	1
labours	1
labouring	1
labourers	1
laborious	1
kvarten	1
knowledoino	1
knot	1
kno'a^ledge	1
knives	1
knio'ht	1
knight	1
knife	1
knack	1
kissed	1
kings	1
king	1
kindling	1
kindest	1
killed	1
kidney	1
kicks	1
keys	1
keeps	1
kay	1
kaulena	1
kaccosted	1
justified	1
jurymen	1
jumped	1
jug	1
judging	1
judges	1
jtty	1
jovial	1
journeij	1
jour	1
joskins	1
jolted	1
joker	1
joints	1
joining	1
joined	1
johnny	1
jocularity	1
jocular	1
jobbers	1
job	1
jine	1
jezebels	1
jews	1
jected	1
jaws	1
jacko	1
jackets	1
jabber	1
j/ire	1
ivlr	1
ivitty	1
itj	1
itinerary	1
ith	1
italian	1
israelite	1
island	1
irritated	1
irresistibly	1
irresistible	1
irreparable	1
irrelevant	1
irregular	1
irl	1
inviting	1
invite	1
invention	1
invasion	1
invariably	1
invalids	1
invaded	1
invade	1
intruding	1
intruded	1
introducing	1
intrinsic	1
intrepid	1
intimation	1
intimately	1
intimate	1
interviews	1
interrogatory	1
interrogatories	1
interrogating	1
interpose	1
interminable	1
interfere	1
intent	1
intenseness	1
intending	1
intemperance	1
intelligent	1
intellect	1
intelhgence	1
insulted	1
instinctively	1
instinctive	1
instate	1
instantaneously	1
inspected	1
inspect	1
insolent	1
insists	1
insisting	1
insipid	1
insinuate	1
inside	1
inserted	1
insensibly	1
insane	1
inquisitive	1
inquiring	1
ino	1
innocent	1
inlaw	1
inkstand	1
injuries	1
injure	1
iniquity	1
inhuman	1
inhaled	1
ingenuously	1
ingenious	1
infuriated	1
informing	1
informer	1
influenced	1
infliction	1
inflicted	1
inflict	1
inflexibly	1
inflames	1
infi	1
infest	1
inferred	1
infer	1
infancy	1
infallibly	1
inexperienced	1
inexorable	1
inevitable	1
ineffectual	1
industry	1
indulgence	1
indoor	1
indolence	1
indisposition	1
indisposed	1
indignity	1
indifferently	1
indies	1
indicative	1
indications	1
indication	1
indicate	1
indecorously	1
incurred	1
incredulous	1
incredulity	1
increases	1
increase	1
incorrect	1
inconveniently	1
inconsistent	1
inconsiderable	1
inconclusive	1
inconceivable	1
incompetent	1
incomes	1
incipient	1
incidents	1
inches	1
incessantly	1
incensed	1
incautiously	1
inasmuch	1
imputed	1
impudence	1
improvements	1
impropriety	1
improbable	1
imprisoned	1
impress	1
impracticable	1
imposing	1
impose	1
implore	1
implied	1
impetuously	1
impetuous	1
impertinence	1
imperfectly	1
imperfect	1
impending	1
impediment	1
impatiently	1
impatient	1
impatience	1
impartial	1
imparted	1
impah	1
imp	1
immoral	1
immolated	1
immoderately	1
immersion	1
imitating	1
imitate	1
imderstood	1
imaginable	1
images	1
illusion	1
illumination	1
ill-will	1
ill-fated	1
iji	1
ignominiously	1
idleness	1
idle	1
idiomatical	1
identical	1
ice	1
i'll	1
hydriots	1
hydriot	1
hussy	1
hush	1
hunters	1
hunted	1
hung	1
humours	1
humourously	1
humming	1
humiliation	1
hulking	1
hue	1
howl	1
housekeepers	1
houndsditch	1
hound	1
hostihty	1
horsewhippings	1
horsemanship	1
horrors	1
horrid	1
hop	1
hook	1
hon	1
homeward	1
holne	1
holiday	1
holders	1
hoist	1
hog	1
ho	1
hloo	1
hkeiy	1
historian	1
hiock	1
hind	1
hilly	1
hight	1
higher	1
hiding-place	1
hesitated	1
hers	1
herring	1
heroics	1
hereafter	1
hend	1
hen	1
helpless	1
helping	1
heightened	1
heighten	1
hegivesme	1
heel	1
heedlessly	1
heedless	1
heavily	1
heavier	1
heavens	1
heavenly	1
hearty	1
hearts	1
hearted	1
heartbreaking	1
heak	1
hazards	1
hazarded	1
haxed	1
havershani	1
havershams	1
haversham^s	1
haunted	1
haunch	1
hatton	1
hats	1
hated	1
harsh	1
harmless	1
hare	1
hardships	1
hardness	1
harbour	1
har	1
hany	1
hans	1
hankering	1
hangman	1
hanging	1
handsomest	1
handled	1
hampering	1
ham	1
halted	1
hall	1
hailed	1
hack	1
habitation	1
habiliments	1
habiliment	1
gypsy	1
gulf	1
guidance	1
guardians	1
guardian	1
grunt	1
gruffer	1
growled	1
grossly	1
grins	1
grimalkin	1
grievously	1
grieved	1
grieve	1
grease	1
gravity	1
gravest	1
gravely	1
gratis	1
grating	1
gratefully	1
grass	1
grasping	1
grape	1
grandeur	1
gradual	1
graciously	1
graces	1
graceful	1
graced	1
gown	1
governor	1
govern	1
goto	1
gooseberry	1
gooseberries	1
goose	1
goods	1
goodness	1
good-natured	1
goes	1
gnawing	1
glove	1
glorying	1
glistening	1
glen	1
glee	1
glaring	1
glances	1
gladness	1
gladdened	1
girth	1
girls	1
gious	1
gilds	1
gig	1
gibbons	1
giants	1
giant	1
ghosts	1
ghastly	1
gerard	1
georgy	1
gently	1
gentlemans	1
gentle	1
gentieman	1
geneva	1
generously	1
generosity	1
gean	1
gazing	1
gaze	1
gay	1
gastronomical	1
garrulous	1
garb	1
gaoler	1
gamut	1
game	1
gamble	1
galway	1
galling	1
galleries	1
gallantly	1
gall	1
gaiety	1
furiously	1
funny	1
funk	1
funds	1
functionary	1
fumes	1
fulfilled	1
fruits	1
fruitful	1
fruit	1
fro	1
fringed	1
fright	1
friendship	1
fried	1
frequented	1
frequency	1
freemen	1
freedoms	1
frames	1
frail	1
fraction	1
founded	1
foul	1
fortunes	1
fortum	1
fortify	1
forthcoming	1
forsooth	1
forming	1
formidably	1
formality	1
forks	1
forgiveness	1
forgetful	1
forgery	1
forego	1
ford	1
forcible	1
forces	1
forbidding	1
forbidden	1
forbear	1
footstep	1
footman	1
foolscap	1
foolish	1
food	1
follows	1
followino	1
foliage	1
folding	1
foiled	1
foaming	1
fm	1
flourishes	1
flogged	1
floated	1
flew	1
fleeting	1
fleet	1
fleecing	1
fled	1
flaxen	1
flattery	1
flashy	1
flashed	1
flash	1
flank	1
flagons	1
flag	1
fixing	1
fix	1
fishpond	1
fisheries	1
firmness	1
finder	1
finance	1
filth	1
filling	1
filial	1
fiist	1
figs	1
fighting	1
fifty	1
fifteenth	1
fierceness	1
fiends	1
fiendlike	1
fiend	1
fidget	1
fi-om	1
fewer	1
festival	1
fervent	1
felony	1
felons	1
felonious	1
felled	1
felicitate	1
feed	1
fee	1
feat	1
feasting	1
fearing	1
fearful	1
favours	1
favourably	1
fatherly	1
fatherless	1
fat	1
fashionable	1
farthing	1
farewell	1
fare	1
farcical	1
fancy	1
fanciful	1
famously	1
familiarly	1
famed	1
fame	1
faltering	1
faltered	1
falsehoods	1
fairer	1
faintly	1
fainting	1
failure	1
failing	1
facetiousness	1
facetiously	1
facer	1
fables	1
eyed	1
exultingly	1
extricated	1
extravagantly	1
extravagance	1
extraorditiary	1
extra	1
extorted	1
extol	1
extinct	1
extended	1
extemporary	1
exposure	1
expostulation	1
expostulate	1
exposition	1
expose	1
explore	1
exploit	1
expiring	1
expired	1
experiencing	1
experiences	1
expenditure	1
expelled	1
expel	1
expecting	1
exordium	1
existing	1
existence	1
exist	1
exile	1
exhibitions	1
exhaustion	1
exerts	1
exerted	1
exert	1
exemplified	1
exemplary	1
executive	1
execrations	1
excuses	1
excursion	1
excluding	1
exclaim	1
exciting	1
excitement	1
exchequer	1
exchanging	1
except	1
excellence	1
excel	1
exasperated	1
ex	1
evils	1
events	1
eve	1
europe	1
eulogium	1
eulogises	1
eternity	1
eternal	1
esteemed	1
esteem	1
estate	1
establishing	1
essential	1
esq	1
es	1
ers	1
err	1
erect	1
erasures	1
er	1
equalled	1
epitome	1
epithets	1
eould	1
enumerated	1
enumerate	1
entry	1
entrust	1
entries	1
entreated	1
entrails	1
entitles	1
enthusiasm	1
entertainer	1
entering	1
ensure	1
ensuing	1
ensue	1
enrich	1
eno	1
enlightened	1
enlarged	1
enjoyments	1
englisliman^	1
englishman	1
engaging	1
enforced	1
energetically	1
energetic	1
endowed	1
endearing	1
encumbered	1
encouraged	1
encourage	1
encompassed	1
enchanter	1
enabling	1
enable	1
empty	1
emptied	1
employs	1
emploi/er	1
empire	1
emphatically	1
emphasis	1
emolument	1
emitted	1
eminently	1
emerging	1
emblematical	1
embellishments	1
embellishing	1
embassy	1
embark	1
emancipation	1
emancipated	1
elude	1
eligible	1
elevation	1
elements	1
elected	1
elect	1
eldest	1
elder	1
elbows	1
elated	1
elapsed	1
eitraor	1
eighths	1
eggs	1
egg	1
effective	1
effecting	1
edify	1
edifices	1
edification	1
edge	1
ed	1
ecstasy	1
eatables	1
easter	1
east-india	1
east	1
earliest	1
earl	1
eagerness	1
eager	1
dwells	1
dwellings	1
dwelling	1
dwelled	1
dutiful	1
dustman	1
dunfermline	1
dun	1
dumb	1
duly	1
duke	1
ducking	1
duckery	1
ducked	1
dubbed	1
dub	1
drying	1
drury-lane	1
drs	1
drowsy	1
drowned	1
drove	1
droll	1
driver	1
drive	1
drinking	1
drily	1
dressing-room	1
dressing	1
dreams	1
dreaded	1
draught	1
drapery	1
dramatic	1
drama	1
draivn	1
dragged	1
drag	1
downwards	1
downfall	1
dow	1
doves	1
dover	1
douceurs	1
doubts	1
doubting	1
doubled	1
doric	1
doomed	1
doom	1
donation	1
dominion	1
domestics	1
domestic	1
domain	1
documents	1
divine	1
dividends	1
diversion	1
dive	1
disturber	1
disturbance	1
distrust	1
district	1
distortions	1
distinguishing	1
distinguish	1
distinctness	1
distinctions	1
distinction	1
dissent	1
dissemble	1
dissatisfied	1
disposing	1
disporting	1
dispensed	1
dispensations	1
disparagingly	1
dismounted	1
dismissal	1
disinterestedness	1
dishonoured	1
dishonesty	1
dishonest	1
dishabille	1
disgusting	1
disguised	1
disfigured	1
disease	1
disdainfully	1
discussions	1
discovering	1
discover	1
disconsolate	1
discomfited	1
discoloured	1
disclosed	1
discharging	1
discharged	1
disastrous	1
disarm	1
disapproving	1
disapproved	1
disapprobation	1
disappoint	1
disadvantageously	1
dirt	1
directory	1
dipping	1
dined	1
dinary	1
dimensions	1
dim	1
dilated	1
dighton	1
diffidence	1
difficulties	1
difference	1
dies	1
die	1
dictionary	1
dictated	1
devoting	1
devotedly	1
devolved	1
devolve	1
devised	1
devils	1
detrimental	1
detract	1
detection	1
detect	1
detain	1
details	1
detailino	1
destitute	1
destiny	1
dessert	1
despot	1
despise	1
despairing	1
desk	1
desirous	1
desirable	1
designs	1
designed	1
design	1
deserted	1
descriptive	1
describes	1
descends	1
descend	1
dered	1
derangement	1
derange	1
der	1
deputies	1
depth	1
deprived	1
depressed	1
depress	1
depredator	1
depravity	1
deposited	1
deposit	1
deport	1
deplored	1
deplore	1
deploi	1
depending	1
department	1
deo	1
dense	1
dens	1
denied	1
demur	1
demonstrating	1
demonstrated	1
demanding	1
deluge	1
delivery	1
delicate	1
deliberation	1
dejected	1
deir	1
deigned	1
degrees	1
degraded	1
degradation	1
degenerated	1
defy	1
defray	1
defrauding	1
deficiencies	1
defiance	1
defendant	1
defend	1
defects	1
defeats	1
defamation	1
deeper	1
deem	1
deeds	1
deed	1
decorative	1
declaiming	1
decent	1
decency	1
deceitful	1
decanter	1
debtors	1
debating	1
deathblow	1
deafened	1
daylights	1
daylight	1
dawned	1
david	1
daubinger	1
dates	1
darts	1
darted	1
dared	1
dangling	1
dangerously	1
damages	1
damaged	1
daily	1
daggerwood	1
dagger	1
custos	1
customer	1
custom	1
curtsies	1
curtains	1
curtain	1
curtail	1
cursed	1
curse	1
curly	1
curls	1
curds	1
cup	1
culprits	1
culpable	1
cuffed	1
cuff	1
cruise	1
crowned	1
crow	1
crook	1
criticisms	1
criticism	1
criticising	1
cristena	1
crimson	1
crimes	1
cricket	1
crib	1
crew	1
crept	1
creditor	1
credited	1
credentials	1
creator	1
created	1
create	1
craved	1
cravat	1
crack	1
cow	1
covering	1
cover	1
courtly	1
courtier	1
courteously	1
courses	1
countrymen	1
countryman	1
countless	1
counter	1
counsels	1
coughed	1
corroboration	1
corridor	1
corresponding	1
corresponded	1
correctional	1
correcting	1
corpse	1
corps	1
corns	1
cornices	1
cordiality	1
coquette	1
copse	1
coppersmith	1
copies	1
copied	1
coolly	1
cooking	1
cookery	1
convulsions	1
conviction	1
convict	1
convey	1
converted	1
conversing	1
converse	1
conventicle	1
convenient	1
contusions	1
controvert	1
contributors	1
contrasting	1
contradiction	1
contradict	1
continuing	1
continues	1
continuance	1
continually	1
contest	1
contented	1
contended	1
contend	1
contemplations	1
contemplation	1
contangos	1
consumption	1
consults	1
consultation	1
consult	1
construe	1
construction	1
constructed	1
constituted	1
constable	1
consoling	1
consolation	1
consistent	1
consistency	1
consist	1
consign	1
considers	1
considerate	1
consi	1
consequently	1
consequential	1
consenting	1
conscientiousness	1
conscientious	1
consciences	1
conquest	1
conqueror	1
connoisseur	1
connexions	1
connect	1
conjured	1
congregation	1
congregated	1
congratulatory	1
congratulated	1
congo	1
confused	1
confound	1
conflict	1
conflagration	1
confirmed	1
confidently	1
confidential	1
confide	1
conductors	1
conductor	1
conducive	1
condoling	1
condescendingly	1
condemning	1
concludiag	1
conciliate	1
concede	1
concave	1
con	1
compunctious	1
compromise	1
comprehension	1
composure	1
comply	1
complimented	1
complimentary	1
compliance	1
complaints	1
competent	1
compensation	1
compen	1
compelling	1
compel	1
compassionate	1
compass	1
comparison	1
communicate	1
commons	1
commonly	1
common-sense	1
commissioner	1
comments	1
commenting	1
commentary	1
commander-in-chief	1
comical	1
comforts	1
comforters	1
comfortably	1
comes	1
comer	1
combining	1
combat	1
comb	1
com	1
colours	1
colman	1
collusion	1
college	1
collection	1
collecting	1
collect	1
collars	1
coldness	1
coldly	1
cojne	1
cof	1
coddled	1
cockpit	1
cockney	1
coarsest	1
coals	1
coadjutor	1
clown	1
clouds	1
cloudless	1
clothing	1
closing	1
clock	1
cleverness	1
cleared	1
cleanest	1
cleaner	1
clean	1
claude	1
class	1
claret	1
clapping	1
clapper	1
clan	1
civilising	1
circumstantial	1
circumstanced	1
circulation	1
circles	1
circle	1
chut	1
churchwardens	1
chuckle	1
christian	1
christened	1
chopped	1
chop	1
choose	1
choicest	1
choice	1
chloe	1
chimney	1
chievous	1
chicken	1
chibouque	1
cherished	1
cherish	1
cheerless	1
cheering	1
cheating	1
cheat	1
charms	1
characteristic	1
charac	1
chaos	1
chano	1
changing	1
changed	1
chancres	1
chancellor	1
chan	1
challenged	1
challenge	1
chalked	1
chain	1
chagrin	1
cery	1
cephalonia	1
centuries	1
cent	1
censures	1
cells	1
cellar	1
celebrity	1
celebrating	1
celebrate	1
cave	1
cautiously	1
cautious	1
cautioned	1
causes	1
casualty	1
casualties	1
castigationality	1
castigation	1
caster	1
cast	1
carter	1
cart	1
carpet	1
carp	1
carlton	1
caresses	1
carelessness	1
carelessly	1
careless	1
careful	1
cared	1
carcase	1
captivating	1
captious	1
cape	1
capacious	1
cap	1
cannon	1
cane	1
candles	1
candidly	1
canal	1
camel	1
cambric	1
calmness	1
caledonian	1
calculations	1
calamity	1
calamitous	1
cakes	1
cake	1
cairare	1
cabriolet	1
cabbage	1
ca?mister/	1
buyers	1
butter	1
butchers	1
busy	1
bustling	1
bushes	1
bursts	1
burn	1
buried	1
burden	1
bunions	1
bungling	1
bumped	1
bulls	1
buhion	1
buffeted	1
bubble	1
btdl^	1
brushes	1
brunette	1
bruises	1
brook	1
brood	1
bronzed	1
broader	1
britain	1
brink	1
briggs	1
briefly	1
brief	1
bribing	1
breeze	1
breeches	1
breathe	1
breast	1
breakfasted	1
breadbasket	1
brazilian	1
brazen	1
brawny	1
bravery	1
brandished	1
brackenbury	1
brace	1
boxing	1
boxed	1
box	1
bowing	1
bowels	1
bounding	1
bounden	1
bounded	1
bottomed	1
bottom	1
bottled	1
bottle	1
bosom	1
boot	1
bookstall	1
bookseller	1
bombast	1
bolt	1
boisterous	1
bobbed	1
boat	1
boards	1
bluster	1
blushing	1
blush	1
blunder	1
blooming	1
bloody	1
bloodthirsty	1
blind	1
blessed	1
blended	1
blemish	1
bled	1
bleat	1
blameably	1
blameable	1
blame	1
bitterness	1
bitter	1
bis	1
birth	1
billy	1
big	1
biddins	1
bidding	1
biassed	1
bewitching	1
bevis	1
betting	1
betters	1
betrayed	1
betook	1
beto	1
bestow	1
beside	1
beo^an	1
benevolently	1
benevolence	1
benefits	1
beneficially	1
beneficial	1
benediction	1
belt	1
beloved	1
bells	1
belaboured	1
beino	1
bei	1
behold	1
behaved	1
behave	1
begotten	1
beggary	1
beggarly	1
beggar	1
befriend	1
befallen	1
befall	1
bees	1
beer	1
beelzebub	1
beefy	1
beef	1
bedside	1
beds	1
bedchamber	1
beaver	1
beautifying	1
beautifully	1
beau	1
beating	1
beaten	1
beast	1
bears	1
bearers	1
beadles	1
beadle	1
bawl	1
battery	1
batteries	1
bathing	1
bath	1
bat	1
basin	1
bashful	1
bashaw	1
barrel	1
barrack	1
baronet	1
barley	1
barker	1
barked	1
bark	1
barefaced	1
barbarously	1
barbarians	1
bankruptcy	1
bankrupt	1
bandana	1
band	1
ball	1
balancing	1
bakino	1
baize	1
bailiff	1
bailed	1
bag	1
baffled	1
baffle	1
bade	1
backwardations	1
backed	1
babble	1
aye	1
ay	1
axe	1
awfully	1
awaking	1
awakened	1
awaiting	1
avowal	1
avidity	1
averred	1
average	1
avenue	1
avaricious	1
authors	1
authoritative	1
authorising	1
authorised	1
auspices	1
augmented	1
auditor	1
audit	1
audaciously	1
attraction	1
attract	1
attentively	1
attentive	1
attending	1
attendant	1
attempting	1
attach	1
atderton	1
ataghans	1
astounding	1
astonishingly	1
assume	1
assistants	1
assistant	1
assigned	1
assiduity	1
assessed	1
assertions	1
assemble	1
assassins	1
assailed	1
assail	1
aspiring	1
aside	1
ascribe	1
ascertained	1
ascended	1
ascend	1
artifice	1
arrange	1
arose	1
arising	1
arisen	1
arguing	1
argos	1
argolic	1
area	1
arduous	1
architecture	1
arcade	1
ara	1
ar	1
apt	1
appurtenances	1
approved	1
appropriately	1
apprized	1
apprehension	1
appreciated	1
applauded	1
appetite	1
appended	1
appellations	1
appeased	1
appearing	1
appeals	1
appealing	1
apparition	1
appalled	1
apostrophising	1
apostrophise	1
apologise	1
apis	1
apertures	1
aot	1
anywhere	1
antiquity	1
antipathy	1
anticipating	1
anonymous	1
anoder	1
annuated	1
annually	1
annoyances	1
annoyance	1
annoy	1
animate	1
angel	1
anecdotes	1
andruzzena	1
ancients	1
anchored	1
amuse	1
ample	1
amounted	1
amorous	1
amidst	1
amicably	1
amendment	1
ambiguously	1
amazingly	1
alternately	1
alter	1
aloud	1
almond	1
almanac	1
allusion	1
alive	1
algiers	1
alehouse	1
ale	1
alder	1
albania	1
alas	1
alarmingly	1
ajderton	1
ajaxpatro	1
airs	1
ainst	1
ain	1
aim	1
aid	1
agricultural	1
agreeably	1
agonies	1
agolinitza	1
aggrieved	1
aggressor	1
aggravating	1
aggravated	1
ages	1
agents	1
agency	1
affronting	1
affronted	1
affords	1
affluent	1
afflicting	1
afflict	1
affirm	1
affectingly	1
affectation	1
affect	1
affably	1
advises	1
advisable	1
advert	1
adventures	1
adventure	1
advantao	1
advancement	1
adroitly	1
adopting	1
adopted	1
adopt	1
admonished	1
admitting	1
admits	1
admiring	1
administration	1
adjusted	1
adjust	1
adjournment	1
adjourned	1
adjourn	1
adieu	1
adequately	1
adequate	1
adduce	1
additional	1
acuteness	1
acts	1
actions	1
acropohs	1
acquittal	1
acquiring	1
acquiesce	1
acquaintances	1
acknowledging	1
acily	1
accusing	1
accusers	1
accuser	1
accusations	1
accurately	1
accumulated	1
accomplices	1
accomplice	1
accommodating	1
accommodated	1
accession	1
acceptable	1
accelerated	1
ac	1
abundantly	1
abundant	1
abundance	1
absurd	1
abstracted	1
abstaining	1
abstained	1
abroad	1
abominable	1
ably	1
abilities	1
abhorrent	1
abhorrence	1
abbreviation	1
abandoned	1
a2	1
^oorecz	1
?''	1
?'	1
2lbiiiir	1
/,	1
/"	1
..?"	1
..,	1
.'''	1
.'"	1
.""	1
*•'	1
*•	1
*^	1
**.	1
).	1
'•	1
'.'	1
'."	1
""	1
!'	1
!"^	1
