,	5470
the	2353
.	2008
to	2002
i	1811
of	1461
and	1228
that	908
was	889
a	866
had	774
in	750
my	726
he	726
me	609
which	595
it	584
not	522
"	458
for	456
as	447
his	443
on	421
but	391
with	374
be	368
by	327
you	306
."	286
at	280
have	278
been	272
this	265
mr	247
from	239
him	227
would	219
her	215
so	213
when	187
could	185
is	183
what	178
were	175
;	174
no	170
—	167
all	160
an	153
who	148
some	130
they	129
one	128
if	127
said	121
then	118
haversham	118
she	115
should	114
them	112
more	112
or	110
did	107
such	105
might	105
we	104
now	103
myself	101
than	100
their	94
do	89
*'	89
made	88
|'s|	87
thought	84
your	83
before	82
being	80
out	78
adela	78
time	77
there	77
while	74
found	72
those	71
great	70
though	69
much	69
any	69
can	68
will	67
most	67
are	67
himself	66
well	65
told	64
after	64
very	62
'*	61
into	59
heard	59
**	57
first	56
mind	55
own	54
know	53
felt	53
day	52
whom	51
never	51
little	51
only	50
up	49
too	49
must	49
make	49
its	49
moment	48
case	47
against	47
|arabic1digit|	46
wish	46
say	46
once	46
?"	46
upon	45
see	45
priory	45
think	44
last	44
how	44
about	44
yet	43
these	43
still	43
saw	43
rather	43
may	43
life	43
way	42
again	42
wildfire	41
man	41
having	41
without	40
soon	40
sir	40
same	40
thus	39
replied	39
our	39
other	39
like	39
however	39
good	39
few	39
even	38
came	38
through	37
am	37
speak	36
seen	36
known	36
wished	35
mother	35
has	35
expected	35
where	34
under	34
part	34
feel	34
brought	34
seemed	33
friend	33
ever	33
!"	33
|romannumeral|	32
quite	32
course	32
!	32
subject	31
present	31
hope	31
give	31
get	31
done	31
conduct	31
?	31
''	31
wife	30
whose	30
went	30
shall	30
love	30
death	30
appeared	30
anything	30
us	29
put	29
over	29
object	29
night	29
many	29
heart	29
certainly	29
years	28
person	28
nothing	28
go	28
circumstances	28
called	28
another	28
till	27
place	27
name	27
come	27
anxious	27
two	26
scampo	26
received	26
passed	26
long	26
knew	26
just	26
indeed	26
given	26
ardent	26
young	25
wretched	25
true	25
take	25
speech	25
right	25
remarked	25
really	25
mine	25
mason	25
gentleman	25
fact	25
conversation	25
return	24
eyes	24
every	24
character	24
account	24
state	23
something	23
perhaps	23
men	23
left	23
hand	23
gave	23
female	23
considered	23
almost	23
'	23
words	22
truth	22
spoke	22
situation	22
proceeded	22
doubt	22
believe	22
away	22
tell	21
sometimes	21
rosalia	21
purpose	21
opinion	21
next	21
new	21
means	21
manner	21
idea	21
here	21
cannot	21
better	21
began	21
added	21
took	20
since	20
proved	20
looked	20
london	20
lady	20
kind	20
father	20
dr	20
determined	20
attention	20
themselves	19
reason	19
prove	19
ordinary	19
old	19
often	19
morning	19
money	19
language	19
kindness	19
home	19
half	19
forward	19
far	19
door	19
disposed	19
companion	19
chapter	19
act	19
world	18
why	18
understand	18
thoughts	18
surprise	18
supposed	18
sorrow	18
prison	18
ought	18
hour	18
head	18
friends	18
feeling	18
effect	18
best	18
become	18
appearance	18
answer	18
use	17
taken	17
persons	17
nature	17
making	17
late	17
interest	17
further	17
find	17
enough	17
down	17
assured	17
already	17
whether	16
therefore	16
set	16
question	16
previously	16
occurred	16
look	16
leave	16
hear	16
formerly	16
former	16
fine	16
fall	16
expressed	16
described	16
daughter	16
closed	16
change	16
cause	16
business	16
advanced	16
whole	15
wealth	15
returned	15
resolved	15
remain	15
pounds	15
possible	15
paid	15
others	15
occasion	15
nor	15
led	15
law	15
immediately	15
house	15
got	15
going	15
execution	15
die	15
common	15
coach	15
care	15
beauty	15
attempted	15
answered	15
afterwards	15
tone	14
taking	14
sheriff	14
several	14
rest	14
repeated	14
mean	14
matter	14
let	14
less	14
length	14
least	14
importance	14
hundred	14
hardly	14
hands	14
fudge	14
forget	14
doing	14
both	14
became	14
always	14
:	14
yourself	13
yes	13
voice	13
view	13
vain	13
towards	13
succeeded	13
struck	13
stood	13
short	13
save	13
satisfied	13
respectable	13
report	13
proper	13
placed	13
period	13
perceived	13
pay	13
pass	13
offer	13
necessary	13
murder	13
misery	13
lost	13
letter	13
learned	13
inquired	13
individual	13
hours	13
god	13
form	13
face	13
escape	13
entered	13
end	13
discovered	13
directed	13
crime	13
consequence	13
coming	13
children	13
between	13
besides	13
wholly	12
vol	12
sympathy	12
success	12
sincere	12
room	12
resolution	12
order	12
o	12
meet	12
knowledge	12
human	12
happiness	12
guilt	12
generally	12
future	12
features	12
fatal	12
exclaimed	12
england	12
during	12
desired	12
degree	12
charge	12
chance	12
call	12
believed	12
bear	12
back	12
aunt	12
asked	12
appear	12
anxiety	12
announced	12
admiration	12
acted	12
wrong	11
word	11
wanted	11
visit	11
suspicion	11
suspected	11
sure	11
suffer	11
stock	11
stated	11
solemn	11
society	11
small	11
side	11
sent	11
scene	11
satisfaction	11
remained	11
receive	11
real	11
punishment	11
prepared	11
point	11
parties	11
mrs	11
moments	11
mentioned	11
longer	11
impossible	11
humanity	11
guilty	11
greece	11
fortune	11
forth	11
fate	11
fair	11
expect	11
exactly	11
early	11
duty	11
donovan	11
days	11
continued	11
consider	11
consequently	11
condition	11
committed	11
classical	11
claim	11
child	11
awful	11
also	11
affection	11
accordingly	11
)	11
(	11
walk	10
waited	10
visited	10
town	10
three	10
thing	10
stubbs	10
steps	10
reflection	10
recognised	10
ready	10
profit	10
pleased	10
pity	10
passion	10
offered	10
off	10
obtained	10
number	10
none	10
moved	10
likely	10
justice	10
intelligence	10
important	10
hopes	10
honour	10
hill	10
grief	10
greater	10
folly	10
fly	10
five	10
extraordinary	10
evening	10
equally	10
ear	10
drew	10
drawn	10
circumstance	10
carried	10
bring	10
attempt	10
assistance	10
altogether	10
agony	10
age	10
youth	9
water	9
value	9
understood	9
uncle	9
twenty	9
turned	9
turn	9
tried	9
trial	9
tears	9
t	9
surprised	9
suffered	9
story	9
statement	9
spirit	9
shillings	9
sheriffs	9
seem	9
seek	9
respect	9
reply	9
reach	9
ray	9
public	9
proposed	9
promised	9
prisoners	9
prevent	9
power	9
pain	9
opportunity	9
obtain	9
newgate	9
need	9
near	9
nay	9
miserable	9
met	9
mercy	9
mention	9
melancholy	9
matters	9
loss	9
listened	9
light	9
learn	9
latter	9
instance	9
inn	9
informed	9
history	9
herself	9
help	9
heaven	9
happy	9
greeks	9
gone	9
getting	9
gain	9
forgotten	9
followed	9
follow	9
feelings	9
false	9
eye	9
explanation	9
excellent	9
evidently	9
everything	9
disposition	9
deeply	9
deemed	9
country	9
connected	9
confess	9
chamber	9
board	9
bed	9
because	9
avail	9
arrived	9
among	9
affected	9
advice	9
admitted	9
actions	9
wretch	8
worst	8
within	8
used	8
together	8
times	8
terms	8
suppose	8
sufficiently	8
sudden	8
stage	8
sleep	8
skim	8
singular	8
show	8
serious	8
sentence	8
saying	8
risk	8
residence	8
resentment	8
remaining	8
refused	8
recorder	8
recalled	8
pronounced	8
pressed	8
presence	8
pray	8
poor	8
particular	8
paris	8
observed	8
marked	8
lord	8
journey	8
itself	8
induce	8
indignation	8
honourable	8
habits	8
habit	8
grave	8
gallery	8
fell	8
experienced	8
experience	8
events	8
endeavoured	8
earth	8
doctor	8
distress	8
distinctly	8
different	8
decision	8
danger	8
convinced	8
conviction	8
contemplated	8
completely	8
cell	8
caused	8
cash	8
bright	8
body	8
belief	8
batter	8
attended	8
attend	8
approach	8
apartment	8
altered	8
allowed	8
air	8
accident	8
woman	7
week	7
violence	7
vehicle	7
usual	7
unexpectedly	7
things	7
ten	7
support	7
sufficient	7
subsequently	7
street	7
spoken	7
spirits	7
sound	7
sham	7
self	7
round	7
rise	7
returning	7
result	7
reproach	7
repose	7
reports	7
removed	7
reminded	7
relieved	7
regret	7
reflected	7
recommended	7
read	7
proceed	7
prayer	7
practice	7
pious	7
pause	7
parts	7
offence	7
occasionally	7
notice	7
news	7
named	7
mistress	7
manifested	7
line	7
lead	7
landlord	7
information	7
influence	7
induced	7
horse	7
h	7
ground	7
gratitude	7
giving	7
general	7
gaze	7
friendship	7
frequently	7
formed	7
foolish	7
finding	7
fellow	7
expression	7
expenses	7
evidence	7
entering	7
enjoyment	7
elapsed	7
easily	7
each	7
desire	7
demanded	7
declared	7
cried	7
conveyed	7
consideration	7
condemned	7
conceived	7
communicated	7
comfort	7
clerk	7
claimed	7
certain	7
cases	7
boy	7
blessed	7
betterton	7
base	7
attorney	7
ask	7
arrival	7
ardour	7
approached	7
alone	7
alarm	7
agitated	7
accompanied	7
absence	7
above	7
|arabic3digit|	6
worth	6
withdraw	6
whatever	6
weeks	6
weakness	6
want	6
visitor	6
versham	6
ventured	6
various	6
uttered	6
unfortunate	6
turning	6
thousand	6
talent	6
suspect	6
sunday	6
sum	6
suggested	6
strong	6
striking	6
strange	6
started	6
spare	6
soul	6
sorry	6
silence	6
sight	6
severe	6
seven	6
seeing	6
rose	6
road	6
ride	6
required	6
remember	6
regarded	6
recollection	6
ran	6
proposition	6
property	6
proceedings	6
prisoner	6
price	6
pretended	6
premium	6
pointed	6
pocket	6
petition	6
persuaded	6
perfect	6
per	6
party	6
parting	6
parent	6
ordered	6
occupied	6
notwithstanding	6
nonsense	6
misfortune	6
minutes	6
miles	6
merit	6
merely	6
meeting	6
meant	6
lately	6
judgement	6
joined	6
interview	6
interrupted	6
instantly	6
indulge	6
ill	6
ideas	6
hypocrite	6
husband	6
hoped	6
hold	6
hke	6
high	6
held	6
hearing	6
haver	6
ha	6
grounds	6
grand	6
generous	6
furnished	6
full	6
france	6
frame	6
founded	6
foot	6
firmness	6
finish	6
fear	6
favourable	6
favour	6
fallen	6
failed	6
facts	6
existence	6
excuse	6
exceedingly	6
ex	6
error	6
entitled	6
enjoyed	6
enabled	6
else	6
earnest	6
e	6
due	6
doomed	6
displayed	6
display	6
discover	6
disappointment	6
desperate	6
design	6
description	6
deportment	6
deny	6
deep	6
dead	6
cut	6
cry	6
contents	6
contempt	6
considerable	6
confirmed	6
concealed	6
conceal	6
complied	6
company	6
commissioners	6
close	6
broken	6
bringing	6
break	6
blood	6
beyond	6
benefit	6
behalf	6
attachment	6
astonishment	6
arms	6
appears	6
anguish	6
alluded	6
affair	6
advance	6
admit	6
accustomed	6
accompany	6
youthful	5
wrath	5
worthy	5
worse	5
worn	5
work	5
wonder	5
withdrawn	5
wild	5
walked	5
waiting	5
urged	5
unnecessary	5
union	5
unfrequently	5
unable	5
turnkey	5
taste	5
task	5
table	5
suspicions	5
supplied	5
superior	5
submit	5
struggle	5
strength	5
splendid	5
south	5
sort	5
somewhat	5
sin	5
similar	5
silently	5
silent	5
share	5
services	5
service	5
sensible	5
sense	5
send	5
selim	5
seldom	5
secure	5
second	5
scruple	5
scenes	5
scarcely	5
sad	5
romantic	5
reverend	5
resumed	5
restored	5
resolute	5
remove	5
remembered	5
remains	5
religion	5
relief	5
refuse	5
reached	5
quality	5
pursue	5
progress	5
produced	5
principal	5
prevented	5
press	5
presented	5
preparing	5
prejudice	5
preferred	5
possibly	5
pleasure	5
plan	5
peter	5
performed	5
pence	5
papers	5
organ	5
opportunities	5
office	5
occasions	5
observation	5
objection	5
note	5
necessity	5
minute	5
midnight	5
merited	5
mentally	5
meaning	5
master	5
makes	5
loyal	5
low	5
lover	5
lot	5
lose	5
looking	5
live	5
lingering	5
learning	5
laugh	5
laid	5
it's	5
invited	5
intention	5
instead	5
instances	5
inquiries	5
inquire	5
inmates	5
inference	5
indifference	5
inconvenience	5
impression	5
image	5
horror	5
hinted	5
happened	5
hanged	5
grateful	5
granted	5
government	5
gaoler	5
furnish	5
force	5
following	5
fled	5
fixed	5
filled	5
fears	5
fame	5
falsehood	5
express	5
explain	5
expense	5
expectation	5
enter	5
engaged	5
enable	5
eight	5
dying	5
dull	5
doubted	5
dismissed	5
dignity	5
detained	5
destiny	5
deserved	5
descended	5
deplorable	5
delight	5
debt	5
dear	5
deal	5
d	5
crown	5
credit	5
contemplating	5
consoling	5
considering	5
consequences	5
confidence	5
confessing	5
concerned	5
complain	5
compelled	5
communication	5
commenced	5
college	5
ceremony	5
capital	5
burst	5
brief	5
bestowed	5
benevolent	5
begged	5
bainbridge	5
avowed	5
ascertain	5
artifice	5
arrested	5
arm	5
allow	5
afforded	5
affliction	5
advised	5
addressed	5
address	5
add	5
action	5
acquainted	5
acquaintance	5
abode	5
able	5
abandon	5
'"	5
yield	4
writing	4
women	4
witness	4
wishes	4
window	4
willing	4
whispered	4
weary	4
war	4
voices	4
visits	4
verdict	4
utter	4
united	4
unhappy	4
undertook	4
turkish	4
trust	4
trumpeter	4
truly	4
trouble	4
treated	4
topics	4
tongue	4
tomorrow	4
thrown	4
thirty	4
terminated	4
tempted	4
tear	4
talked	4
supposing	4
sunk	4
suit	4
suicide	4
suffering	4
sufferer	4
suddenly	4
succeed	4
substance	4
subdued	4
studies	4
strove	4
step	4
start	4
stared	4
stand	4
spot	4
speedily	4
sought	4
sordid	4
solicitor	4
slightest	4
skull	4
sitting	4
sincerity	4
shop	4
shook	4
shame	4
shake	4
serve	4
servants	4
senses	4
sending	4
seized	4
seeking	4
secret	4
seat	4
science	4
scaffold	4
samuel	4
safe	4
rushed	4
rumpleton	4
ruin	4
robbers	4
rights	4
rich	4
retreat	4
retired	4
retire	4
reserved	4
reserve	4
request	4
reported	4
repelled	4
repeatedly	4
renounce	4
renew	4
rendered	4
remark	4
regard	4
reflections	4
reference	4
recovered	4
recall	4
reasonable	4
questions	4
questioned	4
puzzled	4
proofs	4
promise	4
procure	4
possession	4
possessed	4
possess	4
please	4
picture	4
persuade	4
personal	4
permission	4
perfectly	4
perceiving	4
pecuniary	4
passenger	4
passage	4
parliament	4
park	4
paper	4
painful	4
owner	4
ourselves	4
oppose	4
official	4
offering	4
offend	4
observe	4
objects	4
o'clock	4
nobody	4
newspapers	4
nearly	4
motive	4
months	4
mistake	4
metropolis	4
materially	4
mankind	4
manage	4
loyalty	4
lowered	4
lovely	4
lines	4
liberty	4
leaving	4
lamented	4
knows	4
king	4
keeping	4
k	4
justified	4
joy	4
jealousy	4
j	4
irons	4
iron	4
intrude	4
introduced	4
introduce	4
interesting	4
intended	4
innocence	4
injustice	4
injurious	4
inhabitants	4
influenced	4
inflicted	4
indulged	4
inclined	4
improper	4
impatient	4
immense	4
immediate	4
heavy	4
hearts	4
health	4
hastily	4
handed	4
guard	4
grow	4
grew	4
goes	4
godfrey	4
glass	4
george	4
gay	4
game	4
gained	4
french	4
free	4
frankness	4
fortitude	4
forced	4
fond	4
floor	4
fit	4
figure	4
fifteen	4
fetters	4
fearful	4
father-in-law	4
exultation	4
exposure	4
explanations	4
explained	4
exertions	4
examined	4
esteem	4
errors	4
energy	4
encountered	4
embarrassment	4
eloquence	4
either	4
efforts	4
effected	4
earthly	4
earnestly	4
eagerness	4
eager	4
dwell	4
dreadful	4
drawing	4
domestic	4
disturbed	4
distinguished	4
distant	4
dismiss	4
dismal	4
disinterested	4
disgust	4
disguise	4
disgrace	4
disclosure	4
dinner	4
difficulty	4
died	4
devotion	4
desirous	4
designate	4
departure	4
denied	4
dejected	4
decline	4
decided	4
decide	4
decay	4
darkness	4
dark	4
daring	4
curiosity	4
cruel	4
crowd	4
crimes	4
cover	4
court	4
countenance	4
costs	4
correct	4
convicted	4
contrary	4
content	4
constitution	4
conspicuous	4
consolation	4
considerations	4
conscious	4
connexions	4
conducted	4
condescension	4
condemnation	4
concern	4
companions	4
command	4
cold	4
clutch	4
clock	4
classic	4
church	4
charged	4
chapel	4
ceased	4
cast	4
buy	4
burning	4
brutal	4
breathe	4
brave	4
bosom	4
boast	4
blow	4
blamed	4
bill	4
betrayed	4
benevolence	4
bench	4
baseness	4
b	4
awkward	4
awe	4
avenue	4
attentions	4
assisted	4
assist	4
asking	4
ashamed	4
ascertained	4
apply	4
appealed	4
apparent	4
anticipated	4
annoyance	4
announcement	4
ample	4
ambition	4
amazement	4
alarmed	4
agreed	4
afraid	4
afford	4
affections	4
affect	4
admonitions	4
acting	4
accused	4
accusation	4
according	4
absolutely	4
absent	4
abandoned	4
.''	4
yours	3
written	3
won't	3
won	3
woe	3
witnesses	3
witnessed	3
withdrew	3
willoughby	3
white	3
welfare	3
weight	3
wednesday	3
weapon	3
wants	3
walking	3
wages	3
volley	3
visiting	3
virtue	3
violent	3
vindicate	3
views	3
vice	3
vengeance	3
vast	3
varied	3
vanished	3
uttering	3
useless	3
unwise	3
unreasonable	3
unless	3
unknown	3
unfavourable	3
undervalue	3
unavailing	3
tuesday	3
try	3
tremble	3
treat	3
travel	3
transferred	3
tower	3
tolerably	3
toil	3
tis	3
throwing	3
threw	3
threatened	3
threat	3
thoroughly	3
thither	3
thinking	3
theme	3
thanks	3
testify	3
terror	3
tenderness	3
tender	3
tedious	3
sustained	3
suspicious	3
sun	3
suffice	3
sufferings	3
subterfuges	3
strongly	3
string	3
storm	3
stepped	3
stating	3
startled	3
standing	3
stairs	3
st	3
spelled	3
speaking	3
son	3
slowly	3
slow	3
slave	3
skinflint	3
six	3
sinner	3
singularly	3
single	3
singing	3
sincerely	3
signified	3
sighed	3
sigh	3
shrieks	3
shot	3
shortly	3
shoes	3
sex	3
severity	3
severer	3
settle	3
sermons	3
seriously	3
separation	3
sentiments	3
sentiment	3
sensation	3
sell	3
seems	3
secured	3
scripture	3
scrip	3
scorn	3
saved	3
satisfy	3
sat	3
sadly	3
rob	3
ring	3
ridiculous	3
respectability	3
resolve	3
resignation	3
require	3
reproved	3
reproaches	3
reproached	3
renewed	3
render	3
remorse	3
remarks	3
remarking	3
remarkable	3
relieve	3
rejoined	3
regular	3
regained	3
reduced	3
recognise	3
receiving	3
reasons	3
reading	3
re	3
rate	3
randall	3
rage	3
quitted	3
quit	3
quarter	3
purchase	3
published	3
prospects	3
proof	3
promptly	3
prolong	3
profound	3
professional	3
prize	3
pride	3
pretty	3
presently	3
prepare	3
preceding	3
praying	3
praise	3
powers	3
poverty	3
pouring	3
pound	3
portion	3
police	3
pointing	3
pocketbook	3
pleasures	3
plain	3
piece	3
pictured	3
phrenology	3
philanthropist	3
permitted	3
permit	3
perished	3
perfidious	3
people	3
penalty	3
peculiar	3
peace	3
pathetic	3
passing	3
partly	3
particularly	3
parents	3
pardon	3
oppressed	3
opposite	3
opened	3
officers	3
offended	3
occur	3
occupation	3
obliged	3
numerous	3
notes	3
noise	3
nightfall	3
nice	3
neighbourhood	3
neck	3
naturally	3
narrative	3
napoli	3
n	3
move	3
mournful	3
mourned	3
motives	3
mortification	3
morea	3
month	3
momentary	3
moderate	3
miss	3
ministers	3
ment	3
members	3
mature	3
marriage	3
mark	3
mare	3
mansion	3
mail	3
magpie	3
losing	3
lofty	3
lived	3
likewise	3
lie	3
libel	3
letters	3
legs	3
leading	3
lawn	3
land	3
knowing	3
keep	3
justify	3
jury	3
jealous	3
interested	3
intercourse	3
integrity	3
instant	3
inspired	3
insisted	3
inside	3
innkeeper	3
inhabitant	3
inform	3
infinite	3
individuals	3
indignant	3
independence	3
income	3
incapable	3
improvement	3
impressive	3
imposed	3
impetuously	3
imagine	3
imagination	3
idle	3
hypocrisy	3
hy	3
hurt	3
humour	3
humble	3
horrid	3
hit	3
hint	3
highly	3
hesitation	3
hers	3
hero	3
harsh	3
hardship	3
hard	3
handsome	3
greek	3
greatly	3
gratified	3
gloomy	3
giddy	3
gentlemen	3
genius	3
generosity	3
gate	3
g	3
fully	3
freedom	3
fraud	3
frantic	3
forwarded	3
forthwith	3
formidable	3
forgot	3
forgive	3
fool	3
follows	3
flattering	3
flat	3
fix	3
fire	3
finely	3
final	3
fifty	3
fiercely	3
feared	3
farthing	3
fancied	3
family	3
faint	3
failure	3
f	3
extremely	3
extravagant	3
extend	3
expedition	3
exhibition	3
exhibited	3
exerted	3
exercise	3
executed	3
excused	3
exclamations	3
excited	3
excellence	3
exact	3
everlasting	3
eventually	3
established	3
establish	3
escaped	3
entertain	3
enjoyments	3
enemy	3
emotion	3
elegant	3
effectually	3
effects	3
education	3
edifice	3
ears	3
earlier	3
drop	3
driver	3
drink	3
dress	3
dozen	3
doubts	3
don't	3
divine	3
disturb	3
distinguish	3
distance	3
dissipation	3
displeasure	3
displeased	3
dismay	3
discovering	3
discount	3
disclose	3
disappointed	3
difficulties	3
devoted	3
detain	3
destined	3
desiring	3
designed	3
describe	3
derive	3
deprived	3
depend	3
demand	3
delay	3
degrade	3
defence	3
dared	3
daily	3
dagger	3
cursed	3
curious	3
courage	3
cost	3
corner	3
convulsed	3
conversations	3
contributed	3
continues	3
continue	3
constant	3
consoled	3
consented	3
conscience	3
connexion	3
conjured	3
confide	3
confession	3
condemn	3
concluded	3
concealment	3
comprehend	3
communicate	3
commonplace	3
coldness	3
coat	3
coachman	3
clung	3
chiswell	3
charms	3
charles	3
cells	3
cautioned	3
carry	3
carriage	3
careless	3
carefully	3
cared	3
calm	3
calculate	3
calamity	3
burglar	3
brilliant	3
breakfast	3
brandy	3
bowed	3
bound	3
blessing	3
blame	3
bitterness	3
bid	3
bible	3
bestowing	3
beneath	3
belonged	3
bell	3
beings	3
behind	3
beg	3
becoming	3
bay	3
bad	3
aye	3
aware	3
avow	3
avoided	3
avoid	3
avarice	3
availed	3
audacity	3
auctioneer	3
attire	3
attempting	3
attack	3
attached	3
attach	3
astonished	3
assurance	3
assumed	3
assented	3
assailed	3
aspect	3
aside	3
ascend	3
arrangement	3
argument	3
applied	3
applause	3
appeal	3
announce	3
annihilate	3
animal	3
aloud	3
almighty	3
alive	3
aimed	3
agitation	3
agents	3
afflicted	3
affecting	3
affairs	3
advising	3
advantages	3
adopted	3
adopt	3
additional	3
acutely	3
across	3
acquitted	3
acknowledge	3
accomplished	3
accept	3
abruptly	3
abated	3
/	3
•	2
|arabic5+digit|	2
|arabic2digit|	2
zealously	2
zealous	2
zeal	2
yielding	2
year	2
wrote	2
wronged	2
writers	2
write	2
wretchedness	2
wounded	2
wound	2
worship	2
works	2
wore	2
wonders	2
wondered	2
wives	2
witticisms	2
witnessing	2
wit	2
wise	2
winter	2
wildly	2
wig	2
whoever	2
whither	2
whispers	2
whisper	2
whence	2
weep	2
wear	2
weak	2
watched	2
waste	2
warned	2
warmth	2
warm	2
wanting	2
wands	2
wanderings	2
wandering	2
wand	2
waiter	2
wait	2
vy	2
vvhich	2
vows	2
vivacity	2
visitors	2
vision	2
vindicated	2
villainous	2
village	2
victims	2
victim	2
venture	2
vehemently	2
vastly	2
variety	2
variance	2
utterly	2
upstairs	2
uppermost	2
unworthy	2
unwilling	2
unwearied	2
unutterable	2
untimely	2
unspeakable	2
unprepared	2
unpopular	2
unmoved	2
unmanly	2
unlooked-for	2
unkind	2
unjustly	2
unjust	2
unhappily	2
unfit	2
unfeeling	2
unexpected	2
undertaking	2
twice	2
twelve	2
turret	2
turnkeys	2
trusted	2
trifle	2
trickery	2
tremendous	2
trembled	2
treasure	2
transportation	2
transition	2
transgressions	2
transfer	2
tranquillity	2
tranquil	2
tragical	2
tracey	2
touching	2
touch	2
tortures	2
tortured	2
topic	2
tonight	2
tidings	2
ticket	2
throw	2
throne	2
throat	2
thread	2
third	2
thino	2
thin	2
thieves	2
thief	2
thence	2
theatrical	2
thanked	2
th	2
testified	2
terminate	2
termed	2
tends	2
temper	2
telling	2
taught	2
talents	2
tale	2
swindling	2
swelled	2
sweetest	2
sustain	2
surrounded	2
surmise	2
supposition	2
supply	2
supper	2
supercilious	2
sunny	2
summer	2
suited	2
sufferers	2
succeeding	2
subscribe	2
sublime	2
subjects	2
subjected	2
subdue	2
style	2
study	2
stronger	2
strike	2
strict	2
stranger	2
straight	2
storms	2
stopped	2
sternly	2
stern	2
stepping	2
steadfast	2
stayed	2
stay	2
station	2
stare	2
split	2
spiritual	2
spike	2
spectators	2
spared	2
sounds	2
sounded	2
sorrows	2
soothing	2
sooner	2
sons	2
somewhere	2
solicited	2
sold	2
smile	2
smaller	2
slight	2
skill	2
sit	2
sinning	2
sinned	2
sinking	2
signify	2
shy	2
shut	2
shrunk	2
shrink	2
shrewd	2
showing	2
short-lived	2
shocks	2
shock	2
ship	2
shift	2
shed	2
shares	2
shaking	2
settled	2
setting	2
servant	2
serenely	2
sequel	2
separated	2
separate	2
sensations	2
securities	2
securing	2
secretly	2
scrupled	2
scotch	2
schemes	2
scheme	2
saving	2
satisfactory	2
sanguine	2
salvation	2
sale	2
safety	2
safely	2
sadness	2
sacrifice	2
s	2
ruffled	2
ruffians	2
row	2
rosaua	2
rosa	2
rope	2
robbery	2
risen	2
revolution	2
reverence	2
retain	2
restless	2
rested	2
respite	2
respecting	2
resorted	2
resistance	2
resign	2
resided	2
resented	2
resemble	2
requite	2
requesting	2
reputation	2
reprobate	2
reproachfully	2
represented	2
reporters	2
repent	2
repel	2
repeating	2
repeat	2
repair	2
rent	2
remote	2
remembering	2
remarkably	2
reluctant	2
reluctance	2
religious	2
relatives	2
relative	2
relations	2
relation	2
regulated	2
regretted	2
refusing	2
reformer	2
reflect	2
referring	2
recommends	2
recollections	2
recognition	2
recesses	2
realising	2
realised	2
rational	2
rashness	2
rarely	2
raising	2
rain	2
racked	2
r	2
questioning	2
qualities	2
pursuits	2
pursuit	2
pursued	2
pursuance	2
purposes	2
pulpit	2
publish	2
publicly	2
prudent	2
prudence	2
provide	2
proves	2
prospect	2
prosecution	2
prosecuted	2
prosecute	2
propriety	2
pronouncing	2
prompted	2
prompt	2
promote	2
promenade	2
profligate	2
profits	2
proffered	2
professed	2
prodigiously	2
prodigious	2
procured	2
proceeding	2
probably	2
privileges	2
privilege	2
print	2
principles	2
principle	2
prevailed	2
prevail	2
pretensions	2
presumed	2
pressing	2
preparations	2
prefer	2
praises	2
powerful	2
potatoes	2
post-chaise	2
positive	2
popular	2
polite	2
poet	2
plenty	2
pledge	2
pleasing	2
pleaded	2
playing	2
play	2
plausible	2
plate	2
plans	2
pitied	2
piety	2
pie	2
phrase	2
persuasion	2
persevered	2
perplexed	2
perish	2
performance	2
percent	2
peculiarities	2
payment	2
paying	2
paused	2
patron	2
patients	2
patience	2
path	2
past	2
passes	2
partner	2
parson	2
paramour	2
par	2
palate	2
palace	2
pair	2
painted	2
pains	2
paced	2
owned	2
owed	2
outside	2
ornament	2
original	2
oration	2
opposition	2
opposed	2
operation	2
open	2
omitting	2
officer	2
offending	2
offenders	2
occasioned	2
occasional	2
obviously	2
obtaining	2
observing	2
objections	2
objected	2
oath	2
numbered	2
nourishing	2
noticed	2
noble	2
nine	2
neither	2
needs	2
nation	2
narrow	2
naples	2
names	2
mysterious	2
mutton	2
music	2
murderous	2
murderer	2
munificence	2
moving	2
mouth	2
mourning	2
mournfully	2
mood	2
monstrous	2
monday	2
moderately	2
mode	2
mitigated	2
misgivings	2
misconceptions	2
mirth	2
minister	2
mingled	2
minds	2
milliner	2
mildness	2
messenger	2
merciful	2
mentioning	2
menaces	2
mediocrity	2
medical	2
meat	2
maxwell	2
maturity	2
materials	2
manners	2
managed	2
malta	2
malicious	2
malice	2
majesty	2
magnificent	2
magnificence	2
mad	2
machine	2
m.p	2
m	2
luxury	2
lust	2
loved	2
lottery	2
loquacious	2
looks	2
lonely	2
lodge	2
literature	2
list	2
lips	2
limbs	2
likened	2
lia	2
levity	2
legal	2
leg	2
leads	2
lay	2
lavished	2
laughter	2
laughing	2
laughed	2
lauding	2
latent	2
lasting	2
largely	2
large	2
landing	2
lament	2
lake	2
ladies	2
lad	2
labourers	2
knife	2
knees	2
kindly	2
killed	2
kept	2
keeper	2
judges	2
judged	2
joys	2
journal	2
joining	2
join	2
jobbing	2
jack	2
item	2
issue	2
involuntary	2
invoked	2
inviting	2
intimation	2
intimate	2
intimacy	2
interviews	2
interruption	2
interference	2
interfered	2
interfere	2
instrument	2
instruct	2
inspiring	2
insignificance	2
insert	2
insensible	2
innocent	2
inmate	2
injury	2
inhabits	2
ingenuity	2
ingenious	2
infinitely	2
infant	2
infamy	2
industry	2
indulging	2
indicated	2
indented	2
increased	2
increase	2
inconsequence	2
inclination	2
inaccurately	2
impute	2
impudence	2
improved	2
improbable	2
implored	2
impetuosity	2
impatiently	2
impatience	2
immortal	2
illegitimate	2
ignorant	2
ignominious	2
identify	2
hut	2
humiliation	2
hotel	2
host	2
horses	2
horrors	2
horrible	2
hopeless	2
honours	2
honoured	2
honest	2
holding	2
holders	2
holder	2
heroes	2
hereafter	2
hence	2
heiress	2
heads	2
havershani	2
haversham^s	2
hath	2
hateful	2
hastened	2
harshness	2
happier	2
happening	2
hangers	2
halters	2
halfpenny	2
hackney	2
guinea	2
guiltless	2
guess	2
groan	2
gratify	2
gratification	2
grasp	2
grant	2
graciously	2
governor	2
godlike	2
glowing	2
glow	2
glorious	2
gloom	2
girl	2
garment	2
gallant	2
gains	2
fruits	2
frightfully	2
frightful	2
friendships	2
friendly	2
frank	2
four	2
forwards	2
forty	2
fortunate	2
fortnight	2
fortify	2
forthcoming	2
forgiveness	2
forgetting	2
forgetful	2
forgery	2
forcibly	2
forbearance	2
fondness	2
foiled	2
flow	2
flattered	2
flatter	2
firm	2
fired	2
finished	2
fifth	2
fiery	2
feverish	2
fever	2
feet	2
feels	2
feeble	2
fearfully	2
favoured	2
fast	2
farewell	2
fare	2
fancy	2
fanciful	2
faltered	2
falling	2
fainted	2
fain	2
failing	2
fail	2
faculties	2
faces	2
eyelid	2
eyebrows	2
exulted	2
extreme	2
extensive	2
expressive	2
exposed	2
expedients	2
expedient	2
expediency	2
exhorting	2
exhortations	2
exhibit	2
excursion	2
exclamation	2
exclaiming	2
exception	2
exceeded	2
evident	2
eulogium	2
eternity	2
esteemed	2
essential	2
especially	2
errand	2
equal	2
envy	2
entreated	2
entire	2
enouo	2
enjoy	2
english	2
engage	2
enforced	2
energies	2
endurance	2
endowed	2
endeavour	2
encouraged	2
encounter	2
employing	2
emphasis	2
eminent	2
ements	2
embrace	2
embarrassed	2
eloquent	2
effort	2
editor	2
ed	2
economy	2
eat	2
dutiful	2
duration	2
dupe	2
duly	2
dry	2
drowned	2
dropped	2
drive	2
dreadfully	2
dreaded	2
dread	2
draw	2
dragged	2
downstairs	2
doubtful	2
doom	2
doings	2
does	2
documents	2
divide	2
disturbance	2
distinctions	2
dissipated	2
displaying	2
disparagingly	2
disordered	2
disdain	2
discovery	2
disclosures	2
discernment	2
discerned	2
directly	2
directions	2
diminished	2
dictated	2
dictate	2
devotions	2
developed	2
determination	2
details	2
destruction	2
destroyed	2
destitute	2
despair	2
deserves	2
derived	2
derision	2
depressed	2
depravity	2
deplored	2
depended	2
demonstration	2
delusion	2
delirious	2
delightful	2
delicate	2
degrees	2
deferred	2
defending	2
defended	2
defend	2
defect	2
deepest	2
deem	2
declined	2
declaring	2
decidedly	2
deceived	2
deceive	2
de	2
date	2
customhouse	2
curse	2
culpable	2
cruelty	2
crossed	2
cross	2
create	2
craved	2
crave	2
courtesy	2
couple	2
countries	2
council	2
cotton	2
costume	2
corpse	2
cordial	2
convince	2
conveyance	2
convey	2
converted	2
contrived	2
contrast	2
continuing	2
continent	2
contest	2
contemptible	2
constitutions	2
constitutional	2
constantly	2
console	2
consolations	2
considerably	2
connecting	2
conjecture	2
condescending	2
condemning	2
conclusion	2
concerns	2
composure	2
compliance	2
completion	2
completed	2
complete	2
compared	2
comparatively	2
communicating	2
commit	2
commended	2
comfortable	2
comes	2
collected	2
clouds	2
closing	2
closely	2
cloisters	2
clergyman	2
clemency	2
clear	2
clasped	2
clanking	2
civil	2
city	2
circle	2
chop	2
choose	2
checked	2
cheat	2
chateau	2
charity	2
chariot	2
changes	2
challenge	2
centre	2
censure	2
celebrity	2
causes	2
cat	2
carving	2
carrying	2
caresses	2
career	2
capitally	2
capable	2
candle	2
can't	2
calumnies	2
calling	2
calculation	2
calculating	2
calculated	2
buying	2
brentford	2
bread	2
bravado	2
branch	2
boundless	2
bounded	2
boardinghouse	2
blooming	2
block	2
bliss	2
bless	2
black	2
bitterly	2
bitterest	2
bitter	2
birth	2
beware	2
bestow	2
beside	2
below	2
beloved	2
belonging	2
belong	2
behold	2
begun	2
begging	2
befallen	2
bearing	2
bargain	2
banquet	2
bailey	2
baffled	2
badly	2
backwards	2
baboon	2
awarded	2
awake	2
await	2
avowing	2
availing	2
authorised	2
augmented	2
attraction	2
attendance	2
attacked	2
attaching	2
atrocity	2
astonishing	2
assure	2
assembled	2
assailant	2
assail	2
asperity	2
asleep	2
ascribed	2
article	2
arriving	2
arranged	2
approve	2
appreciated	2
appearing	2
apparently	2
aperture	2
anxiously	2
answers	2
annoyed	2
angrily	2
angel	2
amount	2
america	2
alternately	2
alteration	2
along	2
alluding	2
allowing	2
alderton	2
alas	2
ainst	2
agreeably	2
aggravation	2
aggravated	2
aged	2
ag	2
affronted	2
affluence	2
affirmative	2
affectionate	2
advocate	2
advise	2
adventure	2
advantage	2
admire	2
administration	2
adieu	2
adhere	2
actually	2
acquisitiveness	2
acknowledgment	2
acknowledged	2
accurate	2
accumulate	2
accounted	2
accost	2
accommodation	2
accidentally	2
abundance	2
abstained	2
abstain	2
abhorrence	2
^'	2
'^	2
•*	1
•'*	1
•'	1
yields	1
yielded	1
yells	1
yard	1
y	1
xot	1
xa.t	1
xa.nd	1
wrought	1
writhing	1
writhe	1
writer	1
wr^ched	1
wounding	1
worthless	1
worthiness	1
worried	1
workmen	1
worked	1
wonted	1
wondering	1
wonderfully	1
wonderful	1
withdraws	1
withdrawing	1
withal	1
wishing	1
wisdom	1
wipe	1
winds	1
windpipe	1
win	1
willingly	1
willed	1
wildness	1
wicked	1
whora	1
wholesale	1
whir	1
whipped	1
whenever	1
wheeled	1
wheel	1
whafe	1
western	1
west	1
weltering	1
welltrv	1
welcome	1
weather	1
weariness	1
wearer	1
wealthy	1
weaknesses	1
weakly	1
wdis	1
wayward	1
wavering	1
waved	1
wav	1
watts	1
watson	1
watching	1
watch	1
wastly	1
warrant	1
warnings	1
warn	1
warmest	1
ward	1
warble	1
wandered	1
wander	1
walls	1
wall	1
walks	1
walkino	1
wales	1
waiving	1
waived	1
vyith	1
vviiting	1
vv^ith	1
vv^hat	1
vulgar	1
voyage	1
vow	1
volunteered	1
volume	1
vociferated	1
vivid	1
visibly	1
visible	1
visage	1
virtuously	1
virtues	1
violently	1
vindication	1
villain	1
vilest	1
vigour	1
vigorous	1
vigilantly	1
victualler	1
vicinity	1
vexation	1
vex	1
vew	1
veterinary	1
vessel	1
versailles	1
vered	1
verb	1
venty	1
vent	1
venom	1
vengeful	1
venerable	1
velvet	1
veiling	1
vegetables	1
ve	1
vasto	1
vas	1
valued	1
valuable	1
vain^that	1
utterance	1
usually	1
ushered	1
urging	1
upside	1
upraised	1
uplifted	1
unwieldy	1
unwelcome	1
unusually	1
untied	1
unsubstantial	1
unsparingly	1
unsparing	1
unsought	1
unsettled	1
unseen	1
unseasonable	1
unsatisfactory	1
unresolved	1
unpardonable	1
unoccupied	1
unnecessarily	1
unmerited	1
unmeaning	1
unlucky	1
unlocked	1
unlikely	1
unlike	1
unkennelled	1
unjustifiable	1
universities	1
universal	1
uninfluenced	1
unimportant	1
unhoped-for	1
unhoped	1
unhesitatingly	1
unheard	1
ungrateful	1
ungenerous	1
unfriendly	1
unfeigned	1
unfeelingly	1
unexampled	1
uneasiness	1
undue	1
undress	1
undoubtedly	1
undignified	1
undervalued	1
undertakes	1
undecided	1
undeceived	1
undeceive	1
uncontradicted	1
unconsciously	1
unconscious	1
unconquerable	1
unconciliating	1
unclosed	1
unclaimed	1
unchanged	1
unbur	1
unbounded	1
unattended	1
unaffected	1
unaccountable	1
unaccompanied	1
unabated	1
un	1
ultimately	1
uke	1
u	1
tyrant	1
tyranny	1
tyrannical	1
twitted	1
twinkled	1
twinge	1
twas	1
tvjo	1
turrets	1
turnino	1
turncoat	1
tunity	1
tumult	1
tuation	1
ttiis	1
tt	1
trying	1
trunk	1
trumpet	1
trumpery	1
troy	1
trousers	1
troubling	1
troubled	1
trophies	1
trivial	1
triumphantly	1
triumph	1
trifling	1
tricks	1
trick	1
tribunal	1
trianon	1
trespassing	1
trembling	1
trees	1
treatment	1
treasures	1
treasonable	1
treason	1
treachery	1
travelling	1
traveller	1
transports	1
transpired	1
transmit	1
transient	1
transgression	1
transactions	1
tranquiuised	1
trampled	1
tragic	1
tradesmen	1
trader	1
trade	1
tracing	1
traced	1
trace	1
towel	1
toward	1
tough	1
touched	1
total	1
tory	1
torrents	1
torn	1
torchlight	1
torch	1
tor	1
tolled	1
toleration	1
tolerated	1
tolerable	1
today	1
tny	1
tkose	1
tion	1
tint	1
timher	1
tiiey	1
tight	1
tiful	1
ties	1
tied	1
tide	1
tickets	1
thwart	1
thurtell	1
thunderstruck	1
thunderer	1
thunderbolt	1
thrust	1
throughout	1
throbbing	1
thrilled	1
thrill	1
thraldom	1
thousands	1
thouo'ht	1
thoughtless	1
thoug	1
thou	1
thorough	1
thistlewood	1
thinks	1
thermopylae	1
thereupon	1
thened	1
thenceforward	1
theatre	1
thanking	1
thank	1
thames	1
texts	1
tery	1
terrified	1
term	1
terested	1
tenses	1
tenderly	1
tended	1
tend	1
tempting	1
tempt	1
temporarily	1
tempered	1
temperate	1
tells	1
teen	1
tearful	1
teaching	1
teachers	1
teach	1
taunts	1
tasted	1
tasking	1
tart	1
tantalising	1
talking	1
talk	1
tales	1
tailed	1
ta	1
t'lat	1
sympathetic	1
swooning	1
swindled	1
swimmingly	1
swiftly	1
swelling	1
swell	1
sweeter	1
sweet	1
swear	1
sways	1
swallowed	1
suspiciously	1
suspense	1
suspended	1
suspecting	1
sus	1
surrendered	1
surprising	1
surmised	1
surly	1
surgeon	1
surely	1
supporters	1
suppliants	1
superintending	1
sung	1
sundry	1
sundays	1
sums	1
summing	1
sullenly	1
sullen	1
sulky	1
suite	1
suggestions	1
suggest	1
sug	1
sue	1
successively	1
successfully	1
succeeds	1
substituting	1
subscription	1
subscribed	1
submitted	1
submission	1
suavity	1
stupid	1
stupendously	1
stumble	1
studiously	1
studious	1
studied	1
stubbornness	1
stubble	1
strutting	1
strife	1
strictness	1
stricken	1
strengthened	1
streets	1
strangers	1
strangely	1
strand	1
strained	1
strain	1
straightened	1
stories	1
stoppage	1
stooped	1
stoop	1
stool	1
stole	1
stirring	1
stir	1
stinging	1
stimulate	1
stiff	1
stick	1
sti^ong	1
sternness	1
steam	1
steady	1
steadfastly	1
staying	1
staunch	1
stature	1
statues	1
stationed	1
statements	1
startling	1
staring	1
stao	1
stamped	1
stammer	1
stalking	1
stalked	1
stalk	1
stale	1
stake	1
staircase	1
stained	1
stain	1
staggered	1
stages	1
staffordshire	1
spy	1
sprung	1
springing	1
spring	1
spreading	1
spread	1
sprats	1
sprang	1
sportively	1
spoil	1
spite	1
spirited	1
spider	1
spice	1
spent	1
speechless	1
sped	1
speculators	1
speculations	1
speculation	1
spectre	1
spectacle	1
speck	1
specified	1
specifications	1
special	1
sparks	1
sparkling	1
sparingly	1
sparing	1
spacious	1
sovereign	1
southwark	1
southeast	1
source	1
sour	1
souls	1
sore	1
sor	1
soothed	1
sooth	1
soonjind	1
songs	1
son-in-law	1
somethins	1
somehow	1
somebody	1
solved	1
solution	1
solus	1
solitude	1
soliloquy	1
solid	1
solicitous	1
solemnly	1
solemnity	1
solely	1
sole	1
soil	1
social	1
sociable	1
sobs	1
sober	1
sobbing	1
sob	1
snufers	1
snivelhng	1
sneezed	1
sneeze	1
sneeringly	1
snatched	1
snare	1
snapped	1
smuggling	1
smothered	1
smiling	1
smiles	1
smiled	1
sly	1
slumbers	1
slumber	1
slippers	1
slept	1
sleepy	1
sleepless	1
slaughter	1
slanders	1
sky	1
skulking	1
skirts	1
skies	1
sixty	1
sixpennyworth	1
sixpence	1
sinister	1
singer	1
simply	1
simple	1
silvered	1
signs	1
signification	1
significant	1
sign	1
sighs	1
sides	1
siderable	1
sickness	1
sickening	1
si	1
shutting	1
shunned	1
shun	1
shuddering	1
shrug	1
shrubs	1
shriekings	1
shown	1
showed	1
shove	1
shoulders	1
shots	1
shorthand	1
shohted	1
shocked	1
shine	1
shilling	1
shil	1
sheridan	1
shedding	1
sharper	1
shape	1
shaken	1
shafts	1
shadow	1
shabby	1
sexes	1
severely	1
severed	1
sever	1
seum	1
serving	1
served	1
seraph	1
sepulchre	1
sentences	1
sentenced	1
sensuality	1
sensual	1
sensibly	1
sensibility	1
seniors	1
selling	1
seller	1
selhng	1
selfish	1
self-love	1
self-denial	1
seemingly	1
seeming	1
seeks	1
sedate	1
security	1
securely	1
secretary	1
secrecy	1
seconds	1
secondhand	1
seclusion	1
seated	1
season	1
searcher	1
sealing	1
sealed	1
sea	1
scrutiny	1
screened	1
screen	1
scream	1
scratch	1
scraps	1
scraped	1
scragging	1
scrag	1
scowl	1
scoundrel	1
scotland	1
scorning	1
scornful	1
scorner	1
scientific	1
scam	1
scale	1
sauntering	1
saucy	1
satisfying	1
satisfactorily	1
satirists	1
satirical	1
sap	1
sand	1
samples	1
sample	1
samaritan	1
salutary	1
saloon	1
sales	1
sailing	1
sailed	1
sagaciously	1
sacrificing	1
sacrificed	1
sacred	1
sacrament	1
rushing	1
rush	1
rung	1
rumour	1
ruminating	1
rumbling	1
ruined	1
ruffian	1
rudeness	1
rude	1
rub	1
rtmarkahly	1
royalty	1
rows	1
roundly	1
rosy	1
rosaha	1
ropes	1
romantically	1
romania	1
romance	1
rolled	1
roguery	1
rock	1
roads	1
rne	1
rivets	1
rival	1
ringlets	1
rigmarole	1
rigidly	1
rightly	1
rigging	1
riding	1
ridiculously	1
rid	1
richly	1
richest	1
ri^ht	1
reward	1
revulsion	1
revolt	1
revived	1
review	1
reveuing	1
revert	1
reverse	1
reverberated	1
revenue	1
revenge	1
revel	1
retreating	1
retrace	1
retiring	1
retirement	1
resume	1
resulted	1
resting	1
respectfully	1
respected	1
resolutely	1
resistless	1
resisting	1
resist	1
resigned	1
resident	1
reside	1
resemblances	1
requiting	1
requited	1
requisite	1
requested	1
reputed	1
republic	1
reproving	1
reproof	1
reprieves	1
reprieve	1
repressed	1
repress	1
represent	1
reposed	1
repined	1
repetition	1
repairs	1
repaired	1
repaid	1
renders	1
remunerate	1
removing	1
removal	1
remonstrances	1
remonstrance	1
remit	1
reminiscences	1
remind	1
remedy	1
rely	1
relish	1
relic	1
release	1
relating	1
related	1
rejoin	1
rejoices	1
rejoiced	1
reiterated	1
reimburse	1
rehearsed	1
regulation	1
regretting	1
regrets	1
regal	1
refutation	1
refuseu	1
refusal	1
refuge	1
refreshed	1
refrain	1
reflecting	1
referred	1
reechoed	1
redeem	1
red	1
rectory	1
rector	1
rectitude	1
recover	1
recounts	1
recounted	1
recount	1
record	1
recoocnised	1
recoo	1
reconcile	1
recommending	1
recommendation	1
recommend	1
recollected	1
recollect	1
reclined	1
reclaimed	1
reckless	1
reciting	1
recitation	1
recital	1
reception	1
receptacle	1
recently	1
recent	1
recede	1
recapitulation	1
recalling	1
recailed^	1
rebukes	1
rebuke	1
reasoning	1
reasoner	1
rear	1
reality	1
readily	1
reader	1
rays	1
raved	1
rashly	1
rash	1
rare	1
rapture	1
rappee	1
rapidly	1
rapidity	1
rapid	1
rapacity	1
ranks	1
ranked	1
rally	1
raise	1
rainy	1
rae	1
radishes	1
radical	1
raceful	1
race	1
rabble	1
quoting	1
quoted	1
quatorze	1
quarters	1
quarrelsome	1
quarrelling	1
quacks	1
pusillanimity	1
pursues	1
pursuer	1
pursed	1
purse	1
purposely	1
purported	1
purely	1
purchasing	1
purchased	1
punishments	1
punish	1
pump	1
pulling	1
pull	1
pugatshef	1
puffing	1
puff	1
publication	1
public-house	1
pry	1
prudently	1
provoked	1
provoke	1
proving	1
providentially	1
provided	1
proudly	1
proud	1
protracted	1
protract	1
protestations	1
protector	1
protection	1
protect	1
prospectus	1
prosecutions	1
proscribed	1
proprietor	1
proprie	1
proportions	1
proportion	1
propitiate	1
properly	1
propensities	1
pronounce	1
pronged	1
promenading	1
promenaded	1
prolonged	1
project	1
progeriitiveness	1
profusion	1
profoundly	1
profiting	1
profited	1
proffer	1
professor	1
professionally	1
profession	1
productions	1
produce	1
proclaimed	1
proclaim	1
proceeds	1
probity	1
probable	1
probability	1
prizes	1
privy	1
privately	1
private	1
prisons	1
previous	1
pretexts	1
pretext	1
pretension	1
pretending	1
pretender	1
pretend	1
pretence	1
preside	1
preserved	1
prescriptions	1
prescription	1
preparation	1
premeditation	1
premeditated	1
premature	1
prejudices	1
pregnant	1
preferring	1
preference	1
preface	1
predicament	1
precludes	1
precluded	1
precipitation	1
precipitate	1
preceded	1
precaution	1
precarious	1
preach	1
prayed	1
prates	1
practitioner	1
practises	1
practised	1
powerfully	1
powdered	1
powder	1
pothooks	1
potent	1
posture	1
post	1
possibility	1
positively	1
posi	1
portmanteau	1
porter	1
pooh	1
pomp	1
politics	1
political	1
policy	1
poker	1
points	1
pointer	1
poetry	1
poetically	1
pockets	1
poachers	1
po	1
plymouth	1
plunge	1
plundered	1
plump	1
plumed	1
plume	1
plumage	1
pluck	1
plrt	1
plotted	1
ploddmg	1
plishing	1
pledged	1
pled	1
pleasantry	1
pleasantly	1
pleading	1
plead	1
playfulness	1
platform	1
planned	1
plaintiffs	1
plainly	1
places	1
pitying	1
pitiable	1
pitch	1
pistols	1
pinioning	1
pinch	1
pincers	1
piibhc	1
pieces	1
pickled	1
pick	1
piccadilly	1
pi^eparefor	1
physician	1
phrenologist	1
phoenix	1
philosophy	1
philosopher	1
phantoms	1
pew	1
petitioned	1
petit	1
perused	1
perusal	1
personage	1
perseverijig	1
persevere	1
perseverance	1
persecution	1
persecuted	1
perpetrators	1
permanent	1
perishing	1
perishable	1
periods	1
perfume	1
performers	1
perfidy	1
perfection	1
perfecting	1
peremptorily	1
perdition	1
perceive	1
peopled	1
pent	1
pennyless	1
penny	1
penetrate	1
pending	1
pencils	1
penal	1
peggy	1
peers	1
pedestrian	1
peaceful	1
paw	1
pauls	1
paul	1
pauiation	1
paucity	1
patronage	1
patriotism	1
patriot	1
patient	1
pathetically	1
passive	1
passionate	1
passengers	1
partition	1
particulars	1
partially	1
parsonage	1
parsley	1
parliamentary	1
paradise	1
parade	1
pant	1
panic	1
pang	1
palpable	1
palaces	1
pah	1
page	1
packet	1
pack	1
pacification	1
paces	1
p	1
oyster	1
owners	1
owen	1
ow	1
overturning	1
overturned	1
overtaken	1
overstrained	1
overspread	1
oversleeping	1
overrated	1
overlook	1
overheard	1
overhear	1
overflowing	1
overcome	1
outrao^ed	1
outrao	1
outrage	1
outfit	1
outer	1
ounce	1
otten	1
otherwise	1
othello	1
ostentatious	1
orthodox	1
ornamental	1
originals	1
oriental	1
oriainally	1
ordering	1
ordeal	1
opposefi	1
oppor	1
opiyuon	1
opinions	1
operate	1
oould	1
ominous	1
older	1
oj	1
oifered	1
oi^er	1
oh	1
ofphilo	1
oflfend	1
ofiice	1
offspring	1
offers	1
offensively	1
offences	1
oentleman	1
occupying	1
occupy	1
obstruction	1
obstreperous	1
observable	1
oblivion	1
oblige	1
obey	1
obdurate	1
oaths	1
oak	1
o'clockon	1
ns	1
novelty	1
novel	1
nous	1
notwitlistanding	1
notably	1
nose	1
nos	1
northeast	1
north	1
nominally	1
noisy	1
nobs	1
noblest	1
nobler	1
nisino	1
niight	1
nifirkably	1
nified	1
ngt	1
nevertheless	1
nettled	1
ness	1
nervously	1
neighbours	1
neighbour	1
negotiations	1
negotiation	1
negligent	1
negligence	1
neglected	1
negative	1
needn't	1
necks	1
necessarily	1
nearest	1
navy	1
nauseous	1
natural	1
national	1
namely	1
mystery	1
mv	1
mutual	1
mute	1
mustachios	1
musing	1
musical	1
mused	1
murmurs	1
murmuring	1
murmur	1
murdered	1
multitude	1
mr.tracey	1
movements	1
movement	1
mourner	1
mourn	1
mountains	1
mountain	1
mount	1
mouldy	1
moulders	1
motion	1
mortgaged	1
mortal	1
morsel	1
mornins	1
morexjondensed	1
moreover	1
morality	1
moralist	1
moralising	1
moon	1
moody	1
moods	1
monster	1
monarch	1
modified	1
modest	1
modes	1
modern	1
mmd	1
mitigation	1
mitigate	1
mistaken	1
missing	1
misrule	1
misplaced	1
mislead	1
misfht	1
miserably	1
miser	1
misdeeds	1
miscreant	1
misconduct	1
mischief	1
mirthful	1
mioht	1
minus	1
minstrel	1
minor	1
ministerial	1
mingle	1
minded	1
mince	1
millstone	1
milkmaid	1
military	1
mile	1
milder	1
miiid	1
midst	1
middle	1
mi/self	1
metobeheve	1
metaphors	1
merry	1
merriment	1
merits	1
mere	1
mercenary	1
mer	1
mental	1
memory	1
memorandum	1
memoranda	1
memorable	1
melted	1
meditations	1
meditate	1
mechanically	1
measures	1
measure	1
meanness	1
mdny	1
matches	1
mass	1
mask	1
marvellously	1
marvellous	1
marvel	1
martyrdom	1
marrying	1
married	1
marathon	1
mansfield	1
manly	1
mandate	1
malignantly	1
malefactors	1
malefactor	1
majority	1
majestic	1
maintenon	1
maintain	1
mainly	1
main	1
magnitude	1
magna	1
magistrates	1
magistrate	1
magician	1
mag	1
madman	1
madame	1
lying	1
luxurious	1
lusty	1
lustre	1
luggage	1
ludicrous	1
lu	1
lowering	1
lousriess	1
louis	1
louder	1
loud	1
looseao	1
lookino^	1
lono	1
longing	1
loftier	1
lodger	1
lodged	1
lock	1
lobby	1
lo	1
lives	1
liveliest	1
literary	1
listeners	1
liquor	1
lip	1
lings	1
lightly	1
lighted	1
lifeless	1
licentious	1
licence	1
library	1
libraries	1
liberated	1
liberally	1
liberality	1
libelling	1
lewd	1
levy	1
levee	1
letting	1
lethargic	1
lest	1
lent	1
lengthened	1
lengthen	1
leisure	1
leer	1
leeches	1
lecturer	1
lectured	1
lecture	1
lean	1
lawyers	1
lawyer	1
laws	1
lavish	1
lauohter	1
lation	1
lathe	1
lateness	1
lark	1
lands	1
landlady	1
lamp	1
lamb	1
ladder	1
laboured	1
labour	1
koidd	1
knowed	1
knocking	1
knocked	1
knell	1
kisses	1
kissed	1
kiss	1
kingdom	1
kindest	1
kill	1
kicked	1
keyhole	1
key	1
keen	1
jvot	1
justly	1
juries	1
juniors	1
julius	1
judge	1
jr	1
joyous	1
joyfully	1
jowl	1
journeyed	1
jokes	1
joke	1
jocularly	1
jn'ovv	1
jiash	1
jewels	1
jesus	1
jests	1
jerusalem	1
jeremiah	1
jeffries	1
jeers	1
jaw	1
james	1
jade	1
jacket	1
j^ected	1
ivo	1
ity	1
italian	1
issued	1
irritable	1
irrita	1
irresistible	1
irregularities	1
irregular	1
irksome	1
ir	1
involved	1
invite	1
investigated	1
investigate	1
invested	1
invention	1
invented	1
invading	1
invaded	1
intrusion	1
intrinsically	1
intrepid	1
intoxicating	1
intolerably	1
intolerable	1
intimidated	1
intervene	1
interrupt	1
interroo^ate	1
interrogate	1
interred	1
interpret	1
interposed	1
interim	1
intercede	1
inter	1
intenseness	1
intemperate	1
intemperance	1
intelligible	1
insure	1
insult	1
insufficient	1
instructions	1
instruction	1
institute	1
instep	1
inspire	1
inspection	1
inspected	1
inspect	1
insolent	1
insolence	1
insisting	1
insist	1
insinuate	1
insignificant	1
insidious	1
insf	1
inseparable	1
insect	1
insane	1
inquisitive	1
inquiry	1
inquiringly	1
inns	1
inner	1
injured	1
injunctions	1
injlame	1
iniquity	1
inhuman	1
inherent	1
ings	1
infuriated	1
infringe	1
informing	1
informant	1
inflammatory	1
infirmity	1
inferred	1
inferior	1
infer	1
infancy	1
infamously	1
infallibly	1
inexpediency	1
inevitably	1
indulgent	1
indulgences	1
indissoluble	1
indisposed	1
indirectly	1
indirect	1
indio	1
indignantly	1
indifferent	1
indictment	1
indicative	1
indications	1
indicate	1
indescribably	1
indescribable	1
indemnify	1
indelibly	1
indelible	1
indefinite	1
indefatigable	1
indebted	1
incurring	1
incurred	1
incur	1
incumbent	1
increasing	1
increases	1
inconstancy	1
inconsistent	1
include	1
incidents	1
incessant	1
incensed	1
imr	1
imputed	1
impudent	1
improvements	1
improve	1
improprieties	1
imprinted	1
imprescriptible	1
impostor	1
impositions	1
importunity	1
importuned	1
importunate	1
implicitly	1
implicit	1
impetuous	1
imperfect	1
impart	1
impaired	1
immorality	1
immensely	1
immeasurable	1
imitate	1
imaginable	1
images	1
imaged	1
im	1
illustrious	1
illustration	1
illuminated	1
ilhcit	1
ij	1
iilessenger	1
iiig	1
ignorance	1
ignominy	1
idly	1
idlers	1
ideal	1
iceek	1
i/j	1
i've	1
i'll	1
hypothetically	1
hypocritical	1
hymns	1
hymn	1
hydra	1
hv	1
hustle	1
hussy	1
hushed	1
husbands	1
hurry	1
hurled	1
hunger	1
hundreds	1
hums	1
humours	1
humility	1
humbled	1
humanely	1
hug	1
ht	1
houses	1
hourly	1
hostler	1
hostilities	1
honourably	1
honesty	1
honestly	1
hon	1
homespun	1
homer	1
homage	1
holy	1
hole	1
holds	1
hobby	1
hoary	1
hitherto	1
hisses	1
hinting	1
hinges	1
hind	1
hills	1
highest	1
higher	1
high-minded	1
hiding	1
hft	1
hesitate	1
herrings	1
heroine	1
helplessness	1
helped	1
hell	1
heighten	1
height	1
heated	1
heartrending	1
heartily	1
heaped	1
heap	1
healing	1
hazards	1
hays	1
haye	1
haves	1
havershara	1
havers/iam	1
haven	1
haunted	1
hatred	1
hate	1
hasten	1
haste	1
harsher	1
harlot	1
hardships	1
hardness	1
hardihood	1
harangue	1
haps	1
happen	1
hano^ed	1
hanging	1
hang	1
handkerchief	1
halting	1
hall	1
haggled	1
habitual	1
habitation	1
guineas	1
guilti/j	1
guestion	1
guest	1
grows	1
grown	1
growled	1
growing	1
groundless	1
groaning	1
groaned	1
greetings	1
greet	1
greatness	1
greatest	1
gravated	1
gratis	1
gratifying	1
grasped	1
gradual	1
graceful	1
grace	1
governing	1
governed	1
govemmenty	1
gouty	1
gothic	1
gorge	1
goods	1
goodness	1
good-natured	1
goldsmith	1
golden	1
gods	1
gluttony	1
glory	1
glistened	1
glimpse	1
gleams	1
gleam	1
glared	1
glanced	1
glance	1
gladly	1
gist	1
gilt	1
gift	1
ghastly	1
gets	1
gesture	1
gentry	1
gently	1
gentleness	1
genteel	1
gens	1
gem	1
geese	1
gazette	1
gazed	1
gastouni	1
gardens	1
garden	1
gaols	1
gaol	1
gang	1
gammoned	1
gallows	1
galling	1
galleries	1
gallantries	1
gall	1
gaining	1
gainers	1
gaiety	1
fvom	1
furtherance	1
furniture	1
furnishes	1
furiously	1
furious	1
funeral	1
functionaries	1
fullness	1
fugitive	1
fudo	1
front	1
frighten	1
fried	1
fretful	1
freely	1
freed	1
frauds	1
frankly	1
framing	1
frailty	1
frail	1
fragrant	1
fowling	1
foundered	1
foundation	1
foul	1
fortunes	1
fortunately	1
foro	1
forms	1
formally	1
forlorn	1
fork	1
forgetfulness	1
forfeited	1
forfeit	1
foresee	1
foremost	1
foreign	1
forego	1
forebodings	1
forbid	1
footway	1
footsteps	1
footstep	1
fools	1
foolishly	1
foohsh	1
food	1
fondly	1
fondest	1
fomid	1
followers	1
follies	1
flowing	1
flowers	1
flower	1
flowed	1
flourishing	1
flood	1
flitted	1
flings	1
flight	1
fleshy	1
fleeted	1
fleet	1
flaw	1
flavours	1
flatly	1
flash	1
fixing	1
fitting	1
fitted	1
fishmonger	1
finer	1
fined	1
findings	1
finances	1
finally	1
fills	1
fill	1
figures	1
figured	1
fight	1
fierce	1
fiendish	1
fields	1
fieeced	1
fidelity	1
fictitious	1
fickle	1
fi-om	1
fetter	1
fetch	1
festive	1
fervent	1
fertile	1
females	1
felony	1
fellowship	1
fellow-travellers	1
fellow-creature	1
felled	1
felicity	1
feelino	1
feefings	1
feature	1
fbid	1
favourite	1
favouring	1
faults	1
fault	1
fatigue	1
fasting	1
fastidious	1
fastened	1
fashionable	1
fashion	1
farewells	1
fantastic	1
famous	1
familiar	1
famiharities	1
falls	1
faithlessness	1
faithless	1
faithful	1
faith	1
fairly	1
fairest	1
fails	1
failings	1
faded	1
facsimiles	1
eyed	1
extricate	1
extravagance	1
extinguished	1
extinction	1
exterior	1
extended	1
expressions	1
expressing	1
expostulated	1
exposing	1
exploring	1
explore	1
explanatory	1
expire	1
expending	1
expeditiously	1
expecting	1
expanded	1
exoneration	1
exit	1
exhortation	1
exhibiting	1
exhaustion	1
exhausted	1
exhaust	1
exert	1
exercises	1
exercised	1
exempt	1
exemplary	1
executive	1
executioner	1
excusable	1
excruciating	1
exclusion	1
excluded	1
exclaim	1
exciting	1
excise	1
exchange	1
excessively	1
excesses	1
excess	1
excepting	1
excellencies	1
examples	1
example	1
examining	1
examinations	1
exaggerations	1
exactions	1
evinced	1
evil	1
eves	1
everywhere	1
evermore	1
eve	1
europeans	1
eulogiumon	1
ethereal	1
eternal	1
estranged	1
estimation	1
estimable	1
ested	1
estate	1
establishments	1
establishment	1
essayed	1
essay	1
especial	1
es	1
erroneous	1
erred	1
erplanations	1
erecting	1
ere	1
er	1
epithets	1
epicure	1
enumerate	1
entry	1
entre	1
entrance	1
entleman	1
enthusiasm	1
enthroned	1
entertaining	1
entertained	1
ensued	1
ensconced	1
enrich	1
enraged	1
enoup	1
enouoh	1
enormity	1
ennobling	1
enmity	1
enlisted	1
enlarged	1
enjoying	1
enigmatical	1
enigma	1
engraven	1
englishmen	1
englishman	1
engagements	1
enforce	1
enduring	1
endured	1
endure	1
endearment	1
end"ao	1
encompassed	1
enclosed	1
emptied	1
employer	1
employed	1
employ	1
empire	1
eminence	1
emergency	1
emerged	1
embodied	1
embellished	1
embarrassments	1
emancipation	1
emancipated	1
emancipate	1
emaciated	1
elsewhere	1
elme	1
eleven	1
elevation	1
elevating	1
elevated	1
elements	1
elderly	1
elder	1
elapse	1
ejaculations	1
eigh	1
eggs	1
efficacious	1
educating	1
educated	1
edifying	1
edify	1
edification	1
ecstasy	1
ecstacies	1
ecive	1
echoing	1
echoed	1
echo	1
eccentric	1
eatables	1
easy	1
eastern	1
east	1
earnestness	1
earned	1
eagle	1
eagerly	1
dwells	1
dwelling	1
dwelled	1
dust	1
duplicate	1
dunghill	1
drury-lane	1
drum	1
drowsy	1
drowsiness	1
drown	1
drove	1
dropping	1
droppers	1
driving	1
drinking	1
drily	1
dried	1
dressed	1
drenching	1
dreary	1
dreams	1
dream	1
drawing-room	1
dramatic	1
drama	1
drags	1
dragging	1
downwards	1
doubting	1
doting	1
dote	1
domestics	1
doleful	1
doino	1
doggedly	1
dog	1
divsmiss	1
distinguishes	1
distinctness	1
distinct	1
dissipate	1
dissimulation	1
dissembling	1
dissembler	1
dissembled	1
dissemble	1
disrtnct	1
disqualified	1
disposal	1
dispensing	1
dispensed	1
dispelled	1
dispatch	1
disparagement	1
disparage	1
diso	1
dishonest	1
disheartening	1
dish	1
disgusting	1
disgusted	1
disguising	1
disguised	1
disgraced	1
disease	1
disdainfully	1
discussing	1
discreditable	1
discoveries	1
discourses	1
disconcerted	1
discharged	1
discharge	1
disbursing	1
disbursed	1
disappointing	1
disappeared	1
disappearance	1
disabled	1
dirty	1
direction	1
direct	1
dined	1
diligence	1
dilatory	1
digression	1
digressed	1
dignified	1
differently	1
difference	1
differ	1
dies	1
dieppe	1
dialogues	1
dialogue	1
di	1
dfd	1
devout	1
devoting	1
devotedly	1
devonport	1
devise	1
devil	1
deviations	1
deviating	1
detesting	1
detested	1
detestation	1
detestable	1
determine	1
detecting	1
detaining	1
detail	1
destructiveness	1
destroys	1
destinies	1
despotic	1
desponding	1
despondency	1
despite	1
despised	1
despise	1
despicable	1
desperation	1
desolating	1
desist	1
desires	1
deserve	1
deserted	1
describing	1
descend	1
descant	1
derives	1
deputy	1
depression	1
depredation	1
depraved	1
deplorably	1
department	1
depart	1
denying	1
denial	1
den	1
demure	1
demon	1
demigods	1
deluded	1
delighted	1
delicious	1
delicately	1
delicacy	1
deliberations	1
delayed	1
dejoart	1
dehghtful	1
deh	1
degrading	1
degraded	1
defy	1
deformity	1
defends	1
defaulter	1
deeming	1
deducted	1
decyphered	1
decypher	1
decrying	1
decried	1
decrepit	1
decomposition	1
declares	1
declaim	1
deciding	1
deceptive	1
decently	1
decent	1
deceased	1
debtors	1
debtor	1
debilitated	1
debauchery	1
debating	1
debates	1
dearly	1
dearest	1
dearer	1
deaf	1
dawson	1
darkest	1
darkened	1
dare	1
dardanelles	1
dangle	1
dancer	1
damiens	1
damap	1
damages	1
daggers	1
d'armes	1
customer	1
customary	1
custody	1
curtains	1
curtain	1
cunningly	1
culprits	1
culprit	1
culpability	1
cucumbers	1
crop	1
cringing	1
crimson	1
criminals	1
criminal	1
crew	1
credulity	1
creditable	1
creation	1
created	1
cozened	1
coveting	1
coveted	1
covered	1
covent	1
courtesies	1
courses	1
coupled	1
county	1
countrymen	1
counteracted	1
countenances	1
countenanced	1
counselled	1
counsel	1
couldn't	1
costly	1
corruption	1
corroborated	1
correctly	1
corofort	1
coral	1
copy	1
coolly	1
convulsive	1
convincing	1
convinces	1
convicts	1
convict	1
conveying	1
conversing	1
conversed	1
converse	1
conversant	1
conventicle	1
control	1
contribute	1
contrasted	1
contradicted	1
contradict	1
contract	1
contented	1
contending	1
contemplation	1
contemplate	1
contained	1
contain	1
consumption	1
consummation	1
consumed	1
consulted	1
consult	1
constitute	1
constantinople	1
constables	1
consort	1
consohng	1
conso	1
considers	1
considerino	1
considerately	1
considerate	1
consequential	1
conseqmnce	1
consenting	1
consciousness	1
conscientious	1
conquered	1
conquer	1
connects	1
connect	1
conjuring	1
conjure	1
conjugate	1
congratulating	1
congenial	1
confusion	1
confused	1
confirmation	1
confined	1
confine	1
confidently	1
confident	1
confided	1
confessions	1
confesses	1
confessed	1
cone	1
conductor	1
condescended	1
condescend	1
concurrence	1
concurred	1
concur	1
conciliate	1
conceptions	1
conceive	1
comrades	1
compound	1
composition	1
composed	1
compose	1
compliments	1
compliment	1
complaint	1
complains	1
complaining	1
complacency	1
compel	1
compassion	1
commutation	1
communion	1
commons	1
commonly	1
committing	1
commission	1
commiseration	1
comment	1
commemoration	1
commanding	1
commander	1
commanded	1
comhative	1
comforter	1
comforted	1
comfortably	1
comers	1
colours	1
colouring	1
colombian	1
collection	1
collar	1
coincidence	1
coiled	1
coffin	1
coarse	1
coals	1
cloudless	1
clothing	1
clothes	1
closeness	1
clients	1
client	1
clever	1
class	1
clasp	1
clanging	1
claims	1
claiming	1
claimant	1
civilly	1
cities	1
circulation	1
circulated	1
cidents	1
chorus	1
chops	1
choice	1
chimes	1
chilly	1
chest	1
cheshire	1
cherishing	1
cherished	1
cheme	1
cheesemonger	1
cheese	1
cheering	1
cheerfully	1
cheerful	1
cheered	1
cheer	1
cheeks	1
cheek	1
checking	1
cheats	1
cheapness	1
cheap	1
chasing	1
charta	1
charmed	1
charitable	1
charges	1
characters	1
characterised	1
characterise	1
chanty	1
chano	1
changed	1
chanced	1
chaldrons	1
chair	1
chains	1
chain	1
cf	1
century	1
censured	1
celebrations	1
celebrated	1
ceconomical	1
cease	1
cautions	1
caution	1
causeless	1
causeality	1
caught	1
catechised	1
catch	1
catalogue	1
casts	1
carlton	1
caring	1
careful	1
caravan	1
captivate	1
captain	1
capacity	1
cant	1
candour	1
candidly	1
calmness	1
calmly	1
callous	1
calf	1
calendar	1
cake	1
cage	1
caesar	1
cabbage	1
bye	1
bustle	1
bursting	1
burn	1
buried	1
burial	1
bumps	1
bum	1
bull	1
bubhie	1
brou^rht	1
brother	1
broke	1
brighton	1
brightness	1
brighten	1
bridge	1
bridegroom	1
bride	1
breeding	1
breathless	1
breathing	1
breathed	1
breath	1
breach	1
brazen	1
bravery	1
brain	1
box	1
bowing	1
bow	1
bounty	1
bounteously	1
bought	1
bother	1
borough	1
born	1
books	1
booked	1
book	1
bolt	1
boiled	1
bogota	1
bobbed	1
boat	1
blushing	1
blush	1
bluntly	1
bluebeard	1
blue	1
blubber	1
blowing	1
blissful	1
blended	1
bleeding	1
bleed	1
blasted	1
blasphemy	1
blasphemies	1
blandishments	1
blames	1
blackguardism	1
blackguard	1
biting	1
bird	1
bills	1
billingsgate	1
bility	1
big	1
beuig	1
betrays	1
betray	1
bestirred	1
beset	1
benin	1
beneficially	1
belongs	1
bellinghara	1
beholding	1
behaviour	1
behaved	1
begins	1
beginning	1
beginner	1
begin	1
beggarly	1
befell	1
beef	1
bedlam	1
bedchamber	1
becomes	1
becoine	1
beautifully	1
beautiful	1
beauties	1
beauteous	1
beau	1
beating	1
bears	1
bearer	1
beans	1
beamed	1
beak	1
bccoine	1
bat	1
barret	1
barrenness	1
barely	1
barefaced	1
bare	1
barbarous	1
bar	1
bankrupt	1
bank	1
bane	1
bandana	1
band	1
baker	1
bainbrido	1
bailiff	1
bagatelle	1
baffle	1
badges	1
bade	1
babel	1
babbhus^	1
awfully	1
awakened	1
awaited	1
averted	1
averse	1
av.ful	1
autumn	1
autobiography	1
authority	1
author	1
authentic	1
austere	1
aught	1
auditory	1
audible	1
auction	1
attracts	1
attractions	1
attitude	1
attired	1
attested	1
attentively	1
attempts	1
attained	1
attain	1
attachments	1
attaches	1
atone	1
ater	1
astonishes	1
asthma	1
assurances	1
assume	1
associations	1
associated	1
assisting	1
assigns	1
assigned	1
asses	1
asserted	1
assenting	1
assent	1
assault	1
assassins	1
aspirings	1
aspiring	1
aspires	1
aspiration	1
aspersed	1
ascribe	1
arts	1
artless	1
articles	1
articled	1
artfulness	1
arrogate	1
arrogance	1
arrives	1
arrive	1
arrivals	1
arrest	1
arrano	1
arranging	1
arraign	1
arose	1
armoury	1
arise	1
aright	1
arguments	1
argued	1
argue	1
areetino	1
arch	1
approving	1
approaching	1
approaches	1
apprehension	1
apprehended	1
appointed	1
applies	1
applications	1
application	1
applicable	1
apple	1
appetites	1
appetite	1
appealing	1
apparition	1
apparel	1
appalling	1
apiece	1
apathy	1
apartments	1
ao	1
anyone	1
anxieti/	1
anvil	1
antiquity	1
anticipation	1
answering	1
annum	1
annoys	1
annihilating	1
ann	1
animates	1
anger	1
angelic	1
andover	1
ancient	1
ancestors	1
amidst	1
american	1
amenable	1
ambitious	1
amazed	1
amaze	1
amassed	1
alternative	1
alter	1
altar	1
allusion	1
allurements	1
allude	1
alloyed	1
allotted	1
alley	1
allay	1
alighted	1
albion	1
akin	1
ain	1
agreement	1
agreeable	1
agonies	1
ago	1
aggravates	1
aggravate	1
againstybeing	1
afternoon	1
afflict	1
affectation	1
affan^s	1
afar	1
advisers	1
advisable	1
advertisement	1
adverting	1
adventures	1
advancement	1
adored	1
adoration	1
adoption	1
admonished	1
admitting	1
admittance	1
admissions	1
admired	1
administered	1
adequately	1
additions	1
addition	1
adding	1
acts	1
activity	1
active	1
acquittal	1
acquit	1
acquire	1
acquiesced	1
acquaintances	1
acquaint	1
acknow	1
accusing	1
accuracy	1
accumulating	1
accumulated	1
accrue	1
accounts	1
accosted	1
accomplishments	1
accomplish	1
accomphce	1
accompanies	1
accommodated	1
accom	1
accession	1
accepting	1
accepted	1
acceptable	1
ac	1
abyss	1
abused	1
absorbed	1
absences	1
abrupt	1
abroad	1
abject	1
ability	1
abide	1
abershaw	1
aberrations	1
abating	1
abatement	1
abashed	1
abasement	1
^despondency	1
^	1
]	1
?!	1
7'emarkahle	1
..,	1
..	1
.'"	1
-	1
*^	1
*<	1
*	1
),	1
''^.	1
#*	1
"'	1
!''	1
