,	2683
the	2092
.	1600
and	1284
of	1052
to	1017
a	802
his	589
in	584
was	475
he	466
"	457
had	413
that	391
it	341
i	307
with	280
at	278
as	270
on	260
her	256
him	248
for	239
which	230
mr	229
|'s|	222
this	214
you	211
but	209
not	187
from	176
she	173
have	162
lyte	154
."	153
;	148
so	145
!	143
would	142
all	142
be	140
or	132
by	125
is	124
?	123
now	118
one	116
me	109
''	108
were	104
they	103
man	103
lane	102
if	100
an	95
phelps	91
my	90
could	89
then	88
been	88
ship	87
more	84
than	82
'	81
out	80
when	78
said	78
two	74
no	74
old	73
only	72
who	71
up	71
own	70
before	70
them	69
(	69
upon	67
little	67
after	67
some	66
its	66
captain	66
there	64
last	64
into	64
what	63
janet	63
how	63
—	61
their	61
we	59
again	58
do	56
about	56
^'	56
bedford	55
though	54
over	53
friend	53
these	50
away	49
any	49
men	48
did	47
being	47
will	45
like	45
other	44
)	44
see	43
time	42
still	42
should	42
yet	41
might	41
love	41
life	41
every	41
too	40
made	40
let	40
himself	40
frank	40
down	40
go	39
brown	39
never	38
even	38
come	38
'^	38
under	37
good	37
adriatic	37
long	36
asked	36
another	36
^^	36
:	36
those	35
much	35
deck	35
came	35
well	34
thought	34
such	34
sea	34
new	34
m'leod	34
while	33
went	33
greys	33
are	33
your	32
without	32
very	32
poor	32
off	32
hand	32
water	31
poop	31
must	31
may	31
?"	31
know	30
wind	29
through	29
strong	29
sir	29
say	29
passenger	29
many	29
knew	29
great	29
eyes	29
why	28
head	28
has	28
boat	28
between	28
take	27
seemed	27
part	27
once	27
whom	26
where	26
way	26
night	26
less	26
|romannumeral|	25
vessel	25
three	25
secret	25
our	25
mind	25
first	25
door	25
don't	25
am	25
almost	25
*^	25
work	24
main	24
each	24
done	24
both	24
|arabic3digit|	23
side	23
heart	23
having	23
enough	23
back	23
*'	23
saw	22
far	22
eleanor	22
during	22
board	22
years	21
us	21
most	21
half	21
give	21
young	20
within	20
took	20
think	20
perhaps	20
hands	20
going	20
few	20
face	20
ever	20
day	20
can	20
baily	20
wife	19
really	19
quite	19
mate	19
girl	19
case	19
also	19
window	18
something	18
room	18
make	18
look	18
light	18
left	18
latter	18
key	18
hold	18
here	18
four	18
crew	18
year	17
whole	17
watch	17
right	17
point	17
oxford	17
oh	17
jones	17
however	17
hard	17
death	17
days	17
course	17
continued	17
bird	17
against	17
),	17
yes	16
words	16
whose	16
tell	16
stood	16
since	16
replied	16
put	16
present	16
moment	16
looked	16
danger	16
among	16
wheat	15
told	15
strange	15
short	15
passed	15
minutes	15
keep	15
heard	15
get	15
doctor	15
deep	15
dear	15
because	15
already	15
won	14
wheel	14
till	14
space	14
sail	14
regard	14
rather	14
possible	14
just	14
indeed	14
help	14
gave	14
fell	14
dark	14
called	14
cabin	14
body	14
act	14
**	14
!"	14
together	13
shall	13
self	13
seen	13
second	13
open	13
nor	13
name	13
master	13
hours	13
herself	13
former	13
forecastle	13
certain	13
best	13
appeared	13
york	12
waves	12
turned	12
thus	12
terrible	12
suddenly	12
pedlington	12
nothing	12
martin	12
loved	12
lie	12
honest	12
home	12
god	12
five	12
father	12
doubt	12
cried	12
confidence	12
cargo	12
call	12
black	12
anything	12
always	12
along	12
alone	12
|arabic2digit|	11
word	11
won't	11
want	11
true	11
starboard	11
soon	11
set	11
sent	11
save	11
round	11
question	11
presence	11
power	11
overboard	11
often	11
merely	11
mean	11
london	11
letter	11
ladies	11
it's	11
guest	11
got	11
gone	11
fuller	11
found	11
foresail	11
fellow	11
feeling	11
eye	11
except	11
decks	11
coming	11
chain	11
anxious	11
wrong	10
urged	10
until	10
university	10
twelve	10
truth	10
times	10
thing	10
taking	10
subject	10
strength	10
steering	10
speaking	10
skipper	10
severe	10
seeing	10
rigging	10
resolved	10
relief	10
position	10
past	10
order	10
opened	10
noble	10
length	10
leave	10
large	10
lamp	10
kind	10
itself	10
heavy	10
happened	10
given	10
german	10
forward	10
fore	10
fast	10
family	10
fair	10
exclaimed	10
easy	10
cuddy	10
clear	10
carried	10
cannot	10
can't	10
bring	10
become	10
across	10
above	10
able	10
wish	9
weather	9
vol	9
voice	9
stern	9
sound	9
sin	9
seaman	9
same	9
remember	9
received	9
proved	9
placed	9
pipe	9
officer	9
near	9
mrs	9
m^leod	9
lost	9
landsman	9
judgement	9
intention	9
ill	9
generous	9
finding	9
find	9
faith	9
evening	9
english	9
either	9
dr	9
bulwarks	9
beyond	9
better	9
bear	9
added	9
'*	9
}'	8
yon	8
wore	8
woman	8
whatever	8
wave	8
trust	8
toward	8
third	8
standing	8
speak	8
small	8
shoulder	8
service	8
sat	8
sad	8
rudder	8
returned	8
resumed	8
rest	8
respect	8
rejoined	8
read	8
race	8
probably	8
previous	8
pretty	8
place	8
passage	8
ought	8
ocean	8
notice	8
nature	8
morning	8
moral	8
moon	8
misery	8
manner	8
lower	8
longer	8
lee	8
knowing	8
kept	8
innocent	8
idea	8
hour	8
hke	8
hardly	8
hak	8
fortune	8
form	8
feet	8
feel	8
feared	8
fall	8
east	8
dry	8
dozen	8
die	8
college	8
closed	8
calmly	8
bulk	8
brought	8
broad	8
breast	8
bow	8
below	8
believe	8
began	8
became	8
arms	8
answer	8
age	8
|arabic1digit|	7
you'll	7
world	7
white	7
whether	7
wanted	7
turning	7
tried	7
tremendous	7
things	7
themselves	7
taken	7
table	7
sudden	7
state	7
spoken	7
sooner	7
smile	7
sitting	7
sister	7
simple	7
silent	7
sight	7
saying	7
running	7
roared	7
river	7
return	7
remembered	7
powers	7
person	7
people	7
o'clock	7
move	7
mere	7
mariner	7
making	7
lover	7
interest	7
husband	7
hundred	7
huge	7
house	7
hope	7
hitherto	7
high	7
george	7
gale	7
fully	7
felt	7
fate	7
end	7
eight	7
dying	7
distress	7
declined	7
company	7
child	7
change	7
cat	7
carpenter	7
broke	7
brief	7
brave	7
blue	7
blanche	7
bit	7
answered	7
anger	7
air	7
actually	7
^*	7
yielded	6
women	6
willing	6
week	6
weary	6
watches	6
walk	6
voyage	6
used	6
uncle	6
twice	6
turn	6
trysail	6
tree	6
theii	6
terribly	6
tea	6
system	6
swimmer	6
swept	6
suggested	6
steamship	6
steamer	6
spoke	6
splendid	6
silence	6
shouted	6
seem	6
saloon	6
sailors	6
sailor	6
sailed	6
rose	6
retorted	6
repeated	6
reached	6
rail	6
quickly	6
prove	6
presently	6
port	6
passion	6
passengers	6
pass	6
orders	6
observed	6
nelly	6
necessary	6
moving	6
mass	6
loss	6
looking	6
lives	6
leeward	6
least	6
learned	6
lads	6
keen	6
instead	6
induced	6
immediately	6
i'm	6
humble	6
honour	6
helm	6
heave	6
hanseatica	6
glorious	6
gentleman	6
general	6
fury	6
friends	6
fi-om	6
fear	6
farther	6
fallen	6
exposed	6
experience	6
expected	6
evidently	6
evident	6
eobert	6
england	6
distinctly	6
difficulty	6
died	6
devil	6
condition	6
companion	6
coat	6
character	6
chaptee	6
chamber	6
certainly	6
cast	6
care	6
broken	6
boy	6
bound	6
bottle	6
boatswain	6
beauty	6
beautiful	6
ay	6
asking	6
apprehension	6
angry	6
allowed	6
alike	6
alas	6
ah	6
afraid	6
absolutely	6
.,	6
).	6
youth	5
yol	5
xelly	5
written	5
worse	5
worked	5
wholly	5
washed	5
use	5
understood	5
unable	5
trumpet	5
town	5
towards	5
tomtit	5
tomorrow	5
threw	5
thousand	5
thank	5
ten	5
swimming	5
sweet	5
suspicion	5
sure	5
superior	5
stubborn	5
struggle	5
strongly	5
strain	5
spirit	5
sort	5
sorrow	5
somewhat	5
sometimes	5
snug	5
sleep	5
shortly	5
scarcely	5
sausage	5
run	5
ropes	5
rising	5
remained	5
relative	5
reefed	5
reason	5
ran	5
questions	5
quarter	5
purpose	5
pride	5
powerful	5
plunge	5
pistol	5
pious	5
pale	5
opportunity	5
object	5
none	5
neither	5
nearly	5
natural	5
narrow	5
narrative	5
myself	5
muster	5
ms	5
mother	5
moments	5
mist	5
minute	5
mexico	5
mental	5
memory	5
meet	5
measure	5
meaning	5
marry	5
mail	5
lowered	5
loose	5
live	5
literally	5
level	5
larboard	5
land	5
lady	5
justice	5
joy	5
intellectual	5
human	5
hubert	5
horrible	5
henry	5
hated	5
hatch	5
happy	5
h	5
grief	5
glimmer	5
gently	5
gentlemen	5
generosity	5
gallant	5
further	5
fro	5
freely	5
free	5
formed	5
forgive	5
foot	5
foolish	5
followed	5
fire	5
fiery	5
false	5
faithful	5
faint	5
failed	5
faces	5
everything	5
engaged	5
energy	5
else	5
efforts	5
early	5
e	5
duty	5
doubtless	5
doing	5
does	5
divine	5
dimly	5
delight	5
dead	5
custom	5
cruel	5
cross	5
crest	5
country	5
cost	5
conversation	5
control	5
confession	5
conduct	5
compass	5
clocks	5
clean	5
church	5
caught	5
cared	5
cap	5
burst	5
brownes	5
bologna	5
block	5
birds	5
binnacle	5
berth	5
bend	5
bed	5
beat	5
basle	5
audible	5
au	5
assist	5
aspect	5
apparently	5
ancient	5
although	5
alias	5
agony	5
ago	5
aft	5
admiration	5
account	5
absence	5
]	5
yourself	4
yards	4
wrote	4
wox	4
wouldn't	4
worshipped	4
wooden	4
wing	4
whisky	4
war	4
wall	4
walked	4
waiting	4
visited	4
vdih	4
vain	4
utterly	4
utmost	4
usual	4
underneath	4
trying	4
truly	4
tory	4
torn	4
top	4
tommy	4
tobias	4
tight	4
thrown	4
throw	4
thinking	4
terms	4
tenderness	4
taffrail	4
swim	4
suspense	4
sun	4
sufficient	4
style	4
struck	4
story	4
steward	4
step	4
stentorian	4
staysail	4
stay	4
stars	4
sprung	4
source	4
sorry	4
son	4
solitary	4
solemnly	4
solemn	4
smoke	4
slowly	4
six	4
sins	4
sink	4
silently	4
sick	4
sequel	4
send	4
scuppers	4
scudding	4
scanty	4
s	4
rushed	4
rude	4
rowed	4
result	4
reputation	4
rendered	4
reminded	4
real	4
reading	4
reach	4
puzzled	4
proud	4
proper	4
priest	4
pounds	4
points	4
pointing	4
places	4
pitching	4
pilot	4
persons	4
perils	4
penitent	4
peddle	4
pause	4
partly	4
parted	4
parson	4
p.m	4
overlading	4
overcome	4
otherwise	4
others	4
opinion	4
officers	4
noon	4
nodded	4
next	4
need	4
n	4
mystery	4
mysterious	4
mth	4
moreover	4
months	4
mighty	4
midnight	4
messrs	4
member	4
meanwhile	4
max	4
matter	4
married	4
m	4
lurch	4
loving	4
loud	4
liad	4
legs	4
led	4
leaning	4
lean	4
leak	4
leading	4
lay	4
laughing	4
lantern	4
laid	4
labour	4
knocked	4
judicious	4
joyous	4
jolly	4
join	4
jacket	4
injury	4
indignation	4
indifferent	4
impossible	4
impending	4
imagination	4
ideal	4
hotel	4
hoped	4
honestly	4
higher	4
hero	4
held	4
health	4
he's	4
happen	4
habit	4
guilty	4
ground	4
grog	4
green	4
gradually	4
glad	4
giving	4
girls	4
gentle	4
garden	4
gained	4
full	4
friendship	4
fresh	4
foul	4
forth	4
forlorn	4
foretopmast	4
follow	4
flew	4
fine	4
fiiend	4
fifth	4
fierce	4
fetch	4
fellows	4
fact	4
exercise	4
esteem	4
escaped	4
equally	4
equal	4
entirely	4
enemy	4
encountered	4
elements	4
elbow	4
effort	4
ed	4
ecclesiastic	4
ears	4
due	4
drew	4
drawn	4
dragged	4
dover	4
double	4
distant	4
discovered	4
different	4
didn't	4
delay	4
deadly	4
darkness	4
dangerous	4
cyprian	4
cut	4
curiously	4
crisis	4
creature	4
courage	4
conviction	4
contrary	4
contempt	4
conscience	4
commenced	4
comfort	4
cold	4
clearly	4
cleared	4
city	4
chronicle	4
christianity	4
charge	4
cause	4
carriage	4
cambridge	4
calling	4
buckets	4
british	4
bringing	4
bright	4
bremen	4
breaking	4
brain	4
boys	4
blow	4
blood	4
bitterly	4
besides	4
believed	4
behind	4
attention	4
attempts	4
attempt	4
atlantic	4
astonishment	4
ask	4
arrived	4
appear	4
anguish	4
amphibious	4
amidst	4
amiable	4
ally	4
albert	4
akeady	4
admit	4
action	4
acquaintance	4
abbey	4
abandoned	4
.''	4
.'	4
|arabic4digit|	3
younger	3
yoii	3
ye	3
xo	3
xew	3
write	3
wreck	3
worthy	3
wonder	3
wishing	3
wintery	3
winter	3
whispered	3
wet	3
weight	3
wedding	3
we've	3
we're	3
watched	3
walter	3
wait	3
visit	3
virtue	3
virgin	3
violent	3
ventured	3
veil	3
vague	3
upward	3
upright	3
unhappy	3
unfortunate	3
understand	3
tricked	3
trial	3
travelling	3
training	3
touch	3
topmast	3
tonight	3
today	3
tiller	3
tiddenden	3
ticking	3
thomas	3
therefore	3
theology	3
testament	3
temper	3
telegraphed	3
teeth	3
tears	3
tear	3
tank	3
tall	3
tale	3
t	3
swell	3
surrounded	3
surprise	3
surely	3
summit	3
sullen	3
sturdy	3
struggled	3
stronger	3
stranger	3
straining	3
strained	3
straight	3
stooped	3
stern-post	3
steered	3
steer	3
steamboat	3
station	3
stated	3
stared	3
springing	3
speed	3
special	3
spare	3
sounds	3
soul	3
sore	3
solution	3
snatched	3
smoking	3
sit	3
sinned	3
sinking	3
single	3
sincerely	3
shuffled	3
shock	3
shirt	3
ships	3
shifted	3
severely	3
served	3
sentence	3
sense	3
seeming	3
secured	3
score	3
school	3
scent	3
saving	3
sadly	3
rum	3
rowing	3
roundhouse	3
rough	3
rope	3
roosting	3
rival	3
risk	3
retm	3
reticence	3
retained	3
retain	3
restored	3
restless	3
respectable	3
rescue	3
request	3
remoter	3
remorse	3
remarked	3
reluctant	3
relieve	3
regrets	3
region	3
regiment	3
regarded	3
refuge	3
rector	3
recovery	3
recognition	3
recently	3
receive	3
rapidly	3
raged	3
racing	3
quaint	3
putting	3
pumps	3
pull	3
prow	3
prospect	3
proportion	3
progress	3
profound	3
previously	3
prevented	3
presented	3
preparing	3
prepared	3
pray	3
pool	3
pointed	3
pocket	3
plunged	3
plenty	3
pleased	3
played	3
period	3
perfect	3
perception	3
pension	3
pedhngton	3
peace	3
path	3
passing	3
parting	3
particular	3
p	3
owners	3
overbeck	3
oui	3
oration	3
operation	3
opening	3
office	3
occupied	3
occasion	3
obstinate	3
obstacle	3
observing	3
observation	3
oars	3
o	3
noticed	3
north	3
nigh	3
news	3
ned	3
neck	3
necessity	3
naturally	3
mysteries	3
month	3
miss	3
mischief	3
met	3
ment	3
melancholy	3
mein	3
meeting	3
means	3
masthead	3
manifold	3
maintain	3
losing	3
lose	3
lookout	3
lists	3
lips	3
lines	3
likes	3
liked	3
lightly	3
lighted	3
lier	3
letters	3
leg	3
ledge	3
leaving	3
law	3
lattice	3
lately	3
lashed	3
known	3
knelt	3
kneeling	3
killed	3
kent	3
keeping	3
jerks	3
iron	3
involved	3
inverted	3
interesting	3
interested	3
insured	3
inquired	3
innocently	3
induce	3
inches	3
impatient	3
hut	3
hung	3
howling	3
hound	3
hot	3
horizon	3
hook	3
honours	3
holding	3
history	3
himsek	3
hesitated	3
hers	3
helpless	3
heir	3
heaving	3
hearty	3
heartily	3
hatchway	3
hanging	3
hang	3
hadn't	3
grown	3
group	3
grim	3
graves	3
grandfather	3
golden	3
goes	3
glow	3
gloom	3
glistening	3
glance	3
giant	3
ghost	3
gauntlet	3
galley	3
g	3
furiously	3
friendly	3
forgot	3
forfeit	3
foreseen	3
foremost	3
forehead	3
force	3
fly	3
fluttered	3
float	3
fingers	3
final	3
filled	3
fii'st	3
fight	3
fifty	3
fiercely	3
favourite	3
fault	3
faster	3
fancied	3
familiar	3
faded	3
faculties	3
expression	3
expressed	3
expect	3
existed	3
excitement	3
etc	3
especially	3
escape	3
enthusiasm	3
entered	3
enter	3
enjoyed	3
englishman	3
enemies	3
endurance	3
em	3
elapsed	3
eat	3
easily	3
eager	3
dumb	3
duck	3
drove	3
dropped	3
driven	3
drive	3
drinking	3
dreary	3
doomed	3
distance	3
dismal	3
disadvantages	3
disabled	3
dis	3
direction	3
difficulties	3
desire	3
desert	3
depth	3
delicious	3
delicate	3
defiance	3
declared	3
deathbed	3
deaf	3
de	3
dazzled	3
daylight	3
date	3
dared	3
dangers	3
daily	3
d	3
cursed	3
cry	3
critical	3
crime	3
creaking	3
cousin	3
countenance	3
cook	3
conventional	3
constant	3
considering	3
considerable	3
conservative	3
conscious	3
connected	3
compact	3
common	3
committed	3
command	3
comely	3
coil	3
cloud	3
close	3
classical	3
class	3
claiming	3
circumstance	3
christmas	3
choked	3
children	3
chances	3
chancery	3
ceased	3
caused	3
catch	3
casks	3
capable	3
canada	3
busy	3
brute	3
brownleigh	3
brother	3
breeze	3
breath	3
bows	3
bottom	3
bold	3
boanerges	3
bnt	3
blowing	3
blowhard	3
blinding	3
blessed	3
big	3
bestow	3
berty	3
benefit	3
benefactor	3
bells	3
bellowed	3
behaviour	3
behalf	3
beginning	3
beef	3
bedroom	3
becoming	3
bearing	3
battle	3
baseness	3
baronet	3
balbry	3
awful	3
aware	3
attachment	3
artist	3
articles	3
arrangements	3
around	3
arm	3
argument	3
apt	3
apparatus	3
america	3
aloud	3
alongside	3
alarmed	3
ahead	3
agitated	3
agents	3
afterward	3
afternoon	3
afloat	3
afford	3
affectionate	3
affection	3
affected	3
affairs	3
advantages	3
admission	3
ada	3
acted	3
acquainted	3
accustomed	3
accomplished	3
academical	3
abandon	3
^ith	3
^	3
..,	3
',	3
!''	3
|arabic5+digit|	2
youthful	2
yielding	2
yield	2
wrought	2
wrists	2
wretched	2
worn	2
worldly	2
working	2
wondering	2
woe	2
withdrew	2
withdrawing	2
withdraw	2
wished	2
wisely	2
wise	2
wire	2
wink	2
wine	2
windward	2
winds	2
wild	2
wider	2
wide	2
whim	2
whichever	2
whereupon	2
whenever	2
west	2
weighed	2
weeks	2
weapon	2
weakness	2
weak	2
waxed	2
waved	2
watery	2
waters	2
washing	2
warrior	2
wants	2
walls	2
walking	2
waiter	2
waited	2
vras	2
voyages	2
vitality	2
vision	2
virtuous	2
village	2
vile	2
vigil	2
view	2
victorious	2
vertical	2
vent	2
velvet	2
vdth	2
valuable	2
vainly	2
vaguely	2
vacation	2
uttered	2
usually	2
using	2
useless	2
urgent	2
unto	2
unsuspecting	2
unseen	2
unremitting	2
unprofitable	2
unlike	2
unfolded	2
unfailing	2
unendurable	2
unaided	2
uke	2
ui'ged	2
twinkled	2
twinkle	2
tumble	2
tucked	2
try	2
trusted	2
trump	2
truest	2
trough	2
triumph	2
tricks	2
treatment	2
treated	2
treasure	2
tramping	2
train	2
trace	2
touched	2
tossed	2
topsails	2
topmasts	2
topic	2
tongue	2
toil	2
tobacco	2
tnie	2
tm	2
ticket	2
thundered	2
thither	2
thirteen	2
thick	2
terraced	2
terrace	2
tender	2
tendency	2
tenacity	2
tenacious	2
temptation	2
temple	2
task	2
tack	2
taciturn	2
tacitly	2
symptoms	2
swivels	2
swift	2
sweetness	2
swallowed	2
sussex	2
surging	2
supposed	2
suppose	2
support	2
supply	2
supper	2
superfluous	2
sunshine	2
summoned	2
summits	2
sum	2
suffering	2
sufferer	2
suffer	2
succession	2
subjective	2
subdued	2
stupid	2
stumbled	2
studied	2
stuck	2
struggling	2
strife	2
stream	2
strays	2
stout	2
storm	2
stohdly	2
sternly	2
steps	2
steerage	2
steeling	2
steam	2
stealing	2
steadily	2
stayed	2
statement	2
startled	2
staring	2
starhght	2
stare	2
stand	2
stale	2
stages	2
st	2
squeezed	2
square	2
splendidly	2
speech	2
sped	2
spars	2
sounded	2
souls	2
sought	2
sohtary	2
softly	2
soft	2
society	2
social	2
sober	2
soaring	2
smiled	2
smell	2
smash	2
smallest	2
sm	2
slumbers	2
slow	2
slipped	2
sleeping	2
skip	2
size	2
situation	2
singularly	2
singular	2
singly	2
sincere	2
sii	2
signal	2
sigh	2
sickness	2
shut	2
shrieked	2
shrewd	2
showing	2
showed	2
shovels	2
shouts	2
shorter	2
shortening	2
shone	2
shift	2
sheer	2
shame	2
sham	2
shaking	2
shadow	2
sh	2
several	2
setting	2
serviceable	2
seriously	2
serious	2
senior	2
seething	2
secure	2
seclusion	2
secluded	2
seated	2
seamen	2
screw	2
screamed	2
scrambled	2
schoolmaster	2
scholar	2
scene	2
says	2
saxon	2
saved	2
savagely	2
savage	2
sake	2
safety	2
safely	2
sacks	2
ruthlessly	2
rush	2
ruined	2
row	2
roots	2
rooms	2
rollers	2
risks	2
rip	2
rim	2
rid	2
revived	2
revelation	2
revealed	2
returning	2
retired	2
resume	2
results	2
restraint	2
restore	2
responded	2
resolute	2
resisted	2
residence	2
reposed	2
repose	2
reply	2
rephed	2
repast	2
repaired	2
remote	2
remit	2
remarking	2
remainder	2
religion	2
relieved	2
released	2
relations	2
relation	2
reject	2
regular	2
regretted	2
regions	2
refusing	2
reflection	2
reef	2
reducing	2
recorded	2
record	2
reasons	2
ready	2
reader	2
reaching	2
rash	2
ranks	2
rang	2
railings	2
radiance	2
races	2
quiet	2
pure	2
purchased	2
pulled	2
puffing	2
public	2
prudent	2
proposition	2
property	2
proof	2
pronouncing	2
projected	2
professed	2
prodigious	2
proceeding	2
proceed	2
probability	2
pro	2
price	2
preyed	2
pressed	2
prematurely	2
poured	2
potato	2
postscript	2
possibility	2
possession	2
positive	2
portion	2
pooped	2
plot	2
pleaded	2
play	2
platform	2
plan	2
pity	2
pitched	2
pitch	2
picture	2
pick	2
physically	2
physical	2
philosopher	2
phantom	2
petty	2
perusal	2
persistent	2
persisted	2
per	2
peeped	2
ped	2
pausing	2
paused	2
patience	2
parlour	2
parcel	2
paragraph	2
paradise	2
papers	2
pang	2
palms	2
palace	2
pacing	2
paces	2
pace	2
owner	2
owenee	2
ow	2
outside	2
outer	2
osseo	2
oppressed	2
ones	2
om	2
oldest	2
older	2
oil	2
oi	2
offices	2
offered	2
offender	2
ode	2
occurred	2
occupy	2
occasions	2
occasionally	2
obtained	2
obstacles	2
observations	2
observant	2
obscure	2
obnoxious	2
objected	2
number	2
ns	2
novels	2
novel	2
node	2
nights	2
nice	2
newspaper	2
nevertheless	2
nervously	2
nearest	2
nearer	2
navigator	2
mutual	2
mutton	2
muttered	2
mute	2
music	2
museum	2
muscle	2
murmur	2
moved	2
mouth	2
moustache	2
motionless	2
morbid	2
monotonous	2
money	2
mm	2
misty	2
mistaken	2
missed	2
minor	2
mine	2
minds	2
millions	2
military	2
miles	2
mile	2
mil	2
mien	2
midst	2
middle	2
merry	2
meats	2
meat	2
mature	2
masts	2
masses	2
marrying	2
marriage	2
manifested	2
manifest	2
manfully	2
managed	2
majestically	2
maintopsail	2
magic	2
madness	2
mad	2
lying	2
lustre	2
lugubriously	2
luckless	2
loyal	2
lowering	2
low	2
loves	2
loosened	2
longitude	2
longing	2
lofty	2
lock	2
living	2
littered	2
litter	2
list	2
lington	2
line	2
likeness	2
liis	2
liim	2
lights	2
lifted	2
lies	2
legal	2
leaves	2
leaned	2
layman	2
laying	2
lawyer	2
lawfully	2
laughter	2
laugh	2
lashings	2
lanterns	2
ladder	2
lad	2
knuckles	2
knots	2
knees	2
knave	2
kith	2
king	2
kindling	2
kindle	2
kin	2
kev	2
keel	2
juncture	2
jumped	2
jump	2
judge	2
itsek	2
island	2
intruder	2
intimated	2
interview	2
intervals	2
interests	2
intended	2
intellectually	2
instantly	2
instance	2
insisted	2
insidious	2
inner	2
injured	2
iniquity	2
inhabited	2
ingenuously	2
infuriated	2
informed	2
information	2
inflict	2
indulged	2
indicated	2
indicate	2
independently	2
ind	2
inclination	2
imposed	2
implored	2
imperfect	2
imminent	2
imless	2
ill-used	2
ihave	2
ie	2
i'll	2
hyoscyamus	2
hy	2
hve	2
hush	2
hurrah	2
humility	2
humbly	2
hullo	2
hull	2
hulk	2
hst	2
hove	2
household	2
houi	2
host	2
horses	2
horrid	2
horn	2
horizontal	2
hoping	2
hooroar	2
hom	2
hollow	2
hoat	2
hither	2
hinted	2
hint	2
hesitation	2
herr	2
helmsman	2
heights	2
heen	2
heavens	2
heaven	2
hearts	2
hear	2
heads	2
hdi	2
hauled	2
hateful	2
hastened	2
hanged	2
hair	2
guilt	2
growling	2
growing	2
groove	2
groaning	2
grimly	2
greeting	2
greatly	2
gravitating	2
gravely	2
gratitude	2
grasped	2
grace	2
goodbye	2
gods	2
goaded	2
glory	2
glaring	2
gilt	2
gift	2
gi'ave	2
getting	2
germans	2
genius	2
generously	2
gazing	2
gazed	2
gaze	2
garments	2
gangway	2
gallery	2
gaining	2
future	2
furious	2
funeral	2
fun	2
fulfilled	2
front	2
frightened	2
fretted	2
freedom	2
fraud	2
frame	2
foundering	2
fortunately	2
fortress	2
forms	2
formerly	2
forging	2
forget	2
foreigners	2
footsteps	2
footing	2
fool	2
fond	2
folly	2
following	2
folded	2
fluff	2
flown	2
floor	2
flinging	2
flat	2
flashing	2
flannel	2
fitzgerald	2
fit	2
firmly	2
firm	2
finish	2
figure	2
fidelity	2
fi'oni	2
feud	2
fervour	2
fervently	2
fender	2
feeble	2
february	2
feather	2
fearful	2
fauiy	2
fastened	2
fashion	2
farfield	2
failing	2
fail	2
fading	2
facetiously	2
eyebrows	2
extraordinary	2
extended	2
explained	2
explain	2
experiences	2
exists	2
exile	2
exhausted	2
executed	2
examination	2
exactly	2
evolutions	2
evil	2
event	2
esquire	2
episode	2
envious	2
entrusted	2
entertained	2
enterprise	2
ensuing	2
enjoying	2
enjoy	2
enghsh	2
engagement	2
energetic	2
ends	2
endeavoured	2
empty	2
emptied	2
emigrant	2
elder	2
elbows	2
eighteen	2
eh	2
eev	2
edge	2
ecstasies	2
eaten	2
earlier	2
ear	2
dwelled	2
dutch	2
dusty	2
durham	2
drunk	2
drowsy	2
drowning	2
drown	2
dropping	2
dripping	2
drink	2
drenching	2
dreadful	2
drawing	2
draw	2
drag	2
doubted	2
doorway	2
doors	2
dogma	2
doctors	2
dock	2
diy	2
divorce	2
divinely	2
distrust	2
distressed	2
distract	2
distinguish	2
distinction	2
dissolution	2
disposition	2
discovery	2
disconsolately	2
discipline	2
discerned	2
disappear	2
dirty	2
dimmed	2
diminutive	2
dim	2
dewy	2
devotion	2
destroying	2
destroy	2
despair	2
depriving	2
departure	2
delicacy	2
degree	2
defence	2
defective	2
decidedly	2
decently	2
dearborn	2
deal	2
daughter	2
dashing	2
dare	2
dancing	2
damp	2
current	2
curling	2
cup	2
cruz	2
crushing	2
crumpled	2
crowded	2
crippled	2
cries	2
credit	2
crawling	2
craft	2
cousins	2
county	2
counsel	2
council	2
correspondent	2
cork	2
cooked	2
converse	2
convent	2
contrived	2
continue	2
continually	2
contents	2
contemptible	2
constantly	2
consisted	2
consigned	2
consequence	2
confused	2
conflict	2
confided	2
concerned	2
concealment	2
complete	2
commander	2
commanded	2
comes	2
colleges	2
coiu'se	2
coincidence	2
coffin	2
coaxed	2
clutching	2
clustering	2
clung	2
clue	2
closer	2
closely	2
climax	2
clerkships	2
clergyman	2
cleaving	2
cleanliness	2
classic	2
clasping	2
clap	2
cities	2
circle	2
chosen	2
chiefly	2
cheerful	2
charms	2
chapter	2
changing	2
chambers	2
chair	2
celestial	2
celebrated	2
castle	2
cases	2
carries	2
careless	2
careering	2
career	2
capstan	2
canvas	2
candidly	2
calvin	2
calm	2
calamity	2
burning	2
buoy	2
brow	2
brothers	2
broached	2
briton	2
brigand	2
breathless	2
breach	2
brass	2
boyhood	2
bourbon	2
boreas	2
boots	2
books	2
book	2
bones	2
bond	2
boats	2
boards	2
blushing	2
blithe	2
blasts	2
bitters	2
biggest	2
bewilderment	2
betraying	2
beside	2
beset	2
bereft	2
benterden	2
belief	2
behave	2
begin	2
befallen	2
bedside	2
base	2
barren	2
barrels	2
barrel	2
ball	2
balance	2
bags	2
baffled	2
baden	2
bad	2
baccy	2
awkward	2
awe	2
available	2
avail	2
authorities	2
audience	2
attracted	2
attached	2
astasia	2
assuredly	2
assistance	2
assented	2
assailed	2
aspasia	2
asleep	2
aside	2
ascertained	2
arrows	2
arrow	2
arrival	2
arose	2
approved	2
approached	2
approach	2
apprehensions	2
appearance	2
appeal	2
apparent	2
apiece	2
apartments	2
anxiety	2
anticipation	2
anticipating	2
annuity	2
annoyed	2
animal	2
anghcan	2
american	2
alluded	2
allowing	2
allegiance	2
ain't	2
ahnost	2
afore	2
afflicted	2
affections	2
affectionately	2
affect	2
advance	2
admitted	2
address	2
actual	2
acting	2
acknowledged	2
achievements	2
according	2
accident	2
accepted	2
accept	2
abstained	2
absolution	2
absolute	2
absent	2
abroad	2
abreast	2
abated	2
abandonment	2
.^	2
..	2
."'	2
*	2
")	2
■service	1
€oat	1
€ncountering	1
€an	1
•deep	1
•creature	1
•	1
{	1
zo	1
zinc	1
zens	1
zeal	1
youve	1
yoursek	1
yours	1
you've	1
you're	1
yoltaire	1
yoke	1
yiolent	1
yi	1
yews	1
yesterday	1
yera	1
yer	1
yellow	1
yelled	1
yell	1
yawning	1
yard	1
y	1
xow	1
xot	1
xor	1
xind	1
xavigation	1
x\nd	1
wtote	1
wtiy	1
wsis	1
wronged	1
wrist	1
wrinkled	1
wringing	1
wreath	1
wrath	1
wrappers	1
wrapped	1
wounds	1
wounded	1
wouldbe	1
worth	1
worsted	1
works	1
woollen	1
wooings	1
woods	1
wonted	1
wonderful	1
wondered	1
woimds	1
woidd	1
wo	1
wmch	1
wlio	1
wliisperecl	1
wliicb	1
wldcli	1
wiy	1
witnessed	1
withering	1
withdrawn	1
wishes	1
wisdom	1
wipe	1
wings	1
winged	1
windows	1
wily	1
willow	1
wildest	1
wights	1
widow	1
wicjced	1
wi'apt	1
whosesoever	1
wholesome	1
whizzing	1
whither	1
whistle	1
whirlpool	1
whimsical	1
whilst	1
whilf	1
wherein	1
whereas	1
whence	1
wheedled	1
wharves	1
wha	1
westward	1
wer	1
weoxg	1
wended	1
wells	1
well-being	1
welkin	1
weird	1
weeds	1
weed	1
wedded	1
wearisome	1
weariness	1
wear	1
weaken	1
we'll	1
wayt\	1
ways	1
wavered	1
watermead	1
waterman	1
watching	1
watchful	1
wasted	1
warnt	1
warmth	1
warily	1
warden	1
warbling	1
wanting	1
waned	1
wane	1
wanderings	1
wandered	1
wander	1
waltzing	1
wales	1
wake	1
waistcoat	1
waist	1
wail	1
waifs	1
waging	1
wager	1
wadded	1
waater	1
vultures	1
vtar	1
vrliich	1
vritli	1
vrho	1
vray	1
vote	1
volunteers	1
voluntarily	1
volume	1
vokingly	1
voices	1
vocation	1
vn'apped	1
vivacity	1
vital	1
visits	1
visitor	1
visions	1
visible	1
vise	1
visage	1
virtually	1
viove	1
violator	1
villainy	1
vigour	1
vigorous	1
vigom*	1
vidual	1
victories	1
victim	1
vice	1
vibrations	1
vexatious	1
veterans	1
vessels	1
vespers	1
versatile	1
vernacular	1
verily	1
verifying	1
verbal	1
vera	1
ventm'e	1
vented	1
vegetating	1
vault	1
vast	1
vas	1
variety	1
vapour	1
vapid	1
vantromp	1
vantage	1
vanquish	1
vanished	1
valued	1
value	1
valuables	1
valu	1
valises	1
valiantly	1
vacuo	1
vacations	1
vacant	1
uxo	1
uttle	1
uttering	1
usurped	1
uses	1
useful	1
usages	1
urging	1
urgently	1
urge	1
upturned	1
upside	1
uppermost	1
upper	1
uo	1
unwise	1
unwillingly	1
unwavering	1
unutterable	1
unusual	1
unspoken	1
unselfishness	1
unseemly	1
unruly	1
unresisting	1
unreserved	1
unprejudiced	1
unpleasantness	1
unnatural	1
unmixed	1
unmentionable	1
unmanly	1
unless	1
unla^iully	1
unknown	1
unjustly	1
unjust	1
uniting	1
united	1
unique	1
union	1
uninvited	1
unimpeachable	1
uniformly	1
unhinged	1
unhealthy	1
ungovernable	1
unfortimate	1
unfoi	1
uneasy	1
uneasiness	1
undue	1
undone	1
undivided	1
undisturbed	1
underwriters	1
underwent	1
undertaken	1
undergoing	1
undergo	1
uncovering	1
unconditionally	1
uncles	1
unceremoniously	1
unbroken	1
unbounded	1
unbidden	1
unbelief	1
unavoidably	1
unavailable	1
unattended	1
umrayelled	1
ultimately	1
ultimate	1
uk	1
ugly	1
uded	1
u	1
type	1
twofold	1
twisted	1
twist	1
twins	1
twin	1
twilight	1
twenty-four	1
twenty-first	1
tween	1
tvrong	1
tvith	1
tvisely	1
tvhich	1
tv^ould	1
tutor	1
turbid	1
tune	1
tunates	1
tum	1
tulip	1
tulijp	1
tui'ned	1
tugging	1
tuck	1
trysaill	1
truthful	1
trusty	1
trustworthy	1
trusting	1
trunk	1
trumpets	1
truant	1
troublesome	1
trollops	1
triumphs	1
triumphed	1
triptych	1
trifling	1
trick	1
tribe	1
trembled	1
trembhng	1
trees	1
treble	1
treasm'e	1
treading	1
travelled	1
travel	1
traps	1
translating	1
transit	1
transfixed	1
transferred	1
transacted	1
trance	1
traits	1
trainiiig	1
trained	1
tragp	1
traditions	1
trackless	1
traceable	1
tr.agkdy	1
towns	1
touching	1
touches	1
tottering	1
tosses	1
torturing	1
tortm^ed	1
torpid	1
tormenting	1
topsail	1
topple	1
topgallant	1
tonnes	1
tonne	1
tonnage	1
tongues	1
tong	1
tone	1
tom	1
tol	1
token	1
toith	1
toils	1
toiling	1
toe	1
toas	1
toarter	1
to^tl	1
tnist	1
tmst	1
tm^ning	1
tm'n	1
tlireshold	1
tliat	1
tliank	1
titith	1
titans	1
tired	1
tirade	1
tiqually	1
tions	1
tinging	1
ting	1
timothy	1
timidly	1
timidity	1
timeworn	1
timbers	1
tightly	1
tided	1
tick	1
tica	1
thunderbolt	1
thu'teen	1
throwing	1
throughout	1
throat	1
thrives	1
thrilled	1
thrill	1
threshold	1
threescore	1
threatened	1
thrash	1
thoughts	1
thoughtlessly	1
thoagh	1
thirty-six	1
thin	1
thii'd	1
thickset	1
thicket	1
thi'own	1
thhty	1
they'll	1
thesome	1
thereupon	1
thereon	1
theoretical	1
theological	1
theii*	1
theee	1
thed	1
thankless	1
thanked	1
thames	1
thalasses	1
th	1
testy	1
testiness	1
test	1
tes	1
terrors	1
terrific	1
terrestrial	1
terminate	1
term	1
tenpenny	1
tenor	1
tending	1
tendered	1
tenant	1
tempted	1
temporary	1
temporarily	1
tempests	1
tempered	1
tells	1
telescopes	1
telegraphic	1
telegraph	1
teitified	1
tediously	1
teakettle	1
teagedy	1
taught	1
tattoo	1
tarpaulin	1
tapster	1
taps	1
tapis	1
taller	1
talked	1
talents	1
tain	1
t\ife	1
t\dshed	1
t\	1
systems	1
systematically	1
sympathy	1
sympathies	1
sympathetic	1
swung	1
swore	1
switzerland	1
swinging	1
swing	1
swiftly	1
swerved	1
swelled	1
sweetly	1
sweetest	1
swarming	1
swam	1
suspicions	1
suspended	1
suspected	1
suspect	1
susi)ense	1
surviving	1
survived	1
surreptitiously	1
surreptitious	1
surprised	1
surgeon	1
surged	1
surge	1
surface	1
surf	1
supreme	1
supposing	1
supporting	1
supported	1
supplement	1
supplanted	1
supervene	1
superstitious	1
superstition	1
superiority	1
superhuman	1
superbly	1
suns	1
sunken	1
sunk	1
sunder	1
summons	1
summer	1
sullenly	1
sujper	1
sujdposed	1
suits	1
suitej)titioiis	1
suit	1
suicide	1
suggestion	1
suffused	1
suffocation	1
suffocating	1
suffered	1
successor	1
successive	1
successful	1
success	1
succeeding	1
succeeded	1
suburb	1
subsist	1
subsidiary	1
subsided	1
subside	1
subscribe	1
submission	1
sublimity	1
sublime	1
subjects	1
subjecting	1
subjected	1
su	1
stuttgart	1
stupor	1
stui'dy	1
study	1
studs	1
studious	1
studies	1
student	1
struggles	1
strove	1
strongholds	1
strongest	1
stron^^	1
strokes	1
stroked	1
strikes	1
striding	1
stride	1
strict	1
stretched	1
stress	1
strenuously	1
strayed	1
strangle	1
strangers	1
strangely	1
strains	1
straggled	1
stowing	1
stowed	1
stow	1
stove	1
stormy	1
storms	1
stores	1
stopped	1
stooping	1
stony	1
stomach	1
stoiv	1
stm'dy	1
stipulated	1
stiff	1
sticking	1
sterner	1
stem	1
steerin	1
steamships	1
steamers	1
stealth	1
steady	1
steadfastly	1
stead	1
staved	1
staunch	1
statute	1
statuesque	1
statue	1
states	1
starved	1
starve	1
starting	1
started	1
start	1
starred	1
star	1
staple	1
stamped	1
stamp	1
stalwart	1
staggered	1
stage	1
stab	1
spring	1
spray	1
sprang	1
spot	1
sports	1
sported	1
spoon	1
spontaneously	1
spontaneous	1
splits	1
split	1
splenetic	1
splendours	1
splashing	1
splash	1
spite	1
spit	1
spirits	1
spine	1
spider	1
spent	1
spending	1
spell	1
speedy	1
spee	1
spectator	1
specially	1
speaker	1
spasms	1
spark	1
spared	1
spaii	1
southeast	1
southampton	1
south	1
soused	1
soundly	1
sounding	1
soui'ce	1
sou'wester	1
sorrows	1
soriy	1
sopher	1
sooth	1
sons	1
sonorous	1
somewhere	1
somersetshire	1
somerset	1
somersault	1
som'ce	1
solved	1
solitude	1
solicitor	1
solemnities	1
solely	1
soldier	1
soldered	1
sold	1
soiled	1
sobs	1
sobbed	1
soaped	1
so-called	1
snort	1
snit	1
sneeze	1
sneering	1
sneer	1
sneaking	1
sneaked	1
snatcher	1
sn	1
smug	1
smtey	1
smooth	1
smoky	1
smnmit	1
smitten	1
smiling	1
smface	1
smashes	1
smaller	1
smack	1
sm'ely	1
sm'e	1
slyly	1
sly	1
slowness	1
slope	1
slippery	1
sliij)	1
slightest	1
slight	1
sliai	1
slept	1
sleepless	1
sleek	1
slacken	1
skulls	1
skipped	1
skin	1
skimmed	1
skill	1
skilful	1
skii'ts	1
skiff	1
skeletons	1
sjdcak	1
sj^eaking	1
sj'mpathetic	1
sixty	1
sixth	1
sixteen	1
siuv	1
situated	1
sitthig	1
sith	1
sistible	1
sisters	1
sipped	1
sion	1
sinning	1
sinewy	1
sinews	1
sinecure	1
simply	1
simphcity	1
simile	1
silvery	1
silver	1
sii\	1
signing	1
signals	1
signally	1
sighs	1
sift	1
sides	1
sided	1
si	1
shudder	1
shrouded	1
shroud	1
shrine	1
shrill	1
shp	1
show	1
shovelling	1
shovel	1
shout	1
shoulders	1
shouldered	1
shot	1
shortened	1
shook	1
shoi*tening	1
shoals	1
shirts	1
shire	1
shining	1
shimmer	1
shillings	1
shilling	1
shij	1
shifts	1
shelter	1
sheet	1
shed	1
she'll	1
shattered	1
sharply	1
share	1
shapes	1
shapely	1
shape	1
shambled	1
shallows	1
shallow	1
shaken	1
shaggy	1
shade	1
sextants	1
sex	1
sewing	1
severity	1
severities	1
severally	1
sever	1
seventy-five	1
serve	1
sermon	1
series	1
ser^dn*^	1
sepulture	1
separated	1
sensitive	1
sensibly	1
sending	1
sell	1
self-preservation	1
self-denial	1
selection	1
select	1
seldom	1
sek	1
seized	1
seiwant	1
seems	1
seeking	1
seek	1
seductive	1
security	1
securely	1
secreted	1
secretary	1
secrecy	1
seconds	1
secmity	1
secki	1
seaworthy	1
seawater	1
seattle	1
seat	1
searched	1
seams	1
sealed	1
seabirds	1
scwallbach	1
scuttle	1
scudded	1
scud	1
scrutiny	1
scrunch	1
scroll	1
scream	1
scraped	1
scrape	1
scrambles	1
scourge	1
scoundrel	1
scorn	1
schools	1
schoolfellow	1
schlangenbad	1
scheming	1
scheme	1
sceptic	1
scenes	1
scattered	1
scarcity	1
scales	1
scale	1
sa}t.ng	1
sa}dng	1
savv	1
savr	1
savings	1
saucily	1
satisfying	1
satisfied	1
satisfactory	1
satisfactoiy	1
satisfaction	1
satire	1
sary	1
sapphire	1
sanl	1
sanguinary	1
sang	1
sane	1
sandy	1
sandhurst	1
saltwater	1
saltcellar	1
salt	1
sails	1
sailing	1
sage	1
safe	1
saddled	1
sacrificed	1
sacred	1
sable	1
s.j	1
ruthless	1
rushing	1
rushes	1
rules	1
rule	1
ruins	1
ruinous	1
ruining	1
rugged	1
rubrics	1
rows	1
rounds	1
rounded	1
rouicking	1
rouer	1
rotten	1
root	1
roost	1
romantic	1
roman	1
rolling	1
roller	1
rolled	1
roll	1
roistering	1
rods	1
rockets	1
robust	1
robing	1
roasted	1
roaring	1
roar	1
road	1
rntli	1
rivulet	1
riverside	1
ritual	1
risked	1
rise	1
rippling	1
ripe	1
ringing	1
rigidly	1
rigidity	1
rigid	1
righting	1
righteousness	1
rigged	1
rift	1
ridiculous	1
ride	1
ribs	1
ribbons	1
ri^orincr	1
rhythmic	1
revoir	1
revival	1
review	1
reversions	1
reversionary	1
reveries	1
reverie	1
reverential	1
reverence	1
retui'ning	1
retrospective	1
retreating	1
retreat	1
retort	1
retiring	1
retirement	1
retina	1
retains	1
restraints	1
restrain	1
resting-place	1
responsibility	1
response	1
respects	1
resolve	1
resolution	1
resistance	1
resist	1
resignation	1
residue	1
resided	1
reserve	1
resemblance	1
rescuing	1
rescript	1
requited	1
requesting	1
requested	1
reputed	1
repute	1
repulsed	1
repulse	1
repugnance	1
repudiated	1
reprobating	1
reproachfully	1
reproach	1
reports	1
reported	1
report	1
replenished	1
repent	1
repeat	1
repassed	1
reparation	1
repairing	1
reorganised	1
rented	1
renown	1
renewed	1
renew	1
renegade	1
removed	1
remove	1
remonstrated	1
remnant	1
remitted	1
remind	1
remedied	1
remarks	1
remarkable	1
remark	1
remains	1
remain	1
reluctantly	1
relinquishing	1
relinquished	1
religious	1
reliance	1
relentless	1
relenting	1
release	1
relaxed	1
relatives	1
rejoiced	1
rejo"ned	1
rejected	1
reiteration	1
reidlied	1
rehghting	1
rehc	1
regulating	1
regularity	1
regret	1
registered	1
regardless	1
regained	1
refused	1
refuse	1
refrain	1
reflected	1
refitting	1
reference	1
refer	1
refectory	1
reduced	1
redeeming	1
red	1
recumbent	1
rectangular	1
recovering	1
recovered	1
recover	1
reconciliation	1
recompense	1
recommend	1
recommenced	1
recollection	1
recollect	1
recognised	1
reckoning	1
recklessly	1
reckless	1
recesses	1
receipt	1
rebellion	1
reasoned	1
rear	1
realise	1
reads	1
readers	1
reaches	1
re	1
rb()ard	1
rayther	1
rave	1
rats	1
rate	1
rasli	1
rare	1
rapturous	1
rapture	1
rapidity	1
rankling	1
ranked	1
range	1
ramrods	1
rambling	1
ral	1
raising	1
rainbows	1
rainbow	1
rain	1
radiant	1
racked	1
rack	1
racer	1
rabbits	1
r	1
quixotic	1
quitting	1
quidnuncs	1
quickened	1
quicken	1
quick	1
ques	1
quarters	1
quartered	1
quarterdeck	1
quarrelled	1
quarrel	1
qualities	1
quaintly	1
quaiier	1
quadruped	1
q	1
pussy	1
pushed	1
pursuits	1
pursuing	1
pursued	1
pursue	1
purse	1
purifying	1
purchase	1
puppets	1
punished	1
pump	1
pulse	1
pulling	1
publicly	1
provoking	1
provoke	1
provisions	1
providential	1
provided	1
provide	1
proves	1
proverb	1
protruded	1
protraction	1
protracted	1
proti	1
protested	1
protest	1
protector	1
protection	1
prostration	1
prosecute	1
proprietor	1
proposing	1
proposed	1
propose	1
proposal	1
propitiously	1
propitious	1
pronounced	1
pronounce	1
promptly	1
prompted	1
promising	1
promised	1
promenade	1
projection	1
profusion	1
profundity	1
profoimd	1
profiting	1
professors	1
professional	1
profession	1
produced	1
prodigal	1
procure	1
proclaimed	1
process	1
proceeded	1
privately	1
privacy	1
princeps	1
prim	1
priests	1
prevents	1
prevent	1
prevails	1
prevailed	1
prett	1
preternatui'al	1
pretending	1
pressure	1
presided	1
preserved	1
prescribe	1
prescience	1
preparations	1
prenuptial	1
premonition	1
pregnant	1
preferred	1
preference	1
predicament	1
preclude	1
precisely	1
precipitous	1
preceding	1
praying	1
prayers	1
prayed	1
prattled	1
prattle	1
practising	1
practised	1
practical	1
powerless	1
powerfully	1
poweifiil	1
povei*ty	1
pour	1
pounded	1
pounced	1
potent	1
potatoes	1
posture	1
postui'e	1
possibilities	1
possessor	1
possesses	1
possessed	1
positively	1
portrayed	1
portal	1
poring	1
popularity	1
pontius	1
ponderous	1
pomp	1
poluphloisboio	1
polonies	1
pollarded	1
poll	1
politics	1
political	1
politely	1
policy	1
poles	1
poisons	1
poisoned	1
poising	1
poised	1
poimcls	1
poii	1
pohte	1
poetical	1
poet	1
pocketed	1
pmlo	1
pm'suit	1
plunging	1
plumstead	1
plug	1
plucked	1
plenary	1
pleasure	1
pleasui	1
pleasing	1
please	1
pleasant	1
pleading	1
playing	1
planting	1
planted	1
plans	1
planned	1
plank	1
planets	1
plane	1
plaintive	1
plainly	1
plain	1
placid	1
pitifully	1
piteous	1
piqued	1
pipes	1
pio	1
pint	1
pinnacle	1
pillow	1
pilate	1
piercing	1
pierced	1
pieces	1
pictures	1
pictured	1
pickled	1
picking	1
picked	1
physician	1
phrases	1
phmged	1
philosoplier	1
philosophy	1
philosophised	1
philosophically	1
philosophers	1
phase	1
petrifaction	1
peter	1
petals	1
pet	1
perversity	1
persuaded	1
perspicuity	1
personalty	1
personal	1
personage	1
persona	1
persistently	1
persistence	1
persist	1
persevering	1
persecutor	1
perplexity	1
perplexed	1
pernicious	1
permitted	1
permanent	1
perish	1
periodical	1
perilous	1
peril	1
perfumer	1
perform	1
perforce	1
perfectly	1
perfecting	1
perchance	1
perch	1
perceptions	1
perceptibly	1
perceiving	1
perceived	1
perceive	1
perambulated	1
pent	1
penny	1
penetrate	1
peifame	1
peevishness	1
peerless	1
peering	1
pedlmgton	1
pedlingtonians	1
pedkngton	1
pedant	1
peculiarity	1
pecker	1
pearls	1
patti	1
patted	1
patronise	1
patrols	1
patrol	1
patient	1
passionate	1
passages	1
party	1
particularly	1
partickler	1
partially	1
partial	1
parliamentary	1
parley	1
parish	1
parents	1
parentage	1
parent	1
parchment	1
paraphernalia	1
parapet	1
paralytic	1
parade	1
paper	1
pantaloons	1
panoply	1
panic	1
panels	1
pallid	1
paling	1
paler	1
paladin	1
pairs	1
painting	1
painted	1
painfully	1
painful	1
pain	1
pages	1
pagan	1
paddled	1
pact	1
packed	1
paced	1
oyf	1
oyeeboard	1
oxfordshire	1
owned	1
owls	1
owed	1
ovni	1
ovkuboaih	1
overwrought	1
overwhelming	1
overtaken	1
overridden	1
overmuch	1
overlook	1
overj^owers	1
overheard	1
overhauls	1
overhauled	1
overhanging	1
overhalance	1
overbore	1
overbold	1
outwitted	1
outweighing	1
outward	1
outstrip	1
outrageous	1
outlive	1
outlet	1
outhouse	1
outgoing	1
outbreak	1
oust	1
oti	1
ot^tl	1
os	1
orthodoxy	1
orphaned	1
ornament	1
orkard	1
originally	1
origin	1
ordered	1
orbs	1
orb	1
oracular	1
opprobrium	1
opposition	1
opposes	1
opposed	1
oppose	1
operated	1
oos	1
onward	1
onr	1
omng	1
omitted	1
old-fashioned	1
oj	1
oiu*	1
oif	1
ogle	1
og	1
offer	1
offending	1
occurrence	1
occur	1
occupier	1
occupation	1
occupant	1
occui	1
occm	1
occasional	1
observes	1
observer	1
obsequies	1
obsciu	1
oblivion	1
obliging	1
obliged	1
oblige	1
objects	1
obhging	1
obdiu'ate	1
oases	1
oarsmen	1
oarsman	1
oared	1
oar	1
oak	1
o^^tl	1
nymphs	1
nuptials	1
nunnery	1
numerous	1
numbered	1
numbed	1
npon	1
npike	1
np	1
nowhere	1
nourishment	1
nouncing	1
notorious	1
notion	1
notes	1
nostrils	1
nose	1
northwest	1
northerly	1
norman	1
noosed	1
noontide	1
nonsense	1
nono	1
noises	1
noised	1
noise	1
nohow	1
nohle	1
noggin	1
nobody	1
nobly	1
nobility	1
noav	1
noah	1
nip	1
nine	1
nightfall	1
nidder	1
newfoundland	1
netted	1
nestling	1
neptune	1
nephews	1
nellj^	1
neighbourhood	1
neglecting	1
neglect	1
negative	1
needle	1
needful	1
neces	1
nay	1
nautical	1
natures	1
natui'al	1
natm'e	1
native	1
nasty	1
narrowly	1
naming	1
namely	1
na	1
mysteriously	1
muzzle	1
muttonchops	1
mutter	1
muscular	1
murray	1
murmurs	1
murmured	1
murmm^ed	1
murmm	1
murder	1
munched	1
multitudes	1
mt	1
mping	1
movements	1
movement	1
mournfully	1
mounting	1
mouldering	1
motive	1
mortal	1
morsels	1
morpheus	1
morocco	1
morn	1
morbidly	1
morally	1
morahsts	1
moordight	1
moons	1
moonlit	1
moonlight	1
moonhght	1
moodily	1
mood	1
monster	1
monogram	1
monk	1
moneys	1
monastery	1
momentary	1
moles	1
moitow	1
moisture	1
modesty	1
modestly	1
moderately	1
moderate	1
modem	1
model	1
mockery	1
moan	1
mnd	1
mn	1
mizzen	1
mixture	1
mitte	1
mistress	1
mistake	1
mission	1
missing	1
misrepresented	1
misplaced	1
misgivings	1
misgiving	1
misfortune	1
mised	1
minded	1
mimic	1
milk	1
militated	1
mildly	1
midship	1
midoubtedly	1
mid	1
metropohs	1
messmates	1
message	1
merriment	1
merits	1
meretricious	1
mercy	1
mercury	1
mercies	1
merchants	1
mercenary	1
mercantile	1
mentally	1
members	1
melodious	1
meddle	1
measures	1
measured	1
meals	1
mea	1
maxims	1
mattresses	1
matters	1
mattered	1
mathematician	1
mates	1
material	1
mastisses	1
masterly	1
mastered	1
massive	1
massed	1
masquerading	1
mary	1
marvellously	1
maroon	1
marksman	1
maritime	1
marine	1
march	1
marauder	1
mar	1
maple	1
manor	1
manned	1
manilla	1
manifesting	1
maniage	1
managing	1
malgre	1
malefactor	1
maladroit	1
majesty	1
maintopsails	1
maintoidsail	1
maintaining	1
maintained	1
mainsail	1
mainly	1
maimed	1
magog	1
magnified	1
magicians	1
madman	1
mademoiselle	1
maddening	1
machines	1
machinery	1
ma	1
m'ged	1
lyts	1
lynch	1
ly	1
luxury	1
luxmious	1
lux	1
lushes	1
lurching	1
lurched	1
luould	1
lunhrella	1
lungs	1
lunatic	1
luminary	1
luix	1
luiiversity	1
lui	1
luged	1
luff	1
ludicrously	1
ludicrous	1
lubbers	1
lubber	1
lryte	1
loyalty	1
lowly	1
lovers	1
lovely	1
loudly	1
louder	1
lot	1
lord	1
looming	1
looks	1
longed	1
lollard	1
loiit	1
logician	1
locks	1
lob	1
loath	1
loas	1
loads	1
loaded	1
load	1
lo	1
ll.d	1
lively	1
lived	1
littleness	1
lit	1
listens	1
listening	1
listened	1
listen	1
lionoiir	1
lion	1
lined	1
lindley	1
linden	1
limits	1
limited	1
limit	1
likely	1
lika	1
liivi	1
liimsek	1
liilarity	1
lihn	1
lightning	1
lifting	1
lift	1
lifeboat	1
lieutenant	1
lieu	1
lied	1
lid	1
licked	1
library	1
libertine	1
liable	1
liabitually	1
levity	1
lever	1
letting	1
lest	1
lenten	1
lengthened	1
lend	1
legitimate	1
legend	1
lectureship	1
lecturer	1
lecture	1
leather	1
learning	1
learn	1
leapt	1
leap	1
lead	1
lea^dng	1
lazai	1
laws	1
lavished	1
lausdeo	1
launched	1
laughed	1
latterly	1
latin	1
late	1
lat\	1
lasted	1
lashing	1
lashes	1
lari	1
largest	1
larger	1
larcenists	1
languor	1
languish	1
landscape	1
landlady	1
lamps	1
lament	1
lame	1
lake	1
laconic	1
laboured	1
la^^ul	1
l^g	1
kttle	1
kstened	1
kor	1
kobert	1
knows	1
knowledge	1
knomng	1
knk	1
knit	1
knife	1
kittens	1
kissed	1
kinswoman	1
kindred	1
kindled	1
kinder	1
kill	1
kickin	1
kicked	1
kex	1
kettle	1
keeps	1
kecovering	1
k	1
justify	1
justified	1
justices	1
jury	1
junior	1
judicial	1
joshua	1
joseph	1
joists	1
jocular	1
job	1
joassenger	1
joan	1
jjrojynd	1
jionores	1
jiim	1
jieiir	1
jie	1
jib	1
jet	1
jerry	1
jem	1
jealous	1
jay	1
january	1
jamming	1
j^iirely	1
j)icnic	1
ivlio	1
ito	1
iter	1
it^eems	1
issued	1
isolation	1
isn't	1
islands	1
isinglass	1
ish	1
irritating	1
irreversible	1
irretrievably	1
irreparable	1
irregular	1
irksome	1
irits	1
ir	1
ionocent	1
inwards	1
inwardly	1
involving	1
inviting	1
invitations	1
invitation	1
invisible	1
invincible	1
invigorated	1
invest	1
invalid	1
intuitively	1
intrepidly	1
intolerable	1
intimation	1
intimating	1
intimacy	1
interval	1
interrupted	1
interrupt	1
interpretation	1
interposed	1
intermittent	1
interminably	1
interment	1
inter	1
intently	1
intent	1
intensely	1
intense	1
intending	1
intend	1
intellect	1
inteiwals	1
integrity	1
insure	1
insurance	1
insupportable	1
insuperable	1
instrumentality	1
instincts	1
instant	1
inspii	1
inspector	1
inside	1
insensate	1
inquiry	1
inquiries	1
inquire	1
inquii^es	1
inopportune	1
innumerable	1
innocence	1
inky	1
injustice	1
injuries	1
injm'ed	1
inimitable	1
inimical	1
inheritances	1
inhabiting	1
ing	1
informing	1
inform	1
influential	1
influenced	1
inflicted	1
infirmity	1
infinite	1
infi'inge	1
infested	1
infatuated	1
infantry	1
infant	1
inevitably	1
indulge	1
individually	1
indistinct	1
indisputable	1
indignant	1
indifferently	1
indictment	1
indications	1
indication	1
indicating	1
indi	1
incurred	1
incriminatino	1
incredible	1
increasing	1
inconvenience	1
incontinently	1
inconstancy	1
inconsiderate	1
inconnu	1
incompatible	1
including	1
inclined	1
incidents	1
incidental	1
incident	1
inch	1
incessant	1
incapacitated	1
incapable	1
inarticulate	1
inaccessible	1
imworthy	1
imr	1
impulses	1
impulse	1
impudence	1
impregnable	1
important	1
import	1
impoiiunate	1
imply	1
imploring	1
implied	1
implements	1
impertinent	1
impertinence	1
impersonation	1
impersonate	1
imperfectly	1
impelled	1
impel	1
impede	1
impatience	1
impart	1
immovable	1
immersion	1
immense	1
immeasurable	1
imitated	1
imhappy	1
imdying	1
imdi	1
imclertaken	1
imbecile	1
imagined	1
imaginary	1
images	1
illustration	1
illuminate	1
illinois	1
iite	1
iij	1
iiinning	1
ignominiously	1
ignominionsly	1
ignoble	1
igl	1
igg	1
ids	1
idiot	1
idiosyncrasy	1
ice	1
i^ijor	1
i\ir	1
i've	1
hythe	1
hwd	1
huuo	1
hurrying	1
hurried	1
hurled	1
hunters	1
hungry	1
hun	1
humiliation	1
humiliating	1
humanity	1
hug	1
hue	1
httle	1
hrained	1
hr	1
hps	1
howner	1
howed	1
hovering	1
hovered	1
households	1
hostile	1
hostage	1
hospitable	1
horse	1
horrors	1
horribly	1
hopped	1
hopeless	1
hopefully	1
hop	1
honse	1
honourable	1
honoiu	1
honid	1
honibly	1
hon	1
homicidal	1
homeward	1
holy	1
hollows	1
holland	1
hole	1
holds	1
hoivners	1
hoisted	1
hoist	1
hoi	1
hohday	1
hogarth	1
hobgoblins	1
hob	1
hoary	1
hnrden	1
hnk	1
hithei	1
hit	1
hing	1
hinch	1
himipty	1
hills	1
hilarity	1
hiing	1
hii'd	1
highways	1
highroad	1
highly	1
highest	1
high-minded	1
hierarchy	1
hierarch	1
hieiv	1
hideously	1
hide	1
hidden	1
hid	1
heterodoxy	1
hesitating	1
hesitate	1
hersek	1
herseh	1
heroic	1
heresy	1
hereditary	1
herculean	1
hemy	1
helplessly	1
helping	1
helmsmen	1
hell	1
helj	1
heiress	1
heels	1
hee	1
heayj^	1
heavily	1
heaviest	1
heavier	1
heavenward	1
heavenly	1
heated	1
heat	1
hearted	1
healthy	1
healed	1
headstrong	1
headmaster	1
headlong	1
header	1
hea^y	1
hea^^	1
he?iyj	1
hcuiseatica	1
hbi	1
hazards	1
haul	1
hau	1
hatter	1
hating	1
hath	1
hat	1
hasty	1
hastily	1
hasten	1
harshness	1
harshly	1
harper	1
hardships	1
hardship	1
hardness	1
hardest	1
harbour	1
harassed	1
happily	1
hansca	1
hankering	1
handwriting	1
handsome	1
handles	1
handled	1
handed	1
hammocks	1
hamburgher	1
hamburg	1
halls	1
haka	1
haj^pened	1
hailed	1
hail	1
haiiseatica	1
haii	1
haft	1
hack	1
habituated	1
ha^t.ng	1
ha	1
gusts	1
gurgling	1
gunwale	1
gunpowder	1
gun	1
guis	1
guileless	1
guide	1
gui'gled	1
guests	1
guernsey	1
guardian	1
guard	1
grudged	1
grregorian	1
growler	1
growled	1
grotesquely	1
groans	1
groaned	1
groan	1
grizzly	1
grinning	1
grinned	1
grinding	1
grey	1
grew	1
grenades	1
greeted	1
greet	1
greek	1
greater	1
greasy	1
gravity	1
gravitation	1
gratuitous	1
grating	1
gratification	1
grates	1
grate	1
grass	1
grasping	1
grasp	1
grappled	1
granted	1
grand	1
grain	1
graduated	1
grab	1
governor	1
gothic	1
goth	1
goodwill	1
goodness	1
gold	1
goi^	1
gog	1
godlike	1
godchildren	1
gnarled	1
gmng	1
glowing	1
gloves	1
glossy	1
gloried	1
gloomy	1
glitter	1
glimmering	1
gliding	1
glided	1
gleefully	1
gleamed	1
gleam	1
glassful	1
glass	1
glanced	1
giver	1
gin	1
giiilty	1
giii	1
gigantic	1
gi'inding	1
gi'ew	1
gi'eeted	1
ghostly	1
ghl	1
ghent	1
ghb	1
geutle	1
gettin	1
gesture	1
germany	1
germ	1
gerer	1
geography	1
genuine	1
gentlemanlike	1
geneva	1
generally	1
gehenna	1
geate	1
gazetted	1
gaunt	1
gathering	1
gaps	1
gaped	1
gang	1
gamp	1
gammons	1
games	1
gallantly	1
gaiued	1
gain	1
gaily	1
gable	1
futile	1
furtive	1
furnished	1
furled	1
fune	1
fund	1
functions	1
functionary	1
fumes	1
fumed	1
fulcrum	1
fugitive	1
fuchsia	1
frustrated	1
frumps	1
fruit	1
frowsy	1
frown	1
frosty	1
frock	1
frivohty	1
fringed	1
fringe	1
fright	1
freshwater	1
freshened	1
frequents	1
frequently	1
frenzied	1
frenclimen	1
freezing	1
freemasonry	1
frayed	1
fraternal	1
frail	1
fractions	1
fraction	1
fourteen	1
founder	1
fought	1
fortnight	1
fortitude	1
forthwith	1
formal	1
forgiveness	1
forgiven	1
forged	1
forge	1
forfeiting	1
foretopsail	1
foretaste	1
forests	1
forestaysail	1
foresee	1
foreboded	1
forced	1
forbade	1
footpath	1
fools	1
fooled	1
food	1
fondling	1
folios	1
foimd	1
foiiune	1
fohos	1
fogs	1
fog	1
foe	1
foaming	1
foam	1
fn'nge	1
fmious	1
flying	1
fluttering	1
flutter	1
flute	1
flushed	1
flowing	1
flower	1
floundered	1
flooded	1
flood	1
flit	1
flirt	1
fling	1
flimg	1
flight	1
flesh	1
flatters	1
flask	1
flashes	1
flag	1
fixq	1
fixed	1
fiu'ther	1
fitz	1
fitfiil	1
fishing	1
first-rate	1
fireworks	1
fired	1
fio	1
finished	1
finest	1
finally	1
fim	1
fill	1
fiitile	1
fiill	1
fii'mly	1
fihal	1
fights	1
fifths	1
fifteen	1
field	1
fiction	1
fickle	1
fi*om	1
fi'owned	1
fi'eight	1
fi'ee	1
fi'ank	1
fi'agrance	1
fever	1
fetching	1
festive	1
fession	1
fertile	1
ferocious	1
fenders	1
feminine	1
felo	1
fellowship	1
fehne	1
feeler	1
fee	1
fed	1
febru	1
featm	1
feat	1
fearfully	1
fcinctly	1
fayoiii'able	1
favourites	1
favourable	1
favour	1
favoni'able	1
fatigue	1
fastidious	1
fastest	1
fascination	1
fascinated	1
fascinate	1
farm	1
farewell	1
farce	1
fantastic	1
fancy	1
fan	1
famous	1
families	1
familiarly	1
famihar	1
faltered	1
falsetto	1
falling	1
faithfully	1
fainting	1
fails	1
fai	1
facts	1
facile	1
fabulous	1
f	1
eyesight	1
eyed	1
exultation	1
extremity	1
external	1
exterior	1
extent	1
extending	1
exquisite	1
expressing	1
express	1
exposure	1
exploits	1
explicit	1
expiring	1
expiation	1
exphation	1
experiencing	1
experienced	1
expend	1
expedition	1
expectorating	1
expectorate	1
expectation	1
exmbited	1
existing	1
existence	1
exist	1
exhaust	1
exertions	1
exerting	1
exemplified	1
exeept	1
execute	1
execrable	1
excuse	1
exclusiveness	1
exclusively	1
exclusion	1
exchanged	1
excesses	1
excess	1
exception	1
excej^t	1
exceedingly	1
examine	1
exacting	1
exact	1
ex	1
evolution	1
evoked	1
evidence	1
everyday	1
everlasting	1
events	1
eventful	1
evensong	1
eveiy	1
eve	1
evaded	1
eussians	1
eucharist	1
etiquette	1
et	1
esteemed	1
estate	1
ess	1
esjdeciauy	1
escoi	1
es	1
erring	1
ere	1
equivocal	1
eqiuhbrium	1
epoch	1
episcopal	1
epileptic	1
eows	1
eough	1
eou	1
eorge	1
eome	1
eomans	1
eoman	1
entwining	1
entrust	1
entrenchments	1
entrenched	1
entrap	1
entire	1
enthusiastic	1
entertain	1
ensue	1
enrolled	1
enlightened	1
eni'ope	1
enhanced	1
engush	1
engulf	1
englishmen	1
engines	1
enghshman	1
enforced	1
endurable	1
endued	1
endowing	1
endowed	1
endiu'ance	1
ending	1
endeavours	1
endeavour	1
endeavoui	1
encumbrances	1
encumbering	1
encouragement	1
encouraged	1
encounter	1
encoui^age	1
encoiu'ageraent	1
enamoured	1
emulated	1
empire	1
emotion	1
emoluments	1
emigi'ant	1
emerge	1
embroidered	1
embrasure	1
embraced	1
embrace	1
embowered	1
embarrass	1
elucidation	1
eloquent	1
elixii	1
elevation	1
elaborate	1
ejaculated	1
eil	1
effusions	1
effulgence	1
effects	1
eeverend	1
eemission	1
eemember	1
eemarkable	1
eei*tainly	1
eegillus	1
eeason	1
ee's	1
ee	1
ecstatically	1
ecstasy	1
echoing	1
echo	1
eccentric	1
eavesdropping	1
eatlier	1
eating	1
easel	1
eased	1
ease	1
earnestly	1
eagerly	1
eady	1
dy	1
dutchman	1
dust	1
duration	1
dumpty	1
duking	1
ductile	1
duchy	1
dublin	1
dubious	1
dubbed	1
drunkard	1
drug	1
drst	1
drowned	1
drops	1
drop	1
dressing	1
dressed	1
dresden	1
dreaming	1
dreamer	1
dream	1
dreadfully	1
dreaded	1
dread	1
drawl	1
drawers	1
draught	1
drank	1
dragging	1
doze	1
downs	1
downcast	1
doue	1
doubtful	1
doubly	1
doubloons	1
doubled	1
dot\ti	1
dorset	1
doom	1
domestic	1
dolorously	1
dolorous	1
dogs	1
dogmatic	1
dog	1
dodging	1
documentary	1
do^ti	1
divination	1
dividing	1
divided	1
divide	1
dived	1
disturbed	1
disturbance	1
distrusted	1
distraught	1
distracted	1
distinguishable	1
distinctions	1
distinct	1
distending	1
dissuaded	1
dissonance	1
dissipations	1
disregard	1
dispute	1
disposing	1
disposed	1
disposal	1
displays	1
displacing	1
dispersing	1
dispatch	1
disobeyed	1
dismay	1
dismasted	1
dislodge	1
disliked	1
disease	1
discreet	1
discourse	1
discountenanced	1
discontented	1
discomfited	1
disclosures	1
disclosing	1
disaster	1
disarmed	1
disappointment	1
disappearing	1
disagreement	1
disadvantageous	1
direct	1
dinner	1
ding	1
dimness	1
diligence	1
diink	1
diiig	1
dii^ectly	1
digs	1
dignity	1
digits	1
digging	1
digger	1
digested	1
difficult	1
difficnlt	1
dietetic	1
diem	1
diction	1
dictated	1
dickens	1
dialogue	1
di^aw	1
di*aft	1
di'owsy	1
di'own	1
di'ove	1
di'eam	1
di'eaded	1
di'aw	1
di'at\'ing	1
dexterity	1
devouring	1
devoured	1
devotions	1
devotes	1
devotees	1
devotee	1
devoted	1
devon	1
devoid	1
deviating	1
developing	1
detestable	1
determined	1
determination	1
deter	1
details	1
destruction	1
destroyed	1
destiny	1
destined	1
despondently	1
despite	1
despising	1
despised	1
desperate	1
desned	1
desk	1
desiring	1
design	1
deserted	1
descent	1
derided	1
deranged	1
depths	1
depressed	1
depress	1
deploring	1
depended	1
departed	1
denominated	1
deliver	1
delineator	1
delighted	1
deliberately	1
deliberatel	1
deliberate	1
delaying	1
dejectedly	1
dejected	1
deities	1
dehght	1
dehcately	1
degraded	1
degenerate	1
deficiency	1
defiant	1
defi	1
deferred	1
deeply	1
deepened	1
deepen	1
decorous	1
decomposition	1
decked	1
decision	1
dechned	1
deception	1
deceived	1
decayed	1
decay	1
decalogue	1
debatable	1
deathblow	1
dearer	1
daybreak	1
dawned	1
dawn	1
david	1
daughters	1
dastardly	1
dass	1
dashed	1
das	1
darling	1
daring	1
darhngs	1
danes	1
danced	1
damaged	1
daimted	1
dagger	1
d.c.l	1
cynically	1
cvitalie	1
cutting	1
cuts	1
curt	1
curled	1
cure	1
cupful	1
cunningly	1
cunard	1
culture	1
cultivation	1
culpabihty	1
cuit	1
cuiioiis	1
cu'cumstances	1
crying	1
cruse	1
crumbs	1
crucifix	1
crowning	1
crow	1
crouching	1
crossed	1
croakers	1
crimson	1
criminal	1
crests	1
crested	1
crept	1
creeters	1
creeping	1
creed	1
credited	1
creatures	1
creatur	1
creatui'es	1
creatui"e	1
crawled	1
craven	1
cravatted	1
cration	1
crash	1
craned	1
craftily	1
cracked	1
crack	1
crabbed	1
cozened	1
coxswain	1
cowered	1
cowards	1
cowardly	1
covert	1
courts	1
courteously	1
courteous	1
couple	1
counteract	1
counter	1
count	1
counsellor	1
couldn't	1
couiiesy	1
coucli	1
cou	1
cotton	1
cottage	1
costly	1
corridors	1
corridor	1
corners	1
corner	1
corinthian	1
cords	1
coquette	1
copy	1
cooperated	1
coolly	1
cool	1
convulsive	1
convulsed	1
convinced	1
convictions	1
convey	1
convalesced	1
contracting	1
contract	1
continent	1
contemptuously	1
contemplation	1
contemplating	1
contemplated	1
containing	1
contained	1
consummate	1
consuming	1
consume	1
consultation	1
constrained	1
constitution	1
constitute	1
consorted	1
consoling	1
consoled	1
consolation	1
consistent	1
considered	1
considerations	1
consideration	1
consider	1
consequent	1
consent	1
consecrated	1
conse	1
conscientiousness	1
conscientious	1
connubial	1
connexions	1
congregation	1
congratulate	1
confounded	1
conflicts	1
confirmed	1
confirmation	1
confiding	1
confident	1
confessor	1
confessing	1
confess	1
conducive	1
conduce	1
condemn	1
concord	1
concocted	1
conclusions	1
conclusion	1
concluded	1
conclude	1
conclave	1
concerning	1
concern	1
conceived	1
concealed	1
conceal	1
con	1
comrades	1
compunctions	1
comprised	1
comprehension	1
comprehending	1
complimentary	1
complied	1
complications	1
completing	1
complacency	1
compensate	1
compassion	1
comparison	1
comparing	1
compared	1
compare	1
comparatively	1
companions	1
communion	1
communicative	1
communication	1
communicated	1
commonly	1
commit	1
commensurate	1
commands	1
comiship	1
comfortable	1
combined	1
combinations	1
com*se	1
com'se	1
com	1
coloured	1
colloquy	1
collins	1
collectively	1
collecting	1
collect	1
colleagues	1
colleague	1
coincidences	1
cognizance	1
coffee	1
coerced	1
coerce	1
codicils	1
cocked	1
coaxing	1
coats	1
coated	1
coasts	1
coast	1
coarse	1
coals	1
coadjutor	1
cniet	1
cniel	1
cm'tain	1
cm'se	1
clustered	1
clouds	1
clothing	1
clothes	1
clothed	1
closing	1
closes	1
cloister	1
clock	1
clipper	1
clinging	1
climate	1
clifp	1
clerkship	1
clergy	1
clearing	1
clad	1
citizen	1
citadel	1
circumstances	1
cil	1
cii'cumstances	1
churchyard	1
chucked	1
chronometers	1
chronometer	1
chronicler	1
chronicled	1
christ	1
chose	1
choristers	1
choose	1
choice	1
chm'ch	1
chm	1
chirrup	1
chiitup	1
chicanery	1
chest	1
cherished	1
cherish	1
chej	1
cheers	1
cheerily	1
cheerfully	1
cheered	1
cheer	1
cheeks	1
checked	1
check	1
cheaply	1
chattering	1
chat	1
chastised	1
chased	1
charon	1
charming	1
charmed	1
charm	1
charles	1
charity	1
charitable	1
charging	1
characteristics	1
characteristic	1
channel	1
changeful	1
changed	1
chance	1
champions	1
champion	1
chamois	1
chafe	1
ch	1
cflared	1
cessation	1
certainty	1
ceremony	1
centuries	1
central	1
censure	1
censorious	1
cemetery	1
celtic	1
celt	1
celebration	1
ceded	1
cean	1
cax3	1
causing	1
causes	1
categorically	1
catechised	1
casually	1
cased	1
carrying	1
carry	1
carmine	1
carlsruhe	1
carlsnihe	1
cariying	1
carelessness	1
carefully	1
careened	1
captains	1
captaih	1
capsized	1
capers	1
capered	1
canted	1
canons	1
canes	1
candour	1
candidates	1
canaries	1
canalised	1
campaigning	1
camp	1
camel	1
calyx	1
calvinist	1
calves	1
calumniated	1
calmty	1
calibre	1
calculations	1
calculating	1
cajoleries	1
cah	1
caetera	1
ca^dl	1
buttons	1
button	1
buttocks	1
burying	1
burrowed	1
burr	1
burn	1
burly	1
buried	1
burial	1
burden	1
bunch	1
bulwark	1
bulbs	1
built	1
buccaneers	1
buccaneer	1
browtie	1
brows	1
browbeaten	1
brother-in-law	1
brooding	1
brood	1
brobdignagians	1
bro^tie	1
bro'^tie	1
bristling	1
brisk	1
briny	1
brine	1
brimful	1
brightly	1
bride	1
bridal	1
brevity	1
breaks	1
breakfasting	1
breakdown	1
break	1
breaches	1
brawny	1
bravely	1
braced	1
bqls	1
boyish	1
box	1
bowie	1
bower	1
bowed	1
bourn	1
boundless	1
bounded	1
boui'ne	1
boui	1
bouglit	1
boughs	1
bottled	1
bosom	1
born	1
bope	1
boot	1
bookwork	1
bony	1
bon	1
bomid	1
bombshells	1
bolts	1
bolted	1
bolster	1
boiling	1
bodily	1
boating	1
boar	1
bmy	1
bmxlen	1
bm	1
blushed	1
blush	1
blurts	1
blurred	1
blunders	1
blundering	1
blundered	1
blows	1
blown	1
blowin	1
bloomsbiuy	1
blocking	1
blissful	1
blink	1
blindly	1
blind	1
blessing	1
bless	1
bleak	1
blaze	1
blades	1
bitter	1
bits	1
biscuit	1
bis	1
biped	1
bim	1
billows	1
billow	1
bigbly	1
bidding	1
bicycle	1
bhnking	1
bhngs	1
bewitched	1
bewildering	1
bewildered	1
beview	1
bethinking	1
bestowing	1
bestowed	1
bequest	1
benignant	1
benighted	1
beneficent	1
beneath	1
bending	1
bemg	1
belvs	1
belonged	1
bellow	1
bell	1
belgium	1
belgian	1
bej^ond	1
behoved	1
beheve	1
behaving	1
behaved	1
behak	1
beha^dour	1
begun	1
beg	1
beforehand	1
befoee	1
befcween	1
bees	1
beech	1
beds	1
bedi'oom	1
becomes	1
beaut	1
beaten	1
bearded	1
beam	1
beads	1
beaded	1
bawling	1
bau	1
battened	1
bats	1
baths	1
bathes	1
bath	1
bat	1
basely	1
based	1
barkeeper	1
bark	1
bargemen	1
barely	1
bared	1
bare	1
bard	1
baptised	1
bantered	1
banks	1
bank	1
banishment	1
banish	1
bang	1
band	1
balmy	1
balls	1
balloon	1
balliol	1
balancing	1
baker	1
baked	1
bailys	1
bail	1
bag	1
baffling	1
badly	1
badinage	1
badeu	1
backward	1
bacchus	1
b	1
azure	1
ayiio	1
ayhat	1
awkwardly	1
awiul	1
award	1
avox	1
avowal	1
avon	1
avoid	1
avindow	1
avhy	1
averse	1
aver	1
avaricious	1
avarice	1
auspices	1
auded	1
aud	1
attributed	1
attraction	1
attentively	1
attended	1
attempted	1
attainments	1
attained	1
attack	1
atmosphere	1
athletic	1
ate	1
asylum	1
astutely	1
astute	1
astern	1
assured	1
assurance	1
assumed	1
association	1
assiu'edly	1
assisted	1
asserting	1
asserted	1
assembled	1
assaults	1
assault	1
asjmsia	1
ashore	1
ashamed	1
ascend	1
artificial	1
art	1
arrive	1
arrested	1
arranged	1
arouse	1
aroma	1
armpits	1
ark	1
arguing	1
argu	1
argive	1
ardour	1
ardently	1
ard	1
arclily	1
arcady	1
arcades	1
ar	1
apropos	1
approval	1
approaching	1
apprehensive	1
apprehend	1
appreciating	1
appreciate	1
applause	1
appetite	1
appealed	1
apologist	1
apologised	1
apologise	1
apex	1
apartment	1
apart	1
anyhow	1
antiquated	1
antipathy	1
anticipatory	1
anticipated	1
anticipate	1
antagonists	1
answering	1
answerable	1
annum	1
annoy	1
announcing	1
announced	1
annals	1
animate	1
animals	1
anhnmense	1
anguisli	1
angostura	1
angles	1
angle	1
angiy	1
angel	1
amusement	1
amused	1
ample	1
amounting	1
amounted	1
amount	1
amjdhibious	1
americans	1
amends	1
ambuscade	1
ambo	1
amazed	1
amateur	1
alwri3	1
alternately	1
altered	1
altercation	1
allusions	1
alluding	1
allow	1
allied	1
alliance	1
alkided	1
alive	1
alighted	1
ale	1
albion	1
albeii	1
albei	1
alarming	1
akve	1
ajalon	1
aitcsted	1
airy	1
ain'tj	1
ails	1
ail	1
aii	1
aheady	1
ah'eady	1
agreed	1
agonised	1
agonies	1
agitating	1
agility	1
aggravated	1
aggrandisement	1
agatha	1
afterwards	1
afforded	1
afflictions	1
affliction	1
affirmative	1
advise	1
advantage	1
adore	1
adopt	1
adonis	1
ado	1
admirer	1
adjutant	1
adhered	1
adhere	1
addle	1
addition	1
adding	1
add	1
adamantine	1
acutely	1
actuated	1
acts	1
activity	1
active	1
acrost	1
acquirements	1
acquired	1
acidulated	1
achieyed	1
achieved	1
achieve	1
ached	1
accrued	1
accrue	1
accounted	1
accompanied	1
accommodated	1
accoinpanied	1
accoimt	1
accidental	1
accessories	1
access	1
accent	1
acceded	1
abyss	1
abundant	1
abstraction	1
abstractedly	1
abstaining	1
absorbing	1
absorbed	1
abruptly	1
abolish	1
abniptly	1
abject	1
abiding	1
abhorred	1
abeam	1
abdomen	1
abc	1
abbot	1
abating	1
abatement	1
abashed	1
abasement	1
^yllat	1
^yith	1
^yhy	1
^ve	1
^tiat	1
^snng	1
^sn	1
^liad	1
^itliin	1
^dlla	1
^dgators	1
^atisso	1
^^omt	1
^^fo'es'l	1
^^blowin	1
^^^	1
^\ithin	1
^'itis	1
^'bnt	1
^'between	1
])	1
\\ith	1
?)	1
>ma{boal{l>	1
<jretion	1
3royoking	1
2jidifoul	1
1st	1
..)	1
.)	1
.'"	1
-	1
******	1
'?"	1
'."	1
'*'	1
"■	1
";	1
""	1
!}'	1
