,	3589
the	2081
"	2005
.	1699
to	1371
of	1177
and	1160
you	850
a	812
i	805
that	799
in	750
he	585
it	583
is	521
was	501
."	457
as	422
her	398
for	385
with	381
his	370
not	344
she	333
be	297
at	288
but	284
have	280
me	272
said	263
helen	259
|'s|	253
?"	253
evelyn	252
what	246
my	237
this	236
d'urbino	233
him	216
margaret	210
;	210
had	206
all	200
on	193
are	193
your	191
will	183
replied	182
which	179
or	178
if	178
so	177
by	177
francesca	159
there	154
more	154
they	151
man	146
an	146
no	145
would	143
from	141
we	135
were	129
do	129
been	129
about	120
has	117
nothing	114
any	112
?	112
!"	112
who	110
when	110
only	108
einaldo	105
some	104
!	104
am	102
upon	101
then	101
sandford	101
now	100
one	98
could	95
their	94
than	94
can	94
say	91
them	87
asked	86
way	82
see	82
into	82
before	82
know	80
should	78
again	76
other	75
himself	73
think	72
well	71
very	71
must	71
mrs	71
out	70
tell	69
our	68
own	66
—	65
up	65
without	63
such	63
us	62
''	62
father	61
donato	60
cried	60
come	60
after	60
rejoined	58
here	58
thought	57
like	57
may	56
house	56
signor	54
never	54
go	54
exclaimed	54
don't	53
cousin	53
|arabic1digit|	52
little	52
continued	52
how	51
still	49
too	48
friend	48
'	48
marchese	47
first	47
dear	47
really	46
take	45
herself	45
far	45
anything	44
yourself	43
shall	43
once	43
just	43
girl	43
door	43
did	43
away	43
palma	42
might	42
men	42
time	41
much	41
mr	41
same	40
miss	40
long	40
heard	40
course	40
whether	39
rather	39
came	39
something	38
going	38
yet	37
why	37
two	37
most	37
moment	37
make	37
eyes	37
room	36
old	36
look	36
hand	36
another	36
where	35
ever	35
day	35
whole	34
went	34
though	34
place	34
ask	34
while	33
person	33
mean	33
made	33
few	33
every	33
through	32
these	32
giorgione	32
found	32
*'	32
surely	31
last	31
however	31
cannot	31
being	31
perhaps	30
people	30
good	30
give	30
even	30
against	30
told	29
soon	29
porta	29
indeed	29
impossible	29
face	29
delia	29
between	29
work	28
over	28
saw	27
quite	27
let	27
scoundrel	26
enough	26
myself	25
love	25
leave	25
hope	25
|romannumeral|	24
took	24
taken	24
suppose	24
satisfied	24
right	24
possible	24
next	24
kind	24
information	24
heart	24
english	24
down	24
bino	24
believe	24
secret	23
returned	23
poor	23
oh	23
night	23
many	23
looking	23
light	23
gentleman	23
fellow	23
d'ur	23
brought	23
|arabic2digit|	22
young	22
yes	22
women	22
whom	22
side	22
reply	22
past	22
open	22
nevertheless	22
life	22
does	22
certainly	22
added	22
world	21
word	21
whatever	21
voice	21
talk	21
off	21
observed	21
its	21
interest	21
head	21
everything	21
began	21
trust	20
thing	20
speak	20
soldiers	20
question	20
ought	20
less	20
hear	20
also	20
want	19
vol	19
serious	19
saying	19
sake	19
present	19
pistol	19
name	19
mind	19
god	19
back	19
visit	18
turned	18
towards	18
seemed	18
rinaldo	18
perfectly	18
mother	18
means	18
help	18
further	18
felt	18
eome	18
aware	18
altogether	18
words	17
woman	17
those	17
seen	17
put	17
personal	17
party	17
floor	17
except	17
conversation	17
call	17
account	17
understand	16
under	16
thus	16
signore	16
proceedings	16
part	16
need	16
mischief	16
matter	16
hands	16
griorgione	16
government	16
gave	16
friends	16
find	16
fact	16
doubt	16
done	16
daughter	16
character	16
care	16
captain	16
both	16
because	16
bastiani	16
angry	16
alone	16
within	15
view	15
taking	15
subject	15
seems	15
possibly	15
naples	15
miserable	15
looks	15
left	15
knew	15
ground	15
get	15
evening	15
countenance	15
colonel	15
better	15
almost	15
affairs	15
'*	15
themselves	14
stood	14
show	14
rest	14
object	14
nor	14
nobody	14
neither	14
manner	14
home	14
having	14
hardly	14
got	14
forgive	14
features	14
either	14
cousins	14
chamber	14
can't	14
cameriere	14
business	14
affair	14
:	14
yesterday	13
try	13
true	13
things	13
sure	13
story	13
sitting	13
sight	13
set	13
seem	13
sculptor	13
reason	13
osborne	13
nature	13
mosaic	13
morning	13
making	13
longer	13
listen	13
lie	13
keep	13
incomprehensible	13
immediately	13
cavaliere	13
behind	13
anxious	13
among	13
always	13
ago	13
yours	12
wish	12
whose	12
whispered	12
times	12
thoughts	12
supposed	12
shot	12
seized	12
received	12
police	12
point	12
pleasure	12
please	12
placed	12
passed	12
live	12
least	12
lay	12
knows	12
instantly	12
fresh	12
forwards	12
forward	12
feeling	12
expression	12
convinced	12
committee	12
coming	12
child	12
begin	12
bear	12
attention	12
alarm	12
air	12
acquaintance	12
wrong	11
worker	11
villain	11
unless	11
truth	11
trouble	11
together	11
suggested	11
strange	11
sound	11
sort	11
small	11
silence	11
scarcely	11
sat	11
return	11
purpose	11
power	11
portrait	11
pleasant	11
order	11
new	11
mad	11
led	11
learn	11
lady	11
itself	11
italian	11
heaven	11
furniture	11
followed	11
fancy	11
extremely	11
end	11
else	11
each	11
death	11
days	11
dark	11
confess	11
chance	11
chair	11
case	11
answer	11
utter	10
until	10
turn	10
surprise	10
suddenly	10
struck	10
streets	10
street	10
state	10
sit	10
simply	10
service	10
seeing	10
often	10
occupation	10
note	10
met	10
looked	10
lamp	10
ladies	10
interposed	10
ill	10
houses	10
heavens	10
happy	10
feel	10
eoman	10
entered	10
die	10
delay	10
dare	10
curiosity	10
companion	10
bad	10
attempt	10
across	10
absence	10
.''	10
wretched	9
use	9
turning	9
tears	9
spot	9
sometimes	9
smile	9
slowly	9
slight	9
sense	9
scheme	9
rooms	9
real	9
proceed	9
none	9
mystery	9
mysterious	9
mamma	9
length	9
knife	9
hesitation	9
gentlemen	9
full	9
frightened	9
feet	9
escape	9
confident	9
confidence	9
command	9
city	9
chaptee	9
change	9
called	9
blood	9
beginning	9
assured	9
annoyed	9
year	8
wonder	8
window	8
whatsoever	8
walked	8
waiting	8
victim	8
usual	8
unfortunate	8
totally	8
tone	8
till	8
surprised	8
stand	8
spoke	8
signs	8
showed	8
seriously	8
send	8
says	8
run	8
round	8
rose	8
repeated	8
remember	8
remarked	8
rate	8
private	8
plainly	8
pass	8
officer	8
noise	8
mistake	8
mere	8
marry	8
marriage	8
known	8
knowledge	8
it's	8
inquiries	8
imagine	8
hold	8
happen	8
half	8
given	8
general	8
force	8
feelings	8
fear	8
expected	8
examination	8
exactly	8
especially	8
echoed	8
dust	8
drew	8
doing	8
desire	8
danger	8
country	8
conduct	8
conclusion	8
comes	8
charge	8
blow	8
beyond	8
betrayed	8
besides	8
aunt	8
assure	8
anger	8
agitation	8
afraid	8
advice	8
advanced	8
act	8
years	7
wounded	7
weapon	7
watching	7
wall	7
various	7
utterly	7
utmost	7
used	7
unpleasant	7
unable	7
tonight	7
threw	7
three	7
talking	7
suspicions	7
suspicion	7
studio	7
step	7
special	7
speaking	7
sincere	7
silent	7
second	7
search	7
satisfy	7
safe	7
s	7
rushed	7
ruffian	7
rising	7
respect	7
ready	7
quietly	7
proceeded	7
pray	7
position	7
plotting	7
persons	7
personage	7
pay	7
others	7
ordinary	7
opportunity	7
nonsense	7
necessary	7
naldo	7
message	7
meaning	7
master	7
lost	7
lips	7
liberty	7
lesson	7
interesting	7
idea	7
holding	7
held	7
hastily	7
happened	7
great	7
front	7
free	7
forget	7
fire	7
fears	7
faint	7
explanation	7
explain	7
expect	7
everybody	7
engaged	7
ei	7
duty	7
distress	7
discussion	7
direction	7
curtain	7
cry	7
clearly	7
clear	7
certain	7
broke	7
best	7
barely	7
ascertain	7
around	7
already	7
allow	7
aim	7
afterwards	7
actually	7
absurd	7
worth	6
wished	6
wide	6
whisper	6
uttered	6
upper	6
unexpected	6
ugly	6
tomorrow	6
thoroughly	6
thinking	6
thief	6
terror	6
terrified	6
terrible	6
strong	6
started	6
spirits	6
spirit	6
spare	6
sounds	6
somebody	6
sole	6
sleep	6
since	6
signorina	6
sign	6
sigh	6
several	6
servant	6
senses	6
self	6
secrecy	6
schemes	6
savage	6
retorted	6
responded	6
refuse	6
quiet	6
quickly	6
quick	6
questions	6
putting	6
proceeding	6
prevent	6
pretty	6
prepared	6
portion	6
politics	6
peace	6
papers	6
opening	6
offered	6
offer	6
obscurity	6
obeyed	6
number	6
notice	6
narrow	6
murmured	6
movements	6
mount	6
moments	6
modelling	6
mistaken	6
mine	6
mention	6
meant	6
listening	6
listened	6
learned	6
lately	6
insinuations	6
inquiry	6
important	6
hour	6
hesitated	6
happiness	6
guessed	6
grew	6
grave	6
giving	6
former	6
forgotten	6
forgot	6
folly	6
fixed	6
fighting	6
fight	6
fell	6
fast	6
fashion	6
false	6
fail	6
entering	6
dreadful	6
doors	6
difficult	6
deal	6
dead	6
darkness	6
cut	6
cruelty	6
corso	6
cool	6
conviction	6
concerned	6
close	6
chapter	6
bust	6
benefit	6
below	6
beauty	6
astonished	6
appeared	6
anxiety	6
answered	6
along	6
agreeable	6
agree	6
acquainted	6
absolutely	6
able	6
/"	6
|arabic3digit|	5
worst	5
worse	5
wonderfully	5
wishes	5
ways	5
watch	5
wanted	5
walk	5
visible	5
via	5
vanished	5
useless	5
trusted	5
trembling	5
thrown	5
task	5
talked	5
system	5
suspect	5
suggest	5
sufficient	5
sudden	5
straightforward	5
steadily	5
starting	5
standing	5
sought	5
sorry	5
somewhere	5
society	5
smallest	5
slightest	5
single	5
sincerity	5
roused	5
romantic	5
revolver	5
revenge	5
revealed	5
resolved	5
relieved	5
relief	5
receive	5
r	5
quixote	5
proof	5
promise	5
produced	5
pretend	5
pretence	5
presented	5
preposterous	5
powder	5
pocket	5
places	5
piazza	5
perfect	5
paying	5
pardon	5
outside	5
otherwise	5
official	5
offence	5
occurred	5
occasion	5
noises	5
noel	5
nearly	5
national	5
moving	5
midst	5
mask	5
living	5
leaving	5
laughed	5
laugh	5
late	5
large	5
laid	5
keeping	5
interview	5
interrupted	5
interfere	5
interested	5
intend	5
instead	5
inquired	5
injustice	5
influence	5
indignation	5
increasing	5
implied	5
household	5
honour	5
highest	5
harm	5
hard	5
happily	5
gratified	5
goes	5
girls	5
getting	5
gently	5
fool	5
follow	5
felice	5
fate	5
fancied	5
express	5
execution	5
excitement	5
examined	5
enter	5
englishman	5
encounter	5
effect	5
easy	5
ear	5
eagerly	5
drawn	5
don	5
distressed	5
different	5
crossed	5
courage	5
couple	5
connexion	5
confusion	5
condition	5
concealed	5
complete	5
communication	5
closed	5
cigar	5
cared	5
breaking	5
born	5
book	5
body	5
blows	5
bewildered	5
bed	5
become	5
bade	5
attributed	5
astonishment	5
asking	5
aside	5
arms	5
arm	5
appearance	5
apparently	5
announced	5
advantage	5
above	5
written	4
wretch	4
whistle	4
watched	4
violently	4
unwilling	4
unlucky	4
unhappy	4
undoubtedly	4
undertake	4
unconscious	4
uncommonly	4
uncomfortable	4
trifling	4
trifle	4
tones	4
today	4
thousand	4
thinks	4
therefore	4
thank	4
terms	4
tenderly	4
tempted	4
temper	4
telling	4
taught	4
swept	4
success	4
stroll	4
strode	4
strangers	4
stories	4
stop	4
stir	4
stately	4
startled	4
stare	4
spoken	4
splendid	4
speedily	4
soldiery	4
sneer	4
skill	4
singular	4
simple	4
shook	4
separated	4
sent	4
sending	4
seeking	4
seat	4
scoundrels	4
scared	4
scamp	4
sad	4
ruined	4
roof	4
rome	4
rifle	4
resumed	4
result	4
reserve	4
rescued	4
rescue	4
reputation	4
remotest	4
remain	4
relations	4
regard	4
refused	4
refusal	4
reach	4
prove	4
prostrate	4
proper	4
promised	4
progress	4
process	4
probably	4
priesthood	4
pretended	4
prefer	4
precaution	4
possession	4
positive	4
political	4
politeness	4
play	4
pieces	4
persuade	4
personally	4
perplexity	4
permission	4
peril	4
perceived	4
paused	4
pause	4
passion	4
passing	4
particular	4
parted	4
pale	4
pain	4
paid	4
ourselves	4
ou	4
notwithstanding	4
notion	4
noticed	4
niece	4
near	4
naturally	4
moved	4
mixed	4
misery	4
minutes	4
minds	4
military	4
mercy	4
melancholy	4
matters	4
maria	4
marble	4
manifest	4
maid	4
lived	4
liking	4
liked	4
lies	4
liberal	4
lessons	4
lead	4
lamps	4
knocking	4
key	4
jove	4
intolerable	4
intending	4
inclination	4
imputations	4
impertinent	4
imagined	4
ignorance	4
human	4
huge	4
hopes	4
honest	4
hitherto	4
history	4
hint	4
hide	4
helping	4
health	4
happens	4
halt	4
guess	4
growing	4
grod	4
gracious	4
glass	4
glance	4
glad	4
future	4
fully	4
foot	4
fools	4
flight	4
flashed	4
finishing	4
finished	4
finding	4
fascinating	4
family	4
fallen	4
fair	4
faces	4
eye	4
extent	4
experience	4
excuse	4
excited	4
examine	4
escort	4
equally	4
entreaties	4
entrance	4
entire	4
englishmen	4
enemy	4
ends	4
eccellenza	4
ease	4
during	4
dread	4
double	4
disturbance	4
distant	4
discretion	4
discover	4
disappeared	4
difference	4
diavolo	4
determined	4
detected	4
detect	4
deserted	4
describe	4
definite	4
decided	4
deadly	4
daring	4
crimes	4
coward	4
control	4
contrary	4
considering	4
consider	4
conscious	4
concerning	4
concealment	4
completely	4
company	4
cold	4
closely	4
clever	4
civil	4
circumstances	4
circumstance	4
charles	4
cautiously	4
caused	4
carried	4
carefully	4
bullet	4
broken	4
bring	4
black	4
bewilderment	4
betray	4
believed	4
behalf	4
beg	4
beating	4
beat	4
attempts	4
ashamed	4
arrived	4
anybody	4
anxiously	4
answering	4
allowed	4
alive	4
alarmed	4
agreed	4
afternoon	4
adventure	4
advance	4
admitted	4
adjoining	4
adding	4
action	4
acquaintances	4
accept	4
?'*	4
wrath	3
worthy	3
worshipper	3
worship	3
wore	3
wonderful	3
wisdom	3
wind	3
willingly	3
wilful	3
wild	3
wider	3
wicked	3
whoever	3
whit	3
weary	3
weakness	3
warm	3
walls	3
wait	3
violent	3
villainy	3
vexation	3
venture	3
vast	3
value	3
vainly	3
unwelcome	3
unlike	3
uneasy	3
undisturbed	3
understood	3
uncontrollable	3
transparent	3
trancesca	3
tools	3
tokens	3
tliat	3
thrust	3
throwing	3
throw	3
thirty	3
tells	3
taste	3
tale	3
t	3
sympathetic	3
sword	3
suspecting	3
suspected	3
surgeon	3
support	3
suggestions	3
suggestion	3
style	3
study	3
struggle	3
stone	3
steady	3
station	3
spread	3
speed	3
sounded	3
sorts	3
somewhat	3
solemn	3
social	3
smoking	3
smiling	3
sky	3
sister	3
shouting	3
shouted	3
shoulder	3
share	3
shadow	3
services	3
serve	3
servants	3
seriousness	3
sergeant	3
sentence	3
seeming	3
searching	3
searched	3
screw	3
scene	3
santa	3
roman	3
risk	3
rioting	3
rioters	3
revolutions	3
resist	3
request	3
report	3
renewed	3
remembering	3
relapsed	3
rejoiced	3
regret	3
regards	3
recollect	3
recognised	3
reception	3
reasons	3
reading	3
reached	3
re	3
rashness	3
rapidly	3
ran	3
rage	3
quarter	3
provoking	3
proud	3
protect	3
proposed	3
profound	3
pride	3
price	3
previous	3
pressure	3
pressed	3
presence	3
positively	3
portraits	3
popolo	3
pointing	3
pockets	3
plans	3
plain	3
pity	3
piece	3
picture	3
pavement	3
passionately	3
papal	3
panels	3
pains	3
paces	3
pace	3
originally	3
oppressed	3
opinion	3
officials	3
officers	3
odious	3
oak	3
neighbouring	3
nearest	3
natural	3
mystification	3
musketry	3
motion	3
moreover	3
money	3
mock	3
missing	3
mingled	3
middle	3
memory	3
members	3
meet	3
meddling	3
matches	3
march	3
makes	3
madam	3
machinery	3
lumber	3
lower	3
low	3
loving	3
loves	3
lover	3
loud	3
losing	3
lose	3
loaded	3
leading	3
leader	3
latter	3
lane	3
kindness	3
kept	3
keen	3
jesting	3
irritated	3
irresistible	3
involved	3
invisible	3
investigation	3
intention	3
intended	3
intelligent	3
insurgents	3
instant	3
insist	3
infernal	3
infamous	3
inexplicable	3
induced	3
indifference	3
inaldo	3
immediate	3
ignorant	3
i'm	3
hush	3
humph	3
humiliation	3
hotheaded	3
horror	3
horribly	3
hoping	3
honourable	3
honesty	3
hm	3
hitting	3
high	3
hesitating	3
hearing	3
hauteur	3
hate	3
hanging	3
habitual	3
guide	3
gravity	3
gratify	3
gratification	3
granted	3
gradually	3
good-natured	3
gone	3
gods	3
gloom	3
glimmer	3
glanced	3
genuine	3
gazed	3
game	3
fro	3
frightful	3
frighten	3
frances	3
fortunate	3
formidable	3
forced	3
forbid	3
footprints	3
foolish	3
following	3
folks	3
fled	3
flash	3
fired	3
finish	3
final	3
figure	3
fiery	3
feeble	3
favour	3
fault	3
fatigue	3
fancies	3
fairly	3
faintest	3
extraordinary	3
expressions	3
explained	3
exciting	3
examining	3
exact	3
escaped	3
epicurus	3
eomans	3
entertain	3
enjoined	3
england	3
endure	3
en	3
empty	3
emerged	3
elsewhere	3
efforts	3
earth	3
ears	3
eager	3
e	3
drop	3
dream	3
dreaded	3
dozen	3
doubtful	3
disturbances	3
dismay	3
disagreeable	3
directly	3
diminished	3
difficulty	3
died	3
devil	3
device	3
determination	3
detain	3
details	3
deserved	3
described	3
deny	3
delusion	3
delighted	3
deliberately	3
del	3
degree	3
debating	3
dashed	3
dash	3
dangerous	3
damsel	3
daily	3
d'xjrbino	3
curse	3
crash	3
crack	3
court	3
coolly	3
contented	3
conspirators	3
considered	3
consent	3
confederates	3
condescension	3
conclusions	3
conceal	3
composure	3
compelled	3
commit	3
clay	3
class	3
civilians	3
charity	3
charged	3
cause	3
caught	3
catch	3
catastrophe	3
captor	3
capable	3
candle	3
calm	3
calculations	3
ca	3
busy	3
burst	3
burglary	3
burglar	3
brief	3
bowed	3
bolts	3
blunder	3
blackest	3
bitterly	3
bitter	3
bis	3
believing	3
beheld	3
begun	3
bargain	3
baffled	3
backwards	3
attribute	3
attracting	3
attracted	3
attacked	3
atrocious	3
assertion	3
arrangement	3
argument	3
argue	3
appeal	3
apology	3
annoying	3
annoyance	3
announcement	3
anguish	3
angelo	3
ample	3
amiable	3
amazement	3
aloud	3
aid	3
ah	3
agents	3
age	3
adventures	3
adopt	3
addressed	3
add	3
abuse	3
abroad	3
]	3
**	3
*	3
}'	2
yard	2
wrote	2
wretchedness	2
worry	2
wooden	2
wood	2
wont	2
wondering	2
wondered	2
won't	2
witness	2
wine	2
win	2
wildly	2
wilderness	2
wet	2
welfare	2
weeks	2
wear	2
weapons	2
wealthy	2
wbo	2
warning	2
warn	2
warmth	2
wants	2
wandering	2
walking	2
volley	2
visitors	2
visitor	2
visited	2
violence	2
villains	2
vile	2
views	2
victory	2
venturing	2
ventured	2
venice	2
veil	2
vehemence	2
vanity	2
vain	2
vagabond	2
usually	2
useful	2
urgent	2
upsetting	2
untenanted	2
unseen	2
unrestrained	2
unprepared	2
uninterested	2
undertook	2
undertaking	2
undertaken	2
unconsciously	2
unaccountable	2
un	2
tyrant	2
tyranny	2
twenty	2
truly	2
troubled	2
trembled	2
treats	2
treated	2
touch	2
total	2
tongue	2
tiani	2
throughout	2
threats	2
thoroughfare	2
thick	2
theories	2
thanks	2
test	2
terrors	2
terrify	2
terribly	2
ten	2
tempting	2
teeth	2
tapping	2
tall	2
talks	2
sympathy	2
syllable	2
sworn	2
sweep	2
swear	2
suspicious	2
surprising	2
surface	2
supposing	2
superior	2
sunshine	2
summons	2
summer	2
suffered	2
suffer	2
successful	2
succeeded	2
succeed	2
subsided	2
stupidity	2
studied	2
striking	2
strikes	2
strike	2
strictest	2
stricken	2
stray	2
stopped	2
stolen	2
stole	2
stifled	2
steps	2
steel	2
stealing	2
staying	2
stay	2
statement	2
startling	2
start	2
stars	2
starlight	2
stairs	2
stage	2
spy	2
sprang	2
spontaneous	2
spent	2
spectator	2
speaks	2
speaker	2
sources	2
source	2
soul	2
sorrows	2
sooner	2
solitude	2
societies	2
sobbed	2
slumbering	2
slightly	2
slie	2
slept	2
sitter	2
signal	2
sides	2
shy	2
shut	2
shriek	2
shout	2
shoulders	2
shots	2
short	2
shooting	2
shelf	2
shedding	2
shameless	2
shake	2
settle	2
sensations	2
seize	2
seek	2
secured	2
secure	2
secrets	2
seated	2
scraping	2
scowl	2
scarcel}^	2
sancho	2
saint	2
safety	2
safest	2
rules	2
ruled	2
ruin	2
roughly	2
roll	2
rogue	2
roar	2
rights	2
rid	2
reward	2
revolutionists	2
revive	2
reverse	2
revelations	2
returning	2
restrain	2
respectable	2
resources	2
resolution	2
resistance	2
reserved	2
representative	2
repose	2
replies	2
repeat	2
rendered	2
remonstrated	2
remonstrances	2
remark	2
remained	2
rely	2
reluctance	2
relieves	2
reliance	2
related	2
registers	2
register	2
refusing	2
refrain	2
recur	2
recovered	2
recover	2
recognition	2
receiving	2
rebels	2
reassured	2
reasoning	2
reasonable	2
reality	2
realities	2
readiness	2
rash	2
rapid	2
random	2
race	2
quicker	2
questioning	2
questioner	2
puzzled	2
push	2
pursue	2
purposes	2
public	2
proved	2
protesting	2
protested	2
protestations	2
propose	2
proposal	2
prompted	2
promote	2
produce	2
probability	2
privacy	2
principles	2
priests	2
pretending	2
presume	2
pressing	2
presenting	2
prepare	2
preaching	2
pre	2
praises	2
practice	2
practical	2
powers	2
postoffice	2
post	2
possibility	2
possibile	2
possessed	2
politely	2
polite	2
points	2
pledge	2
pleased	2
pleasantly	2
pleaded	2
placing	2
piercing	2
pictures	2
philosopher	2
persuaded	2
perplexed	2
perilous	2
pent	2
patronise	2
passionate	2
partly	2
parting	2
parties	2
particularly	2
partially	2
parody	2
overpowered	2
outer	2
opposite	2
opinions	2
operations	2
operation	2
opened	2
onwards	2
olympus	2
old-fashioned	2
ol	2
office	2
offensive	2
odour	2
odds	2
occasional	2
obtained	2
observe	2
observation	2
obligation	2
obey	2
oaths	2
oath	2
numbers	2
nocturnal	2
nights	2
news	2
net	2
neighbourhood	2
negotiations	2
neglected	2
nefarious	2
nearer	2
narrative	2
names	2
mutual	2
murmurs	2
murdered	2
murder	2
moves	2
movement	2
move	2
mounted	2
motives	2
moods	2
mood	2
monstrous	2
monsignore	2
modified	2
model	2
miserably	2
mischievously	2
minded	2
midnight	2
metaphorical	2
merits	2
merely	2
mephistopheles	2
meditation	2
meantime	2
masked	2
married	2
marriages	2
marquis	2
marks	2
marcliese	2
marching	2
mar	2
manly	2
manliness	2
madman	2
loss	2
lonely	2
lofty	2
locks	2
lock	2
load	2
lives	2
listeners	2
list	2
lineage	2
line	2
likely	2
lightning	2
lighted	2
lifted	2
library	2
liberalism	2
liar	2
letter	2
lend	2
league	2
laying	2
laughing	2
languid	2
knot	2
knees	2
kill	2
keyhole	2
justifiable	2
justice	2
judge	2
joined	2
jewels	2
jealousy	2
j	2
italy	2
investigating	2
inventing	2
intrusion	2
introduce	2
intolerably	2
intervals	2
interrupting	2
interpreted	2
intercourse	2
intensity	2
intelligence	2
insurgent	2
insulting	2
instinctively	2
insinuate	2
inquire	2
innocent	2
inner	2
injunction	2
ing	2
inform	2
inferior	2
inexpressible	2
indulge	2
induce	2
incredulous	2
increased	2
increase	2
inconvenient	2
impulse	2
impudent	2
imprecations	2
impose	2
imply	2
impetuous	2
imperturbable	2
impatient	2
immensely	2
imaginary	2
illustration	2
hurried	2
hunt	2
hundreds	2
hundred	2
humility	2
humble	2
hours	2
hotel	2
horrid	2
horrible	2
honoured	2
honestly	2
homes	2
holy	2
holiness	2
histories	2
hired	2
hindrance	2
highly	2
higher	2
hideous	2
hers	2
henry	2
helpless	2
helped	2
heeding	2
heed	2
heap	2
heads	2
headlong	2
hasty	2
hastened	2
handle	2
hammering	2
hammer	2
guns	2
guarded	2
grunted	2
growth	2
growled	2
group	2
grood	2
groan	2
gro	2
grior	2
grinding	2
grieve	2
grief	2
gravely	2
gratitude	2
grasp	2
glazed	2
gione	2
gift	2
gets	2
gaze	2
gallows	2
galleys	2
gallant	2
furnished	2
furiously	2
furious	2
fright	2
friendship	2
friendly	2
frenzy	2
fran	2
fortress	2
forth	2
formed	2
forgiving	2
forgiveness	2
forgetting	2
forehead	2
ford	2
footmarks	2
fly	2
flow	2
floors	2
flatter	2
flames	2
fixedly	2
five	2
firing	2
firearms	2
finger	2
finally	2
filled	2
field	2
fellows	2
feint	2
fees	2
feels	2
feebly	2
feared	2
fatal	2
fastidious	2
fastenings	2
fascinations	2
farther	2
families	2
familiar	2
fall	2
faintly	2
fainted	2
eyebrows	2
expressed	2
explosion	2
expecting	2
existing	2
existence	2
exhilarating	2
exhibited	2
excellent	2
event	2
entreated	2
entreat	2
entirely	2
enjoyment	2
enjoying	2
enjoy	2
englishwomen	2
engagement	2
enemies	2
ended	2
encountered	2
employers	2
employed	2
employ	2
embroidery	2
ejaculations	2
effects	2
eccentricities	2
easily	2
earnest	2
eagerness	2
dying	2
dull	2
dulcinea	2
driving	2
drinking	2
dress	2
dreaming	2
dreading	2
draws	2
drawings	2
drawing-room	2
drawing	2
drama	2
downstairs	2
doubts	2
doubtless	2
domiciliary	2
divinity	2
disturbed	2
distinctly	2
distance	2
dismissed	2
dismal	2
discussing	2
discovery	2
discovered	2
disappointment	2
disappointed	2
direct	2
dignified	2
destiny	2
despotism	2
despair	2
describing	2
depend	2
delivered	2
delights	2
delightful	2
delicate	2
deference	2
defend	2
defence	2
decide	2
dealer	2
de	2
daylight	2
dawn	2
dared	2
daggers	2
d	2
custode	2
curious	2
crowd	2
cross-examination	2
critics	2
crevice	2
crafty	2
cowardly	2
cover	2
courtyard	2
corresponded	2
correct	2
contents	2
conspiracy	2
consigned	2
consideration	2
considerable	2
connoisseur	2
confraternity	2
conflict	2
confirmed	2
confessed	2
conference	2
conducted	2
conceive	2
conceivable	2
con	2
compromise	2
comprehend	2
companions	2
communicated	2
communicate	2
common-sense	2
commencement	2
collection	2
coliseum	2
clumsy	2
closet	2
cleared	2
clasping	2
civility	2
church	2
chose	2
choose	2
charming	2
changed	2
chairs	2
ceremony	2
cautious	2
caution	2
casuistical	2
carry	2
careful	2
carbines	2
carbineers	2
capture	2
canonised	2
calumny	2
bye	2
buy	2
burning	2
burden	2
building	2
brusquerie	2
bringing	2
brilliant	2
brightly	2
brewing	2
breath	2
breast	2
break	2
boxes	2
box	2
bottom	2
bored	2
books	2
bold	2
bodies	2
boast	2
blundering	2
blocking	2
blaze	2
blacken	2
bj	2
big	2
biceps	2
bianca	2
bestowed	2
bent	2
belief	2
beds	2
becoming	2
became	2
beautiful	2
bas	2
barrier	2
barricade	2
barracks	2
bantering	2
ball	2
balance	2
bajocchi	2
avoid	2
avas	2
authorities	2
audible	2
attend	2
atone	2
asunder	2
assurance	2
assume	2
assistance	2
assist	2
assassination	2
assassin	2
assailants	2
aspect	2
artist	2
art	2
arrival	2
arrangements	2
arranged	2
aroused	2
armed	2
appropriate	2
applaud	2
appears	2
appear	2
appealed	2
apparent	2
animation	2
angrily	2
amuses	2
amount	2
amidst	2
amiability	2
amaze	2
allows	2
alike	2
alcove	2
alarming	2
aiding	2
agitated	2
agencies	2
affronted	2
advising	2
advise	2
adopted	2
admit	2
admirably	2
additional	2
addition	2
actual	2
actions	2
acquired	2
accuracy	2
accounted	2
accomplished	2
accompanied	2
accident	2
abominable	2
abide	2
^	2
\	2
[	2
?'	2
-	2
'^	2
'''	2
!'*	2
!''	2
■>■>	1
•*	1
•'	1
•	1
zealous	1
youth	1
yourselves	1
you're	1
yoti	1
yon	1
yoii	1
yoar	1
yii	1
yielding	1
yielded	1
yia	1
yellow	1
ye	1
yards	1
y	1
xiil	1
wrongs	1
wronged	1
writer	1
wrestling	1
wrenched	1
wrapped	1
wounds	1
wouldn't	1
wouldbe	1
worthless	1
worships	1
worn	1
works	1
working	1
wonders	1
witted	1
wits	1
witnessed	1
wit	1
wishing	1
wise	1
wiping	1
winters	1
winter	1
winey	1
windows	1
wiles	1
wildest	1
wife	1
wields	1
wickedness	1
whither	1
white	1
whistling	1
whistled	1
whispering	1
whisked	1
whirlwind	1
whirled	1
whimper	1
whichever	1
whereas	1
whereabouts	1
whenever	1
whence	1
wept	1
well-bred	1
welcome	1
weighing	1
weigh	1
week	1
wearing	1
weariness	1
we'll	1
wdien	1
wbicb	1
wben	1
wbat	1
waywardness	1
warrant	1
warned	1
warmly	1
wards	1
wanting	1
waning	1
wandered	1
walks	1
wake	1
waist	1
wafted	1
wa	1
w^eks	1
vor	1
voluntary	1
voluntarily	1
vocabulary	1
vm	1
visits	1
vision	1
virtue	1
violated	1
vindictiveness	1
vinced	1
villainous	1
vilify	1
vilest	1
vigour	1
vigorously	1
victims	1
vexed	1
ventures	1
vent	1
vengeance	1
venerable	1
vehngerichty	1
vay	1
vatican	1
varied	1
values	1
vague	1
uuj1.upobd	1
uttering	1
usuall	1
using	1
uselessly	1
uscito	1
usage	1
urged	1
urbino	1
upstairs	1
upset	1
upright	1
uplifted	1
upholding	1
unwillingly	1
unwell	1
unveiled	1
unusual	1
unspoken	1
unshaped	1
unscrupulousness	1
unscrupulous	1
unsatisfactory	1
unrestrainedly	1
unrecognised	1
unravel	1
unquestionable	1
unprotected	1
unpropitious	1
unpleasantly	1
unpardonable	1
unoccupied	1
unobserved	1
unnoticed	1
unmolested	1
unmistakeable	1
unmerciful	1
unmeaning	1
unlooked-for	1
unloaded	1
unladylike	1
unknown	1
unkind	1
unjustly	1
unjust	1
university	1
uninvited	1
uninterrupted	1
uninjured	1
unillumined	1
unhurt	1
unfrequented	1
unfinished	1
unequally	1
unentertaining	1
unearthing	1
undisguised	1
understands	1
understanding	1
underlying	1
underhand	1
undergoing	1
undefended	1
unconsciousness	1
unconnected	1
uncertainty	1
unbroken	1
unawares	1
unaccustomed	1
um	1
tyrannical	1
type	1
twos	1
twice	1
turbaoces	1
tumult	1
tumbling	1
tumbled	1
tumble	1
ts	1
trying	1
trustworthy	1
trunks	1
trumpery	1
troubling	1
troubles	1
troops	1
triumph	1
trimmed	1
trigger	1
trifles	1
tried	1
trickling	1
trickery	1
tremendously	1
tremendous	1
trembhng	1
tread	1
treacherous	1
trath	1
traordinarj	1
transports	1
translated	1
transit	1
transferring	1
transfer	1
trans	1
tranquillity	1
tranquil	1
tramp	1
traitors	1
traitor	1
trained	1
traces	1
trace	1
toy	1
towering	1
tout	1
touched	1
tossed	1
torrent	1
torn	1
tormented	1
torment	1
topics	1
top	1
tool	1
tolerated	1
tolerably	1
token	1
toils	1
toil	1
to's	1
tjrbino	1
tive	1
titter	1
title	1
tiresome	1
tired	1
tion	1
timid	1
tiever	1
tidings	1
tics	1
thwarted	1
thundering	1
throws	1
throbbing	1
throats	1
thrill	1
threes	1
threatened	1
threaded	1
thrash	1
thoughtless	1
thoughtfulness	1
thorough	1
thirstiness	1
therein	1
theory	1
thence	1
theft	1
theatre	1
thankfulness	1
thankful	1
texture	1
tete-a-tete	1
testing	1
terrorism	1
term	1
tension	1
tending	1
tender	1
tempts	1
temptation	1
temporary	1
temples	1
temple	1
tempered	1
temerity	1
teases	1
teaching	1
teaches	1
teacher	1
te	1
taxing	1
tax	1
tariff	1
taps	1
tantalising	1
tance	1
talker	1
tales	1
takes	1
tact	1
tablets	1
tables	1
table	1
systematic	1
sympathising	1
sympathetically	1
swore	1
swords	1
swoon	1
swift	1
sweet	1
swarmed	1
sustain	1
suspense	1
survive	1
surveying	1
surrounding	1
surrounded	1
surmises	1
surmise	1
sures	1
supremely	1
supposition	1
supply	1
supplied	1
supicions	1
superiors	1
superintending	1
summoned	1
summon	1
summarily	1
sulks	1
sulkily	1
suitableness	1
suitable	1
suit	1
suggestive	1
suggesting	1
sufficiently	1
sufferings	1
suffering	1
sufferers	1
sufferer	1
successive	1
succession	1
substance	1
subsequent	1
submit	1
subjected	1
stung	1
stumbling	1
stumbled	1
studjang	1
studies	1
strongly	1
stronger	1
stroke	1
striving	1
strides	1
strictly	1
stretched	1
strenuously	1
strength	1
stream	1
straw	1
stranger	1
strangely	1
strained	1
strain	1
stowing	1
stow	1
stormy	1
storms	1
storm	1
storj	1
stores	1
stopping	1
stool	1
stirring	1
stimulus	1
stery	1
stern	1
stepped	1
stem	1
stealthily	1
steadfastness	1
steadfastly	1
stays	1
stayed	1
statues	1
statue	1
stating	1
stateliness	1
stares	1
stands	1
staircase	1
stables	1
stable	1
stabbing	1
stabbed	1
stab	1
squares	1
spots	1
spokesman	1
splendour	1
spite	1
spies	1
spice	1
speeches	1
speech	1
speculations	1
speculation	1
specimens	1
specimen	1
specifying	1
species	1
specially	1
speakinsf	1
spark	1
spares	1
spared	1
spain	1
spagna	1
space	1
sovereign	1
southwards	1
southerns	1
sorrow	1
sorne	1
soreness	1
sootlimg	1
soothing	1
sooth	1
songs	1
solve	1
solution	1
solid	1
solely	1
soldier	1
softly	1
soft	1
sofas	1
sofa	1
sobbing	1
snubbing	1
snapped	1
smooth	1
smoke	1
smiles	1
smiled	1
smells	1
slumbers	1
slumber	1
slow	1
slis^htest	1
sliming	1
sliding	1
sleepers	1
sleeper	1
slang	1
slanders	1
slanderings	1
slackened	1
skulking	1
skies	1
skeleton	1
situation	1
sittino^s	1
sittings	1
sits	1
sio^nor	1
sinking	1
sinister	1
singularly	1
singer	1
singed	1
sincerest	1
simpleton	1
simpleminded	1
similar	1
silver	1
silly	1
silently	1
signify	1
significantly	1
significant	1
signer	1
sighed	1
sigaore	1
sick	1
shyness	1
shrugging	1
shows	1
showing	1
shouts	1
shortly	1
shoot	1
shone	1
shoes	1
shock	1
shivering	1
shindy	1
shelter	1
shed	1
sharply	1
sharp	1
shape	1
shamming	1
shame	1
sham	1
shaking	1
shadowof	1
shaded	1
sex	1
severity	1
severe	1
settled	1
setting	1
sets	1
served	1
separate	1
sensitive	1
sensibility	1
sensibilities	1
sensation	1
sends	1
selling	1
self-denial	1
self-defence	1
selection	1
seldom	1
seizes	1
sees	1
seemingly	1
security	1
securing	1
secretly	1
secretary	1
season	1
searches	1
scuffle	1
scrutinising	1
scruple	1
screened	1
screen	1
score	1
scknt	1
school	1
scent	1
scenes	1
scattered	1
scarcelj	1
scanty	1
scandalous	1
scale	1
scaffold	1
saving	1
saved	1
savages	1
savagely	1
satisfaction	1
satiricallj	1
sarcasm	1
santissima	1
sank	1
sangfroid	1
sang	1
sandr	1
sandfords	1
sandford*s	1
sandfoed^s	1
sand	1
samples	1
sample	1
salvation	1
salon	1
salary	1
sai4	1
safer	1
safely	1
sadness	1
sadly	1
sacrificed	1
sacrifice	1
sabres	1
rust	1
rung	1
rumours	1
rumour	1
rulers	1
ruffians	1
rudeness	1
rudely	1
rude	1
rubbish	1
royal	1
row	1
roundabout	1
rough	1
rotten	1
rosewater	1
rooting	1
roora	1
rocket	1
roaring	1
roads	1
risks	1
risking	1
rises	1
riots	1
riotings	1
riot	1
riflemen	1
riere	1
ride	1
riddle	1
rick	1
rhancesca	1
revolvers	1
revolutionist	1
revolutionism	1
revolutionary	1
revolationary	1
revoirt	1
reversal	1
reveries	1
revealing	1
reveal	1
returns	1
retreated	1
retreat	1
retracting	1
retained	1
resume	1
results	1
resulted	1
restraint	1
restored	1
restore	1
restlessness	1
restlessly	1
restless	1
rested	1
responding	1
respects	1
respecting	1
resounded	1
resort	1
resolve	1
resolute	1
resented	1
requiring	1
required	1
require	1
repute	1
reputations	1
reputable	1
repulsed	1
republicans	1
reproachful	1
represent	1
reposing	1
reports	1
replying	1
repetition	1
repent	1
repelled	1
repeating	1
repeatedly	1
repay	1
reparation	1
renewal	1
renegade	1
rendering	1
removing	1
remorse	1
remission	1
remiss	1
reminiscences	1
reminded	1
remind	1
remembers	1
remembered	1
remarks	1
remarkable	1
remains	1
remaining	1
relish	1
reliable	1
relentless	1
relented	1
relen	1
release	1
relationship	1
relation	1
relate	1
rejt)ined	1
rejoicing	1
reigned	1
regulations	1
regie	1
refuses	1
refuge	1
refreshed	1
reflections	1
reflecting	1
reflected	1
reentering	1
reentered	1
redressing	1
redress	1
red	1
recurring	1
recurred	1
recovering	1
recount	1
record	1
recommended	1
recommend	1
recommencing	1
recommenced	1
recollects	1
recognising	1
recognise	1
recess	1
recalling	1
recall	1
rebut	1
reassure	1
rear	1
realised	1
readily	1
read	1
rays	1
ray	1
rattling	1
rattled	1
rats	1
rascality	1
rarely	1
rare	1
rank	1
rang	1
raising	1
raised	1
raise	1
raintfcb	1
radical	1
quixotic	1
quivered	1
quiver	1
quietness	1
quickened	1
ques	1
query	1
queer	1
quart	1
quantity	1
qualifying	1
quadruped	1
puzzles	1
puzzle	1
puts	1
pursued	1
purple	1
purged	1
purest	1
pure	1
purchaser	1
pupil	1
punished	1
pumping	1
pumped	1
publicity	1
prudent	1
proximity	1
provide	1
prouder	1
protectionist	1
protection	1
protecting	1
prospect	1
prosecution	1
proposition	1
proposals	1
propos	1
propitious	1
propitiated	1
propitiate	1
proofs	1
prominently	1
prominent	1
project	1
profoundly	1
professions	1
profession	1
professes	1
producing	1
procession	1
probabilities	1
prisoner	1
prison	1
prints	1
pricking	1
prices	1
preventing	1
prevailing	1
prevailed	1
prevail	1
prettiest	1
pretences	1
presses	1
press	1
preserve	1
presently	1
preposterously	1
prepossesses	1
preparing	1
preoccupied	1
premises	1
preliminaries	1
prelates	1
prelate	1
prejudiced	1
predominant	1
predicament	1
predating	1
precisely	1
precise	1
precautions	1
praying	1
prayers	1
praise	1
powerless	1
poured	1
pour	1
pottering	1
posterous	1
possessions	1
possess	1
portmanteaus	1
porcupine	1
population	1
popes	1
pondering	1
pondered	1
pompeii	1
polonius	1
politician	1
polished	1
polishecj	1
polir	1
pointedly	1
plunder	1
plucked	1
plot	1
plenty	1
pledged	1
pleases	1
pleadings	1
pleading	1
plays	1
playing	1
played	1
plate	1
planting	1
planned	1
plaintive	1
plainl}^	1
piteous	1
pitch	1
pin	1
pierced	1
pied	1
piazzas	1
physiognomy	1
physiognomists	1
physical	1
phrase	1
perversities	1
perverseness	1
pervades	1
perturbed	1
pertinacious	1
personify	1
personification	1
perslifa^e	1
persistency	1
persevering	1
persevere	1
perseverance	1
perplexities	1
perplexes	1
perpetually	1
perpetual	1
perpetration	1
perpetrated	1
permitted	1
permit	1
permanent	1
perils	1
peo|)le	1
penetrating	1
peerless	1
peered	1
peculiarly	1
peculiarities	1
peculiar	1
peccadillo	1
peal	1
peaceable	1
pe	1
pays	1
payment	1
pavements	1
pausing	1
pauls	1
pattern	1
patronising	1
patronised	1
patient	1
patience	1
passes	1
passengers	1
passages	1
passage	1
parts	1
partition	1
particulars	1
partial	1
parthian	1
parley	1
parish	1
pardons	1
paralyses	1
parallels	1
paradoxes	1
paradox	1
paper	1
papalini	1
papageno	1
panza	1
panic	1
palpably	1
pallor	1
paleness	1
palace	1
pal	1
painters	1
painfully	1
painful	1
painfal	1
pained	1
page	1
pagan	1
packing	1
pacings	1
owns	1
owner	1
owned	1
owed	1
overwhelming	1
overpowering	1
overlook	1
overflow	1
overcoming	1
overcame	1
outward	1
outstretched	1
outrun	1
outright	1
outrageous	1
outburst	1
outbreak	1
ot	1
orthodox	1
orr	1
original	1
orestes	1
ordmary	1
orders	1
ordered	1
oppressors	1
opportune	1
operated	1
operate	1
openness	1
openly	1
onslaught	1
omen	1
oli	1
oil	1
oflfei'ed	1
oflbcer	1
ofiended	1
ofi*	1
offhand	1
offering	1
offences	1
oddity	1
odd	1
occupy	1
occupier	1
occupations	1
occupants	1
occu	1
occasions	1
occasioned	1
occasionally	1
obtuse	1
obtaining	1
obstinacy	1
obsti	1
obstacles	1
obstacle	1
observing	1
observes	1
observer	1
obscured	1
obscure	1
obnoxious	1
obligations	1
obedience	1
numerous	1
nowadays	1
nous	1
notoriety	1
notification	1
noticing	1
nothinof	1
noted	1
nose	1
nonsensical	1
nonexisting	1
noncommissioned	1
noisiest	1
nine-tenths	1
nieht	1
newspapers	1
newly	1
newed	1
nervous	1
neighbours	1
needs	1
needless	1
needed	1
neck	1
necessity	1
neapolitan	1
narrowly	1
narrowest	1
named	1
nails	1
nacy	1
naan	1
mythology	1
mythologies	1
mystifying	1
mystify	1
mystifications	1
mysteriously	1
muttering	1
muttered	1
mut	1
museum	1
multitude	1
mrso	1
mouth	1
mourn	1
mountings	1
mounting	1
motive	1
motionless	1
mothers	1
mosaics	1
mortified	1
mortally	1
mortal	1
morals	1
morally	1
moonshine	1
moody	1
months	1
monsters	1
monster	1
monsignor	1
mon	1
mollifying	1
molestation	1
modern	1
moderate	1
models	1
mockery	1
mob	1
moaned	1
moan	1
mj^	1
mj	1
mixing	1
misunderstood	1
mistrust	1
mistaking	1
mistakes	1
misread	1
misgiving	1
misfortunes	1
misfortune	1
misericordia	1
miser	1
misdeeds	1
miscreant	1
misconceived	1
mischievous	1
misadventure	1
miracle	1
minute	1
milk	1
miles	1
mild	1
mighty	1
mightily	1
midwinter	1
midable	1
method	1
metaphor	1
messenger	1
messac^e	1
meshes	1
mes	1
mentioned	1
mendacious	1
memorandum	1
melodramatic	1
meets	1
meeting	1
meditatively	1
meditating	1
meditate	1
meddle	1
mechanicall}^	1
measured	1
meanwhile	1
meanings	1
meaner	1
mauvais	1
mattress	1
matrimonial	1
materially	1
matched	1
match	1
mat	1
mastery	1
martyrdom	1
martyr	1
marshes	1
marked	1
mark	1
margin	1
margarel	1
marchess	1
marched	1
manufacture	1
mankind	1
manifestly	1
manifesting	1
manages	1
management	1
manage	1
malignity	1
maledetto	1
maintain	1
mainder	1
maidservants	1
maidservant	1
maids	1
maidens	1
magnificent	1
magico	1
madness	1
maddest	1
machinations	1
machiavelli	1
ma	1
lying	1
lutions	1
lunged	1
lumps	1
lulled	1
lull	1
ludicrously	1
lucky	1
luckless	1
lowered	1
lovesick	1
lovely	1
lovelorn	1
loung	1
loudly	1
lopped	1
loosely	1
loose	1
looming	1
longed	1
loneliness	1
london	1
loitering	1
lodgings	1
lodger	1
lodge	1
loath	1
loading	1
livins	1
lively	1
litter	1
literally	1
lit	1
listener	1
lip	1
linked	1
lingering	1
lingered	1
lineal	1
limits	1
limbs	1
liinaldo	1
liim	1
lights	1
lifting	1
lifeless	1
liealtli	1
liberated	1
liberals	1
liars	1
liaisons	1
letters	1
lest	1
lesser	1
lejoined	1
leisure	1
legs	1
legitimate	1
legislation	1
legatees	1
leer	1
lecture	1
leathern	1
learning	1
leap	1
leaning	1
leaned	1
leaf	1
le	1
laughter	1
laughs	1
latin	1
later	1
lastly	1
lasted	1
largest	1
largely	1
lanterns	1
language	1
lamplight	1
ladrone	1
ladder	1
labouring	1
labour	1
laboriously	1
kome	1
knuckles	1
knuckle	1
knowing	1
knots	1
knock	1
knives	1
knighted	1
kneeling	1
kissed	1
kiss	1
kinder	1
kinaldo	1
killed	1
keys	1
keeps	1
keally	1
justly	1
justify	1
judging	1
judgement	1
jstruck	1
joying	1
journalist	1
joking	1
joke	1
joining	1
join	1
jewel	1
jealous	1
jdlan	1
january	1
jackass	1
j^lainly	1
j^^o^.^^^z'/*	1
j)aradoxical	1
j'his	1
j&nding	1
ive	1
italians	1
istaples	1
is'ational	1
irritation	1
irritate	1
irresistibly	1
irregular	1
iron	1
ir	1
ious	1
inwardly	1
inviting	1
invited	1
invigorated	1
investigate	1
invention	1
invented	1
invent	1
invariably	1
intrusive	1
intruders	1
introduction	1
introduced	1
intreats	1
intimation	1
intimate	1
interruption	1
interpretations	1
interpretation	1
interpret	1
interminable	1
interference	1
interests	1
interchanging	1
interchange	1
intercede	1
intentionally	1
intent	1
intensely	1
intense	1
intelligible	1
insurrection	1
insult	1
insular	1
insufficient	1
instruments	1
instrument	1
instruction	1
instituted	1
institute	1
instance	1
inspiration	1
insolent	1
insolence	1
insists	1
insisted	1
insinuated	1
insincere	1
insecure	1
insane	1
inquirers	1
innumerable	1
innocence	1
inn	1
inmates	1
inimitable	1
inherited	1
ingratitude	1
ingles	1
ingenuity	1
informing	1
informal	1
inflicted	1
infinitely	1
infinite	1
inferno	1
inestimable	1
indulging	1
induces	1
indomitable	1
indolence	1
individually	1
indignantly	1
indifferent	1
indication	1
indicating	1
indescribable	1
independently	1
indecision	1
incredible	1
incorrectly	1
inconvenience	1
incompreliensible	1
incompatible	1
including	1
include	1
inclined	1
inches	1
inch	1
incessant	1
incautious	1
incarnation	1
inaudible	1
inarticulate	1
inaccurately	1
improvement	1
improved	1
impropriety	1
improper	1
imprinted	1
impostor	1
impossibility	1
implying	1
imploring	1
implored	1
implication	1
impertinence	1
imperfect	1
impeded	1
impeachment	1
impatience	1
impartiality	1
imparted	1
immovable	1
immortal	1
immense	1
immeasurably	1
immeasurable	1
imagining	1
imagination	1
illuminated	1
illness	1
illinois	1
illegal	1
ill-will	1
il	1
iio	1
ihej	1
ignorantl}^	1
ig	1
idols	1
idol	1
idiot	1
identity	1
ideas	1
icordia	1
ice	1
i^evo	1
i've	1
i'd	1
hypothesis	1
hypocritical	1
hurt	1
hurl	1
hunting	1
humour	1
humbly	1
humanity	1
housekeeper	1
housebreaking	1
housebreaker	1
houleversement	1
hot	1
hostile	1
hostess	1
host	1
horse	1
horrors	1
hopelessly	1
hoped	1
honours	1
homeward	1
hollows	1
hole	1
holds	1
hobgoblins	1
hoaxinof	1
hje	1
hints	1
hinted	1
hindering	1
hiding	1
hidden	1
hid	1
hesitate	1
heroines	1
heroine	1
heroic	1
heretical	1
helm	1
heirs	1
heiress	1
height	1
heedless	1
hebraic	1
heavy	1
heavily	1
hearwhether	1
heartily	1
healthy	1
healing	1
he's	1
he'll	1
haut	1
haunts	1
haunt	1
hatred	1
hatching	1
hat	1
hastil}^	1
hasten	1
haste	1
harsh	1
harmless	1
hark	1
harass	1
happening	1
hap	1
hang	1
handy	1
handsome	1
handiwork	1
handful	1
handed	1
handcufls	1
handcuffed	1
handbell	1
hamlet	1
hair	1
habit	1
gusty	1
gun	1
guilt	1
guided	1
guidance	1
guest	1
guch	1
guardianship	1
guard	1
guarantee	1
gruffly	1
grrant	1
grracious	1
grows	1
grownup	1
grown	1
grow	1
grovernor	1
groups	1
grounds	1
gross	1
groping	1
groans	1
groanings	1
groaning	1
griorgi	1
grieved	1
grievances	1
grentlemen	1
greeting	1
greatly	1
greatest	1
gratias	1
grant	1
grand	1
gran	1
grained	1
graceful	1
goose	1
goodness	1
goodbye	1
good-looking	1
goddesses	1
goddess	1
goblins	1
glow	1
glorious	1
glittering	1
gleaming	1
gleamed	1
glasses	1
glare	1
glancing	1
glances	1
gladly	1
gladiator	1
giustiasimo	1
girlish	1
giovanni	1
giorgione*s	1
gioreione	1
gifts	1
gifted	1
ghosts	1
gesture	1
gentry	1
gentleness	1
gentle	1
genial	1
generations	1
generally	1
gazing	1
garrison	1
gallantly	1
gales	1
gale	1
gain	1
gabrielli	1
fury	1
fundamental	1
fulfilling	1
fulfil	1
frustrated	1
frustrate	1
fruitless	1
frowning	1
frigid	1
frequently	1
french	1
freezing	1
freedom	1
freed	1
fray	1
frank	1
franeesea	1
franeesca	1
fragile	1
fox	1
foundation	1
fouglit	1
fortune	1
formally	1
formality	1
form	1
forgetfulness	1
foreigners	1
foreign	1
forcing	1
forcidg	1
forbearance	1
footsteps	1
fontanella	1
followers	1
foes	1
flush	1
flung	1
flowing	1
flourish	1
flood	1
flio^bt	1
fling	1
flesh	1
flemish	1
flauto	1
flattery	1
flattered	1
flatly	1
flat	1
flashing	1
flame	1
fjr	1
fixing	1
fitted	1
fit	1
first-rate	1
firmest	1
firmed	1
firm	1
fine	1
finances	1
fiir	1
fights	1
fiercely	1
fidgety	1
feverish	1
fetch	1
fervently	1
fertile	1
ferreting	1
female	1
feeblest	1
feat	1
fearing	1
favours	1
favourable	1
faults	1
fathomed	1
fathers	1
fatherly	1
fatality	1
fascinated	1
farewell	1
fame	1
falsehoods	1
falsehood	1
fairer	1
faintness	1
fainting	1
failure	1
failed	1
facts	1
faced	1
fable	1
eyelids	1
extreme	1
extract	1
extort	1
extending	1
expressive	1
expounded	1
exploits	1
experimentalise	1
experienced	1
expense	1
expenditure	1
expend	1
expects	1
expectations	1
expectation	1
exorbitant	1
existed	1
exist	1
exhibits	1
exhibiting	1
exhausted	1
exertion	1
exercise	1
exemplify	1
executioner	1
executed	1
execute	1
execration	1
exclamations	1
exclamation	1
exchange	1
exceptions	1
excellency	1
excellence	1
example	1
examiners	1
examiner	1
examinee	1
exacted	1
ex	1
evil	1
evidently	1
evident	1
evidence	1
everywhere	1
ever^^body	1
events	1
eveningc	1
evelyu	1
eveljm	1
evelj^n	1
eve	1
eut	1
euin	1
etty	1
estimate	1
estimable	1
establishing	1
essential	1
ess	1
espy	1
escaping	1
escapades	1
escapade	1
error	1
errands	1
erancesca	1
equals	1
equal	1
eplied	1
enviously	1
entrapped	1
entertained	1
enterprise	1
entangled	1
ensconced	1
enraofed	1
enlightenment	1
enlightened	1
englishwoman	1
energy	1
energies	1
energetically	1
energetic	1
endurable	1
encouragement	1
enclosing	1
enabling	1
empressement	1
employs	1
employing	1
emphasis	1
emotions	1
emotion	1
emergency	1
embryo	1
embroilment	1
embracing	1
embrace	1
eliminaries	1
element	1
ejaculation	1
ejaculated	1
eiualdo	1
einalclo	1
einal	1
efifect	1
effort	1
efficacy	1
efficaciously	1
efficacious	1
effectually	1
effected	1
eely	1
eeallj	1
edifying	1
edification	1
eddies	1
ecclesiastical	1
eather	1
eat	1
eastern	1
easter	1
earnestness	1
earn	1
earlier	1
dye	1
duplicity	1
dumb	1
duly	1
duel	1
due	1
duck	1
drunkards	1
drowning	1
dropping	1
dropped	1
drooped	1
drive	1
dried	1
dreary	1
dreams	1
dreamed	1
draperies	1
dragging	1
dragged	1
downwards	1
doubting	1
doubted	1
dont	1
donkey	1
donate	1
dona	1
dogs	1
dogmatic	1
dog	1
doer	1
documents	1
document	1
do's	1
dividing	1
divide	1
diverted	1
district	1
distressing	1
distinguish	1
distinctions	1
distasteful	1
disreputable	1
disposed	1
dispose	1
displa}^	1
dispersed	1
disperse	1
dispelled	1
dispatched	1
disobeying	1
dismissing	1
dismiss	1
dislike	1
disinclined	1
disinclination	1
dishonest	1
disgusted	1
disgust	1
disfigured	1
disentangling	1
disentangled	1
disenchanted	1
discussed	1
discuss	1
discreditable	1
discontented	1
discomfited	1
disciplined	1
discipline	1
discharge	1
disarmed	1
disappoiut	1
disappoint	1
disappearance	1
disappear	1
disagreeables	1
disaffection	1
disaffected	1
dis	1
dirtiest	1
dirt	1
directing	1
diplomatically	1
diplomat	1
diminutive	1
diminishes	1
dimensions	1
dim	1
dilettantism	1
dignity	1
difficulties	1
dictates	1
dictate	1
diavoli	1
di	1
devotions	1
devote	1
devils	1
devilish	1
develops	1
deuced	1
deuce	1
detests	1
detestation	1
detestable	1
determine	1
deteriorated	1
detention	1
detection	1
detecting	1
detained	1
detail	1
destroys	1
despotic	1
desolate	1
desirous	1
desires	1
desirable	1
designs	1
designed	1
deserving	1
deserves	1
deserve	1
deserting	1
desert	1
description	1
descendant	1
derstand	1
depths	1
deprived	1
deprive	1
depredations	1
deposit	1
deo	1
denominations	1
demureness	1
demure	1
demands	1
della	1
delightfulness	1
delight	1
deliberated	1
deliberate	1
deity	1
deified	1
degrees	1
defying	1
defied	1
deferential	1
defer	1
defec	1
defeating	1
deeply	1
deepest	1
deep	1
decrees	1
declining	1
declines	1
decisive	1
decision	1
deciding	1
decidedly	1
deception	1
decent	1
deceiver	1
deceive	1
decaying	1
decayed	1
deathlike	1
dearest	1
daybreak	1
dawning	1
daw	1
dausfliter	1
date	1
dashing	1
dasbed	1
dart	1
darkest	1
darker	1
dangrer	1
dangerously	1
damp	1
d\tn	1
d'urbino/	1
d'tjrbino	1
d'tjr	1
d'ltrbino	1
cynic	1
cutthroats	1
cutthroat	1
custom	1
custody	1
curtains	1
current	1
cure	1
cupbearer	1
cultivation	1
cultivated	1
cultivate	1
cuffed	1
cue	1
ctlieure	1
cruelties	1
cruelly	1
crossing	1
cross	1
cringing	1
criminality	1
criminal	1
crime	1
cries	1
credulity	1
credited	1
creditable	1
credit	1
creatures	1
created	1
cowardice	1
covered	1
courtyards	1
courtesy	1
courteous	1
courageous	1
coupled	1
counteraction	1
counteracting	1
counteract	1
countenances	1
count	1
counsel	1
coughing	1
cough	1
couch	1
costume	1
corrupted	1
corners	1
corner	1
corn	1
cordiality	1
copious	1
coolness	1
cooler	1
convoy	1
convincinof	1
convincing	1
convict	1
conveyed	1
convey	1
conversing	1
conventional	1
conveniences	1
convenance	1
contrived	1
contrive	1
contrasted	1
contradiction	1
contradicted	1
contradict	1
continuing	1
continual	1
contends	1
contemplating	1
contemplated	1
contained	1
contain	1
contact	1
consummate	1
construction	1
constrained	1
constituted	1
constant	1
consorting	1
consoled	1
console	1
consolation	1
consistent	1
considerate	1
consequences	1
consented	1
consciousness	1
connected	1
conjectures	1
congratulations	1
confused	1
confronting	1
confoundedly	1
conflicting	1
confirmation	1
confidently	1
confidences	1
confided	1
confide	1
confidants	1
confession	1
confederate	1
conductor	1
conducting	1
conducive	1
condolences	1
condescending	1
condescend	1
condemned	1
concluded	1
conclude	1
conciliation	1
concerns	1
concern	1
conception	1
concealing	1
compromised	1
comply	1
compliment	1
complied	1
complications	1
complexion	1
complaining	1
complain	1
compiling	1
compensation	1
compelling	1
compared	1
comparatively	1
comparative	1
companionship	1
compact	1
commons	1
commonplaces	1
commonplace	1
common	1
commissions	1
commissioned	1
commission	1
commended	1
commanded	1
comfortable	1
comfort	1
comers	1
comer	1
combined	1
colourless	1
colour	1
colonna	1
coldly	1
coisfession	1
coaxing	1
clung	1
closing	1
closeted	1
cloak	1
clique	1
climate	1
clericals	1
cleft	1
clearing	1
classes	1
clasped	1
clasp	1
clank	1
clambered	1
civilised	1
civilian	1
circumlocution	1
cigars	1
cielo	1
churches	1
choice	1
chinks	1
chink	1
children	1
childish	1
childhood	1
chiefly	1
chief	1
cherish	1
cheerfully	1
cheerful	1
cheeks	1
cheat	1
cheaper	1
chastised	1
chase	1
charitably	1
charges	1
characters	1
changing	1
chances	1
chanced	1
chaiuje	1
chagrin	1
chafed	1
cesca	1
cesa	1
certainty	1
cell	1
cela	1
ceasing	1
ceases	1
causing	1
catechised	1
catechise	1
catechetical	1
catching	1
catacombs	1
casting	1
cases	1
carving	1
carved	1
carrying	1
caresses	1
caress	1
cares	1
carelessly	1
cards	1
cardinals	1
cardinal	1
capuchin	1
captured	1
captors	1
captive	1
captivating	1
captivated	1
caprice	1
capital	1
cannon	1
calumniates	1
calmness	1
calmly	1
calming	1
calmed	1
calls	1
calling	1
calculating	1
calculate	1
calamity	1
by-the-bye	1
bush	1
burying	1
burned	1
bunglers	1
bullets	1
buildings	1
bufc	1
btjrbino	1
brutal	1
brushed	1
brow	1
brothers	1
broad	1
broach	1
brilliancy	1
brightness	1
brighter	1
briefly	1
bribes	1
breathing	1
breathed	1
breathe	1
bravo	1
brandishing	1
brains	1
brained	1
bow	1
bout	1
bouses	1
bouse	1
bourbon	1
bound	1
bore	1
boom	1
bookshelves	1
bonest	1
boldly	1
boat	1
blushed	1
blurt	1
blown	1
blowing	1
bloody	1
bloodthirsty	1
bloodshed	1
blooded	1
blocked	1
blindly	1
blind	1
blanket	1
blaming	1
blamed	1
blame	1
blade	1
birthplace	1
birbone	1
biraself	1
bio	1
bind	1
binaldo	1
bim	1
billiku	1
biggest	1
bidding	1
bidden	1
bewitched	1
bewilder	1
bethought	1
beside	1
bereft	1
berardi	1
benevolently	1
benevolence	1
beneath	1
belt	1
beloved	1
belongs	1
belong	1
bell	1
beleaguered	1
beins^	1
beings	1
begrimed	1
begins	1
begged	1
beforehand	1
bedrooms	1
bedroom	1
beckon	1
bearing	1
bearer	1
beard	1
beams	1
bayonets	1
bay	1
bave	1
battle	1
bat	1
bastlani	1
baste	1
baseless	1
based	1
base	1
barriers	1
barricading	1
banter	1
bands	1
bandaged	1
band	1
balls	1
baggage	1
bacli	1
background	1
b'urbino	1
aye	1
awoke	1
awed	1
awaken	1
awake	1
awaited	1
avons	1
avhen	1
aversion	1
avere	1
autumn	1
augured	1
audacious	1
aud	1
au	1
attributing	1
attractiveness	1
attractive	1
attract	1
attitude	1
attentively	1
attends	1
attendants	1
attendant	1
attempted	1
attain	1
attacks	1
attacking	1
attack	1
attachment	1
attached	1
atrocities	1
ation	1
ate	1
astonish	1
assuring	1
assuredly	1
assurances	1
assumed	1
assortment	1
association	1
associate	1
associ	1
assistant	1
assertions	1
assent	1
assembled	1
assault	1
assailing	1
assailant	1
asleep	1
ashy	1
as^e	1
arts	1
artificial	1
arrest	1
arras	1
arrange	1
arouse	1
aristocratic	1
aristocracy	1
aright	1
argued	1
ardent	1
arch	1
aquiline	1
apt	1
approval	1
approaching	1
approached	1
approach	1
apprehending	1
appoint	1
applied	1
appealing	1
apparatus	1
apologised	1
apologise	1
apologies	1
apologetically	1
apathetic	1
apartment	1
apart	1
ap	1
anythiug	1
anyone	1
anxiet}^	1
antique	1
anticipation	1
anteroom	1
ante	1
answerable	1
annoyances	1
announce	1
anj^body	1
animated	1
amusing	1
amusement	1
amused	1
amuse	1
amply	1
amounts	1
amongst	1
ambiguous	1
amazingly	1
amazing	1
amazed	1
alternative	1
ally	1
allowing	1
alliance	1
alienate	1
alessandro	1
akin	1
ainst	1
aims	1
aimin^f	1
ail	1
agreeably	1
agitating	1
ag	1
aflpairs	1
aflbrd	1
afironted	1
affronting	1
affront	1
affi'onted	1
affections	1
affectionate	1
affection	1
adversary	1
adversaries	1
advancino	1
admission	1
admirable	1
administrative	1
administering	1
administer	1
adjacent	1
adherent	1
addressing	1
acuteness	1
acts	1
actor	1
active	1
acting	1
acquit	1
acquaintanceship	1
acquain	1
accustomed	1
accursed	1
accumulated	1
accounting	1
accordingly	1
according	1
accord	1
accomplishment	1
accomplish	1
accidents	1
accidentally	1
accessibility	1
access	1
acceptiug	1
accepting	1
abundantly	1
absurdity	1
absorbed	1
absolutist	1
absolute	1
absent	1
abortive	1
aboiit	1
abnormal	1
abetting	1
aback	1
ab	1
^pplj	1
^aples	1
^'itis	1
^'	1
])	1
\'7ith	1
?''	1
<jhance	1
/ler	1
/	1
.^"	1
..	1
.'	1
*'eccellenza	1
)	1
"-	1
"'	1
!^^	1
!!.	1
