,	3835
the	2805
of	1537
and	1126
to	1069
.	973
;	782
a	638
in	551
his	530
with	482
he	366
"	366
that	364
was	312
their	295
at	288
:	288
for	261
her	260
which	254
on	252
as	247
had	245
were	226
(	219
)	217
from	216
not	213
they	208
but	204
who	197
be	194
this	191
it	183
i	176
by	176
him	165
all	165
she	161
caliph	154
them	150
my	137
!	134
these	126
so	120
vathek	119
an	118
is	114
|arabic3digit|	113
."	109
you	104
will	104
no	102
have	101
himself	93
one	92
than	90
|arabic2digit|	88
more	83
!"	79
thy	75
what	74
said	74
carathis	73
your	72
thou	71
nouronihar	70
me	70
upon	67
most	67
are	67
where	66
other	63
could	62
whilst	61
having	61
been	60
without	57
?	57
up	56
some	56
shall	55
every	55
such	53
little	53
before	53
we	52
there	50
palace	49
like	49
us	48
into	47
each	47
when	46
out	46
would	45
eyes	45
then	44
themselves	44
whose	42
through	42
soon	42
gulchenrouz	41
began	41
bababalouk	41
time	39
let	39
being	39
giaour	38
emir	38
after	38
those	37
or	37
only	37
heart	37
our	36
great	36
whom	35
however	35
should	34
|arabic1digit|	33
|'s|	33
well	33
though	33
over	33
good	33
tower	32
if	32
eunuchs	32
still	31
length	31
hath	31
forth	31
thee	30
rest	30
much	30
heard	30
first	30
brought	30
?"	30
whole	29
two	29
till	29
made	29
herself	29
fire	29
even	29
yet	28
thus	28
same	28
air	28
place	27
old	27
might	27
light	27
its	27
hands	27
full	27
few	27
come	27
both	27
water	26
thousand	26
nothing	26
night	26
moment	26
immediately	26
dwarfs	26
back	26
any	26
went	25
voice	25
never	25
fell	25
appeared	25
too	24
once	24
nor	24
long	24
how	24
came	24
am	24
now	23
last	23
hand	23
way	22
sight	22
set	22
seemed	22
replied	22
may	22
four	22
ever	22
can	22
towards	21
remained	21
indian	21
go	21
down	21
did	21
cried	21
answered	21
words	20
took	20
son	20
samarah	20
prince	20
must	20
large	20
women	19
view	19
take	19
mountains	19
mountain	19
instantly	19
found	19
earth	19
art	19
also	19
again	19
young	18
within	18
together	18
therefore	18
present	18
poor	18
many	18
man	18
lost	18
days	18
day	18
stranger	17
rock	17
person	17
ordered	17
open	17
less	17
left	17
instead	17
here	17
head	17
ground	17
fakreddin	17
children	17
already	17
against	17
turned	16
see	16
return	16
princess	16
power	16
mother	16
make	16
know	16
harem	16
followed	16
faithful	16
beheld	16
arrived	16
unable	15
tears	15
taken	15
sovereign	15
others	15
negresses	15
manner	15
ladies	15
joy	15
hundred	15
foot	15
filled	15
feet	15
far	15
death	15
commanded	15
appearance	15
amongst	15
very	14
valley	14
thought	14
terror	14
sun	14
subterranean	14
steps	14
soul	14
sooner	14
sides	14
put	14
pleasure	14
plain	14
placed	14
people	14
passed	14
own	14
notwithstanding	14
morakanabad	14
men	14
mahomet	14
least	14
high	14
heaven	14
hast	14
gold	14
felt	14
do	14
continued	14
called	14
became	14
beautiful	14
arms	14
almost	14
treasures	13
sutlememe	13
subjects	13
sound	13
soliman	13
sabres	13
right	13
returned	13
resolved	13
reached	13
prophet	13
perceived	13
off	13
mutes	13
moon	13
love	13
looks	13
life	13
lake	13
hither	13
forward	13
flames	13
fixed	13
face	13
distance	13
curiosity	13
cousin	13
arose	13
approach	13
world	12
voices	12
vast	12
various	12
under	12
torches	12
thirst	12
taste	12
small	12
seen	12
scene	12
receive	12
ready	12
prepared	12
prayers	12
o	12
master	12
instant	12
gave	12
flowers	12
find	12
everything	12
evening	12
enough	12
dead	12
caused	12
bosom	12
beneath	12
bath	12
around	12
another	12
alboufaki	12
advanced	12
able	12
whence	11
top	11
surrounded	11
stood	11
spoken	11
splendour	11
slaves	11
shaban	11
ran	11
presence	11
portal	11
near	11
mind	11
means	11
lord	11
leave	11
gone	11
genii	11
fifty	11
exclaimed	11
enter	11
eblis	11
discovered	11
daughter	11
city	11
characters	11
black	11
beards	11
wives	10
thyself	10
think	10
sudden	10
state	10
stars	10
spirits	10
speak	10
silence	10
round	10
rocks	10
retired	10
repose	10
presented	10
neither	10
myself	10
morning	10
mercy	10
hope	10
hill	10
help	10
hear	10
half	10
given	10
give	10
genius	10
finding	10
father	10
eye	10
exquisite	10
excellent	10
enjoy	10
ears	10
dives	10
distinguished	10
despair	10
darkness	10
dark	10
covered	10
chasm	10
best	10
become	10
bababa	10
attention	10
amiable	10
'	10
vizir	9
visit	9
violent	9
vain	9
uttered	9
unhappy	9
talismans	9
sufficient	9
side	9
shalt	9
served	9
senses	9
scarcely	9
sacred	9
rose	9
received	9
rather	9
prevailed	9
pious	9
party	9
part	9
midst	9
melancholy	9
lovely	9
louk	9
longer	9
litter	9
just	9
immense	9
horrible	9
hair	9
guards	9
follow	9
fatal	9
fancied	9
doubt	9
dear	9
crimes	9
confusion	9
company	9
commander	9
coming	9
clouds	9
child	9
cause	9
cannot	9
bodies	9
blood	9
besides	9
attendants	9
asked	9
alas	9
al	9
abode	9
word	8
wild	8
waters	8
want	8
thrown	8
three	8
terrible	8
teeth	8
table	8
surprise	8
support	8
suffered	8
sought	8
several	8
sent	8
seized	8
saw	8
respect	8
repeated	8
purpose	8
promised	8
preserved	8
opened	8
occupied	8
occasioned	8
mummies	8
monarch	8
moments	8
mean	8
marble	8
malignant	8
loud	8
lofty	8
knowledge	8
kind	8
istakar	8
ill	8
happened	8
grey	8
general	8
fountains	8
forced	8
fond	8
fear	8
faces	8
especially	8
entered	8
end	8
eat	8
drew	8
doors	8
done	8
descended	8
delightful	8
delight	8
crowd	8
companions	8
charge	8
certain	8
caresses	8
care	8
camels	8
burst	8
broke	8
blue	8
beyond	8
beloved	8
behold	8
beauty	8
ball	8
away	8
ascended	8
announced	8
amidst	8
amazement	8
along	8
wind	7
wicked	7
white	7
vizirs	7
times	7
throne	7
threw	7
thither	7
tell	7
swing	7
strange	7
spread	7
spot	7
sounds	7
solemn	7
sofa	7
sky	7
santons	7
sake	7
retire	7
read	7
raised	7
r	7
prostrate	7
profusion	7
procession	7
pre	7
powers	7
possessed	7
pity	7
performed	7
passing	7
pages	7
order	7
oil	7
often	7
object	7
noise	7
nerkes	7
multitude	7
melons	7
looked	7
look	7
leaves	7
laughter	7
key	7
journey	7
inspired	7
indignation	7
imperial	7
hung	7
horses	7
horror	7
horns	7
honour	7
holy	7
hollow	7
hearts	7
health	7
hall	7
get	7
flew	7
fish	7
expedition	7
evil	7
engaged	7
emotion	7
ebony	7
during	7
drawn	7
door	7
destined	7
delicate	7
consternation	7
composed	7
chief	7
cages	7
cafour	7
cabin	7
burning	7
bring	7
breath	7
blaze	7
better	7
attend	7
assembled	7
amused	7
always	7
added	7
-	7
|romannumeral|	6
wood	6
wished	6
wine	6
while	6
w	6
vengeance	6
vases	6
utmost	6
unknown	6
trembling	6
tremble	6
train	6
tone	6
surface	6
superb	6
summit	6
sultans	6
succeeded	6
stopped	6
stop	6
staircase	6
spite	6
situation	6
since	6
shrill	6
serpents	6
resounded	6
resembled	6
regale	6
red	6
rage	6
proper	6
proceeded	6
proceed	6
pride	6
precipice	6
populace	6
planets	6
perceiving	6
parchment	6
pale	6
ourselves	6
offer	6
objects	6
obeyed	6
nouroni	6
next	6
music	6
mouth	6
miserable	6
making	6
majesty	6
magnificent	6
lips	6
lay	6
laugh	6
koran	6
knew	6
kindled	6
itself	6
inhabitants	6
infernal	6
hours	6
holding	6
hold	6
hitherto	6
haste	6
has	6
har	6
habitation	6
grief	6
greatest	6
gradually	6
gallery	6
fruits	6
forgotten	6
figure	6
female	6
favourite	6
favour	6
fate	6
failed	6
exhausted	6
escape	6
either	6
dropped	6
drink	6
dreadful	6
dome	6
discover	6
demanded	6
cries	6
conversation	6
continually	6
content	6
conduct	6
cold	6
burnt	6
brother	6
brink	6
branches	6
bewildered	6
between	6
besom	6
behind	6
bade	6
awful	6
attempted	6
asleep	6
arrival	6
approaching	6
approached	6
apartments	6
aloud	6
alone	6
ah	6
afrit	6
accursed	6
accomplished	6
abyss	6
about	6
yourself	5
ye	5
work	5
wonder	5
why	5
whatever	5
voluptuous	5
visible	5
venomous	5
venerable	5
vapour	5
vanished	5
uttering	5
turn	5
tumult	5
trees	5
traversed	5
totally	5
tormented	5
tigers	5
thunder	5
third	5
thence	5
terrace	5
tent	5
tender	5
ten	5
taking	5
sunk	5
sultanas	5
suddenly	5
subject	5
strike	5
stillness	5
started	5
standing	5
stairs	5
square	5
spectacle	5
spacious	5
somewhat	5
sometimes	5
soft	5
smile	5
sleep	5
shut	5
shone	5
seeing	5
satisfaction	5
sacrifice	5
run	5
roses	5
rocnabad	5
robe	5
resolution	5
reply	5
render	5
remain	5
region	5
refresh	5
reflected	5
reason	5
provide	5
prompted	5
progress	5
procure	5
proceeding	5
prison	5
prey	5
prevent	5
prepare	5
precious	5
possible	5
play	5
pile	5
piety	5
personages	5
perfumed	5
pavilion	5
path	5
palaces	5
overcome	5
ought	5
offered	5
new	5
necessary	5
naked	5
mussulmans	5
mouths	5
mounted	5
motionless	5
meadow	5
lights	5
lightning	5
led	5
lavished	5
lamps	5
kept	5
kaf	5
jasmine	5
iron	5
instruments	5
inmost	5
indeed	5
incessantly	5
impious	5
imagined	5
held	5
hearing	5
hastened	5
gulf	5
gul	5
green	5
greatly	5
grateful	5
glory	5
friends	5
fragrance	5
form	5
folly	5
following	5
fled	5
flattered	5
females	5
fancy	5
fall	5
expected	5
example	5
escaped	5
entire	5
entertainment	5
ensued	5
ended	5
effect	5
edge	5
eagerly	5
double	5
directed	5
dilara	5
diffused	5
different	5
devoted	5
depart	5
delighted	5
delicious	5
dawn	5
danger	5
dance	5
curtains	5
cursed	5
cubit	5
crystal	5
course	5
countenance	5
consoled	5
considerable	5
conditions	5
condition	5
complete	5
columns	5
colour	5
closed	5
clear	5
clapped	5
charming	5
chamber	5
ceremony	5
catch	5
carried	5
break	5
body	5
blind	5
birds	5
beware	5
ben	5
believe	5
beings	5
beds	5
banks	5
backward	5
awoke	5
attracted	5
asunder	5
ascending	5
apartment	5
anything	5
altogether	5
alive	5
afrits	5
affliction	5
admiration	5
admirable	5
adamite	5
acclamations	5
abominable	5
zeal	4
years	4
worse	4
withdrew	4
wishes	4
wise	4
wildly	4
watch	4
wanted	4
walking	4
visions	4
vision	4
violated	4
vicegerent	4
united	4
tymbals	4
truth	4
troops	4
troop	4
trembled	4
transports	4
tombs	4
throw	4
thoughts	4
terrified	4
tents	4
supplied	4
style	4
struck	4
stripped	4
strewed	4
strength	4
streams	4
stream	4
storks	4
stately	4
spectres	4
spectators	4
solemnity	4
six	4
sitting	4
sigh	4
sick	4
show	4
short	4
shepherd	4
severally	4
sense	4
seek	4
second	4
seat	4
screams	4
sciences	4
schiraz	4
scarce	4
saying	4
save	4
ronihar	4
rice	4
retinue	4
respectful	4
require	4
repast	4
renewed	4
regret	4
reflection	4
recesses	4
radiant	4
pure	4
punishment	4
provided	4
prostrated	4
proposal	4
promises	4
profound	4
pretty	4
pretended	4
powder	4
possess	4
pleased	4
persons	4
persisted	4
perform	4
perdition	4
peals	4
patience	4
past	4
passage	4
particular	4
paradise	4
palm	4
orders	4
opinion	4
occupation	4
obtain	4
obliged	4
number	4
nou	4
noses	4
nose	4
nihar	4
nevertheless	4
nest	4
neck	4
mutually	4
motion	4
mortification	4
mission	4
mention	4
meanwhile	4
magical	4
low	4
loves	4
loved	4
loudly	4
loss	4
lives	4
litters	4
limbs	4
likewise	4
lest	4
leisure	4
leaving	4
learned	4
learn	4
laws	4
lamentations	4
lady	4
knows	4
knowing	4
invited	4
interrupted	4
intelligence	4
inscribed	4
inflamed	4
imprecations	4
impatience	4
imagining	4
ignorant	4
idea	4
humour	4
hour	4
history	4
hideous	4
height	4
heads	4
harangue	4
happy	4
halls	4
gulchen	4
grot	4
groans	4
grew	4
gratify	4
grandeur	4
graceful	4
grace	4
gouls	4
going	4
gloom	4
gian	4
giamschid	4
gazed	4
gaiety	4
funeral	4
frightful	4
fresh	4
fragrant	4
formidable	4
forget	4
forehead	4
forbear	4
fool	4
fondness	4
flow	4
flattering	4
five	4
finished	4
fill	4
favourites	4
fatigue	4
fastened	4
fast	4
faith	4
fail	4
extremity	4
extravagant	4
express	4
exhibited	4
eunuch	4
entirely	4
enterprise	4
empty	4
employment	4
employed	4
emitted	4
embarrassed	4
effects	4
ear	4
dying	4
durst	4
dromedaries	4
dress	4
dost	4
dog	4
disturb	4
displayed	4
disgusted	4
disgust	4
discourse	4
direful	4
direction	4
difficulty	4
deplorable	4
departure	4
dejection	4
decypher	4
deceived	4
dainties	4
daily	4
cut	4
creatures	4
country	4
contrived	4
contained	4
consisted	4
considering	4
confined	4
common	4
cloud	4
close	4
chenrouz	4
cheeks	4
charms	4
certainly	4
ceased	4
cease	4
caught	4
casting	4
camel	4
ca	4
broken	4
boys	4
blessed	4
bestowed	4
below	4
beasts	4
beard	4
beams	4
babalouk	4
ba	4
attraction	4
asses	4
appetite	4
appear	4
anger	4
angel	4
among	4
amazed	4
allow	4
alia	4
alarmed	4
adventures	4
addressing	4
addressed	4
add	4
accompanied	4
accents	4
accent	4
absence	4
above	4
ablutions	4
yours	3
yielded	3
wouldst	3
woodmen	3
wonders	3
woman	3
withstand	3
wisdom	3
wings	3
wilt	3
whisper	3
wherever	3
whenever	3
wet	3
wert	3
weather	3
wax	3
waving	3
warmth	3
wandering	3
walk	3
vultures	3
visage	3
victims	3
verses	3
veil	3
vault	3
vat	3
usual	3
used	3
use	3
unfortunate	3
understand	3
uncommonly	3
u	3
turning	3
try	3
trumpets	3
triumph	3
trial	3
tresses	3
tremendous	3
travellers	3
traveller	3
towers	3
torrent	3
torments	3
tongue	3
thundered	3
thoroughly	3
thorough	3
things	3
tapestry	3
tales	3
tablets	3
tabernacle	3
suspense	3
suspended	3
surrounding	3
sure	3
supported	3
supper	3
sung	3
summits	3
sullen	3
suited	3
success	3
succeeding	3
subtle	3
subterraneous	3
subsided	3
strong	3
streets	3
stories	3
stirring	3
stench	3
steep	3
stamped	3
spring	3
sprightly	3
splendid	3
spit	3
spent	3
sparks	3
sparkled	3
souls	3
soothing	3
solitudes	3
soliloquy	3
sole	3
sofas	3
society	3
snow	3
slippers	3
slight	3
slept	3
sleeping	3
skill	3
sink	3
singular	3
silk	3
silent	3
signs	3
shrieks	3
shouts	3
shining	3
sherbet	3
shed	3
share	3
shafei	3
service	3
servant	3
sermons	3
serene	3
secured	3
secret	3
seated	3
science	3
say	3
satisfied	3
sat	3
sang	3
ruminating	3
royal	3
rouz	3
route	3
roof	3
robes	3
rising	3
rise	3
ridiculous	3
riders	3
richest	3
riches	3
reverend	3
reverence	3
resort	3
rescue	3
reproached	3
repaired	3
renowned	3
remove	3
remorse	3
remarked	3
remains	3
regardless	3
regarding	3
regarded	3
regained	3
reflections	3
redoubled	3
reddin	3
recurred	3
recovered	3
recoiled	3
reclined	3
recline	3
receiving	3
rear	3
reading	3
reach	3
re	3
rathis	3
rarities	3
raising	3
race	3
public	3
provision	3
prospect	3
promise	3
projects	3
procured	3
proclaim	3
princes	3
previous	3
predilection	3
precincts	3
preceding	3
potentate	3
potent	3
portals	3
pomegranates	3
point	3
plunge	3
pleasures	3
pitched	3
pinched	3
piercing	3
phantoms	3
phantom	3
persuasion	3
persuaded	3
persevered	3
permit	3
perish	3
perhaps	3
perfumes	3
perceive	3
penetrated	3
peculiar	3
peasants	3
pavilions	3
passions	3
passion	3
pass	3
parts	3
panting	3
overpowered	3
outcry	3
ordinary	3
oratory	3
oratories	3
oppose	3
oh	3
officers	3
odour	3
occasion	3
observed	3
numerous	3
nouro	3
notice	3
none	3
nine	3
nights	3
necks	3
nearly	3
nature	3
naturally	3
natural	3
n	3
muslin	3
murmurs	3
monster	3
mistress	3
milk	3
mild	3
merchant	3
memory	3
meimoune	3
mecca	3
matters	3
marvellous	3
march	3
mansions	3
majestic	3
magnitude	3
magnificence	3
magic	3
magi	3
lowering	3
louder	3
loose	3
lock	3
listened	3
liquor	3
lighted	3
lifetime	3
lifeless	3
lie	3
liberality	3
letter	3
leagues	3
laughing	3
laughed	3
languor	3
languishing	3
language	3
la	3
known	3
knowest	3
kicks	3
keeping	3
justice	3
judged	3
jasmines	3
issuing	3
inviting	3
invisible	3
intervals	3
intermission	3
interior	3
intended	3
intend	3
instantaneously	3
insomuch	3
insects	3
insatiable	3
innumerable	3
innocent	3
ing	3
infinitely	3
infatuated	3
indulged	3
induced	3
india	3
increasing	3
increase	3
incited	3
impression	3
importuned	3
immersed	3
illuminated	3
husband	3
hunger	3
humble	3
hospitality	3
horrors	3
horizon	3
hid	3
hesitation	3
herbs	3
heavens	3
heat	3
hazard	3
hastily	3
hassan	3
hardly	3
halted	3
ha	3
guides	3
guessed	3
guardians	3
guarded	3
guard	3
group	3
grimaces	3
grass	3
graces	3
golden	3
glow	3
gloomy	3
globe	3
glittering	3
glimpse	3
glimmered	3
glided	3
glen	3
glances	3
glance	3
gentle	3
gardens	3
furnished	3
furious	3
fulfilled	3
forty	3
forthwith	3
forms	3
formed	3
forests	3
force	3
flutter	3
flight	3
firmness	3
firmament	3
fires	3
fifteen	3
fetch	3
feeling	3
family	3
faltering	3
falling	3
f	3
extraordinary	3
extinguished	3
extended	3
extend	3
expire	3
expedients	3
expedient	3
expect	3
exhaled	3
execrated	3
exceeded	3
examine	3
everywhere	3
ethiopian	3
equal	3
entreated	3
entertained	3
enraptured	3
enjoyed	3
enemy	3
endeavoured	3
empire	3
embracing	3
elevation	3
effulgence	3
efforts	3
effort	3
ed	3
ecstasy	3
eating	3
eaten	3
easily	3
ease	3
eagerness	3
drugs	3
drove	3
drinking	3
dreary	3
dreams	3
dread	3
doth	3
doctors	3
divan	3
distinguish	3
distinctly	3
display	3
dishes	3
disclosed	3
disappointment	3
died	3
die	3
dialogue	3
detain	3
desolation	3
design	3
deserve	3
desert	3
derviches	3
delivered	3
delectable	3
deepest	3
deep	3
decrees	3
declivity	3
decent	3
dazzling	3
dangerous	3
damsels	3
cure	3
cruel	3
courtiers	3
court	3
courage	3
convey	3
contains	3
constantly	3
conspired	3
consolation	3
considerably	3
consequence	3
conferred	3
concealed	3
compliments	3
competitors	3
compassion	3
commands	3
command	3
coloured	3
collected	3
clung	3
climbed	3
clasped	3
circassians	3
chorus	3
cherished	3
chastisement	3
changed	3
chagrin	3
censers	3
ceiling	3
cedar	3
cavern	3
cavalcade	3
catoul	3
cast	3
carbuncle	3
capacious	3
candidate	3
calling	3
call	3
butterflies	3
bronze	3
bright	3
breathless	3
breast	3
boy	3
bounds	3
bound	3
bottom	3
born	3
boast	3
blended	3
birth	3
biers	3
betook	3
believed	3
behoves	3
begone	3
beginning	3
bed	3
beckoned	3
beat	3
basket	3
banquet	3
bands	3
aye	3
avidity	3
availing	3
attended	3
atrocious	3
asylum	3
assured	3
assist	3
assembly	3
ass	3
arid	3
apprehensive	3
applied	3
appeased	3
appease	3
anxiety	3
answer	3
animals	3
animal	3
angry	3
amuse	3
ambition	3
allowed	3
allotted	3
ali	3
alertness	3
agreeable	3
age	3
advice	3
adventure	3
advancing	3
advance	3
adopt	3
administered	3
adept	3
address	3
adding	3
acquainted	3
acquaint	3
according	3
abandoned	3
--	3
youth	2
yourselves	2
yesterday	2
write	2
wretched	2
wretch	2
worthy	2
worship	2
wonted	2
wonderful	2
wolves	2
woe	2
withered	2
withdrawn	2
wit	2
wish	2
wines	2
window	2
wilds	2
wide	2
whoever	2
whither	2
whiter	2
whit	2
whispering	2
whispered	2
whether	2
wayward	2
waved	2
watered	2
wants	2
wanton	2
wanting	2
wander	2
wall	2
waiting	2
waited	2
wait	2
voyage	2
vouchsafing	2
votaries	2
volume	2
void	2
visited	2
visitants	2
virtues	2
violently	2
villainous	2
vigilance	2
viands	2
ventured	2
vented	2
vent	2
veils	2
vehemence	2
variety	2
variegated	2
vapours	2
vanity	2
vagaries	2
utter	2
urgent	2
uproar	2
upbraiding	2
unwilling	2
unwelcome	2
unrestrained	2
unrelenting	2
unlucky	2
unexpected	2
undone	2
undisturbed	2
unbounded	2
un	2
twilight	2
twenty	2
twelve	2
turtles	2
tumults	2
tulips	2
truly	2
trifler	2
trick	2
treated	2
travelled	2
transaction	2
tranquillity	2
trance	2
track	2
touch	2
total	2
torn	2
tonight	2
tolerably	2
tolerable	2
told	2
today	2
tis	2
tin	2
tigris	2
thronged	2
thrice	2
thistles	2
thirty-two	2
thine	2
thickets	2
thicket	2
thick	2
testified	2
terrifying	2
terrestrial	2
terminated	2
terminate	2
temple	2
temerity	2
taught	2
tamarisks	2
talents	2
tables	2
symptoms	2
symphony	2
syllable	2
swore	2
swoon	2
swept	2
sweet	2
sweat	2
swarthy	2
swarm	2
suspected	2
surrender	2
surprised	2
surpassed	2
surmise	2
supposed	2
supply	2
supped	2
supernatural	2
superior	2
sup	2
sumptuous	2
sugar	2
sufficiently	2
suffer	2
subserve	2
submitted	2
subdued	2
styled	2
stupendous	2
stunned	2
stung	2
stripping	2
strides	2
stretched	2
strangers	2
stores	2
stone	2
stimulate	2
stead	2
startled	2
start	2
star	2
standard	2
sprung	2
spoke	2
spilled	2
speed	2
spectacles	2
species	2
sparkling	2
spark	2
spared	2
spare	2
space	2
source	2
soothe	2
songs	2
something	2
solitude	2
solaced	2
soil	2
sockets	2
sobbing	2
snorted	2
snoring	2
snatched	2
snare	2
snapped	2
smothered	2
smooth	2
smell	2
slowly	2
slope	2
slippery	2
slave	2
skins	2
sit	2
single	2
singing	2
simurgh	2
silver	2
significant	2
signal	2
shudder	2
shrubs	2
shrieking	2
showed	2
shouted	2
shout	2
shouldst	2
shoulders	2
shoulder	2
shelter	2
sheiks	2
shamefully	2
shame	2
shades	2
sex	2
severely	2
seventh	2
seven	2
setting	2
servants	2
seraglio	2
sepulchres	2
semicircle	2
select	2
seize	2
seem	2
seducing	2
security	2
secrets	2
seconding	2
seats	2
season	2
screens	2
sceptre	2
sautons	2
satisfy	2
satiate	2
sanguine	2
sand	2
saluted	2
saffron	2
safety	2
sabre	2
sa	2
rushes	2
running	2
rumour	2
ruins	2
rows	2
rolled	2
rocked	2
road	2
rites	2
risen	2
rights	2
rid	2
rhinoceros	2
reward	2
retained	2
retain	2
restored	2
resorted	2
resisting	2
resistance	2
reservoir	2
requested	2
reposing	2
reposed	2
repent	2
repeat	2
repairing	2
repair	2
renew	2
rendered	2
removed	2
remote	2
remonstrances	2
remonstrance	2
remembrance	2
remedy	2
relinquish	2
relief	2
relentless	2
related	2
relate	2
rejoined	2
rejoice	2
reiterated	2
reigns	2
reign	2
regions	2
refused	2
refuge	2
refreshment	2
refreshing	2
refrain	2
reeds	2
recovering	2
recover	2
recollected	2
recited	2
recite	2
recital	2
reciprocal	2
reception	2
reasons	2
readily	2
raw	2
rash	2
rare	2
rapid	2
ranged	2
range	2
rain	2
radiance	2
quitted	2
quite	2
quiet	2
quick	2
quarters	2
qualities	2
quaffed	2
pursuing	2
purest	2
pupils	2
provoked	2
providence	2
prove	2
protection	2
protect	2
proposed	2
proportion	2
propitious	2
property	2
properly	2
pronounced	2
proclamation	2
privilege	2
prior	2
prime	2
preyed	2
prevented	2
prevailing	2
preternatural	2
pretence	2
pressed	2
press	2
preserve	2
presently	2
presenting	2
prescribed	2
preference	2
predominant	2
precluded	2
prayer	2
powerful	2
poured	2
pour	2
potentates	2
potency	2
posture	2
portend	2
port	2
poring	2
porcelain	2
pomp	2
politely	2
polished	2
poles	2
poets	2
plunged	2
plumes	2
plight	2
plied	2
pleasing	2
pleasantries	2
played	2
plants	2
planted	2
plan	2
placing	2
places	2
piteous	2
pique	2
pioneers	2
pied	2
picked	2
phials	2
phenomenon	2
pervade	2
persuade	2
perspective	2
personage	2
persian	2
perplexing	2
perplexed	2
permission	2
perishing	2
peril	2
peries	2
perfume	2
perfidy	2
perfidious	2
perfect	2
perceivest	2
penetrating	2
pebbles	2
peacocks	2
peace	2
pay	2
paused	2
pardon	2
palpable	2
palanquins	2
painful	2
overwhelmed	2
overspread	2
overhung	2
overcast	2
ovens	2
ours	2
ou	2
otherwise	2
orthodox	2
oranges	2
orange	2
opposition	2
opportunity	2
operation	2
opening	2
ominous	2
offices	2
offers	2
offerings	2
odours	2
observing	2
oblation	2
obey	2
numbered	2
noon	2
noble	2
ninth	2
nimbly	2
neighbouring	2
negroes	2
need	2
nectar	2
name	2
nabad	2
mysterious	2
mutual	2
muttering	2
musulman	2
muslins	2
musicians	2
murmuring	2
muezins	2
moved	2
moullahs	2
mouhateddin	2
mothers	2
motavakel	2
motassem	2
moss	2
mortals	2
mortal	2
morakauabad	2
moraka	2
months	2
money	2
monarchs	2
moderate	2
mo	2
mixture	2
mixed	2
mitigation	2
misfortune	2
mirth	2
mine	2
minds	2
minarets	2
meteors	2
merited	2
mere	2
menaces	2
melody	2
melodious	2
megnoun	2
meet	2
measure	2
matter	2
marsh	2
marked	2
margin	2
marched	2
marah	2
mandates	2
mandate	2
manchets	2
malicious	2
m	2
lying	2
luxury	2
lutes	2
lute	2
lose	2
lodge	2
loaded	2
lo	2
livid	2
live	2
linen	2
leapt	2
leaf	2
law	2
lately	2
lamented	2
lamentable	2
lament	2
lamb	2
laden	2
laboured	2
knees	2
kissed	2
kiss	2
kirmith	2
kings	2
killed	2
kicked	2
kick	2
keep	2
k	2
jonquils	2
joined	2
join	2
jar	2
iu	2
istakhar	2
isle	2
irritated	2
invention	2
intrusion	2
intimated	2
interruption	2
interrupt	2
inter	2
intelligences	2
insolent	2
insipid	2
insensibly	2
inscriptions	2
inquired	2
inquietudes	2
innocence	2
inhaled	2
inhabited	2
informed	2
infinity	2
inebriated	2
indulgence	2
indolent	2
indies	2
increased	2
impulse	2
importunate	2
important	2
implored	2
impiety	2
impetuosity	2
imperceptibly	2
impelled	2
impatient	2
imparted	2
immoderately	2
imagination	2
illustrious	2
idolatrous	2
idle	2
hyacinths	2
husbands	2
hungry	2
huge	2
hot	2
horrid	2
hopes	2
honey	2
highly	2
higher	2
hi	2
hell	2
heels	2
heaps	2
heaped	2
healed	2
haunted	2
haughty	2
hasty	2
hastening	2
haroun	2
harmonious	2
harems	2
harbingers	2
handful	2
hairs	2
haggard	2
hack	2
h	2
gulcheurouz	2
guidance	2
guest	2
groping	2
grin	2
greatness	2
greater	2
gravely	2
gratification	2
grandees	2
gracefully	2
govern	2
goules	2
gnashing	2
glowed	2
glimmering	2
glancing	2
glad	2
giving	2
girls	2
girl	2
gifts	2
gift	2
ghost	2
ghastly	2
getting	2
gestures	2
generation	2
gems	2
gay	2
garden	2
games	2
galleries	2
gait	2
gained	2
gain	2
gaily	2
furiously	2
frozen	2
frequently	2
free	2
fraternity	2
fourth	2
forsook	2
forlorn	2
food	2
follows	2
folds	2
fogs	2
foamed	2
flowing	2
flowed	2
flourishing	2
floor	2
flocked	2
flies	2
flavour	2
flambeaux	2
flaggons	2
fixing	2
fits	2
fired	2
fingers	2
fine	2
filling	2
fifth	2
fewer	2
festival	2
feel	2
features	2
favours	2
favoured	2
faults	2
fatigued	2
fathers	2
fans	2
fancies	2
fak	2
fair	2
faint	2
faded	2
facility	2
eyelids	2
extricate	2
extreme	2
extravagance	2
exterminating	2
extent	2
extending	2
expressions	2
expressed	2
explanation	2
explain	2
expired	2
experienced	2
experience	2
expense	2
expecting	2
expectation	2
expanding	2
exist	2
exhibit	2
exhalations	2
exertions	2
exerted	2
exercise	2
execrations	2
execrable	2
exclamations	2
exclamation	2
excited	2
excessive	2
excess	2
excepting	2
excelled	2
excavated	2
event	2
eternal	2
estimation	2
erected	2
enveloped	2
entreat	2
entrance	2
entrails	2
entertain	2
enormous	2
enjoyment	2
energy	2
endowed	2
encouraged	2
enclosure	2
enclosed	2
enchantment	2
enchanting	2
enchanted	2
enabled	2
en	2
eminence	2
embroidery	2
embroidered	2
embraces	2
embassies	2
eloquence	2
elegant	2
effecting	2
effected	2
edris	2
easy	2
early	2
eager	2
e	2
dust	2
dusk	2
dun	2
dry	2
drowned	2
drown	2
drivers	2
dressed	2
drawing	2
dragged	2
dozens	2
dove	2
doomed	2
doom	2
dominions	2
domes	2
domains	2
divine	2
diverting	2
diverted	2
dive	2
dissolute	2
disposition	2
dispatched	2
dispatch	2
disclose	2
disaster	2
dine	2
din	2
dilated	2
diet	2
devoured	2
devotions	2
devote	2
devils	2
device	2
determined	2
destroy	2
despondence	2
description	2
describe	2
descending	2
descend	2
dereliction	2
depressed	2
deposited	2
demurely	2
demand	2
delusive	2
deluded	2
delirium	2
delay	2
degree	2
degrading	2
deepened	2
deem	2
declined	2
declare	2
dealt	2
dazzled	2
dazzle	2
daybreak	2
dates	2
dart	2
daoud	2
damned	2
d	2
cushions	2
curious	2
curiosities	2
cultivating	2
culling	2
culled	2
cubits	2
cross	2
crimson	2
creation	2
craggy	2
covers	2
counsels	2
corridors	2
cords	2
cord	2
cooks	2
convulsive	2
convulsions	2
convinced	2
conveyed	2
conversing	2
contortions	2
continue	2
contest	2
consume	2
consulting	2
consult	2
constrained	2
conjecture	2
conflict	2
confidential	2
confidence	2
confer	2
confectioners	2
conducted	2
condescend	2
concurred	2
concluded	2
concern	2
conception	2
compounded	2
compose	2
complexions	2
completely	2
completed	2
competition	2
compelled	2
companion	2
committing	2
committed	2
commenced	2
commanding	2
comfort	2
comfits	2
colours	2
cloth	2
closer	2
climb	2
clasp	2
citron	2
cities	2
cistern	2
circumstance	2
circle	2
choirs	2
choicest	2
chintzes	2
childhood	2
chase	2
charm	2
chagrined	2
centre	2
cemetery	2
cell	2
celestial	2
celebrated	2
caverns	2
cave	2
catching	2
cataract	2
carnation	2
carcases	2
carbuncles	2
cara	2
calenders	2
cabins	2
bye	2
bustled	2
bushes	2
bursting	2
buried	2
burden	2
brows	2
brothers	2
breathed	2
breathe	2
bread	2
braziers	2
brave	2
bowls	2
bore	2
bones	2
boisterous	2
boiled	2
bnt	2
bluntly	2
blows	2
blow	2
blossom	2
blinds	2
blew	2
blasphemies	2
bite	2
bid	2
betrayed	2
bestow	2
besought	2
bent	2
belong	2
bells	2
bees	2
bee	2
bedewed	2
becoming	2
because	2
bear	2
bats	2
baths	2
barbarous	2
balaam	2
bad	2
awnings	2
awaiting	2
awaited	2
avoid	2
aversion	2
avenge	2
avail	2
augment	2
audience	2
attachment	2
ate	2
astrology	2
astonishment	2
assiduity	2
assemblage	2
assailants	2
ask	2
aside	2
ashes	2
ascent	2
arrows	2
arrested	2
arranged	2
arrange	2
aromatic	2
arm	2
ardent	2
apricots	2
apprized	2
apprehension	2
apostrophe	2
ap	2
anxiously	2
anxious	2
anticipated	2
antelope	2
animated	2
anguish	2
ancient	2
amusements	2
amusement	2
amorous	2
ambassadors	2
amazing	2
although	2
alt	2
aloes	2
almonds	2
alert	2
alacrity	2
airs	2
aiming	2
aid	2
aherman	2
agony	2
agitation	2
agitated	2
aggrandise	2
ages	2
afterwards	2
afforded	2
afford	2
affairs	2
affability	2
advantage	2
adroitness	2
adorned	2
adorers	2
adore	2
admitted	2
admirably	2
adieu	2
actually	2
act	2
across	2
acquire	2
acquiesced	2
accustomed	2
account	2
accomplishment	2
accompany	2
acclivity	2
accident	2
accepted	2
accept	2
abundant	2
abundance	2
absorbed	2
abominations	2
abominably	2
abjure	2
abject	2
abide	2
abashed	2
abandon	2
?''	2
*'	2
|ame	1
zulkais	1
zephyrs	1
zenith	1
zealously	1
zealots	1
youthful	1
yo	1
yields	1
yes	1
yellow	1
yell	1
year	1
yawned	1
yathek	1
y	1
x)rtal	1
wry	1
wrongs	1
wrong	1
writhing	1
wrinkled	1
wretches	1
wresting	1
wrested	1
wreaths	1
wrapping	1
wrappers	1
wrapped	1
wounds	1
wounded	1
worst	1
worn	1
wormwood	1
workmen	1
workmanship	1
woods	1
woodfellers	1
wondering	1
wondered	1
womb	1
womanish	1
wolf	1
woes	1
wits	1
witnesses	1
withstood	1
withstanding	1
withhold	1
wisp	1
wishing	1
wiped	1
winked	1
wink	1
wing	1
windings	1
winding	1
willows	1
willow	1
willing	1
wildest	1
wife	1
whosoever	1
wholly	1
whispers	1
whirl	1
whims	1
whih	1
whate\er	1
west	1
welcome	1
weight	1
weep	1
weeks	1
week	1
weariness	1
weakness	1
ways	1
waterfalls	1
waterfall	1
watchtowers	1
watching	1
watched	1
washed	1
warrior	1
warm	1
warily	1
wards	1
warblings	1
warble	1
wantoned	1
wantest	1
wanderings	1
wandered	1
wan	1
walls	1
walked	1
waking	1
wakening	1
wakeful	1
waitings	1
wailful	1
wagging	1
wafted	1
waded	1
vulgar	1
vring	1
vow	1
vouchsafeth	1
vouchsafed	1
vouchsafe	1
voracity	1
voraciousness	1
voracious	1
voluptuousness	1
voluptuously	1
volatile	1
vociferation	1
vividly	1
visnow	1
visiting	1
visitant	1
virtuous	1
virtue	1
vipers	1
violets	1
violence	1
violation	1
violate	1
vinegar	1
vine	1
villages	1
vigour	1
vigils	1
vigilant	1
viewed	1
vied	1
victorious	1
victim	1
vicinity	1
vicars	1
viauds	1
vexation	1
vestments	1
vessels	1
versed	1
verse	1
vermin	1
vermilion	1
verging	1
verdure	1
verbatim	1
venturously	1
ventures	1
venom	1
ven	1
vellum	1
vegetate	1
vaulted	1
vathejb	1
vathck	1
vatbek	1
varied	1
vanish	1
value	1
valleys	1
valhek	1
vale	1
vacillating	1
utterly	1
usurping	1
usually	1
ushered	1
usher	1
useless	1
urn	1
urging	1
urged	1
upward	1
upper	1
unwieldy	1
unveiled	1
unusual	1
untrussed	1
untoward	1
unsubstantial	1
unsatiuting	1
unresisting	1
unremitted	1
unravelled	1
unquiet	1
unpromising	1
unobserved	1
unmolested	1
unmercifully	1
unmer	1
unmeaning	1
unmarked	1
unluckily	1
unless	1
universe	1
universally	1
universal	1
unison	1
union	1
unhurt	1
ungrateful	1
ungracious	1
unfortunately	1
unexamined	1
unequal	1
unembarrassed	1
undressed	1
undoubtedly	1
undismayed	1
undertook	1
undertaking	1
undertaken	1
undertake	1
understanding	1
underground	1
undeceived	1
undeceive	1
undauntedly	1
uncouth	1
unconsciously	1
unconscious	1
uncle	1
unchangeable	1
unaltered	1
unaccustomed	1
unabating	1
umbrella	1
umber	1
ulcerate	1
uk	1
uiock	1
ugly	1
uarclis	1
uacks	1
tyre	1
twle	1
twist	1
twinkling	1
twined	1
twig	1
twice	1
tutor	1
tush	1
turtle	1
turf	1
turbans	1
tulip	1
tufts	1
tually	1
trusty	1
trust	1
trunks	1
trumpet	1
truffles	1
true	1
truce	1
trotting	1
trot	1
trodden	1
trod	1
trifles	1
trifle	1
tricks	1
trickled	1
trevan	1
tree	1
treating	1
treasury	1
treasure	1
treading	1
tration	1
transparent	1
translates	1
translate	1
transient	1
transgress	1
transformed	1
transferred	1
transactions	1
tranquilly	1
traitor	1
trains	1
trails	1
trailing	1
tragical	1
trace	1
toys	1
town	1
towering	1
towels	1
touched	1
tottered	1
tossing	1
tossed	1
torture	1
torpedos	1
topple	1
topic	1
topazes	1
tongues	1
tones	1
tomorrow	1
tomach	1
tolerant	1
token	1
toilsome	1
toil	1
tke	1
tjie	1
tivals	1
tittering	1
tired	1
tiptoe	1
tion	1
tincture	1
tiful	1
tiew	1
ties	1
tie	1
tidings	1
thyme	1
thrust	1
throwing	1
throughout	1
throng	1
thrones	1
throbbing	1
throat	1
thrilling	1
thousands	1
thoti	1
thorn	1
thirty	1
thirteenth	1
thinking	1
thing	1
thin	1
thickness	1
theological	1
thanksgivings	1
thank	1
thai	1
th	1
testify	1
terraces	1
termed	1
tends	1
tenderness	1
tendered	1
temptible	1
temptation	1
temples	1
tempest	1
teased	1
tearful	1
tear	1
teamed	1
tatters	1
tattered	1
tastes	1
tascs	1
tarry	1
tarnished	1
tapis	1
tamely	1
tallies	1
talked	1
talk	1
talismanick	1
talapoins	1
tains	1
tain	1
tail	1
taciturnity	1
systems	1
sympathising	1
symmetry	1
symars	1
swooned	1
sweets	1
sweetmeats	1
sweetest	1
sweeter	1
sweep	1
swear	1
swayed	1
swarded	1
sward	1
swallowed	1
sutleraeme	1
sutle	1
sustenance	1
sustained	1
suspending	1
suspend	1
suspecting	1
suspect	1
survivor	1
survey	1
surround	1
surprising	1
surly	1
surgeons	1
surgeon	1
supreme	1
supposing	1
supportable	1
supplies	1
supplications	1
supplication	1
supplicating	1
supplicate	1
suppleness	1
supping	1
supineness	1
superiority	1
superintendence	1
superintendants	1
superbly	1
superannuated	1
sunshine	1
sums	1
summons	1
summoned	1
sultana	1
sullied	1
sulleiueme	1
suit	1
suggestions	1
suffocation	1
suffocating	1
suffocated	1
sufficiency	1
sufferers	1
sufferer	1
suckles	1
succour	1
succession	1
successfully	1
successful	1
successes	1
succeed	1
substantial	1
subsistence	1
submit	1
submission	1
sublunary	1
subjoined	1
subdue	1
stupid	1
stumb	1
stuffed	1
stuff	1
studied	1
strut	1
strugglings	1
struggle	1
structures	1
structure	1
strongest	1
strokes	1
stroke	1
strode	1
stripling	1
strip	1
striking	1
strictest	1
stretching	1
stretch	1
stresses	1
strenuously	1
strengthened	1
streaming	1
streamers	1
streamed	1
streaked	1
streak	1
strangling	1
stowed	1
storm	1
store	1
stopping	1
stomached	1
stomach	1
stimulated	1
stimu	1
step	1
steepest	1
steeds	1
stay	1
staunch	1
statues	1
stationed	1
stationary	1
station	1
starting	1
stared	1
stands	1
stand	1
stalked	1
stair	1
stables	1
squint	1
squeamish	1
squat	1
squares	1
squandering	1
springtime	1
springs	1
springing	1
sprang	1
spots	1
sportiveness	1
sporting	1
spoon	1
spontaneous	1
spoiled	1
spoil	1
spits	1
spiritual	1
spired	1
spikes	1
spheres	1
spectre	1
speaking	1
sparkle	1
sparing	1
spangled	1
sovereigns	1
southeast	1
soused	1
soups	1
soundly	1
sounder	1
sounded	1
sou	1
sort	1
sorrow	1
sorest	1
sopha	1
sons	1
sonorous	1
sonit	1
song	1
solitary	1
soliraan	1
solimau	1
solimans	1
soliloquies	1
soliiuan	1
solicitous	1
solemnly	1
solemnised	1
soldiers	1
sold	1
softness	1
softened	1
sobs	1
sobbed	1
sob	1
soared	1
soar'st	1
soaked	1
soak	1
snug	1
snuffing	1
snrpasseth	1
sneezed	1
snatching	1
snatch	1
smiles	1
smatterers	1
smarts	1
smarting	1
slumbers	1
slumber	1
slow	1
sloth	1
slopes	1
slightest	1
slid	1
slices	1
slender	1
sleeve	1
sleepers	1
slaps	1
slake	1
slain	1
skylight	1
skirting	1
skirted	1
skipping	1
skipped	1
skilful	1
skeletons	1
sixty	1
sixth	1
site	1
sister	1
sire	1
sinks	1
singularity	1
singed	1
sincerity	1
sincere	1
sinai	1
simultaneousness	1
simpleton	1
simars	1
signalise	1
sighs	1
sighing	1
sidering	1
shunned	1
shuddering	1
shrunk	1
shrugs	1
shrivelled	1
shriek	1
shrewdness	1
shown	1
showing	1
showering	1
showered	1
shouting	1
shot	1
shortest	1
short-lived	1
shoots	1
shook	1
shocked	1
shoal	1
shiraz	1
shifts	1
shepherds	1
sheltered	1
shells	1
sheep	1
shedding	1
sheddad	1
sharpness	1
sharper	1
shares	1
shallop	1
shake	1
shafts	1
shadows	1
shade	1
shaddukian	1
severe	1
services	1
sermon	1
serious	1
series	1
serendib	1
seraphic	1
serail	1
seraglios	1
sequins	1
sepulchre	1
separately	1
sensuality	1
senseless	1
sensations	1
sending	1
send	1
semp	1
semblance	1
sem^lage	1
selected	1
seldom	1
seizing	1
seems	1
seeks	1
seeking	1
seduced	1
secure	1
secreted	1
seating	1
seas	1
search	1
sea	1
sculls	1
scullions	1
scrutinised	1
scrupulously	1
scruples	1
scrupled	1
scruple	1
screen	1
scream	1
scratching	1
scratches	1
scraps	1
scourges	1
scorpions	1
scope	1
scenery	1
scarves	1
scared	1
scanty	1
scandalised	1
scandal	1
scales	1
says	1
savoury	1
savour	1
savage	1
saunt	1
sauce	1
satin	1
sarcophagus	1
sapphire	1
sapling	1
sansar	1
sanguinary	1
sands	1
sanctity	1
sam	1
salt	1
saloon	1
salad	1
sal	1
saki	1
sailed	1
sages	1
safer	1
sadness	1
sadly	1
sacrificing	1
sacrificed	1
sack	1
s	1
rvith	1
rustlings	1
rustling	1
rushed	1
rush	1
ruled	1
ruin	1
ruffled	1
rue	1
rude	1
ruddy	1
rubies	1
rubbed	1
royalty	1
royally	1
rounds	1
roughest	1
rough	1
rotundity	1
rotten	1
rosewater	1
ropes	1
roots	1
room	1
roofs	1
roofed	1
romantic	1
roes	1
rod	1
rocs	1
robed	1
roasted	1
roarings	1
roar	1
rivers	1
river	1
rival	1
risk	1
rippled	1
rip	1
rings	1
ringing	1
ring	1
rigorous	1
rifted	1
ried	1
richly	1
rich	1
ribbon	1
rhapsody	1
rewards	1
revolve	1
revolted	1
revolt	1
revived	1
revive	1
revile	1
reveries	1
reverie	1
reveres	1
reverberate	1
revenge	1
revelled	1
revealed	1
returning	1
retreats	1
retreat	1
retiring	1
retirement	1
retard	1
retains	1
retailing	1
resumed	1
resume	1
result	1
restricted	1
restrained	1
restore	1
restora	1
restless	1
resting	1
resplendent	1
respire	1
respiration	1
respected	1
resources	1
resource	1
resound	1
resolving	1
resolve	1
resolute	1
resisted	1
resist	1
resigned	1
residue	1
reside	1
reserved	1
reserve	1
resentment	1
resembles	1
resemble	1
resemblance	1
rescued	1
requiting	1
requisition	1
requisite	1
required	1
request	1
reptile	1
reproaches	1
reprimand	1
repressed	1
repress	1
representations	1
reposes	1
report	1
repining	1
repeating	1
repasts	1
rent	1
renounce	1
renewing	1
ren	1
reminding	1
remind	1
remedies	1
remarkable	1
remaining	1
remainder	1
rem	1
reluctance	1
relishing	1
relinquished	1
religious	1
religion	1
relieved	1
relative	1
relation	1
relapse	1
rejoicings	1
rejoiced	1
rejected	1
reject	1
reiterate	1
reigned	1
regular	1
regaled	1
regain	1
refuse	1
reflecting	1
reflect	1
reentered	1
reechoing	1
reechoed	1
reduced	1
redouble	1
redemption	1
recurring	1
recumbent	1
recovers	1
records	1
reconciling	1
reconcile	1
recompensed	1
recommending	1
recoiling	1
recoil	1
recognised	1
recognise	1
reclining	1
receptacle	1
recapitulated	1
recalled	1
reared	1
really	1
reality	1
readiness	1
reaching	1
rays	1
ray	1
ravish	1
ravages	1
ravaged	1
ratliis	1
rated	1
rate	1
rashness	1
rased	1
raschid	1
rascbid	1
rascally	1
rarity	1
rarely	1
rapture	1
rapour	1
rapidity	1
rank	1
rang	1
random	1
rambling	1
rakanabad	1
raise	1
rainy	1
rah	1
ragouts	1
radical	1
quivered	1
quit	1
quietly	1
quicker	1
questions	1
quarteu	1
quarter	1
quake	1
pyramids	1
pyramid	1
pushed	1
push	1
purveyors	1
purveyor	1
pursuit	1
pursued	1
pursue	1
purposely	1
purevair	1
purblind	1
puppet	1
pupil	1
puny	1
punish	1
punctiliously	1
pudding	1
published	1
provisions	1
proved	1
proud	1
protruded	1
prostrating	1
prosperous	1
prospects	1
propound	1
proposals	1
prophets	1
propagated	1
proofs	1
pronouncing	1
promising	1
prolix	1
projection	1
project	1
profane	1
productive	1
produces	1
produced	1
prodigy	1
prodigies	1
procuring	1
proclaimed	1
pro	1
prizes	1
privately	1
private	1
principles	1
princesses	1
price	1
preys	1
previously	1
prevalence	1
preter	1
pretensions	1
pretendest	1
presumptuous	1
presuming	1
pressure	1
pressing	1
presents	1
presentiment	1
prescribing	1
prescribe	1
presage	1
preremptory	1
preposterously	1
preparations	1
prelude	1
preliminary	1
prefer	1
predecessors	1
precision	1
precipitation	1
precipitated	1
precipices	1
preceded	1
precaution	1
preadamite	1
preaching	1
preach	1
praised	1
pouted	1
pounced	1
pots	1
potion	1
posts	1
possibly	1
possession	1
possessing	1
portrayed	1
porticos	1
porters	1
porter	1
portentous	1
porphyry	1
pondering	1
pomegranate	1
poltroon	1
politeness	1
polish	1
poisoned	1
poison	1
poise	1
pointing	1
pointed	1
poignancy	1
poet	1
plunder	1
plumpest	1
plump	1
plucked	1
pluck	1
ploring	1
plighted	1
plenty	1
plenitude	1
pleiades	1
pledge	1
pleating	1
please	1
pleasant	1
platoons	1
platform	1
plates	1
plasters/and	1
plasters	1
planet	1
plaintive	1
plainly	1
plagues	1
plague	1
placidly	1
pkmging	1
pitiless	1
pitiful	1
pitch	1
pistachios	1
pismires	1
piqued	1
piquant	1
pinioned	1
pinching	1
pinch	1
pilgrims	1
pilgrimage	1
piled	1
pilaus	1
pies	1
pieces	1
piece	1
pie	1
pictures	1
pictured	1
picklock	1
pickle	1
picking	1
phosphoric	1
philomel	1
phial	1
phet	1
pharaohs	1
pharaoh	1
petrified	1
petitions	1
petitioned	1
pestilential	1
pestilence	1
perverted	1
peruse	1
perturbation	1
pertinacity	1
personated	1
persia	1
persecuted	1
perplexity	1
perplexes	1
perplex	1
perpetually	1
perpetual	1
perpendi	1
permitteth	1
permitted	1
perishable	1
period	1
perilous	1
performing	1
performances	1
perfectly	1
perception	1
perceives	1
per	1
peo	1
pene	1
pegu	1
pedant	1
pecked	1
peasant	1
peared	1
peaceable	1
pavement	1
pausing	1
paunch	1
patriarchs	1
pathetic	1
paternity	1
pastured	1
pastimes	1
passionately	1
partners	1
parties	1
participated	1
parterre	1
partaken	1
parsimonious	1
parox	1
parody	1
parents	1
parched	1
parch	1
parading	1
parade	1
pansies	1
pangs	1
paltry	1
palpitations	1
palpitating	1
palpitated	1
paleness	1
palampores	1
pair	1
painting	1
paint	1
paid	1
pageants	1
paced	1
pace	1
owned	1
owe	1
ow	1
overturned	1
overtook	1
overthrows	1
overpower	1
overpleased	1
overgrown	1
overflowed	1
overawed	1
oval	1
outlet	1
outer	1
outcries	1
outcast	1
outang	1
ouranbad	1
otit	1
ornaments	1
orisons	1
ordained	1
oracular	1
optics	1
opposite	1
opposed	1
opportunely	1
opiate	1
operations	1
openmouthed	1
onwards	1
onward	1
omitting	1
omitted	1
omens	1
omar	1
olfactory	1
ogre	1
oft	1
ofinind	1
officious	1
office	1
offended	1
odd	1
octave	1
ocean	1
occurrences	1
occurred	1
occupations	1
obtruded	1
obtaining	1
obtained	1
obstruction	1
obstinate	1
obstacle	1
observe	1
obscured	1
obscure	1
obliging	1
obeying	1
ob	1
oath	1
nurses	1
nurse	1
numbness	1
numbers	1
nugatory	1
ntly	1
np	1
noxious	1
novice	1
nourouihar	1
nouronih'ar	1
nouromhar	1
noticing	1
noticed	1
note	1
nostrils	1
nosegays	1
northeast	1
nonro	1
nodding	1
nocturnal	1
nnchs	1
nm	1
nistered	1
ninety	1
nimrod	1
nightly	1
nightingale	1
nice	1
news	1
nettles	1
nests	1
nestling	1
nestle	1
ness	1
nerves	1
nerveless	1
nekir	1
neighbours	1
neglected	1
nefarious	1
needless	1
needed	1
necessity	1
necessarily	1
neatness	1
neatly	1
nearest	1
nearer	1
nd	1
naturalist	1
narrow	1
narrative	1
narcotick	1
nap	1
names	1
named	1
nails	1
mystic	1
mystery	1
mysteries	1
myriads	1
myrabolan	1
muttered	1
mute	1
musk	1
murmur	1
murdered	1
mur	1
munificence	1
mundane	1
mummy	1
mummery	1
multitudes	1
muhomet	1
muffled	1
move	1
movables	1
mount	1
moune	1
motives	1
mossy	1
mosques	1
mosque	1
mortifying	1
mortified	1
morals	1
morakariabad	1
morakana	1
morak	1
mora	1
moonlight	1
mood	1
month	1
monker	1
monitors	1
mon	1
momentary	1
mole	1
moisture	1
moistened	1
mode	1
mob	1
mntes	1
mistaken	1
misfortunes	1
miscreant	1
mischievously	1
miraculous	1
minutest	1
minutes	1
minutely	1
ministers	1
mingling	1
mingled	1
mineral	1
miles	1
milch	1
mighty	1
midnight	1
mewling	1
metropolis	1
met	1
messengers	1
messenger	1
mess	1
merriment	1
merit	1
merely	1
merciful	1
merchandise	1
mentioned	1
mendicants	1
menagerie	1
menacing	1
menace	1
memorable	1
meme	1
melodies	1
mei	1
meed	1
mediateinstruction	1
meats	1
measured	1
meanness	1
meaning	1
meal	1
mayest	1
mauy	1
mausoleums	1
maukish	1
mattress	1
materials	1
material	1
mate	1
masulipatan	1
masters	1
massacre	1
martial	1
marrow	1
maps	1
manlier	1
mankind	1
maniac	1
mani	1
mangy	1
managed	1
malificent	1
maintains	1
maintained	1
main	1
maimed	1
maidens	1
magician	1
magazine	1
mad	1
luy	1
luxurious	1
lustre	1
luminous	1
ludicrous	1
luded	1
lucubrations	1
luckily	1
lubricated	1
lovers	1
louring	1
lot	1
loquacity	1
loopholes	1
looking	1
lonk	1
lonely	1
loiterest	1
loftiest	1
locusts	1
load	1
living	1
lively	1
livelong	1
lived	1
littlo	1
littleness	1
literary	1
lists	1
listening	1
listen	1
liquors	1
liquorish	1
liquified	1
lings	1
linger	1
limping	1
limped	1
limited	1
limit	1
limber	1
lilies	1
lightnings	1
lighting	1
lifting	1
lifted	1
lift	1
lick	1
liberty	1
liberally	1
libation	1
lias	1
li.uul	1
levellest	1
level	1
letters	1
lesson	1
leopards	1
leopard	1
lent	1
lengths	1
leilah	1
legged	1
leg	1
leered	1
leaping	1
leaning	1
leads	1
leading	1
lead	1
lavishly	1
laughable	1
latter	1
latent	1
lated	1
lasted	1
lasciviously	1
lark	1
larger	1
larae	1
lara	1
lap	1
languish	1
languages	1
land	1
lances	1
lance	1
lamp	1
lakes	1
lair	1
laid	1
lah	1
lacerated	1
laboratory	1
korans	1
knoll	1
knockings	1
knock	1
knives	1
knitted	1
knick	1
knelt	1
kneeling	1
kitchens	1
kissing	1
kingdoms	1
king	1
kinds	1
kindness	1
kindly	1
kindling	1
kicking	1
keys	1
kanabad	1
kalilah	1
kali	1
jump	1
juice	1
judiciary	1
judge	1
jostling	1
jolting	1
jn	1
jmmsoii	1
jet	1
jessamine	1
jerks	1
jerk	1
jealousy	1
jaws	1
jars	1
jargon	1
jade	1
jack	1
j	1
ixhora	1
ivory	1
iui	1
issued	1
issue	1
isrn	1
isouronihar	1
iruth	1
irritating	1
irrevocable	1
irretrievably	1
irresistibly	1
irresistible	1
irremediably	1
irreligious	1
ironically	1
irksome	1
irak	1
involuntarily	1
invoked	1
invite	1
invitation	1
inviolate	1
inviolable	1
inveterate	1
invested	1
invents	1
inventive	1
invectivei	1
invective	1
invalids	1
intruding	1
intruded	1
introduce	1
intrigues	1
intrepid	1
intractable	1
intimacy	1
interwoven	1
interval	1
interspersed	1
interrogations	1
interrogating	1
interred	1
interpret	1
interposed	1
interment	1
interludes	1
interesting	1
interest	1
intercourse	1
intention	1
intent	1
insuperable	1
insult	1
insufficient	1
instructed	1
instilled	1
instigated	1
instance	1
inspire	1
insolence	1
insignificant	1
insensible	1
insensibility	1
inscription	1
inquisitive	1
inquiries	1
ino	1
innocents	1
inmates	1
inhale	1
inhabitant	1
ingr	1
informs	1
information	1
influences	1
influenced	1
influence	1
infliction	1
inflict	1
inflated	1
infirm	1
infidel	1
infested	1
infants	1
infancy	1
infamous	1
inexplicable	1
inevitable	1
inefficient	1
ineffectual	1
ineffable	1
inebriety	1
indulgingly	1
indul	1
inducement	1
indolence	1
indignantly	1
indifferently	1
indifferent	1
indifference	1
indication	1
indemnification	1
indefatigable	1
indecent	1
incorruptible	1
inconstancy	1
incommoded	1
inclined	1
incidents	1
incident	1
inch	1
incess	1
incentives	1
incentive	1
incensed	1
incapacitated	1
incapable	1
incantations	1
inadvertently	1
imprecation	1
impossible	1
importunity	1
importune	1
imports	1
import	1
implore	1
implicitly	1
implements	1
implacable	1
impieties	1
impetuously	1
impetuous	1
impertinent	1
impertinence	1
impending	1
impeded	1
impede	1
impatiently	1
impassioned	1
imparting	1
impalements	1
immeasurable	1
imitation	1
imbibed	1
imans	1
imagine	1
imaginations	1
imaginable	1
images	1
im	1
illume	1
ilia	1
ilah	1
iinjuin	1
ideas	1
icy	1
hut	1
hushed	1
hurts	1
hurry	1
hurried	1
hurricane	1
hurlyburly	1
hureni	1
hur	1
hunter	1
humpbacks	1
humbly	1
human	1
hum	1
hues	1
hue	1
howling	1
hovering	1
hove	1
household	1
houris	1
hosts	1
host	1
hospitable	1
hose	1
horribly	1
hor	1
hoping	1
honoured	1
honeysuckle	1
honeyed	1
home	1
homage	1
hollows	1
hoary	1
hoarse	1
hoarded	1
hnans	1
hivfes	1
hives	1
hive	1
hit	1
hissings	1
hints	1
hint	1
hinges	1
hilarity	1
highest	1
hide	1
hidden	1
hich	1
hewn	1
hesitated	1
hesitate	1
herons	1
heron	1
hermit	1
hereafter	1
herald	1
hen	1
hemming	1
hek	1
heights	1
heg	1
heen	1
heedlessly	1
heedful	1
heartbroken	1
headlong	1
headed	1
hazy	1
hazards	1
havoc	1
havkg	1
hatred	1
hating	1
hated	1
hat	1
hasten	1
hasted	1
harrowing	1
hare	1
happiness	1
haphazard	1
hankering	1
handsomest	1
handing	1
handed	1
hambeaux	1
halt	1
hailed	1
hah	1
habitual	1
habits	1
habitations	1
habiliments	1
gusts	1
gushed	1
gulchcnrouz	1
gulcbenrouz	1
guilt	1
guided	1
guests	1
guessing	1
guardian	1
gryphon	1
grumbling	1
gruffly	1
growling	1
growing	1
groups	1
grottoes	1
grotesque	1
groped	1
grinding	1
grime	1
grievously	1
grieve	1
greybeards	1
greek	1
gravity	1
graves	1
graven	1
grave	1
gratitude	1
gratis	1
gratifying	1
gratified	1
grati	1
grates	1
grated	1
grasping	1
grapeshot	1
grapes	1
grant	1
grandson	1
gran	1
gracious	1
governor	1
goul	1
gotten	1
gossiping	1
gossamer	1
gorges	1
gorgeous	1
goodly	1
good-natured	1
good-humour	1
goes	1
gods	1
goats	1
goad	1
gluttony	1
glutton	1
glutted	1
gloojn	1
glitter	1
glimpses	1
glimmer	1
gleam	1
glassy	1
glass	1
glaring	1
glanced	1
gives	1
girdle	1
girded	1
gilt	1
gills	1
gigantic	1
giddy	1
giddiness	1
gibes	1
giant	1
ghulchissar	1
gewgaws	1
gew	1
geographers	1
gentleness	1
generous	1
generosity	1
gencies	1
gaze	1
gaws	1
gavest	1
gathered	1
gates	1
gate	1
gasping	1
garments	1
garment	1
garlands	1
game	1
galloped	1
gallants	1
gallantly	1
gaining	1
g	1
future	1
fury	1
further	1
furnish	1
furnace	1
funnel	1
fumigations	1
fumes	1
fume	1
fulminating	1
fullest	1
fulfilment	1
fulfillest	1
fuel	1
fruitless	1
fruit	1
fronts	1
front	1
frolicsome	1
frolic	1
fro	1
frivolous	1
fringe	1
friendship	1
friend	1
fricasseed	1
freshness	1
frequented	1
frequent	1
frenzy	1
freedoms	1
freed	1
fraught	1
frauds	1
frantic	1
franguistan	1
fractured	1
fouz	1
foul	1
forwardness	1
fortune	1
fortunate	1
fortresses	1
fortnight	1
forsooth	1
forsaken	1
forming	1
forgetting	1
forgetful	1
forfeitures	1
forfeited	1
forever	1
foretold	1
forest	1
foresaw	1
forerunner	1
foreheads	1
forebore	1
fore	1
forcing	1
forbore	1
forbidden	1
forbade	1
footsteps	1
foolish	1
fondly	1
folk	1
folding	1
flute	1
flushed	1
flower	1
flourished	1
floundering	1
flounced	1
flocks	1
flock	1
floated	1
fleshless	1
fleece	1
flea	1
flattened	1
flashing	1
flashes	1
flashed	1
flame	1
flakes	1
flagged	1
fix	1
fissures	1
fishing	1
firouz	1
firmly	1
firm	1
firebrands	1
fins	1
finishing	1
finish	1
finds	1
final	1
fillip	1
fillagreen	1
file	1
figures	1
fig	1
fiery	1
fiercest	1
fierce	1
fiad	1
fever	1
fetters	1
festooned	1
festive	1
festivals	1
fes	1
fervour	1
fern	1
feminine	1
fellow	1
fellers	1
felicity	1
felicitating	1
fefl	1
feels	1
feelings	1
feeding	1
feebly	1
feeble	1
fed	1
feathers	1
feasting	1
fears	1
fearful	1
fawn	1
favourable	1
fatigues	1
fathom	1
fasting	1
fastenings	1
farther	1
faquirs	1
fantastically	1
fantastic	1
fanatics	1
famished	1
familiarised	1
familiarise	1
familiar	1
false	1
fallen	1
fakrodclin	1
fakreddiu	1
fairness	1
fairest	1
faintly	1
faculties	1
fact	1
fabric	1
eyebrows	1
extricated	1
extremities	1
extraction	1
extorted	1
extort	1
extolled	1
extol	1
exterior	1
extenuated	1
extensive	1
extemporaneous	1
exposing	1
exposed	1
explosion	1
explained	1
expiation	1
expiating	1
expiate	1
expert	1
experiments	1
expend	1
expelled	1
expeditious	1
expanses	1
expanse	1
expand	1
exhorted	1
exhibiting	1
exert	1
exemplary	1
executed	1
execute	1
exclusive	1
excepted	1
except	1
examined	1
exactness	1
exactly	1
exaction	1
ewes	1
evinced	1
evils	1
events	1
evenings	1
euterprize	1
eu	1
etiquette	1
eternnl	1
eternity	1
esteemed	1
esteem	1
estates	1
essential	1
essence	1
espouse	1
ered	1
equipped	1
equals	1
equally	1
equality	1
envy	1
entwined	1
entrusted	1
entreaty	1
entreaties	1
enthusiasts	1
enthralled	1
entering	1
enterest	1
entangle	1
enriched	1
enlarging	1
enlarged	1
enjoyments	1
enjoining	1
enjoined	1
enjoin	1
engraven	1
engaging	1
engage	1
enervated	1
energetic	1
enemies	1
ends	1
endless	1
endeavours	1
endeavouring	1
endearments	1
encouraging	1
encouragement	1
encounter	1
encompassed	1
enchanter	1
encamped	1
encamp	1
enamoured	1
enamelled	1
enamel	1
emulously	1
empyrean	1
employ	1
empale	1
emotions	1
emit	1
eminently	1
eminences	1
emerging	1
emergency	1
emergencies	1
emeralds	1
emerald	1
embroiderers	1
embrace	1
embossed	1
embody	1
embodied	1
embassy	1
embarked	1
else	1
eloquent	1
ell	1
elements	1
elders	1
elapsed	1
ehenrouz	1
egyptian	1
egresses	1
eglantine	1
eggs	1
effluvia	1
effectual	1
edifying	1
edifice	1
eden	1
ecstasies	1
eclipsed	1
echoes	1
ebullition	1
eaters	1
eater	1
east	1
earthly	1
earnestly	1
earnest	1
eagles	1
dwelling	1
dwell	1
duty	1
dupe	1
dumb	1
dug	1
duced	1
drunk	1
drug	1
dropping	1
drop	1
drooping	1
driven	1
drivelling	1
drive	1
dried	1
dressing	1
dreaming	1
dream	1
dreaded	1
draws	1
draw	1
draughts	1
draught	1
drapery	1
drag	1
dozen	1
doze	1
doxy	1
downcast	1
douu	1
doubts	1
doubtless	1
doubted	1
doubled	1
doted	1
dotards	1
dot	1
dose	1
doorway	1
dolts	1
dolt	1
dolefully	1
doleful	1
doing	1
dogs	1
does	1
doe	1
doctrines	1
divining	1
dividing	1
divided	1
divert	1
disturbing	1
disturbed	1
distrust	1
district	1
distress	1
distraction	1
distracted	1
distinguishable	1
distilled	1
dissuaded	1
dissonance	1
dissolving	1
dissolved	1
dissipating	1
dissipate	1
disputes	1
disputants	1
dispositions	1
displeasure	1
dispersing	1
dispersed	1
disperse	1
dispensed	1
dispel	1
disordered	1
dismissed	1
dismayed	1
dismal	1
dislodged	1
dislocated	1
disgusting	1
disguise	1
disease	1
discoveries	1
disconcerted	1
discoloured	1
disclosing	1
disciplined	1
disciples	1
discharged	1
discernible	1
discerned	1
discern	1
disastrous	1
disappointments	1
disappeared	1
disabled	1
dis	1
dirt	1
dirges	1
directions	1
directing	1
dipped	1
dinner	1
dinned	1
dined	1
dimmed	1
diminutive	1
diminished	1
diligence	1
dignity	1
digest	1
difficult	1
dictated	1
diau	1
diamond	1
diadems	1
diadem	1
di	1
dexterity	1
dew	1
devout	1
devoting	1
devotees	1
devise	1
dethrone	1
deterred	1
detained	1
detached	1
desultory	1
destroyed	1
destitute	1
destiny	1
despondingly	1
despised	1
despise	1
desperation	1
despaired	1
desolating	1
desolate	1
desks	1
desist	1
desires	1
desired	1
desire	1
designs	1
designed	1
deserving	1
deserveth	1
deserved	1
deserts	1
deserting	1
deserted	1
descriptions	1
described	1
descents	1
descent	1
dervish	1
derived	1
derided	1
derer	1
dered	1
deputation	1
depth	1
deprived	1
depositories	1
depositary	1
depositaries	1
depopulating	1
deplored	1
dependents	1
departing	1
departed	1
denominated	1
denominate	1
denied	1
demons	1
demanding	1
delude	1
delights	1
delayed	1
dejected	1
deigning	1
deign	1
degrees	1
deggial	1
defiance	1
defended	1
dees	1
deeply	1
deemed	1
deeds	1
dedicated	1
decrepitude	1
decree	1
decoyed	1
decorum	1
declining	1
declared	1
declaration	1
decisive	1
decisions	1
decided	1
decide	1
decently	1
decay	1
debility	1
debating	1
debasing	1
deathlike	1
dearer	1
dealer	1
deal	1
deafness	1
deaf	1
de	1
daytime	1
dauntless	1
daube	1
dashed	1
darts	1
darted	1
daring	1
dared	1
dangling	1
dancing	1
dances	1
danced	1
damps	1
damp	1
damnable	1
dam	1
daki	1
dajs	1
cypresses	1
cuts	1
customary	1
custom	1
curvetting	1
curtain	1
currier	1
curing	1
curds	1
curb	1
cur	1
culprits	1
cull	1
cular	1
cuff	1
cucumbers	1
cucumber	1
crying	1
crust	1
cruelly	1
crowned	1
crown	1
crowds	1
crowded	1
crossed	1
croaking	1
cripples	1
criminal	1
crime	1
criers	1
creme	1
creature	1
creator	1
created	1
crawl	1
crashing	1
crannies	1
crags	1
cracked	1
cowards	1
covering	1
courts	1
courteous	1
courted	1
coursing	1
couplet	1
countries	1
counterfeiting	1
counted	1
counsel	1
councils	1
council	1
couch	1
cou	1
cost	1
corruption	1
corrugated	1
corridor	1
corresponded	1
correct	1
corpses	1
corps	1
corner	1
cordials	1
cordial	1
coral	1
cool	1
cooi	1
convoy	1
convert	1
conversion	1
conversed	1
conversations	1
controversy	1
control	1
contrive	1
contrivance	1
contrition	1
contrite	1
contrary	1
continuance	1
continual	1
contended	1
contend	1
contempti	1
contemplating	1
consumption	1
consummate	1
consumes	1
consumed	1
consulted	1
construct	1
constellation	1
constant	1
conspicuous	1
console	1
consigning	1
consigned	1
considered	1
consideration	1
consider	1
consequently	1
consented	1
consecrated	1
consecrat	1
consciously	1
conscious	1
conquest	1
connexions	1
conjure	1
conjecturing	1
conjectured	1
congruous	1
congregation	1
congratulations	1
congratulated	1
congenial	1
confused	1
confound	1
conflagration	1
confiscated	1
confirmed	1
confining	1
confines	1
confides	1
confident	1
confided	1
confessed	1
conducting	1
conduced	1
condescension	1
conciliated	1
conciliate	1
concerns	1
concerning	1
conceived	1
conceals	1
concealest	1
conceal	1
con	1
comrades	1
comprehending	1
composure	1
complicated	1
compliance	1
completion	1
completest	1
complaisant	1
complaints	1
complaining	1
complained	1
complain	1
compensate	1
compel	1
compass	1
compared	1
communicated	1
communicate	1
commotions	1
commodities	1
commission	1
commiseration	1
commendations	1
comfit	1
comest	1
combined	1
comb	1
colossal	1
collection	1
collectedfrora	1
collect	1
collar	1
coining	1
coined	1
coincidences	1
cocknos	1
cobwebs	1
coals	1
clutches	1
clumps	1
clothes	1
clothed	1
closeted	1
cliffs	1
clefts	1
clearly	1
clearer	1
clay	1
classes	1
clarions	1
clapping	1
clang	1
clamour	1
civil	1
circumspect	1
circulation	1
circulated	1
ciful	1
cicatrize	1
churl	1
chosen	1
chose	1
chops	1
cholic	1
chintz	1
chins	1
chin	1
chills	1
chilled	1
chess	1
cherish	1
chequered	1
checked	1
check	1
cheat	1
chatterings	1
chattering	1
chastity	1
chastise	1
chaste	1
charmed	1
charitable	1
character	1
changing	1
change	1
chameleon	1
chambers	1
chains	1
chained	1
chain	1
chafed	1
ceremonials	1
ceremonial	1
cells	1
celebrating	1
celebrate	1
cautious	1
caution	1
causes	1
catastrophe	1
cataracts	1
cataplasms	1
catacombs	1
case	1
carry	1
carp	1
carousing	1
caroused	1
carnivorous	1
carnations	1
carnage	1
caressed	1
cares	1
carelessly	1
careless	1
carefully	1
career	1
carcasses	1
caravan	1
captive	1
captivating	1
captivated	1
capricious	1
caprices	1
capitals	1
capered	1
capacity	1
canst	1
canopy	1
canopies	1
canes	1
camphorated	1
camp	1
calmed	1
calm	1
caliphs	1
califat	1
calculations	1
calculation	1
calcine	1
calamity	1
cakes	1
cahaba	1
cafila	1
cadis	1
cachemire	1
cabinets	1
cabinet	1
cabalistic	1
business	1
busily	1
burying	1
bursts	1
burrow	1
burned	1
burn	1
burdens	1
burdened	1
bumpers	1
bumper	1
bullrushes	1
built	1
building	1
build	1
buffoons	1
budget	1
budge	1
brutes	1
brutality	1
brushed	1
browse	1
brown	1
broughtest	1
brook	1
brood	1
broiled	1
brocaded	1
brocade	1
bristled	1
brisk	1
bringing	1
brilliant	1
brightness	1
brightest	1
brightening	1
brightened	1
briers	1
bridles	1
bridge	1
bridal	1
breeze	1
breathing	1
breathes	1
breaking	1
brazen	1
brandy	1
bramins	1
brambles	1
brained	1
brain	1
braided	1
bracelet	1
bowstring	1
bower	1
bow	1
bouuds	1
bounding	1
bounded	1
boufaki	1
bottles	1
bosoms	1
borders	1
bordered	1
border	1
boon	1
books	1
bone	1
boldness	1
boldly	1
bodyguard	1
blushing	1
bluish	1
blubbering	1
blubberer	1
blossoms	1
bled	1
bleak	1
ble	1
blasted	1
blast	1
blaspheming	1
blasphemer	1
blamed	1
blades	1
blade	1
blackest	1
blacker	1
bitter	1
bit	1
bismillah	1
bis	1
bird	1
bewitching	1
bewailed	1
bevvy	1
betray	1
betide	1
betaking	1
bestreaked	1
bess	1
bespattered	1
besoms	1
beside	1
beset	1
ber	1
benighted	1
beneficent	1
bending	1
belly	1
bellow	1
believers	1
beholdest	1
beholder	1
behests	1
begun	1
beguile	1
begotten	1
befallen	1
beep	1
beck	1
beauties	1
beau	1
beating	1
beast	1
bearers	1
bearded	1
bavins	1
bauble	1
bating	1
bathed	1
baskets	1
basin	1
basil	1
bashfulness	1
bashful	1
basely	1
base	1
bars	1
barrier	1
barricadoed	1
barren	1
barkiarokh	1
bark	1
barbacans	1
banquets	1
banqueting	1
bane	1
balustrade	1
balm	1
balkis	1
baleful	1
baked	1
bake	1
baggage	1
backs	1
babylon	1
babbler	1
b	1
awry	1
awe	1
awaits	1
await	1
avoided	1
avert	1
avere	1
avenues	1
avarice	1
availed	1
authority	1
authoritative	1
auguries	1
augured	1
augmented	1
aught	1
auditors	1
audaciously	1
au	1
attribute	1
attractions	1
attendant	1
attendance	1
attempts	1
attempt	1
attained	1
attached	1
atmosphere	1
athwart	1
athek	1
asylums	1
astrologers	1
astrolabes	1
astonished	1
assuredly	1
assurance	1
assuming	1
assume	1
association	1
associates	1
assisted	1
assistance	1
assimilate	1
assigned	1
assiduously	1
asserted	1
assented	1
aspen	1
aspects	1
ashamed	1
ascertain	1
ascendancy	1
arts	1
artisans	1
artificial	1
articulating	1
articulated	1
article	1
arrogate	1
arriving	1
arrayed	1
arrangements	1
aroused	1
army	1
armour	1
armies	1
armed	1
arising	1
arises	1
argenk	1
ardour	1
architecture	1
archers	1
arch	1
arcades	1
arbours	1
arbour	1
aracan	1
arabic	1
arabesques	1
aptly	1
apt	1
approves	1
apprise	1
apprehending	1
apprehended	1
apprehend	1
appointed	1
appoint	1
applying	1
apply	1
apple	1
applause	1
applauded	1
appetitite	1
appendages	1
appearing	1
appearances	1
apparitions	1
apparition	1
appalled	1
apertures	1
apathy	1
apart	1
anywhere	1
antipathy	1
anticipating	1
anodynes	1
anodyne	1
annexed	1
animation	1
animates	1
angels	1
angelic	1
anew	1
ancestors	1
anabad	1
amusing	1
ammoniac	1
amiss	1
amends	1
amenable	1
ambulatory	1
ambulating	1
ambreabad	1
ambitious	1
ambient	1
ambergrise	1
amber	1
amazingly	1
altitude	1
alternative	1
alternately	1
aloft	1
almond	1
allude	1
alleviated	1
alkoremi	1
aliment	1
alighting	1
alighted	1
alasi	1
alarms	1
alarming	1
alarm	1
alabaster	1
aisle	1
aimed	1
aim	1
ails	1
aigrets	1
aigret	1
agreed	1
agreeably	1
agility	1
agile	1
aghast	1
agency	1
aged	1
afraid	1
affright	1
affords	1
afflicting	1
afflicted	1
affiances	1
affecting	1
afar	1
advised	1
adventurous	1
advantages	1
advantageously	1
advancement	1
adorn	1
adored	1
admonitions	1
admonished	1
admit	1
admission	1
admiring	1
admirers	1
admired	1
admire	1
administering	1
administer	1
admi	1
adjusted	1
adjoining	1
additional	1
addicted	1
adapted	1
adaiuite	1
adainite	1
activity	1
active	1
acrid	1
acquitted	1
acquired	1
acquiescence	1
acquaintances	1
acquaintance	1
acknowledgment	1
accused	1
accrue	1
accountable	1
accosted	1
accordingly	1
accorded	1
accord	1
accidents	1
accession	1
accessible	1
accelerated	1
accelerate	1
abysses	1
abusing	1
absurdities	1
abstract	1
abstinence	1
absolute	1
absent	1
abounds	1
abounded	1
abound	1
abjuring	1
abjured	1
abiding	1
abhorrence	1
abhorred	1
abhor	1
abdicate	1
abdest	1
abdalaziz	1
abatement	1
abassides	1
abase	1
^mpire	1
^	1
]	1
\vho	1
\oice	1
\\liirled	1
\\	1
\	1
>	1
<	1
/	1
.''	1
.""	1
**	1
*	1
).	1
(!	1
'"	1
!''	1
