,	4928
the	2501
and	2242
to	2055
.	1762
of	1655
i	1326
he	1144
his	1018
;	1007
was	1004
"	987
a	958
that	852
my	817
in	809
her	655
you	622
not	622
for	588
but	588
as	572
had	562
it	541
him	487
she	486
with	446
ronald	413
me	389
which	375
on	360
."	360
at	343
be	338
mother	336
is	328
!	320
by	317
|'s|	299
this	290
they	284
so	278
have	278
from	274
when	246
were	240
:	233
said	219
now	217
no	216
would	208
helen	205
could	203
seymour	202
your	197
one	190
their	187
what	177
did	177
will	174
we	165
who	163
them	163
an	154
all	148
mr	144
do	143
been	143
if	142
then	137
only	134
lady	131
are	130
?	128
**	127
*'	127
more	123
should	119
douglas	119
while	118
—	110
own	109
father	109
never	108
love	108
cried	107
heart	106
too	103
dear	103
mrs	101
though	99
much	99
well	98
fullarton	96
before	96
out	95
am	93
see	92
very	91
such	91
must	90
pendarves	89
poor	88
our	88
john	88
there	87
go	87
or	86
brother	85
'	85
than	84
first	84
man	83
thought	82
still	82
us	81
till	79
how	78
house	78
after	78
soon	77
however	77
!"	77
up	76
time	76
think	76
child	75
into	74
know	73
grace	73
can	73
oh	72
son	70
life	70
''	70
day	69
made	68
himself	68
ever	68
parents	67
whom	66
therefore	66
again	66
replied	65
shall	64
miss	64
de	64
woman	63
friend	63
found	63
even	63
some	62
myself	62
long	62
great	62
come	62
being	62
tell	61
old	61
|arabic1digit|	60
young	60
say	60
letter	60
good	60
over	59
other	59
hand	59
any	59
told	58
nor	58
like	58
where	57
most	56
heard	56
came	56
once	54
home	54
felt	54
yet	53
sure	53
next	53
might	53
make	53
without	51
wife	51
look	51
has	51
also	51
?"	51
walden	50
husband	50
yes	49
two	49
saw	49
moment	49
indeed	49
both	49
these	48
feelings	48
eyes	48
|romannumeral|	47
those	47
little	46
let	46
left	46
face	46
last	45
because	45
returned	44
'*	44
take	43
room	43
return	43
away	43
here	42
having	42
back	42
seemed	41
loved	41
wish	40
why	40
knew	40
down	40
another	40
took	39
seeing	39
mind	39
door	39
cannot	39
voice	38
upon	38
may	38
speak	37
near	37
went	36
tears	36
its	36
hope	36
every	36
enough	36
years	35
new	35
just	35
herself	35
give	35
*	35
london	34
gentleman	34
called	34
thus	33
seen	33
going	33
duty	33
against	33
under	32
sight	32
men	32
leave	32
gone	32
always	32
looked	31
gave	31
during	31
countenance	31
whose	30
off	30
full	30
certainly	30
answer	30
|arabic3digit|	29
since	29
received	29
part	29
england	29
attachment	29
affection	29
village	28
uncle	28
place	28
believe	28
aunt	28
able	28
set	27
quite	27
nothing	27
night	27
lord	27
girl	27
exclaimed	27
wished	26
ridley	26
really	26
possible	26
pen	26
norton	26
daughter	26
arrived	26
world	25
turned	25
often	25
object	25
morning	25
longer	25
ill	25
happiness	25
done	25
beloved	25
about	25
*^	25
whether	24
truth	24
spoke	24
sister	24
remained	24
recovered	24
present	24
met	24
lost	24
joy	24
happy	24
friends	24
added	24
s	23
read	23
reached	23
put	23
manner	23
length	23
given	23
feeling	23
family	23
boy	23
beauty	23
vain	22
through	22
resolved	22
remember	22
rather	22
pleasure	22
perhaps	22
name	22
mean	22
india	22
head	22
feel	22
desired	22
death	22
conscious	22
children	22
wonder	21
threw	21
three	21
sorrow	21
sir	21
same	21
kind	21
honour	21
god	21
fear	21
expected	21
died	21
conversation	21
anxious	21
way	20
tried	20
spite	20
right	20
niece	20
marriage	20
many	20
forget	20
eye	20
each	20
call	20
bear	20
arms	20
arm	20
(	20
write	19
vol	19
visit	19
servants	19
round	19
painful	19
mine	19
master	19
looking	19
horse	19
hear	19
entered	19
carriage	19
become	19
became	19
alone	19
allowed	19
agony	19
|arabic2digit|	18
youth	18
towards	18
surprise	18
sent	18
scene	18
scarcely	18
sake	18
people	18
passed	18
led	18
known	18
glad	18
fuuarton	18
fortune	18
find	18
eagerly	18
darves	18
assured	18
^	18
?''	18
'^	18
yourself	17
try	17
tone	17
taken	17
subject	17
saying	17
reply	17
oxford	17
order	17
lips	17
letters	17
julia	17
help	17
forward	17
former	17
followed	17
fine	17
does	17
dead	17
days	17
cousin	17
better	17
almost	17
accompanied	17
wrote	16
words	16
whole	16
want	16
used	16
trust	16
tree	16
themselves	16
taking	16
sense	16
saved	16
promised	16
person	16
instantly	16
hands	16
evening	16
declared	16
dearest	16
cause	16
brought	16
.^"	16
)	16
written	15
window	15
true	15
together	15
sort	15
something	15
road	15
remembered	15
remain	15
o	15
looks	15
intended	15
handsome	15
grief	15
ferdinand	15
fell	15
drew	15
doubt	15
delighted	15
convinced	15
conduct	15
comfort	15
coach	15
change	15
certain	15
care	15
best	15
believed	15
beheld	15
avoid	15
appearance	15
anxiety	15
alas	15
veil	14
unhappy	14
things	14
soul	14
silence	14
receive	14
promise	14
power	14
meeting	14
meet	14
meanwhile	14
married	14
manners	14
ladies	14
kindness	14
interest	14
grateful	14
forced	14
emotion	14
disgrace	14
deep	14
conviction	14
consequence	14
college	14
bed	14
asked	14
ask	14
agitated	14
affectionate	14
accordingly	14
/	14
women	13
wishes	13
welcome	13
union	13
sweet	13
suddenly	13
society	13
silent	13
side	13
servant	13
rest	13
removed	13
probably	13
parent	13
others	13
opened	13
nature	13
native	13
months	13
money	13
living	13
lived	13
live	13
likely	13
less	13
leaving	13
least	13
idea	13
hours	13
hold	13
held	13
hearing	13
hatfield	13
gratitude	13
consciousness	13
blessing	13
bless	13
began	13
affections	13
^*	13
yours	12
use	12
talk	12
suffering	12
stood	12
spirits	12
sometimes	12
send	12
self	12
respect	12
relation	12
presence	12
pray	12
pity	12
pain	12
misery	12
meant	12
keep	12
insisted	12
immediately	12
hoped	12
health	12
giving	12
george	12
generous	12
garden	12
especially	12
equally	12
early	12
desire	12
danger	12
country	12
contrary	12
coming	12
circumstances	12
cheek	12
bosom	12
affected	12
account	12
wretched	11
whatever	11
stopped	11
state	11
sleep	11
short	11
seized	11
rose	11
risk	11
resolution	11
real	11
ran	11
proud	11
pride	11
point	11
pleased	11
period	11
past	11
passion	11
parting	11
observed	11
noble	11
neck	11
necessity	11
mournful	11
madam	11
lie	11
learned	11
latter	11
kindly	11
kept	11
hopes	11
further	11
four	11
forgotten	11
following	11
fever	11
everything	11
entirely	11
directly	11
difficulty	11
cousins	11
companion	11
circumstance	11
burst	11
broken	11
beautiful	11
bad	11
apartment	11
answered	11
alarm	11
air	11
acquaintance	11
accept	11
absence	11
.^	11
.'	11
wounded	10
wholly	10
usual	10
thank	10
tender	10
sunk	10
struck	10
strength	10
stay	10
spirit	10
southgate	10
regret	10
refused	10
raised	10
r	10
possession	10
please	10
persons	10
pay	10
ought	10
opinion	10
listened	10
light	10
laugh	10
late	10
hour	10
far	10
fancied	10
expression	10
dressed	10
dress	10
die	10
dare	10
consent	10
clothes	10
church	10
calcutta	10
business	10
between	10
benefactors	10
ashamed	10
appeared	10
allow	10
agitation	10
age	10
^'	10
year	9
word	9
within	9
wept	9
walk	9
uttered	9
trembling	9
thing	9
temper	9
tall	9
surely	9
stranger	9
stop	9
started	9
spend	9
situation	9
showed	9
seventeen	9
says	9
save	9
satisfaction	9
sad	9
relations	9
reason	9
park	9
opportunity	9
open	9
offered	9
obliged	9
obeyed	9
neither	9
neighbours	9
nay	9
motive	9
means	9
loss	9
lay	9
judgement	9
interview	9
high	9
heiress	9
heaven	9
hearts	9
hate	9
gratified	9
got	9
flowers	9
few	9
excuse	9
exclaiming	9
example	9
evident	9
escaped	9
enter	9
enjoyment	9
end	9
either	9
ear	9
dying	9
determined	9
declaring	9
dared	9
dance	9
considerable	9
closed	9
behind	9
begged	9
attention	9
anything	9
altered	9
aloud	9
younger	8
worthy	8
wives	8
wicked	8
wear	8
watch	8
walked	8
violent	8
view	8
vanished	8
unexpected	8
unable	8
twenty	8
trial	8
thinking	8
terrified	8
succeeded	8
story	8
steps	8
smile	8
shut	8
seizing	8
secret	8
seat	8
result	8
reproached	8
recollections	8
ready	8
re	8
quick	8
proof	8
pressed	8
preserved	8
presented	8
pleasant	8
personal	8
peace	8
party	8
objects	8
marry	8
loves	8
learn	8
land	8
kiss	8
invited	8
invalid	8
intention	8
increased	8
hat	8
get	8
gazed	8
fullartons	8
friendship	8
forgot	8
force	8
feared	8
favourite	8
favour	8
faltering	8
faint	8
experienced	8
evil	8
estates	8
english	8
engaged	8
elder	8
effect	8
education	8
difficult	8
destroyed	8
delight	8
darling	8
dark	8
dangerous	8
course	8
continued	8
constant	8
concerning	8
choose	8
charms	8
ceased	8
carried	8
carpenter	8
besides	8
assistance	8
arrival	8
america	8
along	8
advantage	8
admiration	8
action	8
accompany	8
above	8
weakness	7
visited	7
virtuous	7
vault	7
uneasy	7
trying	7
tribute	7
terror	7
tenderness	7
tenderly	7
tale	7
t	7
suppose	7
suffered	7
struggle	7
strangers	7
sorry	7
smiled	7
sit	7
severe	7
sensible	7
seem	7
second	7
school	7
satisfied	7
sat	7
roof	7
returning	7
residence	7
refuse	7
recover	7
recollection	7
receiving	7
property	7
procession	7
pretty	7
prepared	7
precious	7
otherwise	7
notice	7
nephew	7
neighbourhood	7
need	7
mothers	7
monument	7
minutes	7
mercy	7
memory	7
matter	7
mamma	7
lives	7
listen	7
lest	7
le	7
large	7
language	7
lad	7
kissed	7
join	7
jealousy	7
itself	7
instead	7
influence	7
improvement	7
horrible	7
honourable	7
heir	7
hastily	7
half	7
grave	7
general	7
future	7
flattering	7
five	7
fanny	7
fancy	7
except	7
evidently	7
escape	7
error	7
endure	7
earth	7
earnestly	7
drive	7
doors	7
disposed	7
disappointed	7
different	7
despair	7
dearer	7
consider	7
company	7
close	7
charm	7
character	7
chance	7
chamber	7
chair	7
case	7
book	7
body	7
benevolence	7
beginning	7
ball	7
aye	7
army	7
approved	7
approached	7
agonising	7
acquired	7
abroad	7
"^	7
wondering	6
witness	6
widow	6
wealth	6
weak	6
wait	6
vous	6
victim	6
ventured	6
vainly	6
utter	6
unworthy	6
unconscious	6
turning	6
tomorrow	6
tis	6
suspected	6
suspect	6
surprised	6
supposed	6
superior	6
sorrows	6
sooner	6
sons	6
slowly	6
six	6
sitting	6
sighed	6
show	6
ship	6
schoolmaster	6
safe	6
ruffian	6
rise	6
restored	6
resist	6
required	6
reproach	6
repeated	6
rejoiced	6
recollected	6
recognised	6
reading	6
question	6
proper	6
prize	6
private	6
prepare	6
possessed	6
pledged	6
pleasing	6
play	6
permission	6
passing	6
papa	6
overcome	6
ourselves	6
offer	6
occasion	6
obey	6
note	6
northeast	6
none	6
nearly	6
natural	6
narrative	6
mournfully	6
moral	6
miserable	6
metropolis	6
merely	6
makes	6
lovers	6
lead	6
joined	6
intercourse	6
inquire	6
inn	6
informed	6
indulge	6
illness	6
hung	6
hither	6
heroism	6
height	6
hastened	6
happiest	6
happened	6
h	6
grew	6
grandfather	6
glass	6
glance	6
gentlemen	6
gaze	6
gate	6
fully	6
founded	6
form	6
foolish	6
fond	6
finding	6
fears	6
f	6
expectations	6
expect	6
existence	6
errors	6
equal	6
ensued	6
endeared	6
emotions	6
ears	6
earnest	6
drove	6
dreaded	6
distress	6
distance	6
discovery	6
discovered	6
discover	6
descended	6
deny	6
delicacy	6
degree	6
deeply	6
cottage	6
constancy	6
consequently	6
conquered	6
cold	6
clasped	6
charge	6
changed	6
certainty	6
carry	6
can't	6
breakfast	6
blessed	6
bitter	6
birth	6
beneath	6
behold	6
awaited	6
assure	6
assurance	6
around	6
appear	6
ah	6
address	6
add	6
act	6
worn	5
wondered	5
woman*s	5
willing	5
weeks	5
weather	5
war	5
wanted	5
walking	5
waking	5
virtues	5
virtue	5
vent	5
vas	5
vacation	5
urged	5
unless	5
ugly	5
turn	5
trembled	5
travellers	5
throw	5
thoughts	5
theirs	5
terrible	5
tenderest	5
telling	5
talked	5
talents	5
table	5
supper	5
suit	5
sufficient	5
strong	5
stand	5
spent	5
speaking	5
spare	5
sound	5
sofa	5
smiling	5
single	5
simplicity	5
simple	5
sigh	5
sides	5
shed	5
share	5
several	5
settled	5
scotland	5
safety	5
roused	5
robber	5
rested	5
respectfully	5
related	5
regretted	5
regard	5
rapid	5
quit	5
quickness	5
purpose	5
procured	5
procure	5
principle	5
prevent	5
prevail	5
prayer	5
praise	5
postillion	5
plan	5
pistol	5
pillow	5
philosopher	5
perish	5
paternal	5
pass	5
particularly	5
pale	5
painfully	5
p	5
owing	5
opening	5
observation	5
noise	5
neglect	5
mortified	5
mistress	5
mistaken	5
marrying	5
making	5
mademoiselle	5
loving	5
limbs	5
liked	5
liberty	5
law	5
laughing	5
laid	5
knowing	5
knee	5
jours	5
journey	5
james	5
information	5
indulgence	5
indignation	5
increase	5
image	5
hurt	5
horses	5
holding	5
hitherto	5
highly	5
hid	5
hair	5
habits	5
guest	5
guard	5
grasp	5
gang	5
gain	5
funeral	5
fortunate	5
forth	5
foot	5
follow	5
flutter	5
fled	5
fixed	5
fit	5
filial	5
feet	5
fatigue	5
farewell	5
fallen	5
fall	5
expressed	5
expose	5
exhibited	5
exhausted	5
exciseman	5
excessively	5
excessive	5
esteem	5
entering	5
enjoy	5
endured	5
embrace	5
easily	5
dread	5
disobedience	5
dictates	5
devoted	5
deserved	5
deserve	5
derived	5
departure	5
dejection	5
decision	5
dangers	5
cry	5
cross	5
count	5
consideration	5
consented	5
conscience	5
confined	5
conclude	5
completely	5
complete	5
companions	5
committed	5
colonel	5
coldly	5
clasping	5
claims	5
cheeks	5
calling	5
buy	5
brothers	5
brilliancy	5
breath	5
break	5
bottom	5
bore	5
blushing	5
blushes	5
blow	5
blind	5
benson	5
benefactor	5
battle	5
arrive	5
armed	5
approve	5
approach	5
apparel	5
anywhere	5
animated	5
angry	5
amongst	5
amiable	5
american	5
already	5
adored	5
admired	5
accustomed	5
according	5
accepted	5
.?"	5
|arabic4digit|	4
yesterday	4
writing	4
wretchedness	4
work	4
wildly	4
whisper	4
wherever	4
whenever	4
welcomed	4
weeping	4
week	4
wall	4
vows	4
violence	4
vanity	4
value	4
uppermost	4
united	4
uneasiness	4
understand	4
tied	4
tidings	4
throwing	4
thirty	4
thankful	4
thanked	4
ten	4
temptation	4
teach	4
taught	4
talking	4
talent	4
sympathy	4
suspicions	4
suspicion	4
surveyed	4
superiority	4
sunday	4
sullen	4
sufficiently	4
sudden	4
success	4
strongest	4
strife	4
spot	4
spoiled	4
speech	4
source	4
soothing	4
soothed	4
small	4
sighing	4
shrunk	4
shown	4
shook	4
separation	4
sentiments	4
search	4
screamed	4
scenes	4
salter	4
rushed	4
run	4
rope	4
rode	4
rising	4
rich	4
reward	4
resume	4
restore	4
resided	4
rendered	4
remains	4
reluctantly	4
relieved	4
ray	4
rapidly	4
quiet	4
purchased	4
proofs	4
proceed	4
prevented	4
preserver	4
presents	4
preferred	4
powerful	4
pour	4
pleasures	4
plead	4
plans	4
petted	4
persisted	4
persevered	4
performed	4
perfect	4
pause	4
patient	4
pas	4
particulars	4
pardon	4
paper	4
paid	4
ou	4
openly	4
ones	4
oi	4
october	4
occasioned	4
obtained	4
obligation	4
objections	4
nobleman	4
nights	4
necessary	4
nearest	4
mourning	4
mounted	4
mount	4
mortal	4
moi	4
mixed	4
mistake	4
mingled	4
merit	4
mentioned	4
measure	4
mark	4
manvers	4
major	4
maid	4
m	4
lower	4
low	4
lover	4
lose	4
lifted	4
les	4
leaning	4
leaned	4
leaf	4
killed	4
justice	4
judged	4
judge	4
io	4
invitation	4
introduction	4
interrupted	4
interesting	4
insensible	4
inquired	4
inflicted	4
industry	4
indignant	4
indentures	4
increasing	4
inclined	4
impossible	4
idol	4
idle	4
ideas	4
husbands	4
hurried	4
human	4
hire	4
hide	4
hesitate	4
hasten	4
grown	4
ground	4
green	4
greatest	4
greater	4
goodness	4
glowing	4
gladly	4
gained	4
fruitless	4
fresh	4
frequently	4
frequent	4
forgiveness	4
forgiven	4
forgive	4
foreign	4
forehead	4
forcibly	4
footman	4
fool	4
fondly	4
follows	4
firm	4
fired	4
finished	4
figure	4
features	4
favourable	4
fathers	4
fainted	4
failed	4
external	4
expressive	4
exposed	4
expense	4
exactly	4
ex	4
events	4
event	4
estimation	4
essay	4
entreated	4
ended	4
enabled	4
emma	4
else	4
elegant	4
eight	4
easy	4
eager	4
e	4
dwell	4
dull	4
drop	4
drawing	4
draw	4
downstairs	4
don't	4
doing	4
distinguished	4
distinguish	4
dislike	4
disgraceful	4
disappeared	4
disagreeable	4
dinner	4
dignity	4
devotion	4
details	4
desiring	4
describe	4
depended	4
delayed	4
delay	4
dejected	4
declining	4
declare	4
deadly	4
damp	4
curses	4
cruelty	4
cruel	4
crime	4
creature	4
convince	4
conveyed	4
contents	4
considering	4
considerably	4
conquer	4
conjured	4
confession	4
conceal	4
con	4
composed	4
compliance	4
commission	4
command	4
comfortable	4
clouded	4
christmas	4
childhood	4
chase	4
charles	4
caught	4
castle	4
capable	4
cap	4
candle	4
broke	4
bring	4
bowed	4
bound	4
born	4
blood	4
blank	4
black	4
beside	4
bent	4
begin	4
bedside	4
becoming	4
averse	4
aught	4
attend	4
assisted	4
asking	4
approaching	4
appreciate	4
appeal	4
amusing	4
altar	4
almighty	4
alive	4
aid	4
adopted	4
adding	4
across	4
accident	4
^^	4
),	4
youthful	3
yielded	3
writership	3
wretch	3
worth	3
woe	3
withheld	3
wishing	3
wise	3
windows	3
wild	3
whispered	3
westmoreland	3
weakened	3
ways	3
watching	3
watched	3
warning	3
warm	3
w	3
vv^as	3
voices	3
vinegar	3
variety	3
usually	3
urge	3
unusual	3
unsuspected	3
unnecessary	3
unmoved	3
unkindness	3
unjust	3
ungovernable	3
ungenerous	3
understood	3
undergone	3
unconsciously	3
uncertain	3
un	3
trouble	3
triumph	3
treated	3
treat	3
travel	3
town	3
towered	3
toward	3
tous	3
tongue	3
tones	3
today	3
tliat	3
thunder	3
thrown	3
throat	3
thoughtless	3
thither	3
third	3
thinks	3
thin	3
thick	3
thanks	3
thankfully	3
th	3
tendered	3
tear	3
taste	3
suspense	3
survivors	3
surprising	3
supported	3
support	3
supplication	3
sunshine	3
sun	3
summons	3
summoned	3
sum	3
sufferings	3
suffer	3
succeed	3
submit	3
subjects	3
stupid	3
struggling	3
struggled	3
strongly	3
strict	3
strange	3
stooped	3
stimulated	3
step	3
stature	3
startled	3
standing	3
stage	3
spoken	3
speed	3
speechless	3
speculations	3
sole	3
softened	3
sobs	3
sobbed	3
smallpox	3
slow	3
size	3
sixteen	3
sing	3
silenced	3
signs	3
sign	3
sickness	3
sick	3
showing	3
shoulder	3
shot	3
shore	3
shocked	3
shield	3
shawl	3
seven	3
serve	3
sermon	3
sensibility	3
senses	3
self-possession	3
self-love	3
seeming	3
secretly	3
season	3
scream	3
satisfy	3
salutary	3
saint	3
sailors	3
rushing	3
rung	3
rooms	3
robbers	3
rights	3
reverie	3
retired	3
resumed	3
respected	3
resigned	3
residents	3
resembling	3
resembled	3
requested	3
reproved	3
reproaches	3
reports	3
replaced	3
repeatedly	3
renewed	3
remove	3
reminded	3
remembrance	3
remarked	3
remaining	3
relief	3
regrets	3
refusal	3
refreshing	3
red	3
recommended	3
recollect	3
recognise	3
recall	3
rational	3
quivering	3
quitted	3
questions	3
pupil	3
punish	3
provoked	3
provided	3
prove	3
prosperity	3
prospects	3
proposition	3
pronounced	3
promote	3
progress	3
proceeded	3
previously	3
prevailed	3
pressure	3
prefer	3
precaution	3
praises	3
powers	3
post	3
port	3
polish	3
pleaded	3
playfellow	3
plain	3
pitied	3
pique	3
philosophe	3
peut	3
pettishly	3
permitted	3
perceived	3
partiality	3
parted	3
parental	3
pang	3
pains	3
owned	3
overpowered	3
orphans	3
originally	3
orders	3
oculist	3
occupied	3
occasions	3
obtain	3
observe	3
obscurity	3
o'clock	3
nurse	3
north	3
nelson	3
namely	3
mountgeorge	3
mortification	3
monitor	3
moments	3
modest	3
minds	3
methinks	3
mere	3
merciful	3
mental	3
melancholy	3
masters	3
manly	3
maintain	3
lying	3
lovely	3
lodging	3
liverpool	3
lip	3
linger	3
lime	3
liis	3
lighted	3
learning	3
lately	3
la	3
konald	3
knows	3
knees	3
kindest	3
kill	3
key	3
keeping	3
k	3
j	3
isle	3
involuntary	3
introduced	3
introduce	3
intentions	3
instant	3
inspire	3
insist	3
inscription	3
inquiries	3
injudicious	3
inherited	3
influenced	3
individual	3
indisposition	3
indifference	3
inches	3
imputed	3
impunity	3
impulse	3
improved	3
impressed	3
impatient	3
immoral	3
imagination	3
il	3
ignorant	3
hysterical	3
humour	3
humble	3
horace	3
hopeless	3
honours	3
honoured	3
holidays	3
history	3
hired	3
hiding	3
hers	3
hero	3
hence	3
helplessness	3
heavens	3
heartily	3
harriet	3
harm	3
hard	3
handsomer	3
hall	3
greatly	3
gravely	3
gratifying	3
grasping	3
grant	3
gradually	3
governess	3
gotten	3
goes	3
gift	3
gently	3
generosity	3
gazing	3
gay	3
furniture	3
fullness	3
frenzy	3
french	3
frame	3
fought	3
formed	3
forgetting	3
foolishly	3
folly	3
folded	3
flowed	3
flew	3
fitted	3
firmness	3
firmly	3
finest	3
field	3
fervent	3
fellow	3
fast	3
fashion	3
fascinating	3
false	3
faithful	3
fair	3
extent	3
extended	3
expressing	3
express	3
exclamations	3
excess	3
excellent	3
exact	3
erected	3
entreaties	3
entrance	3
entire	3
enthusiasm	3
entertained	3
enjoyed	3
engagement	3
engage	3
energy	3
ends	3
encouraged	3
enclosed	3
en	3
emphasis	3
eloquent	3
eleven	3
eldest	3
effort	3
effaced	3
earliest	3
dutiful	3
dropped	3
driven	3
dream	3
dreadful	3
domestic	3
dites	3
distressing	3
distressed	3
distant	3
dissipation	3
disposition	3
displeased	3
displayed	3
disappointment	3
directed	3
dine	3
difference	3
detail	3
desperate	3
despaired	3
deprived	3
departed	3
demanded	3
deliver	3
delirium	3
delicate	3
defiance	3
daughters	3
daring	3
daily	3
d	3
curiosity	3
cup	3
crying	3
crimes	3
cries	3
couple	3
cottagers	3
corpse	3
convulsively	3
continually	3
contained	3
considered	3
connected	3
confused	3
confirmed	3
confidence	3
concern	3
conceive	3
complaints	3
common	3
commands	3
comes	3
coat	3
clouds	3
cloud	3
climate	3
clergyman	3
civic	3
chose	3
choice	3
chiefly	3
checked	3
characters	3
chairs	3
ce	3
brow	3
bride	3
breast	3
breaking	3
brain	3
bowing	3
bounty	3
bounded	3
bodies	3
boat	3
blindness	3
blessings	3
bled	3
bitterness	3
bid	3
beyond	3
bespoke	3
bereaved	3
benevolent	3
begun	3
beg	3
bank	3
bade	3
b	3
awful	3
awe	3
authorised	3
attribute	3
attendance	3
attempted	3
attempt	3
attached	3
associated	3
assailant	3
asleep	3
ardent	3
appointed	3
apologies	3
anxiously	3
anguish	3
angrily	3
angel	3
amused	3
alteration	3
alarmed	3
ail	3
agonies	3
afterwards	3
afternoon	3
afforded	3
affliction	3
afflicted	3
affectionately	3
affecting	3
advice	3
advantages	3
advanced	3
admitted	3
admit	3
addressing	3
addresses	3
actions	3
acted	3
accounts	3
accompanying	3
absent	3
-	3
'''	3
!'	3
•*	2
•'	2
•	2
youths	2
yearned	2
wrung	2
wrong	2
writer	2
worse	2
works	2
working	2
won	2
womanly	2
wo	2
wliich	2
witnessing	2
witnesses	2
witnessed	2
withdraw	2
wisely	2
wipe	2
winter	2
wight	2
wide	2
wherefore	2
weighed	2
weep	2
wedding	2
wedded	2
wearing	2
wearied	2
weapon	2
waves	2
water	2
watchful	2
warmly	2
wants	2
vvas	2
vivacity	2
visits	2
vindictive	2
villain	2
villa	2
vexation	2
ves	2
vere	2
vented	2
vapours	2
vanish	2
utterly	2
uttering	2
utmost	2
upper	2
unwell	2
unsupported	2
unseen	2
unsanctioned	2
unsafe	2
unrestrained	2
unpromising	2
unnatural	2
unmixed	2
unkind	2
university	2
uninjured	2
unfortunate	2
unfavourable	2
unfaithful	2
unexpectedly	2
undertake	2
und	2
unconcerned	2
uncomfortable	2
unattended	2
ugliness	2
tyrant	2
twice	2
turns	2
trumpery	2
truly	2
troublesome	2
trials	2
treasured	2
transport	2
trade	2
traces	2
touching	2
tossed	2
top	2
tonne	2
token	2
tiny	2
ties	2
tide	2
thy	2
thistle	2
thfi	2
term	2
ter	2
tendency	2
tended	2
temptations	2
tempt	2
temperance	2
telltale	2
tells	2
tearful	2
teaching	2
tea	2
task	2
taller	2
tales	2
ta	2
symptom	2
sympathised	2
sympathies	2
swiss	2
sweetness	2
suspended	2
susceptible	2
surry	2
surrounding	2
surrounded	2
surly	2
supply	2
suits	2
suffice	2
sufferer	2
successfully	2
successful	2
succeeding	2
subterfuge	2
subsequent	2
stronger	2
stroke	2
striking	2
streets	2
stream	2
stories	2
stone	2
stole	2
sternly	2
steady	2
steadily	2
stated	2
starting	2
standers	2
stairs	2
stability	2
sprung	2
springs	2
springing	2
splendid	2
spire	2
sparkling	2
sounds	2
souls	2
sont	2
solemnly	2
solemn	2
sobbing	2
snatched	2
smart	2
slumbers	2
slumber	2
slightest	2
slie	2
slept	2
sleeping	2
skill	2
situated	2
singleness	2
sincerity	2
sincerest	2
similar	2
silver	2
silly	2
signal	2
sh€	2
shuddering	2
shuddered	2
shrill	2
shriek	2
showy	2
shouts	2
shoe	2
sharing	2
sharer	2
shape	2
shame	2
shaken	2
shake	2
sex	2
severity	2
severely	2
served	2
separated	2
separate	2
sentimental	2
sentence	2
sensation	2
sending	2
seems	2
seeking	2
security	2
seating	2
seated	2
seal	2
sea	2
scotch	2
schoolroom	2
scholar	2
savages	2
running	2
rules	2
romantic	2
rod	2
robert	2
ringlets	2
ringing	2
ridiculous	2
rider	2
ride	2
reunited	2
returns	2
restrained	2
restrain	2
restlessness	2
respectful	2
respectable	2
resolving	2
resolutions	2
resign	2
reserved	2
resentment	2
requires	2
request	2
reproving	2
reproof	2
representatives	2
repine	2
repented	2
repay	2
repaired	2
renewal	2
remitted	2
remittances	2
remind	2
remark	2
reluctance	2
relish	2
relatives	2
relate	2
rejoice	2
regulated	2
regular	2
regarded	2
refuge	2
rectory	2
rector	2
recovery	2
recovering	2
recommendation	2
recollecting	2
reclined	2
recent	2
recalled	2
reasons	2
rear	2
readiness	2
reach	2
rayless	2
rarely	2
raise	2
quon	2
qui	2
queje	2
que	2
putting	2
pushing	2
pursuit	2
pursue	2
purposely	2
punishment	2
punished	2
pulling	2
pulled	2
public	2
ptonald	2
provoking	2
provoke	2
provide	2
proverb	2
proudest	2
protest	2
protection	2
prose	2
proposals	2
projected	2
progenitors	2
profit	2
professions	2
professed	2
production	2
procuring	2
probable	2
pro	2
privation	2
prisoner	2
principles	2
prey	2
presume	2
preserve	2
prejudice	2
preference	2
preeminent	2
precocity	2
precepts	2
pre	2
practice	2
pourroit	2
possessor	2
positively	2
portion	2
poplars	2
poorer	2
pompous	2
pocket	2
pleading	2
plague	2
placed	2
piqued	2
pious	2
piety	2
physic	2
pettish	2
pet	2
perturbation	2
persuade	2
perpetual	2
perform	2
perceive	2
penitent	2
peer	2
pecuniary	2
peculiar	2
paused	2
patiently	2
pathetic	2
passionately	2
passengers	2
particular	2
parcel	2
paleness	2
paint	2
pained	2
owe	2
overwhelming	2
overwhelmed	2
overtaken	2
overheard	2
ours	2
ordered	2
opulence	2
oppressive	2
opposition	2
opportunities	2
opinions	2
operation	2
offices	2
officers	2
offers	2
offering	2
offence	2
oddness	2
ocean	2
occasional	2
obstinacy	2
obstacles	2
observing	2
ob	2
oaths	2
oath	2
nursery	2
nose	2
nine	2
nie	2
nervous	2
nerves	2
nephews	2
neighbouring	2
nearer	2
naturedly	2
mutual	2
music	2
moved	2
motives	2
motioned	2
mortifying	2
morals	2
moon	2
month	2
model	2
mistook	2
missed	2
misgivings	2
mischief	2
minute	2
minister	2
milk	2
miles	2
mile	2
mi	2
methodist	2
merry	2
mercifully	2
mention	2
ment	2
meekly	2
meditating	2
medicine	2
measures	2
meaning	2
matters	2
marks	2
marble	2
malignant	2
mais	2
maintained	2
magdalen	2
ma	2
luckily	2
loveliness	2
loud	2
losing	2
longed	2
lombardy	2
lodgings	2
liow	2
linen	2
line	2
likes	2
likeness	2
liim	2
lightly	2
lier	2
lexington	2
lesson	2
legacy	2
leaves	2
lean	2
leading	2
laurel	2
laughter	2
laugher	2
latin	2
lartons	2
lap	2
lane	2
landlady	2
landed	2
lamenting	2
lamentations	2
lamentation	2
lame	2
lain	2
knowledge	2
knit	2
kissing	2
king	2
justly	2
june	2
jug	2
joke	2
jmd	2
je	2
ive	2
island	2
irritated	2
irresistible	2
involuntarily	2
invitations	2
interred	2
interpretation	2
interests	2
intelligence	2
intellectual	2
intellect	2
instructions	2
instance	2
insensibility	2
inquiring	2
injury	2
injuries	2
injured	2
ing	2
informing	2
inform	2
infamous	2
indulged	2
induce	2
indifferent	2
independently	2
indelicate	2
inclinations	2
inarticulate	2
impression	2
impertinence	2
impatience	2
imparted	2
impart	2
ill-treated	2
ignorance	2
hypochondriacal	2
hre	2
hot	2
horror	2
horribly	2
hindoo	2
hill	2
hideous	2
heroic	2
hedge	2
heavy	2
heavily	2
hearted	2
headache	2
hated	2
hastening	2
harshly	2
hardships	2
hardship	2
happen	2
handsomest	2
handkerchief	2
habit	2
guilty	2
guilt	2
guests	2
graves	2
gratefully	2
grasped	2
grandmother	2
graces	2
gown	2
goodbye	2
glow	2
glossy	2
glory	2
gloomy	2
gloom	2
glittering	2
glistening	2
glimpse	2
gentleness	2
generation	2
gates	2
gardens	2
galloped	2
gaiety	2
g	2
fury	2
furnished	2
fun	2
fulfilment	2
frost	2
front	2
frightened	2
friendly	2
fretted	2
frequented	2
france	2
fourth	2
foundation	2
fortunes	2
forsake	2
foresaw	2
forbidding	2
forbearance	2
fools	2
folks	2
folding	2
foil	2
flattery	2
flatterer	2
finally	2
filling	2
fifteen	2
fierce	2
fiend	2
fervour	2
female	2
fellow-creatures	2
fellow-creature	2
felicity	2
february	2
favourably	2
faulty	2
fate	2
families	2
familiarity	2
fame	2
faltered	2
falls	2
falling	2
fainting	2
fain	2
fail	2
fact	2
eyed	2
exulting	2
extreme	2
expostulations	2
explicit	2
explained	2
explain	2
experience	2
expects	2
expecting	2
expectation	2
exist	2
exhibit	2
exhaust	2
exertion	2
execrations	2
exclamation	2
excite	2
exchanged	2
excellence	2
examined	2
exaggeration	2
exaggerated	2
evidence	2
evenings	2
eternal	2
et	2
established	2
est	2
equality	2
envious	2
envelope	2
enthusiastic	2
entertain	2
engaging	2
enfield	2
ending	2
endear	2
empty	2
employed	2
embraced	2
embarrassment	2
embarked	2
eloquence	2
edinburgh	2
ed	2
eat	2
ease	2
earl	2
eagerness	2
due	2
dry	2
drawn	2
drawing-room	2
drawbacks	2
drawback	2
dragged	2
dozen	2
downcast	2
douglases	2
doubted	2
doted	2
doom	2
disturb	2
distinctly	2
disregarded	2
display	2
discuss	2
discovering	2
disclose	2
disappointments	2
diminished	2
dignified	2
difficulties	2
differently	2
devilish	2
detection	2
destruction	2
desolation	2
desisted	2
desirous	2
designed	2
describing	2
des	2
derive	2
depressed	2
denying	2
denied	2
demand	2
delightful	2
degradation	2
defended	2
deeds	2
declined	2
declaration	2
deceived	2
debts	2
dawn	2
daugh	2
dancing	2
damped	2
cut	2
curtain	2
curious	2
culprit	2
cruelly	2
crisis	2
cravat	2
crape	2
cowl	2
courage	2
counteracted	2
cottager	2
correspondent	2
cornwall	2
corner	2
cordially	2
coquetry	2
coolly	2
converted	2
converse	2
contributed	2
contradicted	2
contest	2
contending	2
containing	2
consult	2
consternation	2
constantly	2
constables	2
console	2
consolation	2
consistent	2
consigned	2
consequent	2
conjugal	2
congratulated	2
confusion	2
confounded	2
confine	2
confidential	2
confess	2
conference	2
concerned	2
conceived	2
concealment	2
concealed	2
compliments	2
compliment	2
complexion	2
complaint	2
complacency	2
competitor	2
comparison	2
communicated	2
commanded	2
comforted	2
colour	2
cloth	2
clock	2
clara	2
civilly	2
city	2
christian	2
chin	2
chimney	2
chilled	2
chief	2
cheerful	2
charmed	2
charges	2
chapel	2
changing	2
chances	2
cf	2
ceremony	2
cease	2
catching	2
cast-off	2
carrying	2
caresses	2
card	2
captious	2
candles	2
cambridge	2
calm	2
calls	2
busy	2
busied	2
brutal	2
brows	2
british	2
britain	2
bringing	2
brilliant	2
brightness	2
breathed	2
breathe	2
breach	2
boys	2
box	2
bourgogne	2
borders	2
boisterous	2
board	2
blushed	2
blooming	2
bloody	2
blinded	2
bleeding	2
blear	2
blame	2
beware	2
betrothed	2
bestowed	2
bestow	2
bequeathed	2
benefit	2
below	2
believes	2
belief	2
beings	2
beckoned	2
beaming	2
beamed	2
balm	2
balls	2
backward	2
awoke	2
awkwardness	2
aware	2
awaits	2
avoided	2
aversion	2
augured	2
auditors	2
attributed	2
attractions	2
attracted	2
attentions	2
attends	2
attended	2
attendants	2
attacked	2
attack	2
atone	2
assuring	2
assumed	2
associates	2
associate	2
assist	2
assertion	2
assembled	2
ascertain	2
ascended	2
array	2
argument	2
archness	2
apron	2
approbation	2
applied	2
application	2
appearing	2
apparently	2
appalled	2
anticipation	2
anticipated	2
antagonist	2
annihilate	2
animal	2
ancient	2
ancestors	2
amuse	2
amendment	2
amended	2
amend	2
amen	2
alter	2
aloof	2
alarming	2
aimed	2
agreed	2
afraid	2
affront	2
afflictions	2
afflicting	2
affect	2
advocate	2
adopt	2
admittance	2
admirers	2
admirable	2
addressed	2
additional	2
acquirements	2
acquainted	2
accused	2
accomplishments	2
accomplished	2
accomplices	2
acceptance	2
accents	2
accent	2
ac	2
absolutely	2
abode	2
abated	2
]	2
\	2
?'*	2
?'	2
/,	2
.'*"	2
.''	2
.'"	2
-"	2
'"	2
"'	2
■^	1
■	1
€x	1
•^*	1
•:	1
»/ith	1
»	1
«*	1
«	1
},	1
}	1
|arabicprice|	1
|)egt	1
zo	1
yozc	1
yoz^	1
yourself^that	1
youngest	1
youj	1
yoti	1
yore	1
yoong	1
yon	1
yom	1
yoii	1
yoa	1
yo/	1
ymirs^	1
yield	1
yesj	1
yellow	1
yearning	1
yearly	1
ycu	1
ycmkies	1
yards	1
yankies	1
yankey	1
y	1
xvas	1
xove	1
xjan	1
xipon	1
xhedmiger	1
xeturn	1
x^^oyox	1
wtien	1
wrought	1
wrongs	1
writers	1
wring	1
wretches	1
wrenched	1
wreath	1
wrapping	1
wrapped	1
woxman	1
wounds	1
worship	1
worldly	1
worked	1
wore	1
woo	1
womanv	1
woman^s	1
womaj^	1
womai^	1
woma>i	1
wom	1
wold	1
woke	1
woimans	1
wo^fan	1
wlio	1
wky	1
wjards	1
wits	1
withstand	1
withhold	1
withdrew	1
witan	1
wit	1
wiser	1
wisdom	1
wiped	1
wings	1
wine	1
winds	1
wind	1
willow	1
william	1
wig	1
widowed	1
wi	1
whizzed	1
whither	1
whith	1
white	1
whistle	1
whisperings	1
whispering	1
whioh	1
whien	1
whidow	1
whicii	1
whereas	1
whence	1
wheii	1
whdx	1
whdit	1
westminster	1
well-known	1
well-being	1
welfare	1
weights	1
weight	1
weigh	1
weakly	1
waylaying	1
watchman	1
wasteful	1
warwickshire	1
warmhearted	1
warmed	1
warehouses	1
wardrobe	1
wanting	1
wanness	1
wandered	1
wan	1
waltzes	1
wake	1
waiters	1
waiter	1
waited	1
wa	1
w?s	1
w0ma>^	1
vvorth	1
vvoman'ji	1
vvom	1
vve	1
vv^ith	1
vv^ho	1
vv^hence	1
vv^hen	1
vv^ent	1
vv'hat	1
vulgar	1
vsneasy	1
vowed	1
voulez	1
voudrais	1
vou	1
votre	1
volume	1
volatile	1
voire	1
voiis	1
void	1
vocate	1
vividly	1
vit	1
visitors	1
visiting	1
visiters	1
visitants	1
visibly	1
visible	1
vis	1
vir	1
viper	1
violently	1
violated	1
vindicated	1
villainy	1
vihit	1
vigour	1
views	1
viewing	1
vie	1
victory	1
victorious	1
victims	1
vicious	1
vibrated	1
vi^ishes	1
veyed	1
vexes	1
vexed	1
veut	1
vestige	1
vested	1
vessels	1
veryrehgious	1
verbally	1
venus	1
venturing	1
venture	1
vengeance	1
vehemence	1
ved	1
vassent	1
various	1
varied	1
vankies	1
values	1
valueless	1
valour	1
valley	1
vale	1
vagabond	1
va	1
v/oidd	1
utote	1
utitten	1
ut	1
ustened	1
uses	1
usefulness	1
upy	1
upstairs	1
upright	1
upbraidings	1
uot	1
unworthiness	1
unwilling	1
unwelcome	1
unutterable	1
unusually	1
untouched	1
untold	1
untimely	1
untaught	1
unsup	1
unstimulated	1
unsteady	1
unspotted	1
unsoothed	1
unrestraint	1
unprohibited	1
unpleasant	1
unpermitted	1
unpacked	1
unnoxious	1
unnoticed	1
unmeaning	1
unmarried	1
unmanly	1
unlike	1
unlessi	1
universities	1
universally	1
unison	1
uninteresting	1
uninhabited	1
uninfluenced	1
unhappi	1
unhallowed	1
ungrateful	1
ungainly	1
unfrizzed	1
unfortunately	1
unfit	1
unfelt	1
unexceptionable	1
unembarrassed	1
undoubtedly	1
undoubted	1
undisturbed	1
undiscriminating	1
undiminished	1
undetermined	1
underwent	1
undervalue	1
undertakings	1
understanding	1
underrating	1
undergo	1
uncovered	1
uncontroulahle	1
uncontammated	1
unconsoled	1
unconsious	1
unconnected	1
uncon	1
uncommon	1
unclose	1
uncivilly	1
uncivil	1
uncheered	1
unbought	1
unbind	1
unbenevolent	1
unbending	1
unbarring	1
unavailing	1
unauthorised	1
unasked	1
unarmed	1
unappeased	1
unamiable	1
unaltered	1
unaffected	1
unaccustomed	1
ultimately	1
uiiinterrupted	1
ues	1
uberties	1
u^as	1
u	1
twily	1
twilight	1
twelvemonth	1
twelve	1
tvoo	1
tvas	1
tv/iite	1
tutor	1
turedly	1
tuous	1
tulation	1
tuid	1
trusted	1
troubling	1
troubles	1
troubled	1
triumphant	1
trim	1
trick	1
tribunal	1
tremtling	1
tremely	1
trees	1
treasure	1
tread	1
trcise	1
travelling	1
travelled	1
transports	1
transacting	1
transact	1
trammels	1
trait	1
train	1
tracing	1
toy	1
tout	1
tour	1
touch	1
tottering	1
torn	1
tormented	1
torment	1
tore	1
torches	1
tooy	1
tonight	1
tome	1
tomb	1
tokens	1
tode	1
tnan	1
tmth	1
tmita	1
tlreir	1
tliusiasm	1
tli^ir	1
tlernan	1
tivo	1
titude	1
title	1
tiss	1
tisfied	1
tired	1
tip	1
tional	1
tion	1
tio?i	1
tio	1
tind	1
timidity	1
timed	1
tie	1
thwarted	1
thunderstruck	1
throughout	1
thronged	1
thrilled	1
threats	1
threatened	1
threadbare	1
thoughtful	1
thou	1
thotight	1
thoroughly	1
thorns	1
thirteen	1
theydo	1
thereforeyou	1
theology	1
thence	1
themr	1
theme	1
thefullartons	1
thearizer	1
thatp	1
thankless	1
text	1
tew	1
tetes	1
terriiied	1
terribly	1
terms	1
terminated	1
tent	1
tenement	1
tendencies	1
tend	1
tenant	1
tempted	1
temple	1
tempered	1
temarks	1
telhng	1
teg	1
teeth	1
teai	1
taylor	1
tars	1
taper	1
tant	1
takes	1
tak	1
tage	1
tact	1
tablet	1
t^nture	1
system	1
symptoms	1
sympathising	1
symmetry	1
sworn	1
swoon	1
switzerland	1
swift	1
swelling	1
swelled	1
swallows	1
swallowing	1
swallowed	1
sut	1
sustain	1
suspicious	1
suspecting	1
sus	1
survivor	1
survived	1
survive	1
surrendered	1
surrender	1
surprisingly	1
surliest	1
surer	1
sured	1
suppressed	1
supporters	1
supplied	1
supplicating	1
supplicated	1
supplanted	1
supeiiority	1
sup	1
sunbeams	1
summer	1
sume	1
sullenness	1
sulky	1
sulkiness	1
suitor	1
suifocated	1
suie	1
suggestions	1
suffocated	1
sufferers	1
suck	1
successwould	1
successively	1
succession	1
subsiding	1
subsided	1
subside	1
subscribed	1
submitting	1
submitted	1
submission	1
subduing	1
subdued	1
stupidity	1
stunned	1
studying	1
study	1
studious	1
students	1
struggles	1
strove	1
strings	1
strikingly	1
strike	1
strictest	1
strewing	1
stretched	1
strengthened	1
strengthen	1
straw	1
straight	1
stragglers	1
storm	1
stores	1
store	1
stoop	1
stock	1
stnick	1
stillness	1
stern	1
stepping	1
steered	1
stealth	1
steadiness	1
stays	1
staying	1
statement	1
staring	1
stantly	1
stamp	1
stammered	1
stake	1
stain	1
staid	1
stagger	1
stagecoach	1
stable	1
st	1
square	1
spy	1
spurs	1
spread	1
sprained	1
spotle?^^	1
sport	1
spontaneous	1
spokesman	1
spoil	1
splendours	1
spinted	1
spilled	1
spies	1
spied	1
spfrit	1
speedily	1
speeches	1
spectator	1
sparkled	1
sparkle	1
spark	1
spared	1
soys	1
sowrite	1
souvent	1
soutbgate	1
sous	1
sources	1
soundly	1
sounded	1
sorr<)w	1
soriy	1
soother	1
sooth	1
sooii	1
sonor	1
son-in-law	1
sometime	1
somehow	1
somebody	1
solitary	1
solicitations	1
solemnities	1
soldier	1
solace	1
soks	1
softness	1
soft	1
sofit	1
sociite	1
social	1
sob	1
so-so	1
smugglers	1
smoothed	1
smooth	1
smiles	1
smelling	1
sme	1
slippery	1
slipped	1
sleeve	1
slave	1
sl^e	1
skin	1
skilled	1
siting	1
sister-in-law	1
sisted	1
sis.er	1
sins	1
sinner	1
sinking	1
sink	1
sincere	1
sin	1
simply	1
silently	1
siknce	1
siill	1
signify	1
significantly	1
signals	1
sightless	1
sighted	1
sickbed	1
siccominodations	1
shutters	1
shrinking	1
shrink	1
shower	1
shouting	1
shouted	1
shoulders	1
shots	1
shortsighted	1
shorten	1
shoreditch	1
shop	1
shone	1
shocking	1
shock	1
ships	1
shielded	1
shesaid	1
sharp	1
shared	1
shaking	1
shady	1
shade	1
sgss	1
seymourpendarves	1
seymour^s	1
seymom*	1
sey	1
sexes	1
sewed	1
severed	1
settlingin	1
settlers	1
settlements	1
settle	1
serving	1
service	1
sermons	1
serious	1
sere	1
sepnour	1
sentimentality	1
sententious	1
sensibly	1
senseless	1
sensed	1
senior	1
sen	1
semble	1
selfish	1
self-government	1
self-defence	1
select	1
seizure	1
seissor	1
seen)ed	1
seemingly	1
seek	1
seeexdnald	1
securinghelen	1
securely	1
seaweed	1
searching	1
sealed	1
sculptor	1
scrutinising	1
scrupulous	1
scrupulosity	1
scruples	1
scriptures	1
screams	1
screaming	1
scowl	1
scolding	1
sciousness	1
scious	1
scheme	1
scattered	1
scatter	1
scarred	1
scarlet	1
scale	1
scaffold	1
sayyou	1
savnte	1
savage	1
saucy	1
satis	1
satibfied	1
sash	1
sarcastically	1
sarcasm	1
saratoga	1
sarah	1
sanguine	1
sanction	1
salute	1
salutations	1
sakes	1
sailor	1
sailing	1
sailed	1
sail	1
saidmr	1
sagely	1
safer	1
sadness	1
sadly	1
saddle	1
saddened	1
sacrificing	1
sacredness	1
sacred	1
sa	1
rvvo	1
rush	1
runs	1
ruggedness	1
ruffled	1
ruffians	1
rude	1
rppnument	1
rpother	1
royal	1
rounds	1
rough	1
roses	1
ronalds	1
romping	1
romance	1
rolled	1
role	1
rohher\	1
rock	1
robberies	1
robbed	1
roasting	1
ro	1
rne	1
rived	1
rive	1
rivals	1
rival	1
rit	1
risked	1
riper	1
riotous	1
riod	1
riding	1
ridiculed	1
ridicule	1
rid	1
riches	1
richard	1
ribbons	1
ri	1
revolted	1
revive	1
revisiting	1
revisited	1
reverse	1
reveries	1
revered	1
revenged	1
rev	1
retreating	1
retreated	1
retract	1
retorting	1
retiring	1
retirement	1
retire	1
retii'ed	1
retained	1
results	1
restraint	1
restless	1
resting	1
responsibility	1
responded	1
resounded	1
resolves	1
resolutely	1
resokition	1
resisting	1
resisted	1
resistance	1
resignation	1
residuary	1
residing	1
reside	1
reserve	1
resented	1
resent	1
resemble	1
resemblance	1
resem	1
rescued	1
rer	1
requisite	1
requests	1
reputation	1
repugnance	1
reprobation	1
reprobated	1
representative	1
repose	1
reported	1
report	1
replacing	1
replace	1
repinings	1
repelled	1
repeating	1
repaid	1
renovitn	1
renounce	1
renewing	1
render	1
remotest	1
remote	1
remorse	1
remonstrated	1
remnant	1
remiss	1
remembers	1
remembering	1
remembei*	1
remem	1
remarkably	1
rem	1
relinquished	1
religious	1
relic	1
relent	1
released	1
relative	1
rejoining	1
rejoined	1
rejoin	1
rejection	1
rejected	1
reinforcement	1
reful	1
refreshments	1
refresh	1
refrain	1
reformy	1
reformed	1
reform	1
reflective	1
reflect	1
refined	1
reentered	1
reembarking	1
reels	1
recurrence	1
recurred	1
recumbent	1
rectly	1
recompense	1
recommendations	1
recommend	1
recoiled	1
reclaim	1
reception	1
recently	1
receipt	1
rebels	1
rebellious	1
reasoning	1
reality	1
realities	1
realised	1
reader	1
reaches	1
rays	1
ravings	1
rashness	1
rash	1
rare	1
rapturous	1
raptures	1
rank	1
ranald	1
raison	1
raising	1
rain	1
raid	1
ragged	1
radiance	1
r\q\qv	1
quivered	1
quitting	1
quils	1
quietly	1
quieted	1
quicksands	1
quickly	1
querulous	1
quentiy	1
queii	1
quauprhs	1
quand	1
quality	1
qualities	1
qu	1
qiiest	1
q	1
putrid	1
pushed	1
pursuits	1
purple	1
puritanical	1
purifying	1
purest	1
purchases	1
pupils	1
pulse	1
puis	1
published	1
publication	1
pu	1
pshaw	1
psha	1
prudence	1
providence	1
proves	1
proved	1
proudly	1
prouder	1
protracted	1
protested	1
protestant	1
protege	1
protect	1
prosper	1
prospect	1
propriety	1
proposal	1
proportion	1
properly	1
pronounce	1
proner	1
promotion	1
promises	1
projecting	1
profusion	1
profligate	1
profiting	1
proffered	1
profession	1
produce	1
proclaimed	1
process	1
probability	1
proach	1
prizes	1
privacy	1
prison	1
prise	1
prior	1
printed	1
principled	1
principal	1
prin	1
primaeval	1
priam	1
preys	1
preying	1
previous	1
preventatives	1
prettiest	1
pretext	1
pretensions	1
pretence	1
presuming	1
pressing	1
press	1
preserving	1
presenting	1
prepossessing	1
preponderating	1
preparing	1
preparations	1
preparation	1
prepar	1
premium	1
premises	1
prejudiced	1
preeminence	1
predominating	1
precipitately	1
preceding	1
precautions	1
precarious	1
praying	1
prayed	1
praiseworthy	1
practised	1
powdered	1
powder	1
pow	1
poverty	1
poured	1
potvers	1
posture	1
postoffice	1
postillions	1
postage	1
possibly	1
possibk	1
possibility	1
possessions	1
possessing	1
possesses	1
possess	1
positive	1
posal	1
pos	1
portsmoiitiv	1
portmanteau	1
porting	1
populous	1
popularity	1
popular	1
ponder	1
politics	1
political	1
polite	1
polished	1
poison	1
points	1
pof^ible	1
pocketbook	1
po	1
plus	1
plunged	1
plunge	1
plume	1
plough	1
plodding	1
pllces	1
plied	1
pliant	1
pledge	1
pleasantry	1
pleasanter	1
plea	1
plays	1
playing	1
played	1
plausible	1
plause	1
plait	1
plaisance	1
placid	1
pitchers	1
piquant	1
pine	1
pillar	1
piece	1
pieases	1
pictures	1
picture	1
picking	1
picious	1
phytical	1
physiognomy	1
physiognomical	1
physicians	1
phrensied	1
phrase	1
philosophy	1
philippic	1
phii^	1
pew	1
petulantly	1
petulance	1
petual	1
petitioned	1
petit	1
pestilence	1
pestiferous	1
perturbed	1
pertness	1
pertly	1
persuasive	1
persuaded	1
personally	1
personage	1
persevering	1
perseverance	1
persecution	1
perplexity	1
perpetuated	1
perpetrate	1
pernicious	1
permis	1
permettez	1
periodical	1
perils	1
performance	1
perfectly	1
perfection	1
perd	1
pensiveness	1
pensive	1
penitence	1
penetration	1
penetrating	1
pendarvt^	1
pendarveswas	1
pendarvesr	1
pendarvee	1
pendarve^	1
pendar	1
pendan'es	1
pendaites	1
peeping	1
peculiarly	1
pected	1
peared	1
pe	1
paying	1
patrons	1
patients	1
path	1
pated	1
passions	1
passenger	1
passage	1
parts	1
partners	1
particle	1
participation	1
participate	1
partal^e	1
partaken	1
partake	1
paroxysm	1
parole	1
parlour	1
parley	1
paris	1
pareut	1
parapet	1
paralytic	1
paralysis	1
paralysed	1
paragraph	1
pany	1
panting	1
pangs	1
paltry	1
palsy	1
pallid	1
palaver	1
painted	1
pail	1
pahis	1
page	1
paddled	1
packet	1
pacing	1
pacifying	1
pacified	1
oyes	1
owner	1
owes	1
overtake	1
overspread	1
overrate	1
overpowering	1
overclouded	1
ov\ti	1
outside	1
outgrown	1
outfit	1
otiier^	1
ostentatious	1
orto	1
ornament	1
opulent	1
oppressed	1
opposed	1
operations	1
op	1
onca	1
onald	1
om	1
old-fashioned	1
oiun	1
oifend	1
oidi^ihe	1
ohing	1
ofthefmnuy	1
office	1
offenders	1
offended	1
offences	1
odious	1
odd	1
occurrences	1
occurrence	1
occurred	1
occur	1
occupy	1
occasionally	1
obvious	1
obviate	1
obtaining	1
obstinate	1
observers	1
observations	1
observant	1
obsei	1
obscured	1
oblique	1
obliges	1
oblige	1
objection	1
objecting	1
objected	1
obedience	1
oar	1
nursed	1
nuptials	1
numerous	1
numbers	1
number	1
nuisance	1
npt	1
now^all	1
novy	1
nov	1
nou	1
notoriously	1
notions	1
noticed	1
nothingness	1
nota	1
nostrils	1
nonsense	1
non	1
nodded	1
nobody	1
nobly	1
no'a	1
nnay	1
nmch	1
nm	1
nlshment	1
nkd	1
nishing	1
nio	1
nimporle	1
nicely	1
nice	1
niarriage	1
newly	1
newed	1
nevertheless	1
never-failing	1
ness	1
neigli	1
neighbour	1
nei*ves	1
negligent	1
neglected	1
necessarily	1
neatness	1
neatly	1
nd	1
naughty	1
naughtiness	1
natwrhs	1
natured	1
naturally	1
nation	1
narration	1
names	1
nameless	1
named	1
na	1
n^est	1
n	1
m€7i	1
mv	1
muttering	1
muttered	1
muslin	1
musing	1
murderous	1
murdering	1
murder	1
munificent	1
mtike	1
ms	1
mr^fullarton	1
move	1
mourners	1
mourner	1
motler	1
motionless	1
mortify	1
morrow.*	1
morrow	1
morel	1
monk	1
monitress	1
monitors	1
mon	1
momentary	1
momentarily	1
moji	1
modesty	1
modern	1
mo	1
mmns	1
mj\	1
misty	1
mistaking	1
mist	1
missing	1
misrepresentation	1
misgiving	1
misfortunes	1
miseries	1
miser	1
miseiy	1
misdeeds	1
mirth	1
minutely	1
mingles	1
mildly	1
mild	1
midst	1
middle-aged	1
midday	1
mg	1
metal	1
merrick	1
merits	1
meritorious	1
mercies	1
mentioning	1
mentally	1
memorable	1
memor	1
member	1
melted	1
mei	1
meekness	1
medium	1
medical	1
med	1
mechanical	1
mechanic	1
meanings	1
mean'ivhile	1
maypole	1
maybe	1
matrimonial	1
mathematical	1
maternal	1
materials	1
matchless	1
matches	1
mass	1
mary	1
mars	1
market	1
marching	1
marched	1
mar?sion	1
mans	1
mankind	1
manj	1
manhood	1
mammas	1
mall	1
malignity	1
malady	1
majried	1
majesty	1
main	1
maidservant	1
magnificent	1
mae	1
maddening	1
mad	1
ma'am	1
m'hich	1
ly	1
luxury	1
lux	1
lusiis	1
lurojig	1
luifes	1
luiexpected	1
luear	1
ludicrous	1
lucky	1
lucid	1
lu	1
lowly	1
lovk	1
lovje	1
lovfi	1
loveable	1
lov^	1
loudest	1
lot	1
loser	1
looldng	1
longas	1
lonesome	1
lonely	1
lolhng	1
loftiness	1
lodged	1
lod	1
locking	1
lock	1
local	1
llieir	1
livery	1
livelihood	1
littering	1
litter	1
lister	1
listening	1
lisping	1
lisbon	1
lingering	1
lines	1
limping	1
limb	1
liking	1
likewise	1
like/>^r	1
liiother	1
liie	1
lifts	1
lift	1
lifeless	1
lieth	1
lies	1
liaviiig	1
liad	1
liable	1
levelled	1
letting	1
lesolving	1
lequel	1
leplied	1
lent	1
leisure	1
legibly	1
legatee	1
lawyers	1
lawn	1
lavished	1
launched	1
launch	1
laughs	1
laughed	1
lasting	1
las	1
largely	1
lantern	1
languic^	1
lanei	1
landlord	1
lamps	1
lamented	1
lament	1
l^eart	1
ktiew	1
kr.ew	1
knovi^	1
knocking	1
knocked	1
knock	1
knmv	1
knife	1
kneeling	1
kneel	1
kingdom	1
kindred	1
kindling	1
kindhearted	1
kictantly	1
ki>s	1
keenness	1
keenly	1
keen	1
ke	1
kaving	1
justification	1
jump	1
juha	1
judges	1
jqy	1
joys	1
joyfully	1
joyful	1
jour	1
jones	1
jokes	1
johnv	1
jnother	1
jnade	1
jmrs	1
jlove	1
jjim	1
jikely	1
jiiild	1
jigainst	1
jid	1
jiant	1
jen	1
jealous	1
jdnd	1
januilry	1
january	1
jad	1
j/t??^	1
ivas	1
iu	1
ity	1
itwasa	1
itoid	1
ith	1
italian	1
isternation	1
irregularity	1
irrecognisable	1
irom	1
irarmless	1
ir.st	1
ipicture	1
ioved	1
iou	1
iot	1
involve	1
invites	1
invite	1
invalidate	1
intrust	1
introducing	1
intoxication	1
intoxicated	1
intimate	1
intiamed	1
intervals	1
interrupting	1
interrogating	1
interrogated	1
interference	1
interfered	1
interested	1
interchange	1
intercepted	1
inter	1
intends	1
inten^ened	1
intelligent	1
intellectuality	1
integrity	1
insured	1
insupportable	1
insults	1
insulting	1
insufficient	1
instrument	1
instructive	1
instate	1
inspirer	1
inspection	1
insinuated	1
insinuate	1
insincerity	1
insincerely	1
insensibly	1
innocence	1
inmost	1
injustice	1
injunctions	1
injunction	1
inheritance	1
inhabitant	1
inhabit	1
ingloriousli/y	1
inghope	1
ingenuousness	1
ingenuously	1
ingenious	1
infringing	1
infringement	1
informant	1
inflicting	1
inflammatory	1
inflammations	1
inflammation	1
inflamed	1
infirmity	1
infirmities	1
infidelity	1
infested	1
inference	1
infected	1
infant	1
infancy	1
ineffable	1
indulging	1
indulgent	1
induced	1
indolence	1
individuals	1
indisputable	1
indisposed	1
indigent	1
indig	1
indies	1
independent	1
independence	1
ind	1
incurred	1
incurable	1
incumbent	1
incredulous	1
incredible	1
incorrigible	1
inconvenience	1
inconstancy	1
inconsolable	1
incomplete	1
income	1
incoherence	1
incitement	1
inci'eased	1
incapacity	1
inaudibly	1
inais	1
inaction	1
imwounded	1
imve	1
imputing	1
impute	1
improper	1
impressive	1
impracticable	1
impossibility	1
imposed	1
importunities	1
imploring	1
implicit	1
impertinent	1
impending	1
impelled	1
impatiently	1
immorality	1
imhappy	1
imbibed	1
imbecility	1
imagnation	1
imagined	1
imagine	1
imaginations	1
imagery	1
im	1
illustrate	1
illusions	1
illusion	1
ill-founded	1
iisually	1
iipbraidings	1
iight	1
iiald	1
ihoped	1
ihe^v^^iq	1
ihe	1
ih^	1
ignorani	1
ignoble	1
ifyou	1
ifected	1
ife	1
iert\	1
ie	1
idolised	1
idolatry	1
ideal	1
id	1
ici	1
iample	1
hy	1
hvx	1
huzzaing	1
hut	1
hush	1
hurled	1
humours	1
humiliation	1
humbled	1
hum	1
hues	1
htoxi	1
htm	1
hps	1
howl	1
hovered	1
houses	1
houghton	1
hou'ever	1
hostility	1
hostess	1
horsemen	1
horn	1
hook	1
honouring	1
honald	1
hollowness	1
holiday	1
holi	1
hole	1
hoisted	1
hoise	1
hoarseness	1
ho7iourr	1
ho	1
hndif^	1
hlauce	1
hk	1
hit	1
hiring	1
hinted	1
hinges	1
hin	1
hile	1
highwaymen	1
highest	1
higher	1
hie	1
hidden	1
hiai	1
hess	1
hesitated	1
her„	1
heroine	1
helpless	1
helped	1
helhne	1
helhie	1
helens	1
helas^	1
heighten	1
hei'self	1
heen	1
heedless	1
hedges	1
hectic	1
hecmtifav	1
heaving	1
heavenly	1
heaved	1
hearth	1
heartfelt	1
hears	1
healths	1
healed	1
heads	1
headquarters	1
he?x)nly	1
hazard	1
haunted	1
haunches	1
hating	1
harshness	1
harrowed	1
harmlessly	1
hark	1
hardness	1
hardly	1
harangued	1
happily	1
happens	1
hanover	1
hanging	1
hang	1
handwriting	1
hamit	1
halfway	1
hailed	1
haggard	1
hae	1
hadjust	1
hackney	1
hack	1
habitation	1
habiliments	1
ha	1
h'iidly	1
guitar	1
guide	1
guidance	1
guess	1
guardians	1
growth	1
grows	1
growing	1
groups	1
group	1
grounds	1
groom	1
groans	1
groaned	1
groan	1
grimm	1
gretna	1
greeting	1
grdce^	1
gratify	1
gratifications	1
grated	1
grassy	1
grass	1
grappling	1
granting	1
grandson	1
grandchild	1
grand	1
grammar	1
gra	1
gowns	1
governor-general	1
government	1
governing	1
governed	1
gout	1
goods	1
good-natured	1
good-humour	1
golden	1
gloves	1
glorying	1
gloried	1
gleaming	1
glared	1
gl2	1
gl	1
gives	1
girls	1
girlish	1
gi'ave	1
gi'atified	1
getting	1
gesture	1
german	1
gentlefolks	1
gentle	1
genteel	1
gen	1
gathers	1
gathered	1
gather	1
gasping	1
garrulous	1
garland	1
gardener	1
garb	1
gap	1
gaol	1
gallantry	1
fuuar	1
fuuai'ton	1
funds	1
fuly	1
fullest	1
fulkrton	1
fulfilled	1
fulfil	1
fuilar	1
fuhiess	1
fugitive	1
frustrated	1
fruits	1
frown	1
froru	1
fronted	1
frolic	1
frocks	1
fro'n	1
fro	1
frivolous	1
fright	1
friendships	1
fri^d	1
freshness	1
frederic	1
fraught	1
fraternal	1
fragrance	1
fourteen	1
fours	1
foul	1
fortunately	1
fortitude	1
fortified	1
forsook	1
forsaking	1
forming	1
formidable	1
fori	1
forgets	1
forgave	1
foresee	1
foreran	1
foremost	1
fore	1
forbore	1
forbidden	1
forbid	1
forbear	1
forbade	1
footsteps	1
footpads	1
footmen	1
footing	1
fondling	1
fondest	1
fonder	1
fomier	1
follower	1
follies	1
focus	1
fnour	1
fnend	1
fmd	1
flying	1
fly	1
flutters	1
flute	1
flushed	1
flung	1
fluency	1
flte	1
flow	1
flourished	1
florid	1
floor	1
floated	1
flippancy	1
flight	1
fleet	1
flatteries	1
flattered	1
flame	1
flambeaus	1
fiys	1
fix	1
firing	1
firearms	1
finish	1
fineyoung	1
finery	1
finds	1
finances	1
fimted	1
filled	1
fifty	1
fiercely	1
fie	1
fib	1
fiault	1
fiatter	1
fiame	1
fi	1
fewer	1
fevi	1
feverish	1
fether	1
fetch	1
fervently	1
ferrule	1
ferocious	1
feigned	1
feels	1
feelmg	1
feeing	1
feeding	1
fee	1
fede	1
fed	1
fected	1
feature	1
fearlessly	1
fearful	1
fch'tune	1
favours	1
favaur	1
faut	1
faults	1
fault	1
fatherless	1
father-in-law	1
fates	1
fatal	1
fat	1
fastened	1
fasten	1
fashioned	1
farms	1
farmer	1
fane	1
familiar	1
falp	1
faithless	1
faith	1
faintly	1
fainter	1
fades	1
faded	1
fade	1
faction	1
faces	1
eyelid	1
exultation	1
extremest	1
extremely	1
extravagance	1
extracts	1
extinguished	1
extensive	1
exquisite	1
expulsion	1
expressly	1
expressions	1
expostulation	1
exposes	1
expos	1
exploit	1
explanatory	1
explanation	1
expiring	1
expired	1
expiate	1
experiencing	1
expenditure	1
expectants	1
exorbitant	1
exonerate	1
exhr.usticn	1
exhibition	1
exhaustion	1
exertioji	1
exercise	1
executors	1
execution	1
excused	1
exculpatory	1
exclusively	1
exclaim	1
excited	1
excelled	1
exceed	1
exaggerate	1
ew	1
evinced	1
evils	1
everyday	1
everij	1
eve	1
evasion	1
evade	1
europe	1
ethers	1
eternity	1
ester	1
esteemed	1
estate	1
establishment	1
espouse	1
es'i	1
erred	1
err	1
erful	1
erect	1
ere	1
er	1
equivalent	1
equalled	1
ep	1
envy	1
environs	1
envied	1
entrusted	1
entitled	1
entirel)r	1
enterprise	1
entailed	1
ensure	1
ensuing	1
enormous	1
enliven	1
engrossed	1
engraved	1
engrave	1
englandi	1
endeavouring	1
endeavoured	1
endearing	1
endea	1
endangered	1
encumbering	1
encouraging	1
encouragement	1
encourage	1
encountering	1
encounter	1
enable	1
ena	1
employment	1
emollients	1
embraces	1
embonpoint	1
emboldened	1
embittered	1
embitter	1
embarrassing	1
embarrassed	1
embark	1
elsewhere	1
ellen	1
elie	1
elevated	1
elbows	1
elation	1
elated	1
elasticity	1
ejnbon	1
ejaculating	1
eighteen	1
eggs	1
efforts	1
ef	1
eest	1
ee	1
educated	1
edition	1
edifice	1
echoing	1
ebullition	1
earrings	1
earnestness	1
earned	1
earn	1
eame	1
e\^es	1
dyes	1
dyed	1
dwelled	1
duties	1
durable	1
duplicity	1
dumb	1
dulge^^ow	1
duenna	1
dteams	1
dt	1
drops	1
dropping	1
dried	1
dreams	1
dreamed	1
draught	1
drama	1
drain	1
dragging	1
drag	1
dpubt	1
do„i	1
dowbt	1
doubts	1
doubtful	1
doubly	1
double	1
dou	1
doth	1
dotards	1
doomed	1
donment	1
donc	1
don	1
doll	1
dolce	1
dois	1
dogs	1
dod	1
doctrine	1
dling	1
divine	1
divested	1
disuse	1
distrust	1
dissolution	1
dissipations	1
dissipated	1
dispute	1
dispersed	1
dispensations	1
disorder	1
disobeying	1
dismount	1
dismiss	1
disliked	1
disinterestedness	1
dishonoured	1
dishonourable	1
dishonour	1
disgust	1
disgraced	1
diseased	1
discussion	1
discretion	1
discouraged	1
discourage	1
discomfiture	1
disclosure	1
disclosing	1
disclosed	1
disciple	1
discern	1
disap	1
disabled	1
dis	1
dirty	1
dirt	1
dire	1
dint	1
dines	1
dined	1
dimples	1
dimpled	1
dimir	1
diminution	1
diminishing	1
diminish	1
diiferent	1
digression	1
differed	1
diesr	1
did^i	1
diamonds	1
dialogue	1
di	1
dews	1
devil	1
devant	1
deux	1
detected	1
detained	1
detain	1
detailing	1
detailed	1
destroy	1
destiny	1
destined	1
destination	1
despised	1
despicable	1
desperately	1
desist	1
desinng	1
designs	1
desfred	1
deserving	1
deserted	1
description	1
described	1
descend	1
descanting	1
descant	1
deputed	1
depths	1
depress	1
depravity	1
deposit	1
deportment	1
deplored	1
depends	1
dependent	1
dependants	1
depend	1
departing	1
depart	1
den	1
democritus	1
delusive	1
delivery	1
delivered	1
deliverance	1
delirious	1
delinquency	1
dejtte	1
dejouir	1
dejectedly	1
deiiao	1
deign	1
define	1
defhe	1
deferred	1
defer	1
defend	1
defence	1
defects	1
deeradin	1
deeper	1
deepens	1
deepened	1
deem	1
deduce	1
decrease	1
declar	1
decisive	1
decisions	1
decidedly	1
decided	1
decide	1
deception	1
decent	1
deceitfulness	1
debt	1
deathblow	1
dearly	1
deal	1
deaf	1
daybreak	1
dav	1
dated	1
dashed	1
darves^	1
darkness	1
dares	1
dans	1
dancers	1
damps	1
dai	1
dading	1
cwld.^	1
custom	1
custody	1
cuse	1
cursed	1
curse	1
current	1
curly	1
curls	1
curled	1
curiously	1
cures	1
culled	1
cull	1
crown	1
crowding	1
crowded	1
crowd	1
crossly	1
crossed	1
crin)in^	1
crimson	1
cri^d	1
credit	1
credence	1
creatures	1
creator	1
crazy	1
crassus	1
cr	1
coward	1
coveted	1
covered	1
courtesy	1
courteously	1
courted	1
courses	1
courageously	1
courageous	1
coup	1
county	1
counting	1
cough	1
couching	1
couch	1
cot	1
costume	1
corroborated	1
corresponding	1
correspondence	1
correct	1
coronet	1
copy	1
copiousness	1
copies	1
convulsive	1
convulsed	1
convincing	1
convictions	1
conveyance	1
convert	1
conversion	1
conversed	1
conversations	1
conversational	1
convenient	1
convenez	1
contrivance	1
contrition	1
contrasted	1
contrast	1
contrar}%	1
contran^	1
contraband	1
continue	1
contention	1
content	1
contended	1
contemplation	1
contemplate	1
contamination	1
contain	1
constitution	1
conspiring	1
consoling	1
consoler	1
consoled	1
consistently	1
considers	1
considerately	1
considerate	1
conse	1
conscientiously	1
conrage	1
conquest	1
connexion	1
conjuring	1
conjujce	1
conjecturing	1
coni	1
congeniality	1
conformity	1
conform	1
confluent	1
conflict	1
confiscation	1
confirmation	1
confirm	1
confinement	1
confided	1
confessor	1
conferred	1
condition	1
concluded	1
conciliating	1
conciliate	1
concerns	1
conceit	1
conceding	1
comuig	1
compunction	1
comprends	1
comprehensive	1
comprehend	1
composition	1
compo	1
complimented	1
complimeni	1
complicated	1
completed	1
complaisantly	1
complain	1
complacently	1
compassionate	1
compassion	1
compared	1
communication	1
communicating	1
commoi	1
commodities	1
commit	1
commissions	1
commissioned	1
comments	1
commandment	1
comic	1
comforts	1
comforter	1
comfortably	1
comer	1
combat	1
colourless	1
coloured	1
coldness	1
coldhearted	1
coincided	1
coherently	1
cofu	1
cofhn	1
coffin	1
coarsely	1
coarse	1
coachman	1
clustering	1
clung	1
club	1
closing	1
closely	1
clod	1
clocks	1
clings	1
clinging	1
climbing	1
climax	1
cleverness	1
clever	1
clearly	1
clearing	1
clear	1
cleanliness	1
claysj	1
classical	1
clasps	1
clapham	1
clangers	1
clamouring	1
clamorous	1
circumspect	1
circles	1
circle	1
ciples	1
ciated	1
ciare	1
churchyard	1
chuck	1
christians	1
chosen	1
choosing	1
chooses	1
choking	1
choked	1
choke	1
chm'ch	1
chloris	1
chilli	1
chill	1
childs	1
childish	1
chicken	1
chercher	1
chensh	1
cheering	1
cheer	1
check	1
cheap	1
chastisement	1
chastised	1
chastise	1
charmingly	1
charming	1
charity	1
chariot	1
characteristic	1
cessation	1
censures	1
censured	1
censure	1
cement	1
celebrate	1
ceaseless	1
cdllta	1
cautious	1
causes	1
caused	1
catherine	1
catch	1
catalogue	1
cast	1
cases	1
casements	1
casement	1
cas	1
carriages	1
cargo	1
carefully	1
career	1
cards	1
caracteres	1
car	1
captive	1
captivation	1
captivating	1
capacity	1
capability	1
candour	1
candidly	1
calmed	1
callous	1
cain	1
cabinet	1
buttons	1
butterfly	1
bursting	1
burning	1
burn	1
buried	1
burdened	1
burden	1
buoyancy	1
btter	1
bsing	1
bserved	1
brute	1
brushed	1
brothea*	1
broad	1
britons	1
brilliantly	1
brighter	1
brightening	1
bright	1
bridle	1
bridge	1
bridemaids	1
bridegroom	1
brick	1
breeze	1
breeding	1
breathless	1
breathing	1
brd	1
bravely	1
brave	1
branch	1
boyish	1
bourhood	1
bountiful	1
bounding	1
bought	1
bottle	1
bosoms	1
books	1
bonnets	1
bonnet	1
bonheur	1
bon	1
bold	1
bodily	1
boast	1
boarding	1
bo	1
blush	1
blunted	1
blows	1
bloom	1
bloated	1
blighted	1
blight	1
blew	1
bleed	1
ble	1
blaming	1
blamed	1
blameable	1
bitterly	1
bis	1
birthday	1
bir	1
bind	1
big	1
biew	1
bientdt	1
bien	1
bids	1
bidding	1
bidden	1
betraying	1
betrayed	1
bestowuponhim	1
bespoken	1
ber	1
bequeathing	1
benevolently	1
bending	1
belt	1
belonging	1
belong	1
bells	1
belle	1
bell	1
believq	1
believing	1
bein	1
beholding	1
behaviour	1
behaved	1
behave	1
behalf	1
beguile	1
begone	1
begins	1
beggar	1
beget	1
befitting	1
befall	1
bee	1
bedtime	1
beckoning	1
beaux	1
beauti^	1
beating	1
beat	1
bearing	1
bearers	1
beacon	1
bcory	1
bathed	1
basis	1
baron	1
bark	1
bannisters	1
bannister	1
banknotes	1
bang	1
bandage	1
ballroom	1
backwards	1
bachelor	1
baby	1
awkward	1
awhile	1
awed	1
awakened	1
awake	1
awaiting	1
await	1
avowedly	1
avowal	1
avoir	1
avhen	1
avez'vous	1
averted	1
avec	1
authority	1
authorising	1
aup7'ts	1
augustus	1
audibly	1
auburn	1
attending	1
attach	1
atoned	1
atom	1
atn	1
athletic	1
asylum	1
astonishing	1
astonished	1
assuming	1
assuage	1
assorted	1
association	1
asso	1
assiduous	1
asserts	1
assassins	1
assailing	1
assailed	1
assail	1
ass	1
asl	1
aside	1
asher	1
ascertained	1
arts	1
artless	1
articulate	1
arrlvte	1
arrested	1
arranged	1
aright	1
arid	1
archly	1
ar	1
apt	1
april	1
appropriated	1
appropriate	1
apprentice	1
apprehensions	1
appetite	1
appellations	1
appellation	1
appears	1
appealing	1
apparent	1
apparemrrhent	1
apothecary	1
apostle	1
apology	1
apologise	1
apathy	1
apartments	1
anxieties	1
anticipations	1
anteroom	1
anted	1
answers	1
answering	1
ans	1
anon	1
anns	1
annoyed	1
annoyance	1
announced	1
annex	1
annals	1
anived	1
ani	1
angleterre	1
angl'y	1
angels	1
andsh^	1
andjumped	1
andj/oz^are	1
and^or	1
ance	1
analyse	1
analogy	1
amusements	1
amusement	1
amply	1
ample	1
amount	1
among	1
amidst	1
americans	1
amends	1
amelia	1
ameadly	1
ambitious	1
ambition	1
alternative	1
alterations	1
alsop	1
aloaded	1
alma	1
allusion	1
alluded	1
allude	1
allowing	1
allowance	1
alleviating	1
alighted	1
alienation	1
alienated	1
alienate	1
akays	1
aixl	1
ain	1
aim	1
ails	1
aillent	1
aiid	1
aie	1
aiding	1
aided	1
agreement	1
agreeably	1
agreeable	1
agonised	1
agonise	1
ago	1
agi	1
aghast	1
agent	1
aged	1
agahi	1
aftectionate	1
afresh	1
afiss	1
afflic	1
affirmative	1
affiiction	1
affects	1
affairs	1
affair	1
af	1
aeon	1
aeeing	1
aecept	1
advised	1
advert	1
adversity	1
adventitious	1
advancing	1
adorn	1
adore	1
adoration	1
adopts	1
adoption	1
admonished	1
admitting	1
admission	1
admire	1
administering	1
adjudged	1
adieu	1
adheres	1
adherence	1
adhered	1
adhere	1
adequate	1
adds	1
addition	1
addi	1
acute	1
actuated	1
actual	1
acts	1
active	1
acting	1
acquire	1
acquiescence	1
acquiesced	1
acompument	1
acme	1
ackland	1
accursed	1
accurately	1
accumulated	1
accovmt	1
accounted	1
accosting	1
accopiplishments	1
acconipa	1
accommodation	1
accom	1
accoimt	1
acclamations	1
acceded	1
academy	1
abyss	1
abuse	1
absurdity	1
abstracted	1
absolute	1
abrogation	1
ability	1
abilities	1
abel	1
abashed	1
abandoned	1
aban	1
a^jjiri?igs	1
a\tien	1
a\'hat	1
^riie	1
^nake	1
^atefuuy	1
^and	1
^^•as	1
^^«r	1
^^^"	1
^/zzv/o^	1
^.nyfine	1
^''	1
^"	1
])	1
\yhen	1
\vtien	1
\r	1
\ki<^\xfriendi	1
?^^	1
?^	1
?.	1
?",	1
?""	1
<'	1
7}iany	1
7i€ver	1
7iew	1
7/ouy	1
5ince	1
2indiwe	1
0\\	1
/v*f	1
/umdsomer	1
/oo	1
.^^	1
.?	1
.;	1
.)	1
.'''	1
--	1
*•	1
*.*	1
*.	1
*'-	1
(!	1
'•^	1
'•:	1
'^^	1
'^:	1
'[	1
'-	1
'*'	1
''''	1
";	1
".	1
!.	1
