,	1640
the	1371
of	904
and	644
to	545
his	405
a	402
;	382
he	369
.	365
"	267
was	245
in	240
with	227
which	215
that	203
i	161
on	150
from	137
my	136
her	136
as	133
:	124
not	116
you	114
him	113
at	111
for	108
it	107
by	92
but	89
be	87
an	86
had	82
is	78
allan	76
."	74
were	69
now	69
so	65
all	63
this	62
your	59
would	58
could	57
|arabic1digit|	53
said	52
—	51
she	50
or	50
have	49
who	48
their	47
me	46
|romannumeral|	45
they	44
?	43
how	41
those	40
its	40
!	40
are	39
then	38
some	38
mind	38
when	37
such	37
until	36
more	36
time	35
where	34
'	34
|'s|	33
castle	33
man	32
himself	31
heart	30
any	30
will	29
seemed	29
into	29
upon	28
them	28
son	28
lord	28
every	28
glanville	27
carbery	27
if	26
having	26
yet	25
whilst	25
what	25
thus	25
little	25
elinor	25
only	24
much	24
light	24
hour	24
here	24
night	23
most	23
?"	23
one	22
no	22
may	22
father	22
exclaimed	22
can	22
attention	22
am	22
shall	21
must	21
whose	20
perhaps	20
perceived	20
hope	20
desmond	20
world	19
thy	19
situation	19
same	19
place	19
nature	19
eyes	19
chap	19
bosom	19
!"	19
still	18
tyrone	17
length	17
first	17
ella	17
young	16
white	16
up	16
towards	16
should	16
retired	16
own	16
over	16
once	16
old	16
friend	16
before	16
without	15
view	15
sister	15
know	15
death	15
darkness	15
venerable	14
vain	14
too	14
there	14
soon	14
object	14
great	14
fate	14
did	14
determined	14
beloved	14
been	14
wish	13
well	13
u	13
though	13
sun	13
rocks	13
other	13
lie	13
however	13
has	13
found	13
fair	13
each	13
cast	13
(	13
these	12
scene	12
replied	12
recluse	12
out	12
never	12
left	12
knight	12
hours	12
hand	12
gerald	12
degree	12
dear	12
couch	12
appeared	12
along	12
)	12
while	11
we	11
unfortunate	11
ulster	11
sudden	11
stranger	11
peace	11
o	11
many	11
lost	11
long	11
hermit	11
heavy	11
happy	11
good	11
fresh	11
far	11
dungeon	11
daughter	11
cause	11
breast	11
being	11
arrived	11
approach	11
apartment	11
alliance	11
again	11
whole	10
turned	10
through	10
therefore	10
steps	10
return	10
repose	10
purpose	10
power	10
plain	10
person	10
nor	10
morning	10
life	10
immediately	10
imagination	10
heard	10
formed	10
form	10
few	10
family	10
even	10
emotions	10
earth	10
despair	10
day	10
danger	10
conducted	10
come	10
began	10
attended	10
approaching	10
against	10
about	10
|arabic2digit|	9
wild	9
whom	9
vol	9
very	9
thought	9
thou	9
than	9
subject	9
spot	9
sight	9
render	9
received	9
reached	9
pride	9
melancholy	9
look	9
horror	9
honour	9
further	9
down	9
door	9
do	9
distance	9
countenance	9
chieftain	9
alone	9
air	9
after	9
walls	8
voice	8
us	8
unhappy	8
solitary	8
solemn	8
silence	8
servant	8
our	8
opinion	8
occupied	8
necessary	8
monk	8
mean	8
love	8
let	8
hut	8
humble	8
hermitage	8
heir	8
half	8
h	8
give	8
fly	8
eye	8
convinced	8
connel	8
concluded	8
chamber	8
chain	8
base	8
attracted	8
*	8
|arabic3digit|	7
yes	7
why	7
truly	7
took	7
think	7
thee	7
stood	7
stone	7
state	7
started	7
sound	7
side	7
short	7
sentiments	7
see	7
returned	7
retreat	7
rendered	7
perceive	7
off	7
observed	7
observation	7
objects	7
myself	7
moment	7
meet	7
manner	7
make	7
loved	7
just	7
judith	7
issued	7
intended	7
inform	7
hollow	7
heaven	7
head	7
happiness	7
g	7
forth	7
fixed	7
fatal	7
fall	7
exile	7
evening	7
effects	7
ear	7
departed	7
deep	7
course	7
considerable	7
chief	7
brother	7
blast	7
between	7
beneath	7
basket	7
b	7
arose	7
arms	7
answered	7
among	7
almost	7
agitated	7
advanced	7
youth	6
words	6
weary	6
way	6
use	6
take	6
surrounded	6
surely	6
summit	6
speak	6
soul	6
society	6
small	6
shore	6
shades	6
shade	6
sense	6
scenes	6
scarcely	6
say	6
ruins	6
roof	6
restored	6
rest	6
respecting	6
respect	6
resolved	6
repast	6
reason	6
prince	6
portion	6
point	6
ocean	6
nothing	6
mountains	6
moon	6
moments	6
made	6
luxury	6
lovely	6
leave	6
itself	6
interest	6
intent	6
impressed	6
impart	6
host	6
health	6
generous	6
frame	6
felt	6
fear	6
experienced	6
ever	6
esteem	6
entered	6
effect	6
drew	6
dreary	6
doubt	6
distant	6
considered	6
connexion	6
comfort	6
clouds	6
bell	6
arrival	6
approached	6
answer	6
ancient	6
affections	6
above	6
wretched	5
wishes	5
whither	5
warm	5
wandered	5
utmost	5
two	5
turloch	5
tonight	5
together	5
taper	5
suppose	5
sullen	5
suddenly	5
succeeded	5
stream	5
spread	5
smile	5
silent	5
shed	5
secured	5
seat	5
saw	5
save	5
sat	5
rock	5
remote	5
reflections	5
recess	5
r	5
put	5
pursue	5
prospect	5
proclaimed	5
presented	5
powers	5
permitted	5
permit	5
peasant	5
path	5
past	5
pain	5
often	5
observe	5
nuptials	5
noise	5
neighbouring	5
narrow	5
morn	5
meditating	5
looked	5
like	5
less	5
late	5
last	5
keeper	5
iron	5
interested	5
inhabitants	5
infernal	5
impatient	5
imagine	5
house	5
horrors	5
grief	5
gloomy	5
future	5
flung	5
feeling	5
fatigue	5
expected	5
except	5
escape	5
dreadful	5
dispatched	5
dismal	5
disappointment	5
desolate	5
depart	5
delight	5
dead	5
confinement	5
confidence	5
conduct	5
condition	5
conclusion	5
closed	5
cheek	5
chains	5
car	5
cannot	5
brought	5
bowed	5
blessed	5
behind	5
bed	5
awoke	5
attempt	5
assured	5
around	5
armour	5
appointed	5
anxious	5
another	5
also	5
agitation	5
affected	5
adored	5
account	5
-	5
■	4
•	4
wretchedness	4
work	4
within	4
wished	4
wanderer	4
various	4
vale	4
under	4
ultonian	4
true	4
tranquil	4
till	4
throng	4
thomond	4
thanks	4
tender	4
taken	4
t	4
surprise	4
support	4
summits	4
sufficient	4
stupendous	4
strange	4
storm	4
stillness	4
step	4
spy	4
splendid	4
spirits	4
speech	4
source	4
something	4
solicitude	4
smallest	4
sleep	4
shrunk	4
sentiment	4
senses	4
seek	4
secure	4
rules	4
roots	4
romantic	4
revenge	4
resumed	4
rested	4
resolve	4
resentment	4
remained	4
remain	4
rays	4
ray	4
rank	4
raised	4
questions	4
protection	4
promise	4
prisoner	4
prevailed	4
presumptuous	4
pressed	4
present	4
preceding	4
ponderous	4
pleasure	4
pillow	4
pile	4
part	4
parents	4
outcast	4
otherwise	4
orders	4
orb	4
occasion	4
oak	4
notes	4
noble	4
next	4
nearly	4
name	4
mysterious	4
murmurs	4
mountain	4
monks	4
misfortunes	4
might	4
midnight	4
men	4
meditations	4
manuscript	4
loss	4
looks	4
led	4
lay	4
key	4
joy	4
journey	4
jl	4
issue	4
inquiring	4
inquire	4
innocent	4
information	4
indulge	4
indeed	4
inclined	4
impressive	4
imagined	4
ill	4
idea	4
hung	4
hopes	4
high	4
herself	4
hastily	4
halted	4
guilt	4
ground	4
goat	4
glooms	4
girl	4
gently	4
gentle	4
full	4
friendship	4
forces	4
forced	4
force	4
fondly	4
following	4
flight	4
find	4
figure	4
feverish	4
fellow	4
fell	4
feelings	4
favour	4
f	4
exhausted	4
eve	4
eternal	4
endeavour	4
end	4
effort	4
easily	4
e	4
duty	4
dromore	4
driven	4
draw	4
doomed	4
domestic	4
distress	4
directed	4
desire	4
deposited	4
dejected	4
defence	4
dark	4
damp	4
covered	4
conversation	4
consult	4
conjecture	4
confident	4
collect	4
cell	4
called	4
boy	4
bound	4
both	4
bliss	4
better	4
believe	4
bear	4
back	4
avoid	4
assassin	4
aside	4
art	4
appearance	4
altered	4
altar	4
already	4
alas	4
added	4
•,	3
yon	3
woman	3
withdrew	3
wise	3
wing	3
wind	3
western	3
weakness	3
warmth	3
war	3
wanting	3
w	3
visions	3
virgin	3
village	3
victim	3
vassals	3
value	3
valuable	3
valley	3
urge	3
unfeeling	3
unavailing	3
turn	3
truth	3
triumph	3
total	3
torments	3
timid	3
thyself	3
threatened	3
third	3
things	3
theresa	3
terrors	3
tenderness	3
tell	3
tear	3
tapestry	3
taking	3
sweet	3
suspicion	3
suspended	3
surrounding	3
superior	3
sunk	3
suffer	3
steep	3
station	3
spoke	3
splendour	3
spirit	3
sort	3
sooner	3
sober	3
skeletons	3
since	3
simple	3
sighed	3
sigh	3
service	3
self	3
seized	3
seen	3
seated	3
sea	3
savage	3
rose	3
rival	3
right	3
rich	3
reward	3
reverie	3
retirement	3
result	3
respective	3
residence	3
request	3
reply	3
recent	3
recalled	3
reality	3
raven	3
randal	3
race	3
providence	3
prove	3
prospects	3
projecting	3
projected	3
prison	3
prevented	3
presence	3
prejudice	3
precaution	3
prayer	3
possessed	3
pointed	3
placed	3
perfectly	3
patiently	3
party	3
partiality	3
pardon	3
pale	3
painful	3
opposite	3
occurred	3
occasioned	3
observing	3
o'calaghan	3
numerous	3
near	3
murdered	3
monastery	3
misery	3
ministers	3
met	3
merits	3
mention	3
meditation	3
master	3
mantle	3
mankind	3
lordship	3
longer	3
liberty	3
level	3
lately	3
languid	3
language	3
labour	3
knew	3
intrude	3
interrupted	3
intentions	3
intention	3
inquired	3
ingenuous	3
indulging	3
increased	3
incapable	3
importuned	3
idle	3
ideas	3
hospitality	3
horseback	3
horrific	3
horrid	3
hinges	3
hills	3
hill	3
hid	3
herbs	3
height	3
harp	3
hard	3
hands	3
guest	3
grey	3
green	3
greater	3
gratitude	3
grand	3
got	3
glow	3
glorious	3
given	3
gates	3
fruitless	3
fortune	3
forms	3
former	3
foot	3
fond	3
foe	3
flinty	3
flattering	3
flatter	3
fire	3
finally	3
fiend	3
feel	3
fare	3
fancy	3
fancied	3
faggot	3
face	3
extent	3
extensive	3
expressive	3
expressions	3
experience	3
expectations	3
existence	3
exercise	3
events	3
estimation	3
entreated	3
entrance	3
entertainment	3
ensuing	3
enmity	3
enjoy	3
echo	3
eastern	3
ears	3
early	3
dutiful	3
due	3
dream	3
dost	3
does	3
diversified	3
disgrace	3
discordant	3
direct	3
dignity	3
difficulty	3
die	3
devotions	3
detested	3
destination	3
design	3
delicacy	3
deadly	3
days	3
dawn	3
damps	3
dagger	3
coward	3
cottage	3
continued	3
contemplative	3
contemplating	3
consider	3
congregation	3
confusion	3
confirmed	3
confined	3
conductor	3
conclusions	3
concert	3
concern	3
composure	3
common	3
collecting	3
collected	3
cloud	3
clear	3
choice	3
child	3
cheering	3
cavern	3
caught	3
casement	3
care	3
captive	3
capable	3
came	3
burnished	3
bundle	3
brighter	3
breeze	3
brave	3
bowl	3
board	3
blue	3
bis	3
beyond	3
bery	3
below	3
begin	3
become	3
beams	3
beamed	3
banditti	3
balmy	3
ballad	3
await	3
avail	3
authority	3
attendants	3
attempted	3
attained	3
assure	3
assignation	3
ascent	3
arrested	3
apprehension	3
applied	3
apparent	3
anxiety	3
alteration	3
alive	3
agony	3
age	3
affectionate	3
affection	3
admitted	3
adieu	3
accident	3
''	3
«	2
zest	2
years	2
year	2
wretches	2
wretch	2
worthy	2
works	2
wonderful	2
wonder	2
women	2
witness	2
wisdom	2
winding	2
whence	2
went	2
well-known	2
welcome	2
weight	2
weak	2
waves	2
water	2
watch	2
walk	2
waiting	2
voices	2
visitor	2
visited	2
visit	2
vision	2
visage	2
virtue	2
vindictive	2
vigour	2
views	2
venture	2
veil	2
variety	2
valued	2
usually	2
usual	2
urgent	2
unnecessary	2
unknown	2
unjust	2
undisturbed	2
unconscious	2
unceasing	2
udders	2
twas	2
turning	2
turer	2
trust	2
truculent	2
troops	2
triumphed	2
trials	2
treated	2
traveller	2
tournament	2
tottering	2
totally	2
tomorrow	2
tomb	2
ties	2
tier	2
thrown	2
thief	2
thick	2
thank	2
territory	2
terrific	2
tempestuous	2
teach	2
taste	2
tales	2
tale	2
sympathy	2
swollen	2
surrounds	2
superstitious	2
superseded	2
summoned	2
sufferings	2
subterraneous	2
subsided	2
sublunary	2
strong	2
striking	2
strictly	2
strength	2
story	2
stifled	2
steal	2
standard	2
spurned	2
springs	2
spire	2
spent	2
space	2
sounds	2
sou	2
sorrows	2
sorrow	2
sophistry	2
soothe	2
solid	2
smiles	2
sloth	2
sloping	2
slave	2
six	2
sitting	2
similar	2
silvery	2
significant	2
signal	2
shuddered	2
shrill	2
shepherd	2
shelter	2
share	2
shake	2
set	2
services	2
served	2
serve	2
sent	2
selected	2
seems	2
security	2
secret	2
secrecy	2
second	2
scowling	2
satisfied	2
sanction	2
saluted	2
sake	2
safety	2
sad	2
sacrifice	2
sacred	2
s	2
running	2
ruin	2
rolled	2
rode	2
rocky	2
retiring	2
restrain	2
restless	2
resolutions	2
reserved	2
requires	2
required	2
requested	2
reproach	2
repined	2
rendezvous	2
reluctant	2
reluctance	2
relieved	2
related	2
reigned	2
refreshing	2
reflection	2
reflected	2
reflect	2
reduced	2
recovered	2
recommending	2
recollect	2
receptacle	2
recently	2
reasons	2
reasonable	2
realms	2
ready	2
read	2
reach	2
re	2
rather	2
ran	2
radiant	2
question	2
public	2
prudent	2
providing	2
proved	2
proud	2
protector	2
protecting	2
proper	2
proofs	2
proceedings	2
proceeded	2
proceed	2
probable	2
privation	2
prisoners	2
preserve	2
preparing	2
prepared	2
preparations	2
praise	2
powerful	2
portals	2
poniard	2
politeness	2
policy	2
poisoned	2
poised	2
poetic	2
plots	2
plains	2
pity	2
phoebus	2
petrified	2
persecution	2
persecuted	2
periods	2
pensive	2
pebbled	2
passion	2
passages	2
partly	2
particularly	2
particular	2
partaken	2
partake	2
parental	2
paces	2
others	2
ornamented	2
opportunity	2
opened	2
omnipotent	2
oft	2
offered	2
occasions	2
obscure	2
obligations	2
obdurate	2
notwithstanding	2
nigh	2
news	2
new	2
nearer	2
nay	2
natural	2
nation	2
narrative	2
n	2
mystery	2
murderer	2
mrs	2
mouth	2
mouldering	2
motive	2
motions	2
moral	2
mood	2
mistaken	2
mistake	2
mission	2
miserable	2
mingled	2
milk	2
method	2
messenger	2
memory	2
medium	2
mediately	2
meantime	2
meant	2
means	2
meaning	2
matter	2
mass	2
masks	2
mark	2
manners	2
manly	2
malignity	2
making	2
makes	2
maid	2
magnificent	2
m	2
luxuriant	2
loves	2
loveliest	2
looking	2
lonely	2
loiter	2
lofty	2
loathsome	2
lives	2
live	2
lingering	2
lines	2
line	2
lily	2
liberality	2
lesser	2
leaving	2
least	2
leaden	2
lead	2
laws	2
larger	2
lam	2
laid	2
labours	2
knowledge	2
knotted	2
kind	2
kept	2
keeping	2
k	2
juvenile	2
justly	2
judged	2
jealousy	2
irregular	2
invaders	2
intrusion	2
intruded	2
introduce	2
intervals	2
instrumental	2
instant	2
inspired	2
insensibly	2
ins	2
inquisitive	2
inquiry	2
inquiries	2
inmate	2
injured	2
ing	2
informed	2
influenced	2
inflated	2
inferior	2
ineffectual	2
indulged	2
indignation	2
indifferent	2
indebted	2
imprudence	2
impossible	2
important	2
importance	2
impervious	2
immured	2
immense	2
images	2
image	2
illuminated	2
i'll	2
husband	2
hurried	2
human	2
houseless	2
hostile	2
horse	2
horn	2
horizon	2
hoped	2
honours	2
honoured	2
home	2
hither	2
hillary	2
highly	2
highest	2
hide	2
hereditary	2
held	2
heaving	2
heath	2
hearing	2
heads	2
haughty	2
hark	2
haps	2
gust	2
grating	2
gratifying	2
gratify	2
gothic	2
goats	2
go	2
gloom	2
glare	2
gives	2
generative	2
general	2
gave	2
gang	2
fruits	2
frugal	2
friends	2
frenzy	2
freedom	2
free	2
fraternity	2
forward	2
fortunate	2
forming	2
forlorn	2
forgotten	2
forget	2
fool	2
followed	2
flood	2
firmness	2
final	2
filled	2
field	2
fete	2
fervour	2
features	2
feast	2
fatigued	2
fathers	2
fairest	2
extremity	2
extremely	2
extreme	2
extinguished	2
exquisite	2
exposed	2
exploring	2
expects	2
expectation	2
expect	2
expanding	2
exist	2
exertions	2
execution	2
execute	2
exclaiming	2
excessive	2
exalted	2
evils	2
ere	2
equaliser	2
equal	2
envoy	2
entirely	2
enthusiasm	2
enter	2
enough	2
enjoyments	2
enjoying	2
enjoyed	2
enjoined	2
engaged	2
engage	2
enemy	2
endured	2
endeavours	2
endeared	2
encounter	2
empty	2
eminence	2
element	2
ejaculations	2
either	2
efforts	2
ease	2
earnestly	2
earnest	2
eagle	2
dwell	2
dreams	2
drapery	2
doubly	2
domain	2
doing	2
distinguish	2
distempered	2
disposition	2
disobedient	2
dismounted	2
dismay	2
disinterested	2
disgust	2
discovered	2
discover	2
discontent	2
disclosed	2
disappointed	2
disappoint	2
directing	2
dimly	2
dimensions	2
dim	2
dignified	2
diffidence	2
difficulties	2
different	2
died	2
determine	2
despondency	2
despised	2
despise	2
designs	2
descent	2
descended	2
depressed	2
depicted	2
departing	2
delightful	2
deity	2
degraded	2
deed	2
decline	2
declared	2
declare	2
deceived	2
deceive	2
dare	2
dangers	2
dangerous	2
d	2
curlew	2
cruel	2
crimson	2
crime	2
crept	2
creatures	2
creator	2
creation	2
court	2
courier	2
courage	2
convulsive	2
convenience	2
contradictions	2
consults	2
construed	2
consequence	2
confirm	2
conferred	2
condemned	2
concerns	2
concealing	2
con	2
composed	2
complaints	2
cold	2
cognized	2
coarse	2
clouded	2
closely	2
climb	2
cliffs	2
cliff	2
claim	2
circumstances	2
church	2
chasms	2
charmed	2
char	2
chapel	2
changed	2
chambers	2
certain	2
cemented	2
cease	2
case	2
carry	2
carried	2
carhery	2
carberv	2
candour	2
call	2
calculated	2
bv	2
burst	2
buried	2
brow	2
brotherhood	2
broken	2
broke	2
bring	2
branches	2
bowing	2
bounds	2
bold	2
body	2
bodies	2
blushes	2
blushed	2
blow	2
blood	2
blindfold	2
blinded	2
blessings	2
bleak	2
bidding	2
best	2
besides	2
bent	2
bench	2
bells	2
beholding	2
bearing	2
bars	2
bar	2
banquet	2
awful	2
awe	2
away	2
awake	2
awaits	2
awaited	2
avonmore	2
avenue	2
author	2
augur	2
attire	2
attentions	2
attends	2
attend	2
attack	2
attachment	2
ate	2
astonishment	2
aspiring	2
ask	2
ascended	2
ascendancy	2
arts	2
artful	2
armed	2
arise	2
approve	2
approbation	2
anticipating	2
animal	2
anguished	2
amuse	2
ambition	2
alternately	2
allaying	2
alarming	2
alarmed	2
aisles	2
ah	2
affliction	2
afflicted	2
adventure	2
advancing	2
adoration	2
admiration	2
addressed	2
action	2
acquire	2
acknowledgments	2
acknowledged	2
acknowledge	2
according	2
absorbs	2
absence	2
abode	2
abbess	2
abandoned	2
."'	2
),	2
■■	1
■with	1
■"	1
€	1
•weariness	1
•ia	1
•/	1
„	1
¥	1
}*	1
|arabic5+digit|	1
{{	1
zenith	1
zeal	1
youths	1
youthful	1
yourself	1
yours	1
your.g	1
yonder	1
yielding	1
yield	1
ye	1
y	1
xow	1
wrought	1
wrote	1
write	1
wreck	1
wrath	1
wrapped	1
wounds	1
wounded	1
wound	1
worst	1
worse	1
wore	1
wood	1
wondered	1
won	1
woes	1
woe	1
wlien	1
withe	1
wintery	1
winter	1
winds	1
windings	1
wilson	1
wilderness	1
wihte	1
wih	1
wife	1
widowed	1
wide	1
whispered	1
whisper	1
whims	1
whilsi	1
whfte	1
whatever	1
wham	1
wet	1
west	1
wept	1
weigh	1
weeping	1
weeks	1
wedges	1
weather	1
wear	1
weapon	1
wc	1
watered	1
watched	1
waste	1
warriors	1
warrior	1
warns	1
warfare	1
wants	1
want	1
wanderings	1
wan	1
walked	1
waked	1
waited	1
wag	1
wa	1
vulgarly	1
vulgar	1
vows	1
voluntary	1
volume	1
vociferations	1
vivifying	1
vivacity	1
visual	1
visits	1
visiting	1
visible	1
visaged	1
violence	1
violate	1
vile	1
vigilance	1
vie	1
vicissitudes	1
vibrate	1
vet	1
vespers	1
verge	1
verdure	1
venturing	1
vengeance	1
veneration	1
velvet	1
vegetation	1
vegetable	1
vaulted	1
vault	1
vast	1
vassal	1
vas	1
varying	1
varnish	1
variously	1
varied	1
varbery	1
vapours	1
vapour	1
vanished	1
vanish	1
vales	1
vainglorious	1
utteied	1
useless	1
urged	1
upreared	1
unusual	1
untutored	1
unthinking	1
unsteady	1
unprotected	1
unpleasant	1
unobservant	1
unnatural	1
unmerciful	1
unloaded	1
universe	1
universal	1
united	1
unison	1
unfriended	1
unfortunately	1
unexpected	1
uneasiness	1
understood	1
undermined	1
uncertain	1
unburthened	1
unalloyed	1
unaffected	1
unaccountable	1
uhimj	1
tyrant	1
tyranny	1
tyrannous	1
twere	1
turrets	1
tumultuous	1
tumult	1
tumbled	1
tufted	1
tuft	1
ttte	1
trusty	1
trumpets	1
trumpet	1
troubled	1
trouble	1
trial	1
trespassed	1
trepan	1
tremity	1
tremendous	1
trembling	1
trembled	1
tree	1
treatment	1
treaties	1
tread	1
treachery	1
treacherous	1
traversed	1
traverse	1
transported	1
translated	1
transitory	1
transition	1
transactions	1
tranquillization	1
tranquillity	1
tranquillising	1
trampling	1
train	1
tract	1
tower	1
tournaments	1
toung	1
touch	1
torturing	1
tortured	1
torrents	1
torrent	1
torch	1
top	1
tongue	1
tone	1
tolls	1
tolling	1
tolled	1
toll	1
told	1
toiling	1
toiled	1
toe	1
today	1
to2tx	1
tlae	1
title	1
tis	1
tipped	1
tion	1
tint	1
tinkling	1
times	1
tim	1
tills	1
tide	1
ticable	1
thv	1
throws	1
throw	1
throne	1
throbbing	1
throat	1
threw	1
threshold	1
three	1
threatening	1
thousand	1
thoughts	1
thither	1
thinly	1
thing	1
themselves	1
th	1
tfie	1
texture	1
textur'd	1
tetire	1
testimony	1
testimonies	1
terror	1
territories	1
terminating	1
tend	1
temporary	1
tempest	1
temperate	1
tedious	1
tears	1
tc	1
tardy	1
tardiness	1
tapped	1
tapers	1
tally	1
talents	1
tables	1
symptoms	1
swoon	1
swept	1
swelled	1
swell	1
sweetly	1
sweetened	1
sweeping	1
sward	1
swain	1
swage	1
sutler	1
sustenance	1
sustained	1
suspicions	1
suspense	1
suspect	1
surrender	1
surprised	1
surmounting	1
surmised	1
surmise	1
surly	1
surge	1
surfer	1
sure	1
supporting	1
supplied	1
supplication	1
supplicate	1
supernatural	1
superfluous	1
sunshine	1
sumptuous	1
summon	1
suggestion	1
suggested	1
suffering	1
succession	1
subversive	1
submitting	1
submitted	1
submit	1
sublime	1
suavity	1
stupor	1
stupefaction	1
study	1
studiously	1
studious	1
studies	1
struggled	1
struggle	1
struck	1
strongly	1
strokes	1
strike	1
strides	1
strict	1
streams	1
streamlet	1
strays	1
strayed	1
stratagems	1
stratagem	1
strangers	1
strangely	1
strained	1
strain	1
stormed	1
stopped	1
stop	1
stonework	1
stole	1
sternly	1
stench	1
stem	1
steer	1
steel	1
steeds	1
stealing	1
steady	1
steadfastly	1
stay	1
stately	1
startle	1
starting	1
start	1
stand	1
staircase	1
stain	1
st	1
squalid	1
spreads	1
spreading	1
sporting	1
splenetic	1
splashing	1
spires	1
spies	1
sphere	1
speedily	1
speed	1
spectre	1
spectator	1
spectacles	1
sparing	1
spalpeens	1
spacious	1
sounded	1
sorry	1
soothings	1
soothing	1
sooa	1
sons	1
son-in-law	1
sometimes	1
solitude	1
solicitations	1
solemnization	1
solemnised	1
solely	1
sold	1
solace	1
sojourn	1
softened	1
soft	1
sneer	1
smiling	1
smiled	1
smart	1
slumbering	1
slippery	1
slept	1
slavery	1
slaughter	1
sky	1
skins	1
sincerely	1
similitude	1
silvered	1
silver	1
silly	1
silken	1
signifying	1
significancy	1
sighs	1
sighing	1
sides	1
sickly	1
sick	1
shut	1
shrouded	1
shrinking	1
shrink	1
shrilly	1
shrieks	1
shriek	1
shout	1
shone	1
shock	1
shivering	1
ship	1
shine	1
shifting	1
shell	1
sheep	1
sharpness	1
sham	1
shak	1
shah	1
sex	1
severities	1
settled	1
setting	1
serpentine	1
serious	1
sequestrated	1
sequestered	1
sepulchre	1
separate	1
sentence	1
sensibility	1
sensations	1
sensation	1
seize	1
seeing	1
sedulously	1
seduced	1
securities	1
secrets	1
secretly	1
seclusion	1
secluded	1
seas	1
search	1
seagulls	1
seacoast	1
scrutinising	1
screams	1
screaming	1
scouling	1
scorned	1
scorn	1
scintillations	1
sceptre	1
scenery	1
scarce	1
scant	1
sbaks	1
saying	1
satisfies	1
satisfaction	1
sated	1
sanguine	1
sanctuary	1
sanctioned	1
sallies	1
saj	1
sailor	1
sailed	1
sage	1
sadness	1
sadly	1
sacerdotal	1
sa	1
ry	1
rustling	1
rustic	1
russet	1
rushy	1
rushen	1
rural	1
rupt	1
rung	1
ruffians	1
rudely	1
rude	1
rrfach	1
rows	1
rowers	1
rove	1
route	1
round	1
rough	1
rosary	1
root	1
room	1
roiled	1
rocked	1
robinum	1
robinson	1
roaring	1
riveting	1
riveted	1
rising	1
rise	1
ringing	1
ring	1
riio	1
rigour	1
rigid	1
rightly	1
riding	1
ridiculous	1
ridges	1
ridge	1
richer	1
rhe	1
rewards	1
revolving	1
revolts	1
revive	1
revival	1
reverse	1
reveries	1
reverential	1
reverence	1
reverberated	1
revenging	1
returning	1
retreats	1
retirements	1
retina	1
resuming	1
restorative	1
responsive	1
respectful	1
respected	1
resources	1
resounding	1
resounded	1
resolves	1
resolution	1
resisted	1
resigned	1
resign	1
resided	1
reservoir	1
resentments	1
resemblance	1
researches	1
require	1
requesting	1
repulse	1
representations	1
represent	1
repmki&s	1
replete	1
repeated	1
rent	1
renewed	1
renew	1
removed	1
remove	1
removal	1
remembrance	1
remembered	1
remedy	1
remark	1
remains	1
relinquish	1
relief	1
released	1
relation	1
rejoined	1
reinforcement	1
regular	1
regret	1
regions	1
region	1
regattas	1
regatta	1
regard	1
refugee	1
refuge	1
refreshment	1
refinement	1
ref	1
recruiting	1
recruited	1
recovery	1
recovering	1
recover	1
records	1
reconciler	1
recompense	1
recommend	1
recollection	1
recollected	1
recoiled	1
recognised	1
recognise	1
reclined	1
reception	1
receiving	1
receive	1
receded	1
recapitulation	1
recall	1
rebecca	1
reasoning	1
reared	1
reading	1
readied	1
rave	1
rattled	1
rash	1
rapidity	1
ranks	1
range	1
rambled	1
raising	1
rains	1
rain	1
rage	1
racing	1
quite	1
quarters	1
quarter	1
quality	1
putting	1
pursuit	1
pursuing	1
pursued	1
purposed	1
purple	1
pulsations	1
publicly	1
pshaw	1
pry	1
provisions	1
province	1
provided	1
protuberances	1
protuberance	1
proteus	1
protectress	1
protect	1
prostrated	1
prostrate	1
proposition	1
proposing	1
proposed	1
proposals	1
proposal	1
propitious	1
promises	1
promiser	1
promised	1
project	1
profound	1
profession	1
products	1
productive	1
produced	1
procession	1
proceeds	1
proceeding	1
probability	1
proaching	1
private	1
printed	1
principle	1
principality	1
principal	1
preying	1
prey	1
prevails	1
pretence	1
presumed	1
press	1
preside	1
preserver	1
preserved	1
presents	1
presently	1
prescribed	1
prepare	1
preparatory	1
premise	1
preferring	1
preferred	1
preface	1
predecessor	1
precluded	1
precipitation	1
precarious	1
preaching	1
pray	1
pounce	1
postures	1
posture	1
posts	1
possibly	1
possible	1
possessor	1
possessions	1
possession	1
possessing	1
position	1
portrayed	1
portraits	1
poor	1
pondering	1
polite	1
polished	1
poem	1
plunderers	1
plunder	1
plumage	1
plotting	1
plighted	1
plebeian	1
pleasing	1
pleased	1
pleasant	1
plead	1
plays	1
played	1
plates	1
plat	1
plan	1
places	1
pitch	1
pined	1
pillars	1
pilgrimage	1
piles	1
piled	1
pier	1
picturesque	1
physician	1
philosophic	1
phantoms	1
pervades	1
persons	1
perpetual	1
perish	1
period	1
peri	1
performing	1
perfidy	1
perfidious	1
perfections	1
per	1
penetrate	1
pended	1
pendant	1
peerless	1
peeped	1
peculiarly	1
peals	1
pay	1
pauses	1
paused	1
pause	1
patient	1
passive	1
passing	1
passage	1
pass	1
partook	1
partner	1
parting	1
parties	1
paradise	1
papers	1
palpitating	1
pallid	1
paleness	1
pair	1
painter	1
pains	1
pages	1
packages	1
paced	1
pace	1
p	1
owli	1
owes	1
owed	1
owe	1
overtaken	1
overspread	1
overrated	1
ove	1
outrageous	1
outrage	1
outerside	1
ought	1
ou	1
ostentation	1
osiery	1
ornaments	1
ornament	1
orisons	1
oriental	1
order	1
oppressive	1
oppress	1
opposes	1
oppose	1
opponents	1
opiate	1
operating	1
operate	1
opening	1
open	1
oozing	1
omniscience	1
omened	1
oh	1
offspring	1
officious	1
officiating	1
office	1
offering	1
offensive	1
offended	1
odium	1
odious	1
od	1
occupation	1
obtained	1
obtain	1
obscured	1
oblivion	1
obligation	1
objections	1
obeyed	1
obedient	1
obedience	1
oar	1
o'callaghan	1
nurse	1
numbers	1
numbered	1
number	1
nth	1
noxious	1
nought	1
notice	1
note	1
noon	1
none	1
nitv	1
ning	1
nineteen	1
nil'ht	1
niece	1
nice	1
ni&ht	1
nestled	1
nel	1
neglected	1
needy	1
nee	1
necessity	1
necessities	1
naturally	1
nattering	1
native	1
nations	1
naked	1
mv	1
muttered	1
music	1
murmuring	1
murmur	1
murky	1
murderers	1
munificence	1
ms	1
move	1
mounteth	1
mounted	1
mount	1
mound	1
mould	1
motives	1
motion	1
mother	1
moss	1
mortal	1
morsel	1
morrow	1
moonlight	1
monaster	1
momentary	1
mocked	1
mists	1
mistress	1
miseries	1
mirror	1
mingling	1
mine	1
militate	1
miles	1
milder	1
mid	1
methinks	1
metal	1
message	1
merit	1
meridian	1
mercy	1
mentioned	1
member	1
meeting	1
meditate	1
measures	1
measure	1
mazy	1
mazes	1
maturity	1
matters	1
mat	1
massy	1
massive	1
mas	1
marked	1
maria	1
marches	1
marched	1
manuscripts	1
mantled	1
mansion	1
manhood	1
management	1
malignant	1
malice	1
malevolence	1
malady	1
majestic	1
magnificence	1
magical	1
madness	1
lust	1
lurking	1
lulls	1
lull	1
lttiois	1
loyalty	1
lowering	1
lover	1
loud	1
lothsome	1
lose	1
lordly	1
lookingjailor	1
loitered	1
locks	1
locked	1
load	1
lo	1
llan	1
living	1
livery	1
liu	1
littered	1
listening	1
listened	1
listed	1
liquor	1
lips	1
linger	1
lineaments	1
lincoln	1
limbs	1
liis	1
lightning	1
lies	1
leveller	1
lethargic	1
leno	1
leisure	1
legible	1
leaves	1
league	1
leading	1
laying	1
laughing	1
laudable	1
lattice	1
latter	1
latitude	1
lateness	1
lassitude	1
lashes	1
lark	1
largeness	1
large	1
lap	1
lanthern	1
landscape	1
landed	1
land	1
lamp	1
lamented	1
lagging	1
la	1
l6j	1
kxtgiit	1
kxlgiiiv	1
kxigi1t	1
kx1>	1
known	1
knou	1
knell	1
kiss	1
kir.c	1
kindness	1
kindly	1
kid	1
kick	1
ken	1
keepers	1
jutting	1
jutted	1
justify	1
jump	1
judging	1
judgement	1
joys	1
joyless	1
joining	1
jo	1
jesu	1
jeeture	1
jecture	1
jcy	1
ith	1
irrevocably	1
irretrievably	1
irons	1
ir	1
involved	1
involuntary	1
invites	1
invite	1
invincible	1
inveterate	1
invention	1
invectives	1
invariably	1
invaluable	1
invade	1
inundated	1
intruding	1
intricate	1
intimation	1
interwoven	1
interviews	1
interview	1
intervened	1
interval	1
interstices	1
interruption	1
interrogatories	1
interposition	1
intermediate	1
interference	1
interests	1
interesting	1
intentionally	1
intend	1
intelligence	1
inte	1
insulted	1
instead	1
instance	1
inspire	1
insolent	1
insinuating	1
insensible	1
inquisitiveness	1
innocence	1
inhales	1
inhabited	1
inhabit	1
ingratitude	1
ingloriously	1
inflexible	1
inflates	1
inflame	1
infirmity	1
infinite	1
infects	1
infancy	1
inestimable	1
industry	1
induced	1
indolence	1
indirectly	1
indig	1
independent	1
incur	1
incrusted	1
incrustation	1
increasing	1
increase	1
inconvenience	1
incomprehensible	1
includes	1
inclinations	1
inclination	1
incessantly	1
inattentive	1
inadvertently	1
inactive	1
imputed	1
improper	1
improbable	1
imprinted	1
impression	1
impregnable	1
impracticableness	1
impracticable	1
impose	1
importunate	1
implores	1
implore	1
impiously	1
impertinent	1
impertinence	1
imperceptible	1
impending	1
impel	1
impatiently	1
impassioned	1
imparting	1
immutable	1
immnurings	1
immeasurable	1
imaginable	1
im	1
illusions	1
illegible	1
ilandal	1
iik	1
ihe	1
idy	1
idol	1
icy	1
hymn	1
hymeneal	1
hve	1
hushed	1
hunger	1
hundred	1
humour	1
humbled	1
hum	1
hoy	1
hovering	1
hostilities	1
horses	1
horroi	1
horrible	1
horison	1
hoping	1
hoop	1
honest	1
holy	1
hollo	1
holds	1
hobbled	1
hoarse	1
hitherto	1
hisbreask	1
hilst	1
higher	1
hideous	1
hetter	1
heroine	1
herds	1
herd	1
herald	1
help	1
heavens	1
heaved	1
heat	1
hearth	1
hears	1
hear	1
he^adfrom	1
hawl	1
haven	1
hauled	1
hat	1
hast	1
hase	1
harsh	1
harrowed	1
harrier	1
harm	1
harbour	1
hang	1
hance	1
hamlets	1
hamlet	1
hall	1
halfway	1
hairs	1
haircloth	1
habitation	1
habit	1
guilty	1
guests	1
grown	1
growl	1
groped	1
grin	1
grievous	1
griefs	1
greatness	1
greatest	1
grave	1
gratified	1
gratifications	1
grass	1
grasping	1
grant	1
grandeur	1
goodness	1
goldsmith	1
golden	1
gold	1
goddess	1
god	1
glossy	1
glory	1
gleam	1
glanviile	1
glanced	1
glance	1
giving	1
girls	1
giddy	1
ghost	1
ghastly	1
get	1
gentlemen	1
genius	1
gazed	1
gate	1
garb	1
gale	1
gain	1
gagged	1
fury	1
furrows	1
furrowed	1
furnished	1
funeral	1
fuel	1
frowned	1
frontiers	1
fringed	1
fright	1
friendly	1
friendless	1
fretwork	1
frca	1
fraternal	1
frantic	1
fox	1
four	1
founding	1
foul	1
fortitude	1
forsake	1
formerly	1
forgot	1
forfeit	1
forest	1
forbids	1
forbid	1
foolish	1
fondest	1
follow	1
foliage	1
folds	1
foil	1
flowery	1
flowed	1
flocks	1
floating	1
floated	1
flings	1
flights	1
flew	1
fleeting	1
fleetest	1
fleecy	1
flattery	1
flashes	1
flashed	1
flag	1
fixing	1
five	1
fitted	1
fissures	1
firm	1
fine	1
filial	1
filed	1
fight	1
fiery	1
fidelity	1
ficku*	1
fevr	1
fever	1
feudal	1
fetched	1
fervency	1
fertilising	1
ferociously	1
ferocious	1
fellows	1
feels	1
feeding	1
feebly	1
feeble	1
feasts	1
fears	1
favourably	1
fastnesses	1
fascinating	1
farewell	1
fantastic	1
fancying	1
famished	1
familiar	1
faltering	1
false	1
fallen	1
fallacious	1
faithful	1
faith	1
fairy	1
faintly	1
faint	1
fails	1
failed	1
fail	1
fades	1
faded	1
fabric	1
exulting	1
extraordinary	1
extracted	1
extorted	1
extort	1
extenuation	1
extending	1
extended	1
extend	1
exquisitely	1
expulsion	1
expressively	1
expression	1
expressed	1
express	1
expose	1
expired	1
expense	1
expel	1
expedition	1
expecting	1
expanse	1
exo	1
existed	1
exiled	1
exhorting	1
exertion	1
exerting	1
exerted	1
exert	1
executioner	1
executed	1
excluded	1
exclamations	1
exclaim	1
excite	1
excepting	1
excelling	1
excelled	1
exceedingly	1
exceed	1
example	1
examined	1
exalt	1
ex	1
evil	1
evidently	1
evident	1
evidence	1
everything	1
event	1
evaporate	1
et	1
estranging	1
esteemed	1
estate	1
established	1
escaping	1
erroneous	1
eriiaps	1
er	1
equally	1
epithet	1
enwove	1
enveloped	1
entreaties	1
entreat	1
entrails	1
entombed	1
entitled	1
entitle	1
enthusiastic	1
entertained	1
entertain	1
entering	1
enraptured	1
ennobling	1
enlivening	1
enjoys	1
enjoining	1
engendered	1
engender	1
engagements	1
enfeebled	1
energy	1
enemies	1
endure	1
ended	1
endeavouring	1
endeavoured	1
enclosed	1
enchained	1
encamped	1
employment	1
employed	1
emotion	1
emerged	1
embosomed	1
emaciated	1
elucidate	1
elms	1
elevated	1
elegance	1
elapsed	1
ejecting	1
effected	1
educated	1
eclairclssement	1
echoes	1
ebon	1
easy	1
east	1
earnestness	1
eagles	1
dwells	1
dwelled	1
dust	1
during	1
dull	1
dry	1
drowsy	1
drowned	1
drove	1
drops	1
driving	1
drinking	1
dried	1
dreai	1
drawn	1
drawing	1
drawbridge	1
draughts	1
draught	1
dozen	1
doted	1
doom	1
domestics	1
doer	1
dizziness	1
divine	1
dividing	1
divested	1
disturb	1
distracted	1
distinguished	1
distinctly	1
distinctions	1
dissolution	1
dissimilar	1
disregard	1
disquietude	1
disposer	1
dispose	1
display	1
dispersing	1
dispel	1
disordered	1
disorder	1
dislikes	1
disinherit	1
disguised	1
disguise	1
disgraced	1
disengaged	1
disengage	1
disease	1
discovering	1
discord	1
discontented	1
disappearing	1
disappeared	1
disappearance	1
disagreeable	1
disadvantage	1
dis	1
director	1
directions	1
direction	1
diminution	1
dimen	1
dilemma	1
diiliculty	1
dignify	1
diffused	1
difficult	1
differently	1
dictate	1
dial	1
diadem	1
dew	1
devoutly	1
devout	1
devoted	1
devote	1
devoid	1
detestation	1
determination	1
destiny	1
despotism	1
desponding	1
desperate	1
despairing	1
desolating	1
desired	1
desirable	1
descry	1
descriptions	1
derived	1
depth	1
deprived	1
deprive	1
depot	1
deplore	1
dependant	1
depend	1
departure	1
denoted	1
denial	1
den	1
demon	1
democrat	1
demand	1
delving	1
delusion	1
deluging	1
deluged	1
deluding	1
delivered	1
delirium	1
delights	1
delighted	1
delicate	1
deliberations	1
deliberation	1
deliberating	1
degrees	1
degrade	1
deferred	1
defend	1
defection	1
defaced	1
deeply	1
deeper	1
declivity	1
declivities	1
declining	1
declarations	1
decisive	1
deaths	1
deathlike	1
dearest	1
de	1
darting	1
dart	1
darker	1
darest	1
dappled	1
cwcry	1
cuts	1
cut	1
custom	1
curse	1
current	1
curiosity	1
crystalized	1
cry	1
crusted	1
cruelty	1
crowded	1
crowd	1
crisis	1
crew	1
creeps	1
credit	1
creature	1
creative	1
creating	1
create	1
crazy	1
cravings	1
craggy	1
cr	1
cq	1
cowled	1
cowardly	1
courtesy	1
courses	1
couriers	1
country	1
cottagers	1
cottager	1
corruscations	1
corrected	1
cool	1
convulsed	1
convince	1
conviction	1
conveyed	1
convey	1
converts	1
conversant	1
convent	1
contribute	1
contracting	1
contented	1
content	1
contemplation	1
contained	1
contain	1
consummation	1
consumed	1
consulted	1
construe	1
construction	1
constructed	1
consternation	1
constant	1
consisted	1
consigned	1
consideration	1
consequences	1
consent	1
conrad	1
connected	1
conjured	1
conjure	1
conjectures	1
congratulate	1
confused	1
conform	1
conflict	1
confine	1
conference	1
conductors	1
conducting	1
concerting	1
conception	1
conceived	1
conceit	1
conceals	1
concealed	1
conceal	1
composedly	1
compliment	1
complied	1
complete	1
compels	1
compelled	1
company	1
companion	1
communication	1
communicating	1
commotion	1
committing	1
committee	1
commit	1
commence	1
commands	1
commanding	1
command	1
comforting	1
comforter	1
comforted	1
comfortable	1
colours	1
colour	1
collection	1
collared	1
coincidence	1
coiild	1
coffin	1
coast	1
closing	1
closet	1
cloisters	1
clifts	1
clift	1
clash	1
clanking	1
clank	1
clangour	1
claiming	1
claimed	1
circumvolutions	1
circumstance	1
circumspection	1
circumambulated	1
circuitous	1
christian	1
chosen	1
chisel	1
chilling	1
chieftains	1
chided	1
cherub	1
cheerfulness	1
cheerful	1
cheered	1
cheer	1
cheeks	1
checks	1
cheat	1
chasing	1
charnel	1
charms	1
charming	1
charitable	1
characters	1
characterise	1
chandeliers	1
chance	1
cf	1
cetera	1
cerulean	1
certainly	1
censorious	1
celestial	1
ceaseless	1
cavity	1
caverns	1
cave	1
cautioned	1
cattle	1
casualty	1
casualties	1
casual	1
casting	1
carol	1
cariosity	1
cargo	1
cares	1
carbeiy	1
carbcry	1
capricious	1
cany	1
canopy	1
canopied	1
cancel	1
calumniator	1
calmer	1
calls	1
callow	1
callous	1
calling	1
caio	1
cadaverous	1
bustling	1
bursts	1
burned	1
burden	1
brokenhearted	1
broad	1
brighten	1
bright	1
brief	1
bred	1
breathed	1
breathe	1
breath	1
breach	1
brazen	1
brain	1
bow	1
bottle	1
bosoms	1
bore	1
booty	1
book	1
bonds	1
boldly	1
boding	1
boat	1
boasted	1
blows	1
blown	1
bloomed	1
bloom	1
blindfolded	1
blew	1
blessing	1
blended	1
blaze	1
blasts	1
blasted	1
blame	1
black	1
bitter	1
birth	1
bird	1
bind	1
bim	1
big	1
beware	1
bevond	1
beverage	1
betrayed	1
betook	1
beside	1
berries	1
benighted	1
benevolence	1
benefactor	1
bend	1
beings	1
behold	1
begun	1
beguile	1
beg	1
beetle	1
becoming	1
beckoning	1
beckoned	1
became	1
beauty	1
beautifully	1
beauties	1
beat	1
beard	1
bead	1
beach	1
batwing	1
battlements	1
battlement	1
battle	1
barriers	1
barge	1
barely	1
bare	1
bard	1
banquets	1
banks	1
banish	1
bandage	1
band	1
balm	1
balls	1
badger	1
awhile	1
awfully	1
aware	1
avowed	1
avoiding	1
avidity	1
avert	1
aver	1
avenues	1
avenging	1
avaunt	1
availing	1
auxiliary	1
auxiliaries	1
austerity	1
augmented	1
augment	1
aud	1
attributed	1
attractive	1
attract	1
attitude	1
attentively	1
attendance	1
attain	1
attached	1
attach	1
atlantic	1
atea	1
asylum	1
astonishing	1
astonished	1
assurance	1
assuming	1
assume	1
assuage	1
assisted	1
assistance	1
assist	1
assembled	1
assemblage	1
assaults	1
assault	1
assassins	1
aspect	1
asks	1
ashamed	1
ash	1
aseend	1
ascending	1
arriving	1
arrive	1
array	1
arras	1
arranging	1
arrangements	1
arranged	1
arraign	1
army	1
armies	1
aristocrat	1
arisen	1
arguments	1
argument	1
ardour	1
arched	1
arc	1
arbutus	1
aquatic	1
approved	1
approaches	1
apprehensive	1
apprehend	1
apply	1
applause	1
applaud	1
appetite	1
appear	1
appeal	1
apparently	1
apparatus	1
appals	1
apology	1
apologise	1
apologies	1
aperture	1
apathy	1
apartments	1
ap	1
anything	1
anxiously	1
antique	1
antiquated	1
antidote	1
announces	1
announced	1
annexed	1
animosity	1
animated	1
angry	1
ancl	1
anchoret	1
ancestry	1
ancestors	1
amusement	1
ample	1
amorous	1
amiable	1
ambitious	1
amazement	1
always	1
altogether	1
aloft	1
almighty	1
allusions	1
allude	1
allowed	1
allowance	1
allotted	1
allies	1
allied	1
alighted	1
alarm	1
aiy	1
aisle	1
ain	1
aikenside	1
aikcnsidu	1
aid	1
agreeable	1
agonising	1
aghast	1
ages	1
aged	1
afterwards	1
affairs	1
affability	1
aerial	1
aeriai	1
adventurer	1
adven	1
advantages	1
advantage	1
advance	1
adoring	1
adopt	1
admit	1
admired	1
admirably	1
administered	1
address	1
additional	1
adamantine	1
actions	1
across	1
acquainted	1
acknowledgements	1
accustomed	1
accuse	1
accounted	1
accompany	1
accidentally	1
access	1
acceptation	1
acceptable	1
accept	1
accents	1
abyss	1
absorbed	1
abroad	1
abounded	1
abodes	1
able	1
ability	1
abhorrence	1
abate	1
^l/arbery	1
^ihe	1
\ent	1
>miie	1
<afe	1
<;	1
<*	1
<(	1
<	1
0*calaghan	1
/"	1
/	1
..	1
.)	1
--	1
*•	1
*'	1
'*	1
&■	1
&	1
%	1
"'	1
""	1
!''	1
!'	1
!"'	1
