the	5673
,	4991
.	3257
to	2228
of	2168
"	1895
i	1651
and	1571
he	1393
that	1288
in	1221
a	1188
was	1112
had	1095
it	858
—	813
his	758
not	678
you	618
at	605
on	589
monsieur	581
him	526
with	512
for	506
is	499
have	494
as	464
we	462
by	431
."	424
which	418
me	414
my	407
her	405
but	375
stangerson	373
rouletabille	368
be	358
been	357
;	340
'	336
this	328
from	317
said	311
|'s|	310
mademoiselle	296
no	295
there	292
room	283
were	278
she	266
?"	264
what	262
when	249
!	249
?	248
darzac	247
man	236
who	230
larsan	230
if	230
murderer	223
then	222
all	221
us	220
so	220
an	208
would	206
did	203
one	202
!"	202
could	193
|arabic3digit|	188
:	182
are	180
door	179
time	172
out	169
do	169
daddy	167
know	165
made	158
jacques	156
they	155
into	151
window	141
chateau	140
has	139
|arabic2digit|	135
himself	131
will	130
left	130
yellow	126
must	126
gallery	126
only	123
before	123
or	122
now	120
nothing	119
how	119
after	118
any	116
very	115
asked	114
robert	113
night	112
them	111
our	110
see	109
more	109
way	107
some	107
frederic	105
found	103
about	103
saw	101
two	100
here	95
come	95
up	94
than	93
hand	91
where	90
heard	89
moment	88
open	87
young	86
seen	86
went	85
am	85
should	83
"'	83
say	82
crime	81
because	79
your	78
replied	78
laboratory	78
right	77
other	77
never	77
without	76
why	76
may	76
think	75
de	74
these	73
tell	73
pavilion	73
go	73
back	73
magistrate	72
its	72
can	72
well	71
myself	70
friend	70
same	69
much	69
yes	68
thought	67
still	67
eyes	67
president	66
little	66
chamber	66
towards	64
since	64
place	64
being	64
first	63
while	61
over	61
once	61
might	61
father	61
took	60
their	60
make	60
going	60
face	60
day	60
marquet	59
like	59
keeper	59
.'	59
find	58
court	58
daughter	57
off	56
glandier	56
doubt	56
don't	56
came	56
under	55
revolver	55
great	55
away	55
told	54
examining	54
even	54
through	53
shall	53
mystery	53
evening	53
entered	53
bed	53
take	52
get	52
silence	51
head	51
vestibule	50
opened	50
old	50
floor	50
able	50
reason	49
anything	49
yet	48
matter	48
having	48
half	48
cried	48
again	48
reporter	47
light	47
already	47
passed	46
sure	45
quite	45
park	45
most	45
looked	45
also	45
too	44
taken	44
professor	44
letter	44
fred	44
wall	43
turning	42
those	42
given	42
end	42
many	41
long	41
evidently	41
donjon	41
appeared	41
against	41
years	40
words	40
understand	40
rance	40
let	40
last	40
however	40
case	40
between	40
work	39
side	39
nor	39
name	39
key	39
give	39
followed	39
cane	39
almost	39
strange	38
perhaps	38
mind	38
alone	38
table	37
something	37
paris	37
coming	37
believe	37
|arabic1digit|	36
turned	36
own	36
mathieu	36
ll	36
knew	36
hour	36
escape	36
during	36
!'	36
returned	35
reached	35
put	35
joseph	35
better	35
behind	35
another	35
whole	34
seemed	34
question	34
o'clock	34
leave	34
just	34
hands	34
got	34
gone	34
felt	34
everything	34
continued	34
whom	33
such	33
paper	33
morning	33
looking	33
later	33
immediately	33
help	33
cry	33
truth	32
nt	32
marks	32
look	32
large	32
inexplicable	32
brought	32
boots	32
blood	32
arthur	32
woman	31
three	31
rather	31
least	31
ladder	31
hair	31
ground	31
explain	31
enough	31
du	31
does	31
closed	31
remained	30
q	30
past	30
fact	30
evidence	30
every	30
escaped	30
black	30
soon	29
post	29
placed	29
lost	29
led	29
herself	29
concierges	29
certainly	29
called	29
ah	29
|romannumeral|	28
upon	28
traces	28
rouleta	28
people	28
new	28
inn	28
far	28
windows	27
whether	27
tried	27
tragedy	27
terrible	27
son	27
red	27
learned	27
held	27
good	27
gate	27
footprints	27
five	27
explained	27
epinay	27
down	27
doing	27
chapter	27
both	27
bille	27
attack	27
ask	27
■	26
tone	26
speak	26
point	26
longer	26
idea	26
chief	26
arrived	26
?'	26
thing	25
s	25
part	25
near	25
murder	25
life	25
known	25
further	25
few	25
explanation	25
ballmeyer	25
affair	25
word	24
until	24
suddenly	24
sound	24
lady	24
impossible	24
course	24
body	24
assassin	24
answer	24
stanger	23
shut	23
nobody	23
making	23
madame	23
four	23
certain	23
always	23
voice	22
round	22
remember	22
really	22
present	22
possible	22
lit	22
it's	22
ever	22
wound	21
world	21
use	21
though	21
things	21
ten	21
steps	21
second	21
return	21
passing	21
papers	21
letabille	21
knows	21
drew	21
detective	21
death	21
dead	21
cannot	21
america	21
state	20
spoke	20
small	20
rou	20
piece	20
neither	20
kept	20
importance	20
hope	20
front	20
following	20
dieu	20
close	20
clear	20
bon	20
became	20
added	20
wing	19
watch	19
registrar	19
pass	19
opening	19
oh	19
need	19
m	19
knowing	19
forest	19
fired	19
examination	19
epoque	19
done	19
days	19
concierge	19
bete	19
arrested	19
along	19
taking	18
surprised	18
showed	18
sent	18
robbery	18
office	18
met	18
mean	18
interested	18
feet	18
desk	18
dark	18
committed	18
blinds	18
begged	18
attention	18
answered	18
above	18
zac	17
wish	17
times	17
secret	17
road	17
received	17
proof	17
presence	17
plan	17
phrase	17
often	17
obliged	17
natural	17
minutes	17
keep	17
iron	17
impression	17
green	17
garden	17
foot	17
enter	17
either	17
easily	17
drawn	17
dar	17
corner	17
ceiling	17
attic	17
article	17
ago	17
(	17
wounded	16
want	16
turn	16
trial	16
threshold	16
theory	16
story	16
spite	16
sleep	16
six	16
shots	16
seeing	16
saint	16
rose	16
reasoning	16
quickly	16
pocket	16
person	16
occurred	16
noise	16
next	16
locked	16
length	16
leading	16
important	16
heart	16
gave	16
forehead	16
footmarks	16
examined	16
care	16
business	16
boudoir	16
bone	16
anybody	16
allow	16
white	15
weapon	15
train	15
surprise	15
surete	15
stang	15
sort	15
sign	15
set	15
seems	15
seated	15
science	15
saying	15
save	15
purpose	15
perfectly	15
path	15
moved	15
means	15
lips	15
late	15
kill	15
itself	15
inside	15
inquiry	15
innocent	15
hypothesis	15
hide	15
hear	15
flight	15
expected	15
erson	15
engaged	15
dressed	15
big	15
bernier	15
began	15
allowed	15
wished	14
uttered	14
understood	14
thinking	14
struck	14
standing	14
spot	14
several	14
servant	14
recognised	14
presbytery	14
police	14
pointing	14
october	14
noticed	14
mother	14
marriage	14
lock	14
less	14
leaving	14
landlord	14
information	14
indeed	14
handkerchief	14
fear	14
fastened	14
exclaimed	14
elysee	14
discovered	14
conversation	14
closet	14
cat	14
bar	14
appearance	14
walls	13
walk	13
used	13
terrace	13
stood	13
stairs	13
silent	13
shot	13
shadow	13
search	13
san	13
remain	13
questions	13
public	13
press	13
poor	13
philadelphia	13
pale	13
nearly	13
midnight	13
matin	13
lar	13
lake	13
j	13
incident	13
hold	13
heavy	13
finished	13
finding	13
extraordinary	13
evidences	13
everybody	13
else	13
each	13
criminal	13
circle	13
child	13
cap	13
can't	13
brain	13
beard	13
attempt	13
appear	13
age	13
act	13
*	13
•	12
written	12
ve	12
twenty	12
thus	12
threw	12
suspicion	12
station	12
smile	12
simply	12
running	12
repeated	12
read	12
phase	12
persons	12
perfume	12
outside	12
ourselves	12
mysterious	12
mutton	12
motive	12
meeting	12
lying	12
justice	12
husband	12
follow	12
feel	12
eyeglasses	12
exactly	12
doors	12
deeply	12
declared	12
dear	12
cunning	12
conclusion	12
bring	12
brightness	12
bowed	12
apartment	12
angenoux	12
account	12
absence	12
working	11
witness	11
wife	11
wanted	11
walking	11
visible	11
unknown	11
true	11
tonight	11
together	11
today	11
temple	11
showing	11
served	11
satisfied	11
roussel	11
revolvers	11
reach	11
prison	11
position	11
pointed	11
pipe	11
phenomenon	11
ought	11
order	11
occupied	11
none	11
necessary	11
neat	11
naturally	11
meet	11
love	11
learn	11
lead	11
interrupted	11
hardly	11
gesture	11
friends	11
footsteps	11
fire	11
expressed	11
dinner	11
danger	11
cries	11
country	11
closely	11
charm	11
carefully	11
attacked	11
accomplice	11
yourself	10
witnesses	10
week	10
waiting	10
unless	10
trees	10
swear	10
stopped	10
short	10
says	10
report	10
ready	10
quietly	10
questioned	10
proofs	10
precautions	10
phantom	10
nature	10
mr	10
movement	10
mouth	10
maitre	10
low	10
london	10
knees	10
joined	10
jean	10
interesting	10
interest	10
insisted	10
imagined	10
honest	10
happened	10
grove	10
glass	10
frightful	10
france	10
famous	10
fall	10
events	10
drawing-room	10
double	10
disappeared	10
details	10
darkness	10
curious	10
burst	10
built	10
building	10
breakfast	10
boy	10
blow	10
bicycle	10
besides	10
become	10
beautiful	10
afternoon	10
advantage	10
admission	10
accomplices	10
within	9
walked	9
waited	9
wait	9
thoughts	9
tears	9
suspected	9
sur	9
strongly	9
stick	9
spoken	9
sooner	9
sleeping	9
sitting	9
simple	9
sight	9
show	9
shoulders	9
scene	9
sat	9
rushed	9
rooms	9
reticule	9
recovered	9
reasons	9
reader	9
reaching	9
rapidly	9
railway	9
presently	9
prepared	9
otherwise	9
orge	9
oak	9
notice	9
needed	9
minute	9
mere	9
master	9
mark	9
lavatory	9
labours	9
killed	9
journalist	9
illustrious	9
hours	9
hoped	9
hidden	9
greatest	9
giving	9
genevieve	9
galleries	9
full	9
filled	9
fellow	9
fell	9
fallen	9
expect	9
excitement	9
entering	9
eat	9
duty	9
distinctly	9
distance	9
direction	9
dine	9
determined	9
desire	9
confessed	9
complete	9
chance	9
cause	9
carried	9
carriage	9
call	9
bullet	9
brass	9
bolt	9
bent	9
bars	9
bands	9
attempted	9
asking	9
arms	9
appears	9
anteroom	9
agitated	9
afraid	9
wrote	8
wrong	8
writing	8
worn	8
win	8
whose	8
whatever	8
victim	8
trying	8
try	8
till	8
therefore	8
thanks	8
terror	8
suspect	8
strong	8
spent	8
speaking	8
sorbonne	8
smiled	8
searching	8
returning	8
rest	8
recognise	8
ran	8
raised	8
puzzled	8
pushed	8
prove	8
problem	8
prevent	8
precious	8
possession	8
policeman	8
parcel	8
nurses	8
mounted	8
mathilde	8
manager	8
loud	8
lives	8
listened	8
lines	8
letters	8
landing	8
lamp	8
height	8
guessed	8
getting	8
gendarme	8
furniture	8
form	8
forgotten	8
forget	8
forced	8
fixed	8
fingers	8
fine	8
falling	8
extreme	8
expression	8
excellent	8
effect	8
easy	8
dissociation	8
disposition	8
disappearance	8
devil	8
despairing	8
despair	8
demanded	8
dax	8
crossed	8
convinced	8
confess	8
chimney	8
chambermaid	8
calling	8
bought	8
best	8
attached	8
arrest	8
arm	8
american	8
admiration	8
action	8
accustomed	8
youth	7
yesterday	7
wonder	7
won't	7
women	7
wide	7
wholly	7
view	7
unusual	7
trouble	7
trembling	7
thrown	7
throat	7
themselves	7
telling	7
talking	7
talk	7
t	7
succeeded	7
struggle	7
stolen	7
steward	7
sprang	7
signal	7
shortly	7
sharp	7
separated	7
roulet	7
rising	7
reports	7
reply	7
remark	7
refuse	7
recover	7
real	7
pure	7
produced	7
pressed	7
play	7
pity	7
permit	7
pair	7
orders	7
opportunity	7
omelette	7
occasion	7
obscure	7
nights	7
news	7
narrow	7
murmur	7
move	7
moon	7
meat	7
meaning	7
makes	7
lived	7
listen	7
leaves	7
laugh	7
laid	7
judicial	7
irony	7
introduced	7
intention	7
intelligence	7
innocence	7
infinite	7
incredible	7
impatience	7
imagine	7
hurried	7
human	7
house	7
hole	7
high	7
henri	7
hearing	7
greatly	7
grave	7
goes	7
glan	7
gentleman	7
general	7
gendarmes	7
fled	7
finally	7
fiance	7
extremely	7
event	7
entrance	7
entirely	7
enormous	7
employed	7
eight	7
dramatic	7
doctor	7
disturbed	7
discovery	7
dined	7
difficulty	7
dier	7
dangerous	7
corbeil	7
confidence	7
condition	7
concerned	7
conceal	7
completely	7
compelled	7
commit	7
comes	7
ceased	7
cassette	7
cabinet	7
cab	7
broken	7
brief	7
believed	7
beat	7
bear	7
awful	7
asleep	7
approached	7
air	7
afterwards	7
admitted	7
absurd	7
abille	7
-	7
*****	7
)	7
|arabicprice|	6
worked	6
vainly	6
vain	6
twice	6
trap	6
tragic	6
trace	6
tomorrow	6
thoroughly	6
sworn	6
stone	6
square	6
spring	6
sometimes	6
solid	6
slipped	6
similar	6
signs	6
shook	6
service	6
seemingly	6
seem	6
searched	6
scent	6
saved	6
sainclair	6
sad	6
resumed	6
restante	6
respect	6
reputation	6
relations	6
refrain	6
pursuit	6
proves	6
proved	6
pronounced	6
prisoner	6
previously	6
previous	6
pretended	6
poaching	6
plunged	6
plainly	6
others	6
occurrence	6
obtained	6
notebook	6
noble	6
nightmare	6
newspapers	6
necessity	6
n	6
mysteries	6
murdered	6
month	6
monstrous	6
mistress	6
method	6
meant	6
mattress	6
marry	6
maleine	6
lower	6
lodge	6
lay	6
kind	6
intended	6
intelligent	6
informed	6
incomprehensible	6
imprint	6
ideas	6
hundred	6
honour	6
home	6
hesitated	6
hat	6
happy	6
gravely	6
gravel	6
glance	6
glad	6
gentlemen	6
furnish	6
friendly	6
false	6
explains	6
experience	6
examine	6
evident	6
especially	6
enable	6
embarrassed	6
eleven	6
ease	6
drugged	6
drug	6
dressing	6
doubtless	6
distress	6
different	6
description	6
deep	6
curiosity	6
crying	6
crossing	6
crimes	6
covered	6
courtroom	6
concluded	6
clever	6
cider	6
charcoal	6
character	6
chairs	6
celebrated	6
catch	6
carrying	6
carry	6
carpet	6
calmly	6
calm	6
blue	6
bending	6
below	6
beginning	6
beg	6
basque	6
bad	6
author	6
attach	6
astonished	6
assured	6
assistance	6
anxiety	6
altogether	6
advertisement	6
admit	6
accused	6
absorbed	6
absent	6
yards	5
writer	5
write	5
wretch	5
woods	5
wonderful	5
whispered	5
wear	5
watching	5
watched	5
usual	5
united	5
unable	5
tree	5
touch	5
top	5
tired	5
throughout	5
threatened	5
third	5
tender	5
tall	5
suppose	5
suffering	5
stroke	5
strength	5
stones	5
stole	5
stir	5
step	5
stated	5
stand	5
stains	5
staggered	5
someone	5
solely	5
smoke	5
smiling	5
slowly	5
slept	5
silently	5
sigh	5
shoulder	5
sets	5
sentence	5
senses	5
sensation	5
send	5
seized	5
seconds	5
safe	5
sadly	5
rue	5
rough	5
risen	5
rid	5
result	5
request	5
rendered	5
removed	5
rejoin	5
reception	5
recent	5
rapid	5
rang	5
quick	5
protect	5
probably	5
pressing	5
precaution	5
plans	5
permitted	5
paused	5
particularly	5
parquet	5
owing	5
original	5
ordered	5
observation	5
objects	5
number	5
nose	5
nine	5
nervous	5
nearer	5
narrative	5
muttered	5
movements	5
moments	5
mistaken	5
mine	5
men	5
matters	5
manner	5
mad	5
loved	5
lose	5
looks	5
logic	5
live	5
leaning	5
laughing	5
laughed	5
lad	5
knowledge	5
knocked	5
knife	5
keeping	5
journey	5
intimate	5
intact	5
innkeeper	5
ill	5
hurry	5
health	5
hard	5
handsome	5
handed	5
haggard	5
h	5
guilt	5
goodnight	5
gives	5
gathered	5
fresh	5
french	5
fortune	5
force	5
final	5
figure	5
fight	5
fifteen	5
feelings	5
fears	5
family	5
failed	5
fail	5
facts	5
experiments	5
except	5
established	5
empty	5
emotion	5
efforts	5
editor	5
ears	5
drop	5
discover	5
departure	5
denied	5
decided	5
dared	5
cut	5
curtain	5
crowd	5
cord	5
control	5
constructed	5
compartment	5
common	5
coloured	5
climbed	5
clearly	5
clean	5
chemical	5
charming	5
charge	5
cast	5
candle	5
broke	5
breath	5
branches	5
blows	5
beside	5
belief	5
bearing	5
aunt	5
astonishment	5
assize	5
assailant	5
arrival	5
aroused	5
around	5
armed	5
anyone	5
answers	5
announced	5
alarm	5
affirm	5
addressed	5
acquainted	5
accompanied	5
academy	5
absolutely	5
»	4
yours	4
wounds	4
wore	4
william	4
weather	4
water	4
washed	4
visit	4
visibly	4
venture	4
valuable	4
utterly	4
usher	4
upper	4
unique	4
twelve	4
tracks	4
track	4
touching	4
tiny	4
throw	4
threats	4
thirty	4
thicket	4
terrified	4
tables	4
suspicious	4
suspicions	4
surrounded	4
suggested	4
success	4
stupidly	4
stop	4
stooping	4
stifled	4
started	4
stangersons	4
stained	4
spread	4
special	4
space	4
somewhat	4
somebody	4
solution	4
socks	4
society	4
sobs	4
slip	4
slightly	4
slightest	4
slight	4
situated	4
sinister	4
sill	4
sieur	4
shown	4
shaking	4
seat	4
sake	4
rouletabillc	4
roughly	4
roof	4
robbed	4
ringing	4
rheumatism	4
reward	4
retired	4
restored	4
resolved	4
reported	4
repeating	4
rejoined	4
reenter	4
recount	4
reclosed	4
recital	4
reading	4
readers	4
rate	4
rain	4
quiet	4
quarter	4
pursued	4
published	4
protected	4
presented	4
pray	4
power	4
possibly	4
points	4
placing	4
picked	4
personality	4
personal	4
perfect	4
perceived	4
paying	4
passion	4
passes	4
partly	4
particular	4
palm	4
palais	4
pain	4
packet	4
package	4
opinion	4
offered	4
occasions	4
observed	4
object	4
oath	4
oaks	4
neck	4
murmured	4
moving	4
months	4
mon	4
middle	4
merely	4
melancholy	4
mat	4
married	4
magasins	4
lover	4
louvre	4
listening	4
law	4
laughter	4
lantern	4
la	4
keys	4
judges	4
joy	4
journalists	4
journal	4
invited	4
interview	4
intervened	4
intersection	4
instructions	4
ing	4
host	4
horrible	4
holding	4
history	4
highroad	4
hiding-place	4
helping	4
heads	4
hatred	4
haste	4
habit	4
grew	4
greeted	4
greater	4
grands	4
gold	4
girl	4
generally	4
gay	4
gain	4
fully	4
free	4
formed	4
fits	4
fit	4
firm	4
feeling	4
feeble	4
features	4
feared	4
fate	4
fatal	4
extended	4
expressing	4
express	4
expecting	4
exist	4
excuse	4
everywhere	4
estate	4
error	4
employe	4
eighteen	4
effort	4
early	4
eagerly	4
dull	4
drink	4
dried	4
dress	4
drawing	4
drawer	4
draw	4
document	4
disappointment	4
directly	4
directed	4
died	4
devoted	4
detectives	4
descended	4
descend	4
defend	4
cross	4
continues	4
continually	4
contained	4
compromising	4
complicity	4
coincidence	4
clump	4
cloud	4
cleared	4
class	4
claimed	4
circumstance	4
cincinnati	4
changed	4
chair	4
careful	4
capture	4
buy	4
buried	4
builder	4
breaking	4
box	4
bound	4
border	4
bloodstained	4
blind	4
bit	4
beyond	4
berniers	4
bench	4
belonging	4
belong	4
begging	4
barred	4
badly	4
awaiting	4
avoided	4
avoid	4
attracted	4
attempts	4
astonishing	4
arrive	4
arranged	4
armchair	4
apparently	4
angry	4
angrily	4
aloud	4
agreed	4
agitation	4
affairs	4
advocate	4
adventures	4
adjournment	4
acted	4
across	4
accuse	4
ability	4
>	4
.)	4
.'"	4
'?	4
'"	4
«	3
year	3
wretched	3
worthy	3
worth	3
wood	3
wishing	3
winter	3
wine	3
wild	3
whoever	3
weak	3
wanting	3
w	3
void	3
voices	3
visitor	3
vexed	3
vehicle	3
vanished	3
uttering	3
usually	3
useful	3
urgent	3
upset	3
unravel	3
unhappy	3
unfortunately	3
unfortunate	3
undressed	3
troubled	3
triumph	3
trembled	3
trains	3
traced	3
toward	3
tour	3
touched	3
tiles	3
theatrical	3
terms	3
tells	3
talked	3
swore	3
suspecting	3
surrounding	3
supposed	3
support	3
sunk	3
summoned	3
suggest	3
succeed	3
submit	3
subject	3
stripes	3
strides	3
strangulation	3
straight	3
sticks	3
steal	3
staircase	3
stain	3
specially	3
sounds	3
sounded	3
sought	3
sorry	3
sorrow	3
somewhere	3
soft	3
smoked	3
slowness	3
silly	3
silenced	3
signed	3
sighted	3
sides	3
shrugging	3
shrugged	3
sharply	3
shake	3
serving	3
servants	3
seriously	3
serious	3
sensational	3
semicircular	3
seize	3
seine	3
sees	3
secured	3
secure	3
secretary	3
secrecy	3
season	3
scoundrel	3
scientific	3
scarcely	3
satisfying	3
safety	3
sabots	3
rush	3
run	3
rumour	3
ridendo	3
results	3
resulted	3
required	3
reporters	3
repeat	3
remembered	3
remarked	3
remarkably	3
remarkable	3
remains	3
rely	3
released	3
relative	3
relating	3
relate	3
refused	3
refrained	3
referred	3
refer	3
refastened	3
recently	3
recall	3
reappeared	3
re	3
raising	3
raise	3
radiant	3
quitted	3
queer	3
quantity	3
putting	3
purchased	3
protested	3
prosecution	3
promised	3
projecting	3
profound	3
professional	3
prodigious	3
prevented	3
pretty	3
prepare	3
precision	3
precise	3
pour	3
possibility	3
possessed	3
policemen	3
pockets	3
poachers	3
please	3
platform	3
pickaxe	3
phrases	3
phases	3
persuaded	3
persisted	3
pavement	3
pattern	3
passage	3
parted	3
pan	3
overturned	3
ours	3
orleans	3
ordinarily	3
officer	3
obtain	3
notorious	3
notes	3
note	3
nevertheless	3
neighbourhood	3
nearest	3
nay	3
mutter	3
murderers	3
muddy	3
mud	3
motives	3
moral	3
mocking	3
mixed	3
minutely	3
midst	3
michel	3
memory	3
meetings	3
meanwhile	3
material	3
marked	3
managed	3
magistrates	3
madman	3
lumber	3
loves	3
louisville	3
loss	3
logical	3
lodging	3
locking	3
loaded	3
living	3
liked	3
lighted	3
lifted	3
lie	3
liberty	3
legs	3
legal	3
lecture	3
lawyers	3
lawyer	3
landlady	3
lamentations	3
knock	3
kissed	3
keen	3
jury	3
jumped	3
joke	3
ironically	3
invisible	3
interval	3
interrupting	3
intently	3
instant	3
installed	3
instal	3
inquiries	3
inquired	3
inhabited	3
inform	3
induce	3
indifference	3
indication	3
inclined	3
improbable	3
impressed	3
immediate	3
imagination	3
hush	3
hung	3
humanly	3
horse	3
horror	3
hobnailed	3
hissed	3
helped	3
heavily	3
heaved	3
hastily	3
harm	3
happen	3
hanging	3
halves	3
guilty	3
guess	3
guarded	3
grotto	3
grey	3
grass	3
grace	3
god	3
gloves	3
glasses	3
genius	3
gaze	3
game	3
gained	3
furnished	3
furnace	3
forward	3
follows	3
flew	3
flesh	3
flame	3
fixing	3
fitted	3
firmly	3
fireplace	3
finger	3
fearing	3
fast	3
fancy	3
fame	3
faithful	3
faith	3
faint	3
faced	3
extremity	3
extract	3
explainable	3
experiment	3
exclamation	3
exceedingly	3
europe	3
equally	3
entry	3
entitled	3
entire	3
entangled	3
enemies	3
ends	3
enacted	3
eluded	3
eating	3
earlier	3
ear	3
dwelling	3
dust	3
dry	3
drugging	3
drops	3
dropped	3
dream	3
drama	3
domestics	3
dog	3
documents	3
distinguished	3
disorder	3
disguise	3
discuss	3
discoveries	3
direct	3
difficult	3
devotion	3
deuce	3
detail	3
desperate	3
deserted	3
described	3
depths	3
deny	3
demeanour	3
defended	3
decorated	3
decision	3
deal	3
daylight	3
daily	3
d	3
counting	3
coughed	3
cornice	3
copy	3
conviction	3
contrary	3
continue	3
containing	3
consternation	3
consented	3
confirmed	3
confided	3
confide	3
conditions	3
conclusions	3
concern	3
concealed	3
complicated	3
company	3
commission	3
column	3
cold	3
coincidences	3
clouds	3
clothes	3
closing	3
clerk	3
circumstances	3
chosen	3
childhood	3
cellar	3
cease	3
caused	3
caught	3
castigat	3
cases	3
cartridges	3
career	3
card	3
capable	3
bumps	3
bringing	3
bright	3
bottles	3
boot	3
book	3
bolted	3
blonde	3
blond	3
beneath	3
believing	3
begun	3
begin	3
based	3
bare	3
ball	3
aware	3
awake	3
awaited	3
automatically	3
astray	3
assure	3
assume	3
assisted	3
assert	3
assent	3
ascertained	3
arresting	3
arranging	3
arrangement	3
approaching	3
approach	3
appeal	3
apparatus	3
apart	3
anxious	3
angle	3
anger	3
ancient	3
amongst	3
among	3
allusion	3
alive	3
alike	3
alibi	3
aid	3
agree	3
afford	3
affirmed	3
affected	3
adventure	3
admitting	3
addressing	3
address	3
add	3
acting	3
accordance	3
accepted	3
absolute	3
\	3
).	3
),	3
!'"	3
youthful	2
writers	2
wounding	2
worst	2
worried	2
works	2
wonderfully	2
won	2
wits	2
wishes	2
wings	2
wildly	2
wheels	2
wet	2
wept	2
weird	2
weight	2
weeks	2
wearing	2
ways	2
washing	2
warmly	2
wants	2
waistcoat	2
wag	2
vulgar	2
voyage	2
visited	2
virtue	2
violent	2
village	2
vigorous	2
views	2
vesta	2
versailles	2
veritable	2
veil	2
vast	2
value	2
valise	2
utter	2
useless	2
urge	2
unraveller	2
unobserved	2
unnoticed	2
unmistakably	2
unlikely	2
union	2
unfastened	2
unexplained	2
undo	2
uncovered	2
ulster	2
twenty-four	2
trust	2
trunks	2
trunk	2
truly	2
tricks	2
trembles	2
tracked	2
town	2
touches	2
torn	2
topped	2
tongue	2
tomb	2
toilette	2
toe	2
tightly	2
tie	2
thumb	2
throwing	2
threat	2
thinks	2
thin	2
thief	2
thick	2
theatre	2
thanked	2
thank	2
text	2
testified	2
telegraphed	2
telegram	2
teeth	2
tea	2
tap	2
tangible	2
tallied	2
sylvia	2
swindler	2
surprising	2
surface	2
supporting	2
supernaturally	2
summing	2
suitors	2
suit	2
sufficiently	2
sufficient	2
sufficed	2
succumbed	2
substitute	2
style	2
stupid	2
stupefied	2
stunned	2
study	2
studied	2
stroll	2
striking	2
stream	2
strangle	2
stranger	2
strangeness	2
strangely	2
stout	2
stopping	2
stolidly	2
stock	2
stepping	2
stepped	2
steadily	2
stay	2
stationed	2
start	2
stangcrson	2
stabbed	2
sprung	2
springing	2
splendid	2
spike	2
speedily	2
speed	2
speech	2
specimen	2
spare	2
south	2
sombre	2
solitude	2
solemnity	2
solemn	2
sold	2
soil	2
slung	2
slipping	2
slant	2
sky	2
sized	2
sixteen	2
situation	2
sit	2
sir	2
sinking	2
sink	2
singular	2
single	2
simplicity	2
siirete	2
signing	2
signified	2
shutters	2
shuddered	2
shows	2
shouting	2
shop	2
shock	2
shawl	2
shaven	2
shattered	2
shared	2
shape	2
shaken	2
shadows	2
severe	2
services	2
serves	2
sensible	2
sense	2
self	2
selected	2
securities	2
seats	2
scrutiny	2
scraps	2
scorched	2
scissors	2
sceptical	2
scented	2
scandal	2
scala	2
scaffold	2
savants	2
savage	2
satisfy	2
satisfaction	2
saluted	2
rushing	2
rung	2
ruddy	2
row	2
rouse	2
romancer	2
risked	2
risk	2
rise	2
rightly	2
rich	2
revelation	2
revealed	2
retreat	2
retire	2
reticence	2
retained	2
retain	2
resuscitated	2
reserved	2
reserve	2
resented	2
resembling	2
requested	2
repugnant	2
reproduce	2
represented	2
repose	2
renewed	2
render	2
reminded	2
remarking	2
relief	2
release	2
related	2
relapse	2
reigned	2
regularly	2
regret	2
regarding	2
regard	2
regained	2
regain	2
refusal	2
refuge	2
reflector	2
reflection	2
referring	2
reentering	2
recurred	2
recounting	2
recounted	2
records	2
recollect	2
recess	2
receive	2
recalled	2
reasoned	2
reality	2
realise	2
rapidity	2
rap	2
r	2
quicker	2
questioning	2
quarters	2
push	2
pursue	2
purchase	2
publishing	2
pub	2
proudly	2
prophetic	2
projection	2
progress	2
profession	2
processes	2
proceedings	2
proceeding	2
proceed	2
private	2
primitive	2
preventing	2
pretend	2
presentiment	2
preparations	2
preconceived	2
powerful	2
posted	2
pocketbook	2
pleasure	2
pleased	2
pleasant	2
playing	2
played	2
plausible	2
planted	2
planned	2
plank	2
plain	2
places	2
pitied	2
pin	2
pillow	2
pieces	2
pictures	2
picture	2
pick	2
perspicacity	2
personally	2
personages	2
persist	2
perplexed	2
period	2
penetrated	2
penetrate	2
pen	2
peered	2
pay	2
parts	2
partition	2
pardon	2
parallel	2
papa	2
pallor	2
pains	2
painful	2
paid	2
pace	2
owes	2
overthrown	2
overcome	2
outwit	2
outrage	2
outlet	2
outcome	2
ournalist	2
ordinary	2
oratory	2
oppose	2
opera	2
opens	2
openly	2
ones	2
omitted	2
older	2
oise	2
oined	2
official	2
odd	2
occur	2
occupy	2
observe	2
observations	2
obeying	2
oberskampf	2
obedience	2
november	2
nocturnal	2
nickname	2
negligence	2
necessarily	2
neared	2
nayves	2
narrowed	2
narratives	2
names	2
namely	2
nails	2
moustache	2
mounting	2
motioned	2
motion	2
mortal	2
morphine	2
morgue	2
moreover	2
moist	2
modern	2
mistake	2
misled	2
misfortune	2
miscarriage	2
mint	2
minds	2
midday	2
meyer	2
mewing	2
mew	2
message	2
mention	2
medical	2
measures	2
meaningless	2
meal	2
mdlle	2
mathematically	2
mathematical	2
mass	2
marrying	2
marble	2
magisterial	2
lucky	2
lonely	2
lodged	2
list	2
lished	2
lip	2
line	2
likely	2
lightning	2
level	2
leaned	2
leads	2
le	2
lazare	2
laws	2
laughingly	2
latter	2
latest	2
land	2
knot	2
knelt	2
kitchen	2
keenly	2
jurors	2
jump	2
judge	2
joint	2
join	2
january	2
investigations	2
investigation	2
inventions	2
invented	2
intrigues	2
intimately	2
interviewed	2
interrupt	2
interrogation	2
interior	2
interfere	2
interests	2
intelligently	2
instructed	2
instinctive	2
instead	2
inspired	2
inspiration	2
insist	2
inquire	2
ink	2
initiative	2
initials	2
ingots	2
ingenuity	2
influence	2
inflicted	2
inevitable	2
indignant	2
indications	2
increase	2
impossibility	2
imposing	2
implements	2
impatiently	2
ignorant	2
ignorance	2
hypnotism	2
humour	2
hospitality	2
hoping	2
holds	2
hit	2
highway	2
highly	2
highest	2
higher	2
hesitate	2
hero	2
hermetically	2
heels	2
heavens	2
heartrending	2
heartily	2
headed	2
hated	2
happens	2
handle	2
hammer	2
gun	2
guard	2
grunt	2
gruesome	2
groaned	2
groan	2
grill	2
grief	2
gravity	2
graver	2
gratitude	2
grateful	2
grated	2
grand	2
gown	2
good-humour	2
glory	2
glided	2
girls	2
gifted	2
ghost	2
gently	2
gentle	2
gasped	2
furnaces	2
furious	2
funereal	2
frying	2
frustrate	2
frightfully	2
freshly	2
frenchman	2
freely	2
frederick	2
francs	2
founded	2
fought	2
forty	2
forthcoming	2
formerly	2
former	2
forever	2
forcing	2
footstep	2
footprint	2
fools	2
fool	2
food	2
fond	2
flying	2
flowing	2
flow	2
flash	2
fish	2
firing	2
fifty	2
fifth	2
field	2
fetch	2
ferreting	2
feels	2
favour	2
fault	2
fatigue	2
fare	2
familiar	2
faithfully	2
fairly	2
fainted	2
facing	2
facility	2
faces	2
eyelids	2
eye	2
extraordinarily	2
exterior	2
experienced	2
expedition	2
expectation	2
existed	2
exhibited	2
exhibit	2
excused	2
exclaiming	2
excited	2
exceptional	2
example	2
examinations	2
exaggerated	2
exact	2
evil	2
eternal	2
et	2
esteem	2
enveloped	2
english	2
ended	2
enabled	2
employee	2
emphasis	2
embrace	2
elegant	2
electric	2
elapsed	2
eh	2
eggs	2
effects	2
earthenware	2
eagerness	2
eager	2
duties	2
drying	2
driver	2
driven	2
dreamy	2
dreads	2
drawings	2
dozen	2
doubted	2
doorstep	2
dominated	2
doctors	2
dock	2
diverted	2
ditch	2
disturbance	2
disturb	2
distrusts	2
distressed	2
distinguish	2
distinct	2
disposing	2
displease	2
displayed	2
disgusted	2
discretionary	2
discretion	2
discovering	2
discourage	2
dirty	2
directions	2
dim	2
didn't	2
developed	2
destroy	2
destined	2
desolate	2
desires	2
desired	2
designs	2
depends	2
dent	2
denouement	2
demonstrate	2
demand	2
delivered	2
delayed	2
deigned	2
degree	2
deformed	2
defence	2
defective	2
deceived	2
deadened	2
dawn	2
dated	2
date	2
current	2
cuckoo	2
crumbling	2
cruel	2
crucibles	2
credit	2
creature	2
crabbed	2
coward	2
covers	2
covering	2
cover	2
courtship	2
counsel	2
corroborated	2
corpse	2
corners	2
coolly	2
convicting	2
conveyance	2
continual	2
contemptuous	2
contempt	2
contemplation	2
contact	2
consisted	2
considered	2
consideration	2
considerable	2
consider	2
consequently	2
consequence	2
consent	2
confined	2
confession	2
concerning	2
compulsion	2
complexion	2
compel	2
committing	2
command	2
colour	2
clumsy	2
clouded	2
clenched	2
cleaning	2
claim	2
choice	2
chin	2
chicken	2
chest	2
cheerful	2
cheeks	2
charged	2
change	2
chances	2
certainty	2
century	2
centuries	2
centre	2
central	2
cats	2
capturing	2
captured	2
calmed	2
calculated	2
cafe	2
busy	2
bury	2
burning	2
burners	2
burner	2
burned	2
bureau	2
bullets	2
bulging	2
buildings	2
brow	2
bridle	2
brickwork	2
briarwood	2
breathed	2
breast	2
bread	2
bravo	2
brave	2
bounded	2
boulogne	2
bottom	2
bosom	2
borrowed	2
bore	2
boom	2
bois	2
bloody	2
blank	2
bewilderment	2
benefit	2
bend	2
belonged	2
believes	2
beefsteak	2
bedroom	2
becoming	2
becomes	2
beauty	2
beating	2
basis	2
barely	2
barefooted	2
bantering	2
bamboo	2
bade	2
awoke	2
awhile	2
awakened	2
await	2
avoiding	2
avenue	2
attentively	2
astonish	2
assuring	2
assurance	2
assuming	2
assumes	2
assembled	2
assault	2
assassination	2
assassinate	2
aspect	2
aside	2
ashes	2
ash	2
artist	2
art	2
arriving	2
argued	2
architecture	2
approbation	2
appointment	2
applied	2
application	2
applause	2
apparition	2
anywhere	2
anxiously	2
answering	2
anonymous	2
amid	2
amazed	2
alas	2
aha	2
aged	2
afterward	2
affect	2
advanced	2
advance	2
adores	2
admire	2
adjourned	2
adjoining	2
actually	2
actual	2
actions	2
acquittal	2
acquaintance	2
accusation	2
accounts	2
according	2
accompany	2
accident	2
accent	2
abroad	2
abandoned	2
abandon	2
6a	2
2nd	2
..."	2
.,	2
."'	2
';	2
";	2
■versailles	1
■understood	1
■*	1
|arabic5+digit|	1
|arabic4digit|	1
zealous	1
yourselves	1
youngster	1
youngest	1
york	1
yelling	1
xin	1
wrung	1
wrongful	1
wrinkles	1
wrinkled	1
wrinkle	1
wrestling	1
wrapper	1
worse	1
worry	1
workman	1
wonders	1
wondering	1
wondered	1
woke	1
wizard	1
withstanding	1
withdrawn	1
wit	1
wise	1
wire	1
winding	1
wind	1
widow	1
wicked	1
whither	1
whistling	1
whispering	1
whisper	1
whiskers	1
whipped	1
whined	1
whiffs	1
wherever	1
whatsoever	1
western	1
well?'i	1
well?'he	1
well-known	1
welfare	1
welcoming	1
weariness	1
wearily	1
wearer	1
weakened	1
waxed	1
wax	1
waved	1
waste	1
waspish	1
wash	1
warrant	1
warned	1
warmth	1
warmed	1
warm	1
wards	1
wardrobe	1
walker	1
waking	1
wakening	1
wake	1
wailing	1
wailed	1
wail	1
waggoners	1
volume	1
violently	1
villainies	1
villain	1
vigour	1
vigny	1
viewing	1
victory	1
victims	1
verses	1
vermouth	1
verge	1
verdict	1
venturing	1
ventured	1
velveteen	1
velvet	1
veils	1
vehicles	1
vehemence	1
vaudeville	1
various	1
vant	1
vanity	1
valued	1
valley	1
vaguely	1
vague	1
vacillating	1
vacant	1
uttereed	1
utterance	1
utmost	1
ust	1
using	1
uses	1
urgently	1
urged	1
upstart	1
upright	1
uppermost	1
unwell	1
untenable	1
unsuccessfully	1
unsigned	1
unseen	1
unscrupulous	1
unsatisfactory	1
unrequited	1
unrecognisable	1
unravcllcr	1
unpleasant	1
unoccupied	1
unmistakable	1
unmarked	1
unlocking	1
universel	1
uninterrupted	1
uni	1
unhooked	1
unhinged	1
unhealthy	1
ungloved	1
unfolding	1
unfavourably	1
unfathomable	1
unexplainable	1
unexpected	1
unequalled	1
uneasy	1
undressing	1
undesirable	1
undertaking	1
understandit	1
understanding	1
underground	1
unconscious	1
unconcealed	1
unchanged	1
uncertain	1
unborn	1
unbarred	1
unanimous	1
un	1
umbrellas	1
ui	1
ugliness	1
tyre	1
twitchings	1
twitched	1
twist	1
tweed	1
turvey	1
tunity	1
tumultuous	1
tume	1
trusted	1
troubling	1
troublesome	1
troubles	1
trodden	1
triumphantly	1
triumphant	1
trip	1
trick	1
triangular	1
tremblingly	1
treading	1
tread	1
travellers	1
traordinary	1
transparent	1
translated	1
transform	1
transcription	1
transcribe	1
tramped	1
training	1
traditional	1
touchsought	1
totally	1
total	1
torment	1
topsy	1
toothache	1
tones	1
tomato	1
tolerably	1
toes	1
tli	1
tiptoe	1
tip	1
tiled	1
ties	1
tied	1
thrust	1
thrilled	1
thresholds	1
threatening	1
threaten	1
thread	1
thousand	1
thoughtfully	1
thirds	1
thinker	1
thereupon	1
theories	1
theft	1
thankful	1
textually	1
tense	1
tenor	1
tending	1
tended	1
tenacity	1
temps	1
temporary	1
temporarily	1
tempered	1
temper	1
telegraphing	1
telegraphic	1
teachings	1
teach	1
te	1
taxed	1
tawny	1
taught	1
taste	1
tart	1
tangled	1
tallies	1
talks	1
talent	1
tale	1
tain	1
tabiile'a	1
system	1
syrup	1
sympathetically	1
swollen	1
swiftly	1
swerved	1
swaying	1
suspense	1
suspects	1
surrounds	1
surmounting	1
surmise	1
surlily	1
suretewas	1
surest	1
surely	1
surcte	1
supreme	1
suppressed	1
supporters	1
supported	1
suppleness	1
supernatural	1
summons	1
summon	1
summer	1
sum	1
suicide	1
suggestive	1
suggestion	1
suffice	1
sufferings	1
sufferer	1
suffer	1
sudden	1
successful	1
succeeding	1
substantiated	1
substance	1
subsequently	1
subpoenaed	1
subordinate	1
sublime	1
subjected	1
subj	1
stupidity	1
stupefaction	1
stun	1
stumbled	1
studying	1
structures	1
struct	1
stronger	1
strokes	1
stripped	1
strike	1
stride	1
strictly	1
strictest	1
strict	1
stricken	1
strewn	1
stretching	1
stretched	1
stretch	1
strengthen	1
streak	1
straw	1
strangled	1
strangest	1
strangers	1
straightforward	1
str.ngerson	1
stories	1
stooped	1
stools	1
stockings	1
stirring	1
stiffened	1
stiffen	1
sticking	1
stern	1
steamer	1
stealthily	1
stealing	1
steak	1
staying	1
statue	1
states	1
statement	1
starting	1
star	1
stangei	1
stanfiflriun'e	1
standstill	1
stands	1
stammered	1
stagnant	1
stage	1
stabgortoa	1
stab	1
spy	1
springs	1
sportsman	1
sporting	1
spoiled	1
splendour	1
spilled	1
spend	1
spell	1
speaker	1
spasmodic	1
sparkling	1
sparing	1
southwest	1
sounding	1
soul	1
sorrowful	1
sooty	1
soot	1
sons	1
son-in-law	1
solved	1
soliloquy	1
soles	1
soldiery	1
solar	1
soir	1
softness	1
sofa	1
sobbed	1
snivelling	1
sniffing	1
sneaking	1
snatching	1
snatch	1
smoking	1
smokes	1
smiles	1
smelled	1
smartly	1
smallest	1
slums	1
slippery	1
sleuth	1
sleight	1
sleeve	1
sleepy	1
sleeps	1
sleeplessness	1
slamming	1
slammed	1
skylight	1
skull	1
skirt	1
skilledassassin	1
skill	1
skilfully	1
skilful	1
sketched	1
skeleton	1
skein	1
sjs5i	1
size	1
sixty	1
simultaneous	1
simpler	1
silk	1
significant	1
significance	1
signals	1
sighing	1
sideways	1
sick	1
siangerton	1
shutting	1
shutter	1
shuts	1
shuffle	1
shuddering	1
shrugs	1
shrubs	1
shrouded	1
shrivelled	1
shrilly	1
shrank	1
showered	1
shoved	1
shouted	1
shout	1
shoot	1
shone	1
shining	1
sheets	1
sheet	1
shedding	1
share	1
shapely	1
shapeless	1
shameless	1
shame	1
shaft	1
sflrete	1
sewer	1
severer	1
seventeenth	1
seven	1
sev	1
setting	1
sesame	1
serviceable	1
serve	1
serpent	1
seriousness	1
ser	1
sequigny	1
separation	1
separate	1
senseless	1
selfish	1
self-possession	1
self-defence	1
seeks	1
seeking	1
secrets	1
seclusion	1
secluded	1
sec	1
seating	1
sealed	1
sculptors	1
scuffle	1
scrutinised	1
scruples	1
screening	1
scratches	1
scold	1
scientist	1
sciences	1
scheme	1
scenting	1
scenes	1
scavenger	1
scarlet	1
scantily	1
scale	1
savant	1
satisfactory	1
satin	1
sarete	1
sank	1
sand	1
salt	1
salon	1
saints	1
saffron	1
safer	1
sacred	1
sa	1
ruthless	1
rustling	1
rustic	1
russia	1
runaway	1
rumours	1
rubbing	1
rubbed	1
rows	1
routine	1
route	1
roused	1
rouletabilles	1
roulctabille	1
roua	1
rotting	1
romantic	1
rolling	1
rode	1
rocouz	1
rococo	1
robber	1
rob	1
roasting	1
roared	1
roadside	1
roads	1
rning	1
rivalling	1
rival	1
risking	1
ripe	1
rings	1
ring	1
rife	1
ride	1
riches	1
rheumatic	1
revised	1
reverie	1
reverence	1
reveal	1
returns	1
returnmarks	1
retrospective	1
retriever	1
retreats	1
retraced	1
retention	1
retaining	1
resume	1
rests	1
restricted	1
restraining	1
restrain	1
restore	1
restoration	1
resting	1
rested	1
response	1
respected	1
resources	1
resort	1
resisting	1
resigned	1
resignation	1
resembles	1
resemble	1
resemblance	1
researches	1
rescue	1
require	1
reputed	1
repulsion	1
republic	1
reptiles	1
reproduced	1
reproachfully	1
reproached	1
reproach	1
reprimands	1
repressed	1
repress	1
representatives	1
representative	1
represent	1
replacing	1
repentant	1
repast	1
repairs	1
renounce	1
remove	1
reminding	1
reminder	1
remembrance	1
remembers	1
remem	1
remaining	1
relieved	1
relieve	1
relaxing	1
relaxed	1
relation	1
relates	1
rejoice	1
reign	1
rehearsal	1
regarded	1
regaining	1
refusing	1
refuses	1
refrains	1
refolding	1
reflections	1
reflected	1
refilled	1
refasten	1
reentered	1
reeds	1
redder	1
rectangular	1
recovering	1
reconstruct	1
recon	1
recommended	1
reckoning	1
reckoned	1
reckless	1
receptions	1
receiving	1
receipt	1
rebus	1
reassured	1
reappearance	1
readily	1
reaches	1
rascal	1
rarely	1
rapped	1
rank	1
ranee	1
rains	1
raining	1
railings	1
rags	1
rage	1
rafters	1
radium	1
radiography	1
raced	1
rabbits	1
rabbit	1
quivered	1
quitting	1
quits	1
quit	1
quickened	1
questionings	1
quest	1
quarrelling	1
quantities	1
quality	1
quaint	1
quail	1
putty	1
pushing	1
pursuing	1
pursuer	1
purposes	1
purplish	1
puffing	1
puffed	1
publicly	1
publicity	1
publication	1
pseudonym	1
prudent	1
provisions	1
province	1
proud	1
protests	1
protestation	1
protest	1
protection	1
prosecutor	1
proposed	1
propose	1
proposal	1
propos	1
property	1
properties	1
properly	1
pronounces	1
promise	1
prominent	1
profoundly	1
profile	1
professed	1
produces	1
proceeded	1
problems	1
probable	1
prob	1
privacy	1
prints	1
printed	1
principle	1
principal	1
price	1
prey	1
prevailed	1
pretexts	1
pretext	1
pretends	1
pretending	1
presumption	1
presided	1
presi	1
preserver	1
preserved	1
preservation	1
preparing	1
prejudice	1
preferable	1
prefecture	1
precipitate	1
precedes	1
preceded	1
precautionary	1
preamble	1
pre	1
prayers	1
praise	1
practicable	1
powers	1
pouring	1
pots	1
postman	1
possess	1
positions	1
portrait	1
portion	1
porters	1
port	1
popular	1
populace	1
pool	1
ponderable	1
politeness	1
politely	1
polite	1
poisoned	1
poe	1
pocketing	1
ployes	1
plough	1
pleasing	1
pleasantry	1
players	1
plateau	1
planting	1
plant	1
placid	1
pityingly	1
pitying	1
pitiless	1
pitcher	1
pitch	1
pistol	1
pinched	1
pile	1
physique	1
physics	1
physically	1
physical	1
phrenologists	1
photographs	1
photographic	1
photograph	1
philosophical	1
philip	1
philibert	1
phials	1
phial	1
petty	1
pest	1
perspiring	1
perspiration	1
personals	1
personage	1
persistent	1
persecutor	1
perplexing	1
perpetrator	1
permits	1
permission	1
permissible	1
peril	1
performance	1
perfidy	1
perfection	1
peremptory	1
pepper	1
penetrating	1
pencil	1
peg	1
peer	1
peculiar	1
peared	1
peace	1
payment	1
paving	1
paved	1
patterns	1
patroness	1
patiently	1
patience	1
patches	1
patch	1
passionately	1
partisans	1
parting	1
parties	1
particle	1
participants	1
partially	1
partaken	1
parisians	1
parisian	1
parents	1
parental	1
paralysing	1
paragraphs	1
paradise	1
panels	1
panel	1
paler	1
painted	1
painfully	1
pained	1
page	1
pacing	1
paces	1
oycd	1
oy	1
owners	1
owner	1
owed	1
overwhelming	1
overwhelmed	1
overturns	1
overthrow	1
overtaking	1
overtaken	1
overpowered	1
overhear	1
overhead	1
overflow	1
overcoat	1
ovens	1
ovci'j	1
outwitting	1
outwitted	1
outwards	1
outwardly	1
outward	1
outset	1
outlines	1
outlined	1
outer	1
ournals	1
ournalists	1
ournal	1
orphan	1
ornamented	1
originally	1
originality	1
origin	1
ordering	1
opposition	1
opposite	1
opposed	1
opportunities	1
oppor	1
operations	1
operation	1
operating	1
operate	1
openings	1
opaque	1
onto	1
oneself	1
ominously	1
oldest	1
oke	1
oil	1
oho	1
offering	1
offer	1
odeon	1
odds	1
obtains	1
obstinate	1
obstacles	1
obstacle	1
observatory	1
obnoxious	1
oblige	1
objected	1
obeyed	1
obey	1
obesity	1
obers	1
oberkampf	1
obediently	1
oaken	1
o	1
nut	1
nursing	1
numberless	1
novice	1
novelists	1
noting	1
noted	1
nostrils	1
north	1
noon	1
nonsense	1
nonplussed	1
nonexistence	1
nonchalant	1
nomination	1
nodded	1
nmr	1
nightdress	1
newspaper	1
newly	1
neuves	1
nettled	1
netting	1
nervousness	1
negligently	1
neglecting	1
neglected	1
neglect	1
needlessly	1
needing	1
needful	1
necessities	1
natures	1
naturalised	1
nationality	1
national	1
nate	1
narrower	1
narrated	1
narcotic	1
nail	1
mystified	1
mystical	1
mysteriously	1
muttering	1
murmurs	1
murmurings	1
murderous	1
murdering	1
municipal	1
mugs	1
mug	1
moustier	1
mourning	1
mournful	1
mountains	1
mount	1
mortifications	1
morsel	1
morose	1
moonlight	1
monthery	1
mont	1
monster	1
monkey	1
modestly	1
modest	1
moat	1
mo	1
mixing	1
mix	1
mitted	1
misuse	1
mistaking	1
mist	1
mission	1
missing	1
missed	1
miss	1
misleading	1
mislead	1
misfortunes	1
miserable	1
ministerial	1
mingled	1
minded	1
milo	1
millions	1
milk	1
miles	1
mile	1
mild	1
mil	1
microscopes	1
miawing	1
miau	1
metres	1
methods	1
methodically	1
metamorphoses	1
metal	1
merits	1
mercy	1
merchant	1
mental	1
ment	1
memorable	1
memoirs	1
member	1
melodramatic	1
melancholia	1
medusa	1
meddle	1
mechanically	1
measurements	1
measured	1
measure	1
meantime	1
meals	1
mazas	1
mausoleum	1
mattresses	1
matrimonial	1
mathematics	1
math	1
masters	1
mastering	1
masterful	1
mastered	1
massive	1
martyrs	1
martyrdom	1
martin	1
marshy	1
marriageable	1
marquise	1
marquct	1
marigny	1
marbles	1
manufacturing	1
mantelpiece	1
manners	1
mankind	1
malheur	1
majesty	1
maisons	1
maintained	1
main	1
magnificent	1
magic	1
madness	1
madmen	1
madly	1
machine	1
machiavellian	1
mace	1
macadamised	1
ma	1
m*5tin	1
lynx	1
luxury	1
lugubrious	1
luck	1
lucid	1
lowered	1
lovely	1
louis	1
loudness	1
losing	1
lord	1
loosely	1
loose	1
looking-glass	1
longed	1
logically	1
lj	1
lively	1
liuom	1
literature	1
literary	1
literally	1
linked	1
link	1
lingered	1
lined	1
limbs	1
lily	1
lilies	1
likes	1
likened	1
lightness	1
lighting	1
lightened	1
lift	1
lifetime	1
lies	1
lied	1
liberated	1
liable	1
lexabille	1
lets	1
lethargy	1
lengths	1
lend	1
leisurely	1
leisure	1
leine	1
legion	1
legible	1
legacy	1
leech	1
ledge	1
lean	1
leagues	1
league	1
leader	1
layer	1
lavater	1
laurels	1
lauded	1
lately	1
latch	1
larsau	1
larsans	1
lark	1
larger	1
lap	1
lamps	1
lain	1
lacks	1
lack	1
laced	1
labour	1
l\/rademoiselle	1
l'opera	1
knuckles	1
knocks	1
knitting	1
knit	1
kneeling	1
kneel	1
kitchens	1
killing	1
kerchief	1
keeps	1
keepers	1
keeper's■	1
kampf	1
k	1
justify	1
justified	1
justices	1
jumping	1
jugs	1
judged	1
joyous	1
journalistic	1
journalism	1
jostled	1
josephine	1
jollier	1
joins	1
job	1
jnoiselle	1
jl	1
jet	1
jerks	1
jealousy	1
jealously	1
jacket	1
iya	1
issue	1
irritated	1
irresistible	1
irreparable	1
irrefutable	1
ironwork	1
io	1
inwards	1
inwardly	1
involving	1
inviting	1
invites	1
invitation	1
investigating	1
inventor	1
invention	1
invaluable	1
intrust	1
intruder	1
intrude	1
introduce	1
intrigue	1
intricate	1
intimacy	1
interviews	1
intervention	1
intervene	1
intervals	1
intersperses	1
interrogatory	1
interrogated	1
interpreted	1
intermediary	1
intercourse	1
inter	1
intentions	1
intense	1
intending	1
intellects	1
insulting	1
instruments	1
instrument	1
instruct	1
instincts	1
instinctively	1
instinct	1
instantly	1
instantaneous	1
inspectors	1
inspection	1
insistence	1
insignificant	1
insensible	1
inscrutable	1
insane	1
inquiring	1
innumerable	1
inns	1
inner	1
injury	1
injuries	1
inharmonious	1
inhaled	1
ingeniously	1
influential	1
infernal	1
infant	1
inextinguishable	1
inexpressible	1
inevitably	1
inebriate	1
indulge	1
indolence	1
individual	1
indistinctly	1
indisputable	1
indisposition	1
indisposed	1
indiscriminatively	1
indiscretion	1
indifferent	1
indictment	1
indicative	1
indicated	1
indefinable	1
inconvenience	1
incontestable	1
including	1
includes	1
included	1
inclination	1
inci	1
incensed	1
incalculable	1
inable	1
improving	1
imprinting	1
impress	1
importunities	1
imponderable	1
imply	1
implies	1
imperturbably	1
imperturbable	1
impertinent	1
imperial	1
imperfectly	1
impenetrable	1
impending	1
impatient	1
impassive	1
impassable	1
imitating	1
imitate	1
imagines	1
illumine	1
iiin	1
idle	1
identity	1
identical	1
ideal	1
ia	1
hypocrisy	1
huts	1
hut	1
hurrying	1
huntsman	1
hunting	1
hunt	1
hungry	1
humours	1
humorously	1
humbly	1
humble	1
hullo	1
houses	1
household	1
hound	1
hostess	1
horses	1
horrid	1
horribly	1
hopes	1
hopeless	1
honours	1
hobnails	1
hmself	1
hitting	1
highwaymen	1
hiding	1
hides	1
hid	1
hesse	1
hesitation	1
hesitatingly	1
hesitating	1
hesitates	1
heroic	1
heroes	1
henceforth	1
hence	1
hemmed	1
helplessness	1
helpless	1
heed	1
hedge	1
heaven	1
hearths	1
heartbreaking	1
healing	1
headline	1
headache	1
he's	1
hazards	1
haw	1
havana	1
haunted	1
haughty	1
hates	1
hasty	1
hastened	1
hasten	1
hardened	1
harbour	1
happily	1
handling	1
handcuffs	1
handcuffed	1
hampered	1
hamlet	1
halted	1
halt	1
gymnastics	1
gurgled	1
gunsmith	1
guided	1
guide	1
guessing	1
guards	1
grunts	1
grunted	1
gruffly	1
growled	1
growing	1
grounds	1
groans	1
grieved	1
gridiron	1
greetings	1
greet	1
greatness	1
greasy	1
grating	1
grate	1
grasped	1
grasp	1
granted	1
grant	1
grandfather	1
grade	1
goodwill	1
goodbye	1
good-looking	1
golden	1
gods	1
glued	1
glowing	1
gloved	1
glimpse	1
glimmer	1
glee	1
gleam	1
glands	1
glandierum	1
glancing	1
glances	1
gladly	1
gift	1
gets	1
gestures	1
georges	1
gentleness	1
gentlemanly	1
genoux	1
gazette	1
gather	1
gas	1
garnished	1
gardener	1
gar	1
gaping	1
gamekeeper	1
gall	1
gaining	1
gagged	1
f|j	1
future	1
futile	1
fury	1
furnishing	1
funny	1
fundamental	1
fun	1
fulfilled	1
fugitive	1
fuchsias	1
ft	1
frown	1
frothing	1
frontispiece	1
fronted	1
friendliness	1
frequented	1
frequent	1
freed	1
fraught	1
frank	1
francais	1
framed	1
frame	1
fragments	1
fragment	1
fracture	1
fowling	1
fowl	1
fourth	1
fourteenth	1
foundations	1
fortyfive	1
fortunately	1
fortunate	1
forth	1
forms	1
formidable	1
formality	1
forgot	1
forgives	1
forgiven	1
forgive	1
forgetting	1
foresight	1
foresee	1
foresaw	1
forefinger	1
fore	1
footmark	1
footing	1
foolish	1
fooled	1
folios	1
folded	1
fly	1
flown	1
flowerpot	1
flowed	1
flourish	1
flooring	1
flocked	1
floated	1
flat	1
flashing	1
flagstones	1
fix	1
fist	1
firsttime	1
fireproof	1
firearm	1
finishing	1
finish	1
fingered	1
finest	1
finely	1
figured	1
fighting	1
fierce	1
fied	1
fidelity	1
fichu	1
fiancee	1
feudal	1
feted	1
fere	1
fellows	1
feigned	1
feast	1
fearful	1
fc	1
fatiguing	1
fatigued	1
fatality	1
fastening	1
fascinated	1
fasci	1
farce	1
fancies	1
fancied	1
familiarising	1
falsely	1
fallacious	1
fair	1
fainting	1
failure	1
facilitating	1
facilitated	1
facilitate	1
extravagance	1
extracts	1
extra	1
extent	1
exploits	1
exploiting	1
exploded	1
explicable	1
explanatory	1
explanations	1
explaining	1
experts	1
expert	1
experiences	1
expelled	1
expeditions	1
expectantly	1
exit	1
existing	1
exigencies	1
exhausted	1
exhaust	1
exertion	1
executioner	1
execution	1
executed	1
execute	1
exe	1
exclusive	1
exclaim	1
exciting	1
exchanging	1
exchanged	1
exchange	1
examples	1
exactitude	1
ex	1
eventful	1
esteemed	1
estates	1
establish	1
escaping	1
escapes	1
errand	1
erections	1
eral	1
equalled	1
episodes	1
episode	1
eoulet■	1
enveloping	1
entrusted	1
entrench	1
entreaty	1
entreaties	1
entreated	1
entreat	1
enthusiasm	1
ensure	1
enormously	1
enlarged	1
enjoining	1
enjoined	1
enigma	1
engaging	1
engagement	1
energy	1
energetically	1
energetic	1
enemy	1
ending	1
endeavours	1
endeavoured	1
encumbrance	1
encouraging	1
encountered	1
encounter	1
enclosed	1
enchanted	1
enactment	1
enables	1
emptying	1
employs	1
emphasise	1
eminent	1
emergency	1
embroglios	1
embraced	1
embedded	1
embarked	1
em	1
elude	1
elsewhere	1
eloquence	1
elements	1
electroscopic	1
electricity	1
electrical	1
elbowing	1
elation	1
elaboration	1
effrontery	1
efface	1
editors	1
editorial	1
edition	1
edge	1
edgar	1
ect	1
echo	1
eaten	1
eastern	1
east	1
easier	1
earth	1
earn	1
earliest	1
dying	1
dyeing	1
dyed	1
dwell	1
duplicate	1
due	1
dryness	1
drunkard	1
drunk	1
drown	1
drove	1
driving	1
drive	1
drinks	1
drift	1
dresses	1
dreams	1
dreamed	1
dreading	1
dreadful	1
dreaded	1
dread	1
drank	1
dramatist	1
dramas	1
drain	1
dragged	1
downstairs	1
downpour	1
downcast	1
dow	1
douve	1
doubts	1
doubtful	1
donkey	1
dominating	1
domestic	1
domain	1
dollars	1
doit	1
doings	1
dogged	1
doddering	1
documentation	1
docility	1
divulged	1
divulge	1
divine	1
divided	1
divert	1
disturbing	1
distended	1
distant	1
disquieting	1
disquieted	1
disposed	1
disposal	1
displeasing	1
dispatch	1
disparagingly	1
disobedience	1
dishes	1
dish	1
disguised	1
disgraceful	1
disgraced	1
disentangle	1
disdain	1
discussion	1
discussing	1
discussed	1
discreetly	1
discreet	1
discouragement	1
discharges	1
discharged	1
disarmed	1
disappear	1
disagreeably	1
disagreeable	1
dis	1
dirigible	1
dint	1
dimly	1
digni	1
differs	1
differential	1
difference	1
differ	1
diet	1
die	1
deviated	1
detour	1
determining	1
determine	1
determination	1
detention	1
detection	1
detected	1
detect	1
detained	1
detailed	1
destructibility	1
desperately	1
desirous	1
designed	1
design	1
deserved	1
describe	1
des	1
dered	1
deranged	1
deprive	1
depressed	1
depredatory	1
deposition	1
deplorable	1
depended	1
department	1
departed	1
denunciation	1
denouncing	1
denounce	1
denies	1
denials	1
denial	1
demonstration	1
demonstrated	1
demolition	1
demolish	1
demented	1
demands	1
demanding	1
deliver	1
delirium	1
delirious	1
delighted	1
delight	1
delicate	1
deliberately	1
delay	1
dela	1
definitely	1
definite	1
defied	1
defeat	1
deepest	1
deductions	1
dedicated	1
declaring	1
declares	1
decide	1
deceive	1
deathly	1
dearly	1
dealer	1
deafening	1
deadly	1
deaden	1
dazed	1
daytime	1
dating	1
dates	1
dashed	1
darkened	1
dares	1
dare	1
dandier	1
danced	1
damning	1
damaging	1
daddjr	1
cutting	1
cution	1
customers	1
curtains	1
curiously	1
curie	1
cur	1
cupboard	1
cunningly	1
cumulated	1
crystals	1
crutch	1
crush	1
crunching	1
crown	1
crowded	1
crouched	1
crossly	1
crook	1
criticism	1
crisis	1
crimsoned	1
cri	1
creating	1
creased	1
craned	1
cracking	1
crack	1
courtyard	1
courts	1
courthouse	1
courtesies	1
courageously	1
courage	1
couple	1
counts	1
countenance	1
count	1
couldn't	1
coughing	1
costume	1
cost	1
cos	1
corridors	1
corresponds	1
corresponding	1
correspondence	1
correctness	1
corrected	1
correct	1
cordon	1
cordially	1
coolness	1
cool	1
cooking	1
cook	1
convincing	1
convince	1
convict	1
conveyed	1
controlled	1
contributed	1
contorted	1
continuing	1
contents	1
content	1
contemplatively	1
contemplated	1
consumemate	1
consumed	1
consulted	1
considering	1
conservatory	1
conservation	1
conscious	1
conscientiously	1
conscience	1
conquered	1
connivance	1
connexion	1
connecting	1
connected	1
conjunction	1
congratulation	1
congratulate	1
confusing	1
confronted	1
confining	1
confidently	1
confidentially	1
confident	1
confidences	1
conference	1
confer	1
conducting	1
conduct	1
condenser	1
condemns	1
condemned	1
condemn	1
conclude	1
conceived	1
conceive	1
concealing	1
comrades	1
compressed	1
comprehended	1
compliments	1
compliment	1
complied	1
complained	1
complain	1
compels	1
compelling	1
compassion	1
compared	1
compare	1
comparable	1
companions	1
communication	1
communicate	1
commode	1
commissionaire	1
comments	1
commands	1
commanded	1
comical	1
comfortable	1
com	1
colourless	1
colonial	1
collusion	1
collection	1
collected	1
collarette	1
collaborate	1
coldness	1
coldly	1
cognisance	1
cock	1
coaching	1
co	1
clutched	1
clubs	1
clothed	1
clock	1
cling	1
client	1
cleverly	1
cleverest	1
cleverer	1
clerks	1
claws	1
clasped	1
clandestine	1
clamour	1
clad	1
civilisation	1
civil	1
city	1
citizen	1
cities	1
cited	1
cite	1
citation	1
circumscribed	1
cigar	1
ciently	1
cicatrice	1
chuckling	1
chronicles	1
christian	1
chose	1
choose	1
chiselled	1
chimneys	1
chimed	1
childish	1
chestnut	1
chatter	1
chatted	1
chateaux	1
chasing	1
chase	1
chaotic	1
changes	1
chanced	1
champagne	1
challenged	1
challenge	1
chain	1
chaffed	1
chaff	1
chablis	1
ceremonies	1
centred	1
ceaselessly	1
cdnfess	1
cautiously	1
causing	1
categorically	1
casting	1
cast-off	1
carters	1
carries	1
carriages	1
caressing	1
caressed	1
carelessly	1
careless	1
caps	1
capital	1
canto	1
canes	1
calming	1
calibre	1
calculation	1
calamity	1
cage	1
cabinets	1
cabaret	1
bygone	1
buttress	1
butt	1
bustle	1
busily	1
busied	1
bursting	1
burn	1
bump	1
bulky	1
build	1
brutal	1
brows	1
broad	1
brightly	1
briefs	1
bridge	1
bricks	1
brick	1
breathless	1
breathing	1
breathe	1
breakfasting	1
breakfasted	1
break	1
bravely	1
brandishing	1
brandished	1
brackets	1
bowler	1
bowl	1
bowing	1
bow	1
boundless	1
bounding	1
boulevard	1
bottle	1
born	1
borders	1
bordering	1
bordered	1
bor.c	1
boon	1
boomi	1
bookcase	1
bond	1
bole	1
bolder	1
bold	1
bodily	1
bodies	1
board	1
bo	1
bncwtliig	1
bluntly	1
bloodshot	1
bllle	1
blindly	1
bleed	1
bled	1
bleak	1
blazing	1
blame	1
blade	1
blackmail	1
blackened	1
bitterly	1
birth	1
billiard	1
biassed	1
bewildering	1
beware	1
betray	1
besiege	1
ber	1
benches	1
beloved	1
belmont	1
belied	1
bel	1
behaviour	1
behave	1
begins	1
beginner	1
beech	1
bedstead	1
bedchamber	1
beatings	1
beaten	1
beast	1
bd	1
bcrnier	1
bays	1
bath	1
batch	1
basket	1
base	1
barrister	1
barrier	1
barbet	1
bandage	1
balloons	1
balloon	1
ballmej'er	1
balance	1
bail	1
bah	1
baffled	1
bacon	1
awning	1
awaken	1
avowed	1
avenge	1
avail	1
autumn	1
authors	1
audacity	1
audacious	1
auberge	1
attitude	1
attest	1
attentions	1
attendance	1
attaches	1
atone	1
atmosphere	1
ate	1
astonishingly	1
ast	1
assumption	1
assumed	1
association	1
associating	1
associated	1
assisting	1
assistants	1
assigned	1
assiduous	1
assertion	1
asserted	1
assented	1
ass	1
aspired	1
ascertain	1
ascent	1
articles	1
arrow	1
arrogance	1
arrayed	1
arrangements	1
arrange	1
arouse	1
arose	1
aristo	1
arid	1
arguments	1
argument	1
aratic	1
apropos	1
apprised	1
appreciating	1
appreciated	1
appointing	1
appointed	1
appoint	1
apply	1
applies	1
applauded	1
appearances	1
appealing	1
appealed	1
apparent	1
apparel	1
appalling	1
apologising	1
apartments	1
ap	1
anyhow	1
anticipation	1
anticipate	1
antechamber	1
annoyance	1
announcing	1
announce	1
annihilating	1
annex	1
annals	1
animation	1
animal	1
angles	1
anecdotes	1
andre	1
analysed	1
amused	1
amorous	1
amidst	1
amiably	1
amiable	1
ameri	1
ambition	1
ambassadeurs	1
amazement	1
amateur	1
alternate	1
aloft	1
allying	1
alley	1
allan	1
aldo	1
alcohol	1
alarming	1
alarmed	1
aim	1
aided	1
ahead	1
agrees	1
agreeing	1
agony	1
agonies	1
agile	1
agents	1
affords	1
afforded	1
affirms	1
affections	1
affection	1
aether	1
aerostation	1
advise	1
advertisements	1
advertise	1
adventurer	1
advancing	1
adopt	1
admits	1
admiring	1
admired	1
admirable	1
administration	1
adjoins	1
adheres	1
adhered	1
adequate	1
adept	1
addition	1
adding	1
addiction	1
acumen	1
activity	1
acrobat	1
acquit	1
acquired	1
acquiesced	1
acorns	1
accusing	1
accounted	1
accosted	1
accord	1
accomplished	1
accomplish	1
accompanying	1
accidental	1
acceptance	1
ac	1
abutting	1
abuts	1
absurdity	1
absents	1
absensions	1
abruptly	1
abominably	1
abominable	1
abom	1
abnormal	1
abler	1
abandonment	1
abandoning	1
aback	1
^	1
\7"0u	1
[	1
>"	1
<	1
25th	1
/	1
.?'	1
.''	1
."]	1
*■	1
*•	1
*0ome	1
*'	1
''	1
'!	1
%	1
#	1
"?	1
":	1
""	1
